filename,page,confidence,content
001-Keshavrao_Khade_Road.pdf,2,82, Kashinath Building Near Sant Gadgebaba Maharaj Chowk. Sane Guruji Marg 307A to 327. Pincode 400011
001-Keshavrao_Khade_Road.pdf,6,83, Modan Mill Compound Chawl No. 2 Near Shireen Cinema. Keshavrao Khadye. Sane Guruji Marg 307A to 327. Pincode 400011
001-Keshavrao_Khade_Road.pdf,9,85, Modan Mill Compound Chawl No. 3 Near Shireen Cinema. Keshavrao Khadye. Sane Guruji Marg 307A to 327. Pincode 400011
001-Keshavrao_Khade_Road.pdf,10,84, Modan Mill Compound Chawl No. 4 Near Shireen Cinema. Keshavrao Khadye. Sane Guruji Marg 307A to 327. Pincode 400011
001-Keshavrao_Khade_Road.pdf,13,85, Modan Mill Compound Chawl No. 5 Near Shireen Cinema. Keshavrao Khadye. Sane Guruji Marg 307A to 327. Pincode 400011
001-Keshavrao_Khade_Road.pdf,14,84, Modan Mill Compound Chawl No. 6 Near Shireen Cinema. Keshavrao Khadye. Sane Guruji Marg 307A to 327. Pincode 400011
001-Keshavrao_Khade_Road.pdf,18,80, Modan Mill Compound Chawl No. 7 Near Shiran Cinema. Keshavrao Khadye. Sane Guruji Marg 307A to 327. Pincode 400011
001-Keshavrao_Khade_Road.pdf,19,88, Keshavrao Khade Marg 91 to 105 Mardan Mill Compound Chawl No. 1 Pincode 400011
002-Keshavrao_Khade_Road.pdf,2,88, ALMAS APARTMENT HINDUSTAN MILL OPPOSITE SANE GURUJI MARG 173 TO 209. PINCODE 400011
002-Keshavrao_Khade_Road.pdf,3,88, ALMAS APARTMENT HINDUSTAN MILL OPPOSITE SANE GURUJI MARG 173 TO 209. PINCODE 400011
002-Keshavrao_Khade_Road.pdf,4,89, ALMAS Apartment HINDUSTAN MILL OPPOSITE SANE GURUJI MARG 173 TO 209. PINCODE 400011
002-Keshavrao_Khade_Road.pdf,7,90, AKASH Apartment Opp HINDUSTAN MILL SANE GURUJI MARG 173 TO 209. PINCODE 400011
002-Keshavrao_Khade_Road.pdf,16,84, Alkhadija Apartment. Sane Guruji Marg 386 Prachal. PINCODE 400011
002-Keshavrao_Khade_Road.pdf,17,83, Alkhadija Apartment. Sane Guruji Marg 386 Patrachal. PINCODE 400011
002-Keshavrao_Khade_Road.pdf,18,89, Patrachal. Sane Guruji Marg 386 Patrachal. PINCODE 400011
002-Keshavrao_Khade_Road.pdf,25,86, Bharucha Compound Huts. Sane Guruji Marg 386 Patrachal. Pincode 400011
002-Keshavrao_Khade_Road.pdf,26,87, Bharucha Compound (Gangaram Garage). Sane Guruji Marg 386 Patrachal. Pincode 400011
002-Keshavrao_Khade_Road.pdf,27,87, Bharucha Compound 384-B. Sane Guruji Marg 386 Patrachal. Pincode 400011
002-Keshavrao_Khade_Road.pdf,28,88, Mahalakshmi Sadan Opposite Hindustan Mill. Sane Guruji Marg 386 Patrachal. Pincode 400011
002-Keshavrao_Khade_Road.pdf,29,90, Mahalakshmi Sadan Beside Patrashed 2. Sane Guruji Marg 326-342. Pincode 400011
003-Farooq_S_Umar_Bhai_Path.pdf,2,86, RANGWALA Chawl NO 1 BroadBURY MILL MAULANA AZAD ROAD RANGBALA Chawl PINCODE 400011
003-Farooq_S_Umar_Bhai_Path.pdf,12,84, RANGWALA Chawl NO 4 BroadBURY MILL MAULANA AZAD ROAD RANGWALA Chawl PINCODE 400011
003-Farooq_S_Umar_Bhai_Path.pdf,15,78, RANGWALA Chawl NO 5 BroadBURY MILL MAULANA AZAD ROAD RANGWALA Chawl PINCODE 400011
003-Farooq_S_Umar_Bhai_Path.pdf,19,87, RANGWALA Chawl NO 6 BroadBURY MILL MAULANA AZAD ROAD RANGWALA Chawl PINCODE 400011
003-Farooq_S_Umar_Bhai_Path.pdf,21,84, DHOBI PATRASHED 34 BRUNDBURY MILL OPPOSITE MAULANA AZAD ROAD RANGBALA chawl. Pincode 400011
003-Farooq_S_Umar_Bhai_Path.pdf,25,82, Rangwala Compound Slum Opposite Broadbury Mill Maulana Azad Road Rangwala chawl. Pincode 400011
004-Farooq_S_Umar_Bhai_Path.pdf,2,88, NEW POLICE Chawl KALAPANI NEAR POLICE BIT R. B. Chandorkar Marg. PINCODE 400011
004-Farooq_S_Umar_Bhai_Path.pdf,5,89, OLD POLICE Chawl R. B. Chandorkar Marg. PINCODE 400011
004-Farooq_S_Umar_Bhai_Path.pdf,10,85, Municipal Drainage Office Compound  BIT. R. in front of No. 5. B. Chandorkar Marg. PINCODE 400011
004-Farooq_S_Umar_Bhai_Path.pdf,11,88, SABUWALA BUILDING NEAR BAKERY R. B. Chandorkar Marg. PINCODE 400011
004-Farooq_S_Umar_Bhai_Path.pdf,13,88, Prabhat Building R. B. Chandorkar Marg. PINCODE 400011
005-Farooq_S_Umar_Bhai_Path.pdf,2,83, Humayun Mahal Motlibai Road. PINCODE 400011
005-Farooq_S_Umar_Bhai_Path.pdf,3,68, Humayun Mahal Motlibai Road. PINCODE 400011
005-Farooq_S_Umar_Bhai_Path.pdf,4,81, Star Chambers Sector - Motlibai Road. PINCODE 400011
005-Farooq_S_Umar_Bhai_Path.pdf,5,78, Akdas Mahal Sector - Motlibai Road. PINCODE 400011
005-Farooq_S_Umar_Bhai_Path.pdf,8,79, Madani Manor - Motlibai Road. PINCODE 400011
005-Farooq_S_Umar_Bhai_Path.pdf,9,91, Chitsia Manzil Sector - Motlibai Road. PINCODE 400011
005-Farooq_S_Umar_Bhai_Path.pdf,10,73, Dilshad Mansion - Motlibai Road. PINCODE 400011
005-Farooq_S_Umar_Bhai_Path.pdf,11,71, Kasr A Ayesha Motlibai Road. PINCODE 400011
005-Farooq_S_Umar_Bhai_Path.pdf,12,77, Nun Baker Appartmat Opposite Baby Gadan Sector - Motlibai Road. PINCODE 400011
005-Farooq_S_Umar_Bhai_Path.pdf,14,80, AL ABHA BUILDING SECTION - MOTLIBAI ROAD. PINCODE 400011
005-Farooq_S_Umar_Bhai_Path.pdf,16,70, Gulistan Building - Motlibai Road. PINCODE 400011
005-Farooq_S_Umar_Bhai_Path.pdf,18,68, GULLAULA BABY GADAN OPPOSITE SECTION - MOTLIBAI ROAD. PINCODE 400011
005-Farooq_S_Umar_Bhai_Path.pdf,19,69, Y. M. So. Building Section - Motleybai Road. PINCODE 400011
005-Farooq_S_Umar_Bhai_Path.pdf,20,88, BLUE HAVEN - MOTLIBAI ROAD. PINCODE 400011
005-Farooq_S_Umar_Bhai_Path.pdf,21,84, Zahopdia Maulana Azad Road Near Hindustan Mill Pincode 400011
005-Farooq_S_Umar_Bhai_Path.pdf,24,86, Slum Sector Near Hindustan Mill - Motlibai Road. PINCODE 400011
006-Farooq_S_Umar_Bhai_Path.pdf,2,80, BIT. Chawl NO 21 MADHAVRAO GANGAN MARG 3 TO 7 PIN CODE 400011
006-Farooq_S_Umar_Bhai_Path.pdf,14,75, BIT. Chawl NO 23 MADHAVRAO GANGAN MARG 3 TO 7 PIN CODE 400011
007-Farooq_S_Umar_Bhai_Path.pdf,2,86, BIT. Chawl NO 7. MADHAVRAO GANGAN MARG PINCODE 400011
007-Farooq_S_Umar_Bhai_Path.pdf,8,87, BIT. Chawl NO 9. MADHAVRAO GANGAN MARG PINCODE 400011
007-Farooq_S_Umar_Bhai_Path.pdf,14,80, Karimbhai Building. Madhavrao Gangan Marg. Pincode 400011
007-Farooq_S_Umar_Bhai_Path.pdf,18,88, Momin Manzil. Madhavrao Gangan Marg. Pincode 400011
007-Farooq_S_Umar_Bhai_Path.pdf,21,81, Hawa Majal. Madhavrao Gangan Marg. Pincode 400011
008-Farooq_S_Umar_Bhai_Path.pdf,2,71, Agakhan Building. Mohammad Shaheed Marg. Pincode 400011
008-Farooq_S_Umar_Bhai_Path.pdf,8,80, Khan Building Building Mohammad Shaheed Marg. Pincode 400011
008-Farooq_S_Umar_Bhai_Path.pdf,9,85, Khan Building Building MOHAMMED SHAHID MARG PINCODE 400011
008-Farooq_S_Umar_Bhai_Path.pdf,10,83, Khan Building Building Mohammad Shaheed Marg. Pincode 400011
008-Farooq_S_Umar_Bhai_Path.pdf,11,77, Saraf Building. Mohammad Shaheed Marg. Pincode 400011
008-Farooq_S_Umar_Bhai_Path.pdf,12,74, Saraf Building. Mohammad Shaheed Marg. Pincode 400011
008-Farooq_S_Umar_Bhai_Path.pdf,13,78, Suttarwala Building. Mohammad Shaheed Marg. Pincode 400011
008-Farooq_S_Umar_Bhai_Path.pdf,14,74, Ibnahim Building. MOHAMMED SHAHID MARG PINCODE 400011
008-Farooq_S_Umar_Bhai_Path.pdf,15,86, Ibrahim Building. Mohammad Shaheed Marg. Pincode 400011
008-Farooq_S_Umar_Bhai_Path.pdf,17,80, Suttarwala chawl. Mohammad Shaheed Marg. Pincode 400011
008-Farooq_S_Umar_Bhai_Path.pdf,20,78, Kanchwala Building. Mohammad Shaheed Marg. Pincode 400011
008-Farooq_S_Umar_Bhai_Path.pdf,22,77, Bhagwandas Building. Mohammad Shaheed Marg. Pincode 400008
008-Farooq_S_Umar_Bhai_Path.pdf,23,77, Saraf Building. MOHAMMED SHAHID MARG PINCODE 400008
008-Farooq_S_Umar_Bhai_Path.pdf,24,87, St. N. Doe's Church Co. Op. Society. Mohammad Shaheed Marg. Pincode 400008
008-Farooq_S_Umar_Bhai_Path.pdf,25,87, Rangwala Market. Mohammad Shaheed Marg. Pincode 400008
008-Farooq_S_Umar_Bhai_Path.pdf,26,75, Kapur Mansion. Mohammad Shaheed Marg. Pincode 400008
009-Farooq_S_Umar_Bhai_Path.pdf,2,76, BIT. chawl. No.8 Farooq S Umarbhai Path. PINCODE 400011
009-Farooq_S_Umar_Bhai_Path.pdf,7,76, BIT. chawl. No.10 Farooq S Umarbhai Path. PINCODE 400011
009-Farooq_S_Umar_Bhai_Path.pdf,11,76, BIT. chawl. No.12 Farooq S Umarbhai Path. PINCODE 400011
009-Farooq_S_Umar_Bhai_Path.pdf,17,88, Shirinbai chawl. Mohammad Shaheed Marg. (Moreland Road) Pincode 400008
009-Farooq_S_Umar_Bhai_Path.pdf,18,88, PASHIRINBAI Chawl NO 6. MOHAMMED SHAHID MARG. (Moreland Road) Pincode 400008
009-Farooq_S_Umar_Bhai_Path.pdf,19,84, Shirinbai Chawl No 3. Mohammad Shahid Marg. (Moreland Road) Pincode 400008
009-Farooq_S_Umar_Bhai_Path.pdf,22,74, Firdos Mansion Mohammad Shaheed Marg. Moreland Road. Motleybai Road. PINCODE 400008
009-Farooq_S_Umar_Bhai_Path.pdf,24,88, Central Phot c. Motleybai Road. PINCODE 400008
009-Farooq_S_Umar_Bhai_Path.pdf,25,85, Mandi Building. Motleybai Road. PINCODE 400008
009-Farooq_S_Umar_Bhai_Path.pdf,26,77, Talukdar Bldg. Motleybai Road. PINCODE 400008
009-Farooq_S_Umar_Bhai_Path.pdf,27,89, Central School. And Motleybai Road. PINCODE 400008
009-Farooq_S_Umar_Bhai_Path.pdf,28,87, Feroze Gandhi Hut . Mohammad Shaheed Marg. PINCODE 400008
009-Farooq_S_Umar_Bhai_Path.pdf,31,75, New. Patra Shed Mohammad Shaheed Marg. PINCODE 400011
009-Farooq_S_Umar_Bhai_Path.pdf,32,70, New. Patra Shed Mohammad Shaheed Marg. PINCODE 400011
009-Farooq_S_Umar_Bhai_Path.pdf,33,86, Mohammad Shahid Marg New Postal No. 6 Mohammad Shaheed Marg. PINCODE 400011
010-Farooq_S_Umar_Bhai_Path.pdf,2,86, Kikabai Building. R. B. Chandorkar Marg. PINCODE 400011
010-Farooq_S_Umar_Bhai_Path.pdf,6,89, Kikabai Building. R. B. Chandorkar Marg. PINCODE 400011
010-Farooq_S_Umar_Bhai_Path.pdf,7,88, BIT. Chawl No. 20. R. B. Chandorkar Marg. PINCODE 400011
010-Farooq_S_Umar_Bhai_Path.pdf,14,85, BIT. Chawl No 4. Meghraj Sethi Marg. PINCODE 400011
010-Farooq_S_Umar_Bhai_Path.pdf,20,92, Gurushina chawl. Meghraj Sethi Marg. PINCODE 400011
010-Farooq_S_Umar_Bhai_Path.pdf,22,91, Slum near Jhula Medan. Meghraj Sethi Marg. PINCODE 400011
010-Farooq_S_Umar_Bhai_Path.pdf,24,91, Byculla Nasing Home Via Meghraj Sethi. Meghraj Sethi Marg. PINCODE 400011
011-Farooq_S_Umar_Bhai_Path.pdf,2,87, Kapadia Mansion Dr. Anandrao Nair Marg Farooq. S. UMARBHAI PATH PINCODE 400011
011-Farooq_S_Umar_Bhai_Path.pdf,3,85, BIT. Chawl No. 14. Dr. Anandrao Nair Marg Farooq. S. UMARBHAI PATH PINCODE
011-Farooq_S_Umar_Bhai_Path.pdf,10,89, Hyatt Palace Dr. Anandrao Nair Marg Farooq. S. UMARBHAI PATH PINCODE
011-Farooq_S_Umar_Bhai_Path.pdf,11,92, Sahara Co-op. Housing Society Dr. Anandrao Nair Marg Farooq. S. UMARBHAI PATH PINCODE
011-Farooq_S_Umar_Bhai_Path.pdf,13,93, Shireen Villa Dr. Anandrao Nair Marg Farooq. S. UMARBHAI PATH PINCODE
011-Farooq_S_Umar_Bhai_Path.pdf,14,91, Irfan House Dr. ANANDRAO NAIR MARG PINCODE
011-Farooq_S_Umar_Bhai_Path.pdf,15,90, Kapur Building Dr. ANANDRAO NAIR MARG PINCODE THE
011-Farooq_S_Umar_Bhai_Path.pdf,16,89, HAJIMIYA PATE MANZIL DR. ANANDRAO NAIR MARG PINCODE THE
011-Farooq_S_Umar_Bhai_Path.pdf,17,88, Humayun Manzil Dr. ANANDRAO NAIR MARG PINCODE THE
011-Farooq_S_Umar_Bhai_Path.pdf,18,85, CRYSTAL VILLA DR. Anandrao Nair Marg Pincode Rs
011-Farooq_S_Umar_Bhai_Path.pdf,19,87, Aziz Castle Dr. Anandrao Nair Marg. PINCODE 400011
012-Farooq_S_Umar_Bhai_Path.pdf,2,87, BIT. Chawl Red Cross Road. PINCODE
012-Farooq_S_Umar_Bhai_Path.pdf,3,87, BIT. Chawl Red Cross Road. PINCODE
012-Farooq_S_Umar_Bhai_Path.pdf,10,88, BIT. Chawl RED CROSS ROAD. PINCODE
012-Farooq_S_Umar_Bhai_Path.pdf,11,88, BIT. Chawl RED CROSS ROAD. Pincode
012-Farooq_S_Umar_Bhai_Path.pdf,14,87, BIT. Chawl RED CROSS ROAD. Pincode.
012-Farooq_S_Umar_Bhai_Path.pdf,15,92, BIT. Chawl Red Cross Road. Pincode
012-Farooq_S_Umar_Bhai_Path.pdf,17,88, St. Andrew's Church. Meghraj Sethi Marg. PINCODE 400011
012-Farooq_S_Umar_Bhai_Path.pdf,18,86, St. Andrew's Church. Meghraj Sethi Marg. PINCODE 400011
012-Farooq_S_Umar_Bhai_Path.pdf,22,89, St. Andrew's Church. Meghraj Sethi Marg. Pincode 400011
013-Farooq_S_Umar_Bhai_Path.pdf,2,85, Mamsa Estate. Mohammad Shahid Marg. PINCODE 400008
013-Farooq_S_Umar_Bhai_Path.pdf,5,81, T. B. i. College compound huts. Mohammad Shahid Marg. Pincode
013-Farooq_S_Umar_Bhai_Path.pdf,7,86, Mamsa Estate. Mohammad Shahid Marg. Pincode
013-Farooq_S_Umar_Bhai_Path.pdf,10,88, Mamsa Estate. Mohammad Shahid Marg. Pincode
013-Farooq_S_Umar_Bhai_Path.pdf,12,84, Fatima Apartment (B Wag). Mohammad Shahid Marg. Pincode.
013-Farooq_S_Umar_Bhai_Path.pdf,13,83, Fatima Apartment (B Wag). Mohammad Shahid Marg. Pincode
013-Farooq_S_Umar_Bhai_Path.pdf,16,88, Jumma Majid chawl. Mohammad Shahid Marg. Pincode
013-Farooq_S_Umar_Bhai_Path.pdf,17,84, Kikabai chawl. Mohammad Shahid Marg. Pincode
013-Farooq_S_Umar_Bhai_Path.pdf,18,78, ALLAH SHASHMI. CYRUS. AVENUE PATH. Cyrus Avenue Path. Pincode 400011
013-Farooq_S_Umar_Bhai_Path.pdf,19,88, Abdul Qadeer Mansion. Cyrus Avenue Path. Cyrus Avenue Path. Pincode
013-Farooq_S_Umar_Bhai_Path.pdf,21,84, Khatija Mansion. Cyrus Avenue Path. Cyrus Avenue Path. Pincode
013-Farooq_S_Umar_Bhai_Path.pdf,22,86, Al Madina. Cyrus Avenue Path. Cyrus Avenue Path. Pincode
015-Farooq_S_Umar_Bhai_Path.pdf,2,82, Dagda Chawl Mohammad Shahid Marg.. (Moreland Road) Pincode 400008
015-Farooq_S_Umar_Bhai_Path.pdf,23,91, Patni Chawl Mohammad Shahid Marg.. (Moreland Road) Pincode
016-Madhavrao_Gangan_Road.pdf,2,60, BIT Chawl NO 24
016-Madhavrao_Gangan_Road.pdf,3,82, BIT Chawl NO 24. MADHVARAO GANGAN MARG.. Pincode 400011
016-Madhavrao_Gangan_Road.pdf,8,77, BIT Chawl NO 5. R. B. Chandorkar Marg.. Pincode 400011
016-Madhavrao_Gangan_Road.pdf,14,77, BIT Chawl NO 6. R. B. Chandorkar Marg.. Pincode 400011
016-Madhavrao_Gangan_Road.pdf,17,72, Zaveri Building. R. B. Chandorkar Marg.. Pincode 400011
017-Mohammad_Shaheed_Marg_(Moreland_Road).pdf,2,86, BIT. Chawl No 3. Madhavrao Gangan Marg. PINCODE 400011
017-Mohammad_Shaheed_Marg_(Moreland_Road).pdf,3,87, BIT. Chawl No 3. Madhavrao Gangan Marg. PINCODE 400011
017-Mohammad_Shaheed_Marg_(Moreland_Road).pdf,4,79, BIT. Chawl No 3. Madhavrao Gangan Marg. PINCODE 400011
017-Mohammad_Shaheed_Marg_(Moreland_Road).pdf,9,86, B. N. Huts near Ismail Building. Madhavrao Gangan Marg. PINCODE 400011
017-Mohammad_Shaheed_Marg_(Moreland_Road).pdf,10,76, BIT. Chawl No 11. Madhavrao Gangan Marg. PINCODE 400011
017-Mohammad_Shaheed_Marg_(Moreland_Road).pdf,15,78, Near Superintendent Office Madhavrao Gangan Marg. PINCODE 400011
017-Mohammad_Shaheed_Marg_(Moreland_Road).pdf,16,82, B  BIT. Chawl No 13. Madhavrao Gangan Marg. PINCODE 400011
017-Mohammad_Shaheed_Marg_(Moreland_Road).pdf,21,79, BIT Shop behind Chawl No. 13-15. Madhavrao Gangan Marg. PINCODE 400011
018-Mohammad_Shaheed_Marg_(Moreland_Road).pdf,2,86, Sweepers Quarters Farooq S. Umarbhai Path. PINCODE 400011
018-Mohammad_Shaheed_Marg_(Moreland_Road).pdf,3,84, Sweepers Quarters Farooq S. Umarbhai Path. PINCODE 400011
018-Mohammad_Shaheed_Marg_(Moreland_Road).pdf,4,81, Sweepers Quarters Farooq S. Umarbhai Path. PINCODE 400011
018-Mohammad_Shaheed_Marg_(Moreland_Road).pdf,5,88, Ratan House. Farooq S. Umarbhai Path. PINCODE 400011
018-Mohammad_Shaheed_Marg_(Moreland_Road).pdf,7,89, Gani Attarwala chawl. Ghelabai Road. PINCODE 400008
018-Mohammad_Shaheed_Marg_(Moreland_Road).pdf,10,89, Gani Attarwala chawl. Ghelabai Road. PINCODE 400008
018-Mohammad_Shaheed_Marg_(Moreland_Road).pdf,12,92, Navi chawl. Ghelabai Road. PINCODE 400008
018-Mohammad_Shaheed_Marg_(Moreland_Road).pdf,15,90, Musa Haji Patra chawl. Ghelabai Road. PINCODE 400008
018-Mohammad_Shaheed_Marg_(Moreland_Road).pdf,16,92, Akhade Ka chawl. Ghelabai Road. PINCODE 400008
018-Mohammad_Shaheed_Marg_(Moreland_Road).pdf,17,89, Isa Sumarsheth chawl. 2nd Ghelabhai Road. PINCODE 400008
018-Mohammad_Shaheed_Marg_(Moreland_Road).pdf,19,86, Safanabai chawl. 2nd Ghelabhai Road. PINCODE 400008
018-Mohammad_Shaheed_Marg_(Moreland_Road).pdf,22,85, Mistry chawl. 2nd Ghelabhai Road. PINCODE 400008
018-Mohammad_Shaheed_Marg_(Moreland_Road).pdf,23,79, Mistry chawl. 2nd Ghelabhai Row. PINCODE 400008
018-Mohammad_Shaheed_Marg_(Moreland_Road).pdf,25,82, Mistry chawl. 2nd Ghelabhai Road. PINCODE 400008
018-Mohammad_Shaheed_Marg_(Moreland_Road).pdf,31,86, Hanif Sheth chawl.2nd Ghelabhai Road. PINCODE 400008
018-Mohammad_Shaheed_Marg_(Moreland_Road).pdf,32,88, SUBHEDAR BUILDING.2ND GHELABHAI ROAD. PINCODE 400008
018-Mohammad_Shaheed_Marg_(Moreland_Road).pdf,33,89, SUBHEDAR BUILDING.2ND GHELABHAI ROW. PINCODE 400008
018-Mohammad_Shaheed_Marg_(Moreland_Road).pdf,34,90, Akhade Ka chawl.2nd Ghelabhai Road. PINCODE 400008
019-Mohammad_Shaheed_Marg_(Moreland_Road).pdf,2,75, Kali Building. Mohammad Umar Rajab Road. PINCODE 400008
019-Mohammad_Shaheed_Marg_(Moreland_Road).pdf,4,79, Kalaiwala chawl. Mohammad Umar Rajab Road. PINCODE 400008
019-Mohammad_Shaheed_Marg_(Moreland_Road).pdf,8,82, Chashmawala chawl. Mohammad Umar Rajab Road. PINCODE 400008
019-Mohammad_Shaheed_Marg_(Moreland_Road).pdf,10,88, Boudiwala chawl. Mohammad Umar Rajab Road. PINCODE 400008
019-Mohammad_Shaheed_Marg_(Moreland_Road).pdf,12,80, Razia Building. Mohammad Umar Rajab Road. PINCODE 400008
019-Mohammad_Shaheed_Marg_(Moreland_Road).pdf,15,85, Patel Building. Mohammad Umar Rajab Road. PINCODE 400008
019-Mohammad_Shaheed_Marg_(Moreland_Road).pdf,16,88, Aama Salvation Chawl (Jubilee Hall). Sheikh Hafizuddin Marg. PINCODE 400008
019-Mohammad_Shaheed_Marg_(Moreland_Road).pdf,17,80, Willigdon Compound. Sheikh Hafizuddin Marg. PINCODE 400008
019-Mohammad_Shaheed_Marg_(Moreland_Road).pdf,18,79, Salvation is the bed in front of us. Sheikh Hafizuddin Marg. PINCODE 400008
019-Mohammad_Shaheed_Marg_(Moreland_Road).pdf,19,87, Adam Siddiqui chawl. 1st Ghelabhai Road. PINCODE 400008
019-Mohammad_Shaheed_Marg_(Moreland_Road).pdf,22,75, Maulana Salim Chawl 1st Ghelabhai Road. Pincode
019-Mohammad_Shaheed_Marg_(Moreland_Road).pdf,23,79, Maulana Salim chawl. 1st 1st Ghelabhai Road. Pincode
019-Mohammad_Shaheed_Marg_(Moreland_Road).pdf,24,90, Bakhar Chawl 1st Ghelabhai Road. Pincode
019-Mohammad_Shaheed_Marg_(Moreland_Road).pdf,31,84, Qazi Chawl 1st Ghelabhai Road. Pincode
019-Mohammad_Shaheed_Marg_(Moreland_Road).pdf,33,85, Qazi Chawl 1st Ghelabhai Road. Pincode.
019-Mohammad_Shaheed_Marg_(Moreland_Road).pdf,34,79, KAZI Chawl GHELABHAI ROAD. Pincode”
019-Mohammad_Shaheed_Marg_(Moreland_Road).pdf,35,88, Qazi Chawl 1st Ghelabhai Road. Pincode
020-Mohammad_Shaheed_Marg_(Moreland_Road).pdf,2,84, Sattar Manzil. Mohammad Shahid Marg. (Moreland Road) Pincode 400008
020-Mohammad_Shaheed_Marg_(Moreland_Road).pdf,3,86, Shirin Manzil 93-E Moreland Road Beside Dagad chawl. Mumbai-400008
020-Mohammad_Shaheed_Marg_(Moreland_Road).pdf,4,85, Halima Apartment Mohammad Shahid Marg. (Moreland Road) Pincode 400008
020-Mohammad_Shaheed_Marg_(Moreland_Road).pdf,6,76, Halima Apartment Mohammad Shahid Marg. (Moreland Road) Pincode 400008
020-Mohammad_Shaheed_Marg_(Moreland_Road).pdf,7,84, Halima Apartment Mohammad Shahid Marg. (Moreland Road) Pincode 400008
020-Mohammad_Shaheed_Marg_(Moreland_Road).pdf,8,80, Mamsa Estate chawl. Mohammad Shahid Marg. (Moreland Road) Pincode 400008
020-Mohammad_Shaheed_Marg_(Moreland_Road).pdf,13,77, Mamsa Estate Chawl No-3 (New Nagar). Mohammad Shahid Marg. (Moreland Road) Pincode 400008
020-Mohammad_Shaheed_Marg_(Moreland_Road).pdf,17,78, Daruwala Building. Mohammad Shahid Marg. (Moreland Road) Pincode 400008
020-Mohammad_Shaheed_Marg_(Moreland_Road).pdf,18,74, Suratwala Building. Mohammad Shahid Marg. (Moreland Road) Pincode 400008
020-Mohammad_Shaheed_Marg_(Moreland_Road).pdf,20,76, Lohe Ki chawl. Mohammad Shahid Marg. (Moreland Road) Pincode 400008
020-Mohammad_Shaheed_Marg_(Moreland_Road).pdf,21,82, Ghangri Bagh Dagad Chawl 20 Mohammad Shahid Marg. (Moreland Road) Pincode 400008
020-Mohammad_Shaheed_Marg_(Moreland_Road).pdf,22,73, SHAH PREMIER ENGINEERING MORELAND ROAD PINCODE 400008
020-Mohammad_Shaheed_Marg_(Moreland_Road).pdf,23,86, Koyta Estate. Maulana Azad Road. PINCODE 400008
020-Mohammad_Shaheed_Marg_(Moreland_Road).pdf,24,87, Ghongra Bagh (Hashmi Dairy Pham). Maulana Azad Road. Pincode
021-Mohd_Umar_Rajab_Road_Madan_Pura.pdf,2,78, indusheth chawl. 2nd Ghelabai Road. PINCODE 400008
021-Mohd_Umar_Rajab_Road_Madan_Pura.pdf,3,83, Indusheth chawl. 2nd Ghelabai Road. PINCODE 400008
021-Mohd_Umar_Rajab_Road_Madan_Pura.pdf,4,84, Karrimbhai chawl. 2nd Ghelabai Road. PINCODE 400008
021-Mohd_Umar_Rajab_Road_Madan_Pura.pdf,5,78, Suleman chawl. 2nd Ghelabai Road. PINCODE 400008
021-Mohd_Umar_Rajab_Road_Madan_Pura.pdf,6,91, Dukhi Sheth chawl. 2nd Ghelabai Road. PINCODE 400008
021-Mohd_Umar_Rajab_Road_Madan_Pura.pdf,7,75, Rangari Hasan chawl.2nd Ghelabai Road. PINCODE 400008
021-Mohd_Umar_Rajab_Road_Madan_Pura.pdf,8,74, Rahomsheth Chawl Bar Dar The. 2nd Ghelabai Road. PINCODE 400008
021-Mohd_Umar_Rajab_Road_Madan_Pura.pdf,9,87, Isasumar chawl. 2nd Ghelabai Road. PINCODE 400008
021-Mohd_Umar_Rajab_Road_Madan_Pura.pdf,11,91, Bori chawl. 2nd Ghelabai Road. PINCODE 400008
021-Mohd_Umar_Rajab_Road_Madan_Pura.pdf,13,77, Mohsin chawl.2nd Ghelabai Road. PINCODE 400008
021-Mohd_Umar_Rajab_Road_Madan_Pura.pdf,14,87, Yusuf Mazil. 2nd Ghelabai Road. PINCODE 400008
021-Mohd_Umar_Rajab_Road_Madan_Pura.pdf,15,79, Yakub Manzil.2nd Ghelabai Road. Pincode 400008
021-Mohd_Umar_Rajab_Road_Madan_Pura.pdf,17,76, Hussain Building. Mohammad Umar Rajab Road. Pincode 400008
021-Mohd_Umar_Rajab_Road_Madan_Pura.pdf,18,83, Hassan Building. D Block Mohd. Mohammad Umar Rajab Road. Pincode
021-Mohd_Umar_Rajab_Road_Madan_Pura.pdf,19,79, Chhati Kamal Building No. 2 Mohammedan Road (Gor-ta Bazar). PINCODE 400008
021-Mohd_Umar_Rajab_Road_Madan_Pura.pdf,20,86, Aksa Manzil A Mohammedan Road (Gor-ta Bazar). PINCODE 400008
021-Mohd_Umar_Rajab_Road_Madan_Pura.pdf,28,76, Aksa Manzil Mohammedan Road (Gor-ta Bazar). PINCODE 400008
021-Mohd_Umar_Rajab_Road_Madan_Pura.pdf,32,87, Aksa Manzil Mohammedan Road (Gor-ta Bazar). PINCODE 400008
022-Mohd_Umar_Rajab_Road_Madan_Pura.pdf,2,85, Committee chawl. 3rd Ghelabhai Road.  Pincode 400011
022-Mohd_Umar_Rajab_Road_Madan_Pura.pdf,4,89, Committee chawl. 3rd Ghelabhai Road.  Pincode 400011
022-Mohd_Umar_Rajab_Road_Madan_Pura.pdf,5,90, Committee chawl. 3rd Ghelabhai Road.  Pincode 400011
022-Mohd_Umar_Rajab_Road_Madan_Pura.pdf,9,88, Murad chawl. 3RD GHELABHAI ROAD PINCODE 400011
022-Mohd_Umar_Rajab_Road_Madan_Pura.pdf,10,89, Murad chawl. 3rd Ghelabhai Road. Pincode 400011
022-Mohd_Umar_Rajab_Road_Madan_Pura.pdf,11,88, Murad chawl. 3RD GHELABHAI ROAD. PINCODE 400011
022-Mohd_Umar_Rajab_Road_Madan_Pura.pdf,13,89, Murad chawl. 3rd Ghelabhai Road. Pincode 400011
022-Mohd_Umar_Rajab_Road_Madan_Pura.pdf,15,88, Karim chawl. 3rd Ghelabhai Road. Pincode 400011
022-Mohd_Umar_Rajab_Road_Madan_Pura.pdf,16,86, Karim chawl. 3rd 2nd Road. Pincode 400011
022-Mohd_Umar_Rajab_Road_Madan_Pura.pdf,17,84, Karim chawl. 3rd Ghelabhai Road. Pincode 40001 1 Rs
022-Mohd_Umar_Rajab_Road_Madan_Pura.pdf,18,85, A. Rehman Building. Mohammedan Road (Gos Ta Bazar). Pincode 400011
022-Mohd_Umar_Rajab_Road_Madan_Pura.pdf,21,91, Nav Bahar Building. Mohammedan Road (Gos Ta Bazar). Pincode 400011
022-Mohd_Umar_Rajab_Road_Madan_Pura.pdf,25,88, Saman Chawl (Rasul Building). Mohammedan Road (Gost Bazar). Pincode 400011
023-Mohd_Umar_Rajab_Road_Madan_Pura.pdf,2,89, Yusuf Manzil. Siddhiq Lane.  Pincode 400008
023-Mohd_Umar_Rajab_Road_Madan_Pura.pdf,3,83, Yusuf Manzil. Siddhiq Lane. Pincode 
023-Mohd_Umar_Rajab_Road_Madan_Pura.pdf,4,84, Adam Siddiqui chawl. Siddhiq Lane. Pincode
023-Mohd_Umar_Rajab_Road_Madan_Pura.pdf,5,83, Adam Siddiqui chawl. Siddhiq Lane. Pincode 
023-Mohd_Umar_Rajab_Road_Madan_Pura.pdf,6,80, Adam Siddiqui chawl. Siddhiq Lane. Pincode 
023-Mohd_Umar_Rajab_Road_Madan_Pura.pdf,7,85, Adam Siddiqui chawl. Siddhiq Lane. Pincode 
023-Mohd_Umar_Rajab_Road_Madan_Pura.pdf,8,90, Juned Manzil. Siddhiq Lane. Pincode 
023-Mohd_Umar_Rajab_Road_Madan_Pura.pdf,9,87, Juned Manzil. Siddhiq Lane. Pincode 
023-Mohd_Umar_Rajab_Road_Madan_Pura.pdf,10,83, Juned Manzil. Siddhiq Lane. Pincode
023-Mohd_Umar_Rajab_Road_Madan_Pura.pdf,12,90, Mansoor Building. Mohammad Umar Rajab Road.  Pincode 400008
023-Mohd_Umar_Rajab_Road_Madan_Pura.pdf,16,86, Mansoor Building. Mohammad Umar Rajab Road. Pincode T
023-Mohd_Umar_Rajab_Road_Madan_Pura.pdf,17,90, Hussain Building. Mohammad Umar Rajab Road. Pincode
023-Mohd_Umar_Rajab_Road_Madan_Pura.pdf,18,86, Hussain Building. Mohammad Umar Rajab Road. Pincode
023-Mohd_Umar_Rajab_Road_Madan_Pura.pdf,19,89, Hussain Building. Mohammad Umar Rajab Road. Pincode
023-Mohd_Umar_Rajab_Road_Madan_Pura.pdf,20,80, Hussain Building. Mohammad Umar Rajab Road. Pincode 
023-Mohd_Umar_Rajab_Road_Madan_Pura.pdf,21,85, Hussain Building. Mohammad Umar Rajab Road. Pincode 
023-Mohd_Umar_Rajab_Road_Madan_Pura.pdf,22,85, Hussain Building. Mohammad Umar Rajab Road. Pincode 
024-Mohd_Umar_Rajab_Road_Madan_Pura.pdf,2,88, K. En. Home Salvetion Army. Maulana Azad Road. PINCODE 400008
024-Mohd_Umar_Rajab_Road_Madan_Pura.pdf,3,90, Abdullah House (Haji Jamal B. ). Maulana Azad Road. PINCODE 400008
024-Mohd_Umar_Rajab_Road_Madan_Pura.pdf,4,90, Ibrahim Building. Maulana Azad Road. PINCODE 400008
024-Mohd_Umar_Rajab_Road_Madan_Pura.pdf,6,90, Azad India Building. Maulana Azad Road. PINCODE 400008
024-Mohd_Umar_Rajab_Road_Madan_Pura.pdf,9,88, Aminabai chawl. Maulana Azad Road. PINCODE 400008
024-Mohd_Umar_Rajab_Road_Madan_Pura.pdf,11,90, to 188 Koyta House. Maulana Azad Road. PINCODE 400008
024-Mohd_Umar_Rajab_Road_Madan_Pura.pdf,12,88, Khoja chawl. Maulana Azad Road.  Pincode 400008
024-Mohd_Umar_Rajab_Road_Madan_Pura.pdf,13,90, C Prabhat Wadi. Maulana Azad Road. PINCODE 400008
024-Mohd_Umar_Rajab_Road_Madan_Pura.pdf,14,90, KD Building. Maulana Azad Road. PINCODE 400008
024-Mohd_Umar_Rajab_Road_Madan_Pura.pdf,15,89, Agakhan Building 3 . Maulana Azad Road. PINCODE 400008
024-Mohd_Umar_Rajab_Road_Madan_Pura.pdf,17,91, Raj Oil Mills. Jehangir Bowman Marg.  Pincode 400008
024-Mohd_Umar_Rajab_Road_Madan_Pura.pdf,18,85, Surti Building. Jehangir Bowman Marg. PINCODE 400008
024-Mohd_Umar_Rajab_Road_Madan_Pura.pdf,19,90, Chira-e-Arab. Jehangir Bowman Marg. PINCODE 400008
024-Mohd_Umar_Rajab_Road_Madan_Pura.pdf,21,89, Syed Manzil 3 . Maulana Azad Road. PINCODE 400008
024-Mohd_Umar_Rajab_Road_Madan_Pura.pdf,23,92, Yusuf Bagh 3 . Maulana Azad Road. PINCODE 400008
025-Mohd_Umar_Rajab_Road_Madan_Pura.pdf,2,88, Munshi Manzil. Mohammad Umar Rajab Road. Byculla (W) Pincode 400011
025-Mohd_Umar_Rajab_Road_Madan_Pura.pdf,3,86, Ratanji Nancy Building. Mohammad Umar Rajab Road. Pincode
025-Mohd_Umar_Rajab_Road_Madan_Pura.pdf,4,82, Safia Building. Mohammad Umar Rajab Road. Pincode
025-Mohd_Umar_Rajab_Road_Madan_Pura.pdf,5,88, Safia Building. Mohammad Umar Rajab Road. Pincode
025-Mohd_Umar_Rajab_Road_Madan_Pura.pdf,6,88, Fatmabai chawl. Mohammad Umar Rajab Road. Pincode
025-Mohd_Umar_Rajab_Road_Madan_Pura.pdf,8,86, Mohammadi Manzil. Mohammad Umar Rajab Road. Pincode
025-Mohd_Umar_Rajab_Road_Madan_Pura.pdf,10,88, Madrasah Rahmaniya Masjid. Mohammad Umar Rajab Road. Pincode
025-Mohd_Umar_Rajab_Road_Madan_Pura.pdf,11,82, Qayyum Manzil. Mohammad Umar Rajab Road. and Pincode _
025-Mohd_Umar_Rajab_Road_Madan_Pura.pdf,12,91, Munshi Manzil Momwatiwala chawl. Mohammad Umar Rajab Road. Pincode
025-Mohd_Umar_Rajab_Road_Madan_Pura.pdf,17,88, Jariwala chawl. Mohammad Umar Rajab Road.  Pincode 400011
025-Mohd_Umar_Rajab_Road_Madan_Pura.pdf,23,86, Zainab Akbar Floor. Mohammad Umar Rajab Road. Pincode
025-Mohd_Umar_Rajab_Road_Madan_Pura.pdf,25,78, Baig Muhammad chawl. Mohammad Umar Rajab Road. Pincode
025-Mohd_Umar_Rajab_Road_Madan_Pura.pdf,26,86,  Baig Muhammad chawl. Mohammad Umar Rajab Road. Pincode
025-Mohd_Umar_Rajab_Road_Madan_Pura.pdf,31,80, Municipal Urdu School. Mohammad Umar Rajab Road. Pincode T
025-Mohd_Umar_Rajab_Road_Madan_Pura.pdf,32,89, Beg Mohammad chawl. Mohammad Umar Rajab Road.  Pincode 400011
026-2nd_Ghelabhai_Street_Madanpura.pdf,2,69, Phanaswala Chawl Sheikh Hafizuddin Marg. Byculla (W) Pincode 400008
026-2nd_Ghelabhai_Street_Madanpura.pdf,4,77, Phanaswala chawl Sheikh Hafizuddin Marg. PINCODE 400008
026-2nd_Ghelabhai_Street_Madanpura.pdf,5,83, Nagra Compound (Patrashed) (Phanaswala chawl. ॒. Maulana Azad Road. Byculla (W) Pincode 400011
026-2nd_Ghelabhai_Street_Madanpura.pdf,11,63, Nagori Building. Maulana Azad Road. Pincode
026-2nd_Ghelabhai_Street_Madanpura.pdf,13,74, Nagori Building. Maulana Azad Road. Pincode. b
026-2nd_Ghelabhai_Street_Madanpura.pdf,14,88, Ahmed Building Maulana Azad Road. PINCODE 400008
026-2nd_Ghelabhai_Street_Madanpura.pdf,15,86, Ahmed Building Maulana Azad Road. Pincode
026-2nd_Ghelabhai_Street_Madanpura.pdf,19,84, Bismillah Hotel Maulana Azad Road. Pincode
026-2nd_Ghelabhai_Street_Madanpura.pdf,20,83, Huts Near Sylvation Armi Maulana Azad Road. Pincode
026-2nd_Ghelabhai_Street_Madanpura.pdf,22,81, k. Dr. Building Co-op Society Maulana Azad Road. Pincode
026-2nd_Ghelabhai_Street_Madanpura.pdf,23,89, Patel & Soni Architect Maulana Azad Road. Pincode
027-Jehangir_Boman_Behram_Marg.pdf,2,78, Arangwala chawl. Mohammad Shaheed Marg.  Pincode 400011
027-Jehangir_Boman_Behram_Marg.pdf,3,84, Shokat Ali Housing Society. Mohammed Shahid Marg Pincode
027-Jehangir_Boman_Behram_Marg.pdf,4,75, Adamji Peerabhai BUILDING. Mohammed Shahid Marg Pincode
027-Jehangir_Boman_Behram_Marg.pdf,6,64, ADAMJI Peerabhai BUILDING  Mohammed Shahid Marg Pincode
027-Jehangir_Boman_Behram_Marg.pdf,7,68, ADAMJI Peerabhai BUILDING  Mohammed Shahid Marg Pincode
027-Jehangir_Boman_Behram_Marg.pdf,8,73, Haji chawl. Mohammad Shahid Marg Pincode b
027-Jehangir_Boman_Behram_Marg.pdf,10,78, Haji chawl. Mohammed Shahid Marg Pincode
027-Jehangir_Boman_Behram_Marg.pdf,11,73, Haji chawl. Mohammad Shahid Marg Pincode b
027-Jehangir_Boman_Behram_Marg.pdf,13,78, Haji chawl. Mohammed Shahid Marg Pincode
027-Jehangir_Boman_Behram_Marg.pdf,15,70, Aristot Compound-. Jehangir Bowman Marg. Pincode
027-Jehangir_Boman_Behram_Marg.pdf,16,73, ARISTROT COMPOUND-. Jehangir Bowman Marg. Pincode
027-Jehangir_Boman_Behram_Marg.pdf,17,77, ARISTROT COMPOUND-G. Jehangir Bowman Marg. Pincode
027-Jehangir_Boman_Behram_Marg.pdf,18,62, Zia Apartment-A. Jehangir Bowman Marg. Pincode
027-Jehangir_Boman_Behram_Marg.pdf,19,63, Zia Apartment-B. Jehangir Bowman Marg. Pincode b
027-Jehangir_Boman_Behram_Marg.pdf,20,66, Zia Apartment-B. Jehangir Bowman Marg. Pincode
027-Jehangir_Boman_Behram_Marg.pdf,21,76, Gausia Bakery. Jehangir Boman Marg Pincode
027-Jehangir_Boman_Behram_Marg.pdf,22,79, Jumma Masjid chawl. Jehangir Boman Marg Pincode
027-Jehangir_Boman_Behram_Marg.pdf,25,64, Jumma Masjid chawl. Jehangir Boman Marg Pincode
028-Mirza_Ghalib_Byculla.pdf,2,77,  Khalil Mansion. Sa Pen Sa Road.  Pincode 400008
028-Mirza_Ghalib_Byculla.pdf,3,73,  Karani Building (Honda Apartment). S Pen S Road Pincode Ch
028-Mirza_Ghalib_Byculla.pdf,4,78,  Karani Building (Honda Apartment). S Pen S Road Pincode
028-Mirza_Ghalib_Byculla.pdf,5,73,  Memon Mazil. S Pen S Road Pincode T
028-Mirza_Ghalib_Byculla.pdf,6,78,  Rehana Bagh. Sa Pen Sa Road. Pincode Rs
028-Mirza_Ghalib_Byculla.pdf,7,75,  Baubaubhai Terrace. Sa Pen Sa Road. Pincode
028-Mirza_Ghalib_Byculla.pdf,8,68,  Honda Manzil . Sir Jamshedji Jijibhai Road Pincode
028-Mirza_Ghalib_Byculla.pdf,9,73,  Honda Manzil . Sir Jamshedji Jijibhai Road Pincode Te b
028-Mirza_Ghalib_Byculla.pdf,10,82,  Byculla House (A) . Sir Jamshedji Jijibhai Road Pincode 400008
028-Mirza_Ghalib_Byculla.pdf,11,78,  Byculla House Sir Jamshedji Jijibhai Road Pincode
028-Mirza_Ghalib_Byculla.pdf,12,81,  Byculla House Sir Jamshedji Jijibhai Road Pincode
028-Mirza_Ghalib_Byculla.pdf,13,76,  Byculla House Sir Jamshedji Jijibhai Road Pincode
028-Mirza_Ghalib_Byculla.pdf,14,82,  Yusuf Manzil  Sir Jamshedji Jijibhai Road. Pincode Tel
028-Mirza_Ghalib_Byculla.pdf,15,77,  Mohammadi Chamber . Sir Jamshedji Jijibhai Road. Pincode
028-Mirza_Ghalib_Byculla.pdf,17,76,  D Habib Platus . Sir Jamshedji Jijibhai Road. The Pincode
028-Mirza_Ghalib_Byculla.pdf,18,84,  De Fancy Plautus . Sir Jamshedji Jijibhai Road. Pincode
028-Mirza_Ghalib_Byculla.pdf,19,76,  Seva Niketan . Sir Jamshedji Jijibhai Road. Pincode
028-Mirza_Ghalib_Byculla.pdf,20,73,  Noman Vola. Shepherd Road. Pincode the
028-Mirza_Ghalib_Byculla.pdf,21,82,  Ibrahim Mansion. Shepherd Road. Pincode Rs
028-Mirza_Ghalib_Byculla.pdf,22,78,  Saboo siddik Compound. Shepherd Road. Pincode
029-Mirza_Ghalib_Byculla.pdf,2,80,  Buckle Palace Central Railway Quarters. Christ Church. Sir Jamshetji Jijibhoy Road Pincode 400008
029-Mirza_Ghalib_Byculla.pdf,3,79, Buckle Palace Central Railway Quarter. Christ Church. Sir Jamshetji Jijibhoy Road Pincode 400008 ॒
029-Mirza_Ghalib_Byculla.pdf,4,81, Buckle Palace Central Railway Quarter. Christ Church. Sir Jamshetji Jijibhoy Road Pincode 400008
029-Mirza_Ghalib_Byculla.pdf,5,84, BUCKEL PALACE CENTRAL RAILWAY Quarter. NEAR CHRIST CHURCH SCHOOL.  Sir Jamshetji Jijibhoy Road Pincode 400008 T
029-Mirza_Ghalib_Byculla.pdf,6,84, BUCKEL PALACE CENTRAL RAILWAY Quarter. NEAR CHRIST CHURCH SCHOOL.  Sir Jamshetji Jijibhoy Road Pincode 400008
029-Mirza_Ghalib_Byculla.pdf,8,82, BUCKEL PALACE CENTRAL RAILWAY Quarter. NEAR CHRIST CHURCH SCHOOL.  Sir Jamshetji Jijibhoy Road Pincode 400008 
029-Mirza_Ghalib_Byculla.pdf,9,83, BUCKEL PALACE CENTRAL RAILWAY Quarter. NEAR CHRIST CHURCH SCHOOL.  Sir Jamshetji Jijibhoy Road Pincode 400008
029-Mirza_Ghalib_Byculla.pdf,10,80, BUCKEL PALACE CENTRAL RAILWAY QUANTUM. NEAR CHRIST CHURCH SCHOOL. Sir Jamshetji Jijibhoy Road Pincode 400008 b
029-Mirza_Ghalib_Byculla.pdf,11,84, BUCKEL PALACE CENTRAL RAILWAY QUANTUM. NEAR CHRIST CHURCH SCHOOL. Sir Jamshetji Jijibhoy Road Pincode 400008
029-Mirza_Ghalib_Byculla.pdf,12,84, BUCKEL Palace In Central Railway Quats. Near Christ Church School. Byculla. Sir Jamshetji Jijibhoy Road Pincode 400008
029-Mirza_Ghalib_Byculla.pdf,14,83, Cottages near BUCKEL Palace Central Railway Quarters. Christ Church. Sir Jamshetji Jijibhoy Road Pincode 400008 Rs
029-Mirza_Ghalib_Byculla.pdf,15,82, Cottages near BUCKEL Palace Central Railway Quarters. Christ Church. Sir Jamshetji Jijibhoy Road Pincode 400008 L
029-Mirza_Ghalib_Byculla.pdf,16,81, Cottages near BUCKEL Palace Central Railway Quarters. Christ Church. Sir Jamshetji Jijibhoy Road Pincode 400008 Rs
029-Mirza_Ghalib_Byculla.pdf,17,83, Lobo Metra Off Clare Road. Byculla (Puvey). Mun.400008. Nagpada. CHRIST CHURCH ROAD PINCODE 400008 ॒
029-Mirza_Ghalib_Byculla.pdf,18,86, Kote Royal Off Clare Road. Byculla (Puvey). Mun.400008. Nagpada. CHRIST'S CHURCH ROAD PINCODE TH
029-Mirza_Ghalib_Byculla.pdf,19,89, STORE MAIN SON A OF CLARE ROAD. Byculla (PUVE). MU.400008.. CHRIST CHURCH ROAD PINCODE
029-Mirza_Ghalib_Byculla.pdf,20,89, STORE MAIN SON BOU OF CLARE ROAD. Byculla (PUVE). MU.400008.. CHRIST CHURCH ROAD PINCODE
029-Mirza_Ghalib_Byculla.pdf,21,82, HAVEN MAZIL OF CLARE ROAD. Byculla (PW). MUND.400008. NAGPAD. CHRIST'S CHURCH ROAD PINCODE T
029-Mirza_Ghalib_Byculla.pdf,22,87, Kachwala Chamber of Clare Road. Byculla (Puvey). Mun.400008.. CHRIST CHURCH ROAD PINCODE
030-Mirza_Ghalib_Byculla.pdf,2,83, A-Win Villa of Clare Road. Byculla (East). Mun.400008.. Mirza Ghalib Marg Pincode 400008
030-Mirza_Ghalib_Byculla.pdf,3,79, Christ Church Staff Quarters Clare Road. Byculla (East). Mirza Ghalib Marg Pincode b
030-Mirza_Ghalib_Byculla.pdf,4,80, Christ Church (Old Paroes) Clare Road. Byculla (Puvey). Mirza Ghalib Marg Pincode
030-Mirza_Ghalib_Byculla.pdf,5,80, Haji mohammad Kote Claire Road. Byculla Puve Mun-400008. Mirza Ghalib Marg Pincode no
030-Mirza_Ghalib_Byculla.pdf,6,80, Haji mohammad Kote Claire Road. Byculla Puve Mun-400008. Mirza Ghalib Marg Pincode Rs
030-Mirza_Ghalib_Byculla.pdf,7,75, Prezen Building D'Souza Enterprise Claire Road. Behind Petrol Pump Byculla East. Mirza Ghalib Marg Pincode No
030-Mirza_Ghalib_Byculla.pdf,8,66, Sampha Kote Clare Road. Mund. Behind Petrol Pump. East Byculla. Mirza Ghalib Marg Pincode no
030-Mirza_Ghalib_Byculla.pdf,9,80, Satnam Palace Clare Road. Behind Petrol Pump. Byculla Puve. Mirza Ghalib Marg Pincode
030-Mirza_Ghalib_Byculla.pdf,10,78, Pikka Dolly Flatus Si. Clare Road. Behind Petrol Pump. Byculla. Mirza Ghalib Marg Pincode
030-Mirza_Ghalib_Byculla.pdf,11,79, Pikki Dolly Flatus Bau. Clare Road. Petrol Pump. Mirza Ghalib Marg Pincode
030-Mirza_Ghalib_Byculla.pdf,12,75, Pikki Dolly Flats A Claire Road. Behind Petrol Pump. Byculla East. Mirza Ghalib Marg Pincode
030-Mirza_Ghalib_Byculla.pdf,14,82, Roshni Building Clare Road. Behind Petrol Pump Byculla East. Mirza Ghalib Marg Pincode
030-Mirza_Ghalib_Byculla.pdf,15,71, Byculla Prison B. (Pvt. Ltd.) Clare Road. Byculla (Puvey). Mirza Ghalib Marg Pincode No
030-Mirza_Ghalib_Byculla.pdf,16,77, Habib Pake Clare Road. Opposite St. Agnes School. Byculla. Mirza Ghalib Marg Pincode.
030-Mirza_Ghalib_Byculla.pdf,17,78, Habib Pake Clare Road. Opposite St. Agnes School. Byculla. Mirza Ghalib Marg Pincode
030-Mirza_Ghalib_Byculla.pdf,19,80, OAK SAFDEN NEAR CHEM BUS JAZZ AND MURRY SCHOOL. CLARE ROAD.. Mirza Ghalib Marg Pincode T
030-Mirza_Ghalib_Byculla.pdf,20,78, OAK SAFDEN NEAR CHEM BUS JAZZ AND MURRY SCHOOL. CLARE ROAD.. Mirza Ghalib Marg Pincode
030-Mirza_Ghalib_Byculla.pdf,22,85, Jail Police Line Clare Road. Byculla (Puvey) Mun. -400008. Mirza Ghalib Marg Pincode
031-Sant_Savata_Marg_Byculla.pdf,2,90, Bharat Babu Bhandar a. Abbagani & Sons. Mustafa Bazar.. Sat Savata 41-119-F (Maniv 36) Block 1 Mazgaon Byculla (East) Pincode 400010
031-Sant_Savata_Marg_Byculla.pdf,3,84, Kantilal and Co. Mustafa Bazar. c. Sant Savata Marg 41-119-F . Volume! Mazgaon Byculla (East) Pincode 400010
031-Sant_Savata_Marg_Byculla.pdf,4,79, Rustambagh Building No. - Sant Savata Marg 41-119-F . Mazgaon Byculla (East) Pincode 400027
031-Sant_Savata_Marg_Byculla.pdf,5,74, Rustambagh Building No. 3. Sant Savata Marg 41-119-F . Block 1 Mazgaon Byculla (East) Pincode 400027
031-Sant_Savata_Marg_Byculla.pdf,6,74, Rustambagh Building No. 4. Sant Savata Marg 41-119-F . Vol! Mazgaon Byculla (East) Pincode 400027
031-Sant_Savata_Marg_Byculla.pdf,7,77, Rustambagh Building No. 3. Sant Savata Marg 41-119-F . Mazgamb Byculla (East) Pincode 400027
031-Sant_Savata_Marg_Byculla.pdf,8,80, Rustambagh Building No. 7. Sant Savata Marg 41-119-F . Mazgaon Byculla (East) Pincode 400027
031-Sant_Savata_Marg_Byculla.pdf,9,77, Rustambagh Building No. 10. Sant Savata Marg 41-119-F . Vol! Mazgaon Byculla (East) Pincode 400027
031-Sant_Savata_Marg_Byculla.pdf,10,86, Rustambagh BUILDING NO 13. SANT SAVATA MARG 41-119-F . MAZGAON Byculla (EAST) PINCODE 400027
031-Sant_Savata_Marg_Byculla.pdf,11,84, Rustambagh Building No. 14. Sant Savata Marg 41-119-F . Mazgaon Byculla (East) Pincode 400027
031-Sant_Savata_Marg_Byculla.pdf,12,73, Rustambagh Building No. 135. Sant Savata Marg 41-119-F . Vol! Mazgaon Byculla (East) Pincode 400027
031-Sant_Savata_Marg_Byculla.pdf,13,80, Rustambagh Building No. 1-13-15-16. Sant Savata Marg 41-119-F . Mazgaon Byculla (East) Pincode 400027
031-Sant_Savata_Marg_Byculla.pdf,14,85, Jamnadas Prabhudas Patrachal. Galli No. 1 Chawl No. 1.. SITAPHAL WADI 1-17-B . Byculla EAST PINCODE 400010
031-Sant_Savata_Marg_Byculla.pdf,15,91, Jamnadas Prabhudas Patrachal Dr. Mascarans Road. Israel Sonapur. Sitaphal Wadi 1-17-B. Byculla East Pincode 400010
031-Sant_Savata_Marg_Byculla.pdf,16,74, Rustambagh Sant Savata Marg 95-167 . Byculla East Pincode 400027
031-Sant_Savata_Marg_Byculla.pdf,19,75, Rustambagh Sant Savata Marg 95-167 . Byculla East Pincode
031-Sant_Savata_Marg_Byculla.pdf,20,78, Rustambagh Sant Savata Marg 95-167 . Byculla East Pincode
031-Sant_Savata_Marg_Byculla.pdf,21,76, Rustambagh Sant Savata Marg 95-167 . Byculla East Pincode
031-Sant_Savata_Marg_Byculla.pdf,22,77, Rustambagh Sant Savata Marg 95-167 . Byculla East Pincode
031-Sant_Savata_Marg_Byculla.pdf,23,67, Rustambagh Sant Savata Marg 95-167 . Byculla East Pincode
031-Sant_Savata_Marg_Byculla.pdf,24,76, Rustambagh Sant Savata Marg 95-167 . Byculla East Pincode
031-Sant_Savata_Marg_Byculla.pdf,25,86, Rustambagh Sant Savata Marg 95-167 . Byculla East Pincode
031-Sant_Savata_Marg_Byculla.pdf,26,70, Samvat Quarters Masina Hosp A) Sant Savata Marg 95-167 . Byculla East Pincode
031-Sant_Savata_Marg_Byculla.pdf,27,77, Masina Hospital Doctor Quarters Byculla. | A) Sant Savata Marg 95-1 67(M. No. V.34) . Byculla East Pincode
031-Sant_Savata_Marg_Byculla.pdf,28,91, NURUDDEN Chawl DR. Mascarans Road. Mazgaon 2. Sitaphal Wadi 2-24 Byculla East Pincode 400010
031-Sant_Savata_Marg_Byculla.pdf,29,76, Light House Mazgaon.. SITAPHAL WADI 2-24 Byculla EAST PINCODE
031-Sant_Savata_Marg_Byculla.pdf,30,86, BESIDE PATRACHAL GARAGE BEHIND ADITYA TOW HOUSE. 2. SITAPHAL WADI 2-24 Byculla EAST PINCODE
032-Sant_Savata_Marg_Byculla.pdf,2,85, Jerbai Building Block No. A Victoria Gadan Road. Byculla (East). Dr. BABASAHEB AMBEDKAR ROAD . PINCODE 400027
032-Sant_Savata_Marg_Byculla.pdf,4,87, Jerbai Building Block No. B Victoria Gadan Road. Byculla (East). Dr. BABASAHEB AMBEDKAR ROAD . PINCODE
032-Sant_Savata_Marg_Byculla.pdf,6,83, Jerbai B. Block E Victoria Gadan Road. Byculla (Puvey). Dr. BABASAHEB AMBEDKAR ROAD . PINCODE
032-Sant_Savata_Marg_Byculla.pdf,8,85, Jerbai B. Block D Victoria Gadan Road. Byculla (East). Dr. BABASAHEB AMBEDKAR ROAD . PINCODE
032-Sant_Savata_Marg_Byculla.pdf,9,85, Jerbai Building Block C Victoria Gadan Road. Byculla (Puvey). Dr. BABASAHEB AMBEDKAR ROAD . PINCODE
032-Sant_Savata_Marg_Byculla.pdf,10,84, Haji Ismail Building Opposite Byculla Station. Byculla 2. Dr. Babasaheb Ambedkar Road. PINCODE 400027
032-Sant_Savata_Marg_Byculla.pdf,14,84, Yusuf Chambus Opposite. Gloria Church. Byculla (East). 2. Dr. Babasaheb Ambedkar Road. Pincode
032-Sant_Savata_Marg_Byculla.pdf,16,88, Kavarana Terrace Opposite Gloria Church. Byculla (East). 2. Dr. Babasaheb Ambedkar Road. Pincode
032-Sant_Savata_Marg_Byculla.pdf,17,89, NURUDDIN IBRAHIM Chawl SITAFALWADI. NEAR KHOJA KABRASTAN. DR. Mascarans Road. PINCODE 400010
032-Sant_Savata_Marg_Byculla.pdf,18,84,-Opposite Agakhan School Building. Anjeerwadi. Mazgaon. Dr. Mascarans Road. Pincode
032-Sant_Savata_Marg_Byculla.pdf,19,81, Agakhan Building Opposite. Anjeerwadi. Mazgaon. Dr. Mascarans Road. Pincode
032-Sant_Savata_Marg_Byculla.pdf,21,89, Opposite Agakhan Building. Anjeerwadi. Mazgaon. Dr. Mascarans Road. PINCODE THE
032-Sant_Savata_Marg_Byculla.pdf,22,86, AGAKHAN BUILDING OPPOSITE. ANJIRWADI. MAZGAON. DR. Mascarans Road. Pincode
032-Sant_Savata_Marg_Byculla.pdf,24,84, AGAKHAN PATRASHED OPPOSITE. ANJIRWADI. MAZGAON. DR. Mascarans Road. Pincode Rs
032-Sant_Savata_Marg_Byculla.pdf,25,85, Opposite Agakhan Building. Anjeerwadi. Mazgaon. Dr. Mascarans Road. Pincode
032-Sant_Savata_Marg_Byculla.pdf,30,84, AGAKHAN PATRASHED OPPOSITE. ANJIRWADI. MAZGAON. MUND.400010 DR. Mascarans Road. Pincode b
033-170-192_Dr_Mascarenance_Road_Mazgaon.pdf,2,90, (Adamji Rangwala Chawl) Sarkar Regency Thi. Dr. Mascarans Karen Haas Road. PINCODE 400010
033-170-192_Dr_Mascarenance_Road_Mazgaon.pdf,3,86, (Adamji Rangwala Chawl) Sarkar Regency. Dr. Mascarans Karen Haas Road. PINCODE 400010
033-170-192_Dr_Mascarenance_Road_Mazgaon.pdf,4,82, Guruhimmat Ko. O. So. -. Dr. Mascarans Karen Haas Road. Pincode
033-170-192_Dr_Mascarenance_Road_Mazgaon.pdf,7,87, (Adamji Rangwala Chawl) Sarkar Regency. Dr. Mascarans Karen Haas Road. Pincode
033-170-192_Dr_Mascarenance_Road_Mazgaon.pdf,8,86, Bausi Padamsi Wadi Near Shalimar Lodge. Dr. Mas Karen Haas Road. Pincode 400010
033-170-192_Dr_Mascarenance_Road_Mazgaon.pdf,9,87, Chhagan Mansion Near Shalimar Lodge 2 - Dr. Mas Karen Haas Road. Pincode
033-170-192_Dr_Mascarenance_Road_Mazgaon.pdf,11,84, New. Chhagan Mansion Near Shalimar Lodge. Dr. Mas Karen Haas Road. Pincode 400010
033-170-192_Dr_Mascarenance_Road_Mazgaon.pdf,14,89, PADMASI TERRACE NEAR SHALIMAR LODGE 2 - DR. Mas Karen Haas Road. Pincode
033-170-192_Dr_Mascarenance_Road_Mazgaon.pdf,15,82, Battawala Building Behind A Kakan Backe. Mazgaon 2 - Dr. Mas Karen Haas Road. Pincode
033-170-192_Dr_Mascarenance_Road_Mazgaon.pdf,16,85, Boman Behram Building Near Post Office. Mazgaon. Dr. Mas Karen Haas Road. Pincode
033-170-192_Dr_Mascarenance_Road_Mazgaon.pdf,17,79, New Chawl Shroff Building Opposite Bank of India. Mazgaon. Dr. Mascarans Road. . Muli Pincode 400010
033-170-192_Dr_Mascarenance_Road_Mazgaon.pdf,20,83, Meher Mansion Opposite Post Office. Mazgaon Dr. Mascarans Road. . Muli Pincode
033-170-192_Dr_Mascarenance_Road_Mazgaon.pdf,24,79, Shroff Building Opposite Post Office Dr. Mascarans Road. . Muli Pincode
033-170-192_Dr_Mascarenance_Road_Mazgaon.pdf,30,82, Manji Mansion Padamsi Wadi. K The Dr. Mascarans Road. . Muli Pincode
034-Sheth_Motisha_Lane_(Love_Lane).pdf,2,85, Sumer Tower. Sheth Motishaha Lane. PINCODE 400010
034-Sheth_Motisha_Lane_(Love_Lane).pdf,3,87, Sumer Tower. Sheth Motishaha Lane. Pincode
034-Sheth_Motisha_Lane_(Love_Lane).pdf,8,88, Sumer Tower - 2. Sumer Tower-1. Sheth Motishaha Lane. Pincode
034-Sheth_Motisha_Lane_(Love_Lane).pdf,14,92, Sumer Tower - 3. Sumer Tower-1. Sheth Motishaha Lane. Pincode
034-Sheth_Motisha_Lane_(Love_Lane).pdf,16,84, Batul House Jalki chawl. Road No. 3 J. ॒. D. N. Singh Road. PINCODE 400010
035-Sheth_Motisha_Lane_(Love_Lane).pdf,2,85, BIT. Chawl NO - 1 SHET MOTISHAHA LANE 1 40 TO 160. (LOVE LANE) PINCODE 400010
035-Sheth_Motisha_Lane_(Love_Lane).pdf,3,89, BIT. Chawl NO - 1 SHET MOTISHAHA LANE 140 TO 160. (LOVE LANE) PINCODE 400010
035-Sheth_Motisha_Lane_(Love_Lane).pdf,10,89, BIT. Chawl NO - 1 SHET MOTISHAHA LANE 140 TO 1 60. (LOVE LANE) PINCODE 400010
035-Sheth_Motisha_Lane_(Love_Lane).pdf,11,89, BIT. Chawl NO - 1 SHET MOTISHAHA LANE 140 TO 160. (LOVE LANE) PINCODE 400010
035-Sheth_Motisha_Lane_(Love_Lane).pdf,16,85, BIT. Chawl NO 1 SHET MOTISHAHA LANE 140 TO 160. (LOVE LANE) PINCODE
035-Sheth_Motisha_Lane_(Love_Lane).pdf,17,90, BIT. Chawl No - 3 Mazgaon. Mun-400010. Sheth Motishaha Lane. PINCODE 400010
035-Sheth_Motisha_Lane_(Love_Lane).pdf,28,91, Near Shah Bibi Building Telephone Exchange.. D. N. Singh Road. PINCODE 400010
035-Sheth_Motisha_Lane_(Love_Lane).pdf,29,86, Near Shah bibi Building Telephone Exchange.. D. N. Singh Road. PINCODE 400010
035-Sheth_Motisha_Lane_(Love_Lane).pdf,33,82, Slum Near Telephone Exchange Near Shahbaubi Building.. D. N. Singh Road. Pincode.
036-Sheth_Motisha_Lane_(Love_Lane).pdf,2,84, BIT Chawl No. 3 in front of Darshan Tower. Sheth Motishaha Lane.. Byculla (East) Pincode 400010
036-Sheth_Motisha_Lane_(Love_Lane).pdf,3,88, BIT Chawl No. 3 Opposite Dashan Tower. Sheth Motishaha Lane.. Byculla (PU) Pincode 400010
036-Sheth_Motisha_Lane_(Love_Lane).pdf,15,84, Municipal Bethi Chawl Behind Chawl No.3. Sheth Motishaha Lane.. Pincode
036-Sheth_Motisha_Lane_(Love_Lane).pdf,16,81, Municipal Bethi Chawl BIT Behind Chawl No.3. Sheth Motishaha Lane.. Pincode no
036-Sheth_Motisha_Lane_(Love_Lane).pdf,17,85, BIT Chawl No. 3 Back Bethi chawl. Sheth Motishaha Lane.. Pincode
036-Sheth_Motisha_Lane_(Love_Lane).pdf,18,81, Ramdas Ko. Op. This. Society. Sheth Motishaha Lane.. Byculla (Pu) Pincode 400010
036-Sheth_Motisha_Lane_(Love_Lane).pdf,19,81, Pramila Bhawan. D. N. Singh Road. Pincode 400010
037-136_Sheth_Motishah_Lane_(Love_Lane).pdf,2,81, BIT. Chawl No. - 2nd Th. Sheth Motishaha Lane. Byculla (Pu) Pincode 400010
037-136_Sheth_Motishah_Lane_(Love_Lane).pdf,3,78, T. Chawl No - 2. Sheth Motishaha Lane. Byculla (Pu) Pincode 400010
037-136_Sheth_Motishah_Lane_(Love_Lane).pdf,13,78, Unwala Bildong. D. N. Singh (Hathi Bagh Lane). Pincode 400010
037-136_Sheth_Motishah_Lane_(Love_Lane).pdf,15,79, Mohammad Manzil (Mayur Bhavan) ॒. D. N. Singh (Hathi Bagh Lane). Pincode
037-136_Sheth_Motishah_Lane_(Love_Lane).pdf,16,84, Racha Building. D. N. Singh (Hathi Bagh Lane) Pincode
037-136_Sheth_Motishah_Lane_(Love_Lane).pdf,19,73, HENDRE BULDOG BAR K. D. N. Singh (Hathi Bagh Lane) Block 4 Pincode
037-136_Sheth_Motishah_Lane_(Love_Lane).pdf,20,74, HENDRE BULDOG BAR JUDGE. D. N. Singh (Hathi Bagh Lane) Block 4 Pincode
038-136_Sheth_Motishah_Lane_(Love_Lane).pdf,2,83, Tarabagh Chawl  -  Sheth Motishaha Lane. Byculla (Pu) Pincode 400010
038-136_Sheth_Motishah_Lane_(Love_Lane).pdf,3,87, Tarabagh Chawl  -  Sheth Motishaha Lane. Byculla (Pu) Pincode 400010
038-136_Sheth_Motishah_Lane_(Love_Lane).pdf,5,89, Slum Section Sheth Motishaha Lane Near Tarabagh. Pincode
038-136_Sheth_Motishah_Lane_(Love_Lane).pdf,10,89, (SANGHAVI AND CO.) VISHAL TOWER  -  SHET MOTISHAHA LANE. Pincode T
038-136_Sheth_Motishah_Lane_(Love_Lane).pdf,11,78, (BOMBAY TRANSPORT chawl.) OAUDUMBER RESIDENCE chawl.  -  SHET MOTISHAHA LANE. Pincode Rs
038-136_Sheth_Motishah_Lane_(Love_Lane).pdf,12,86, MEHTA CHAMBAS  -  SHET MOTISHAHA LANE. Byculla (Pu) Pincode 400010
038-136_Sheth_Motishah_Lane_(Love_Lane).pdf,15,88, Prabhatwadi-B Sector Sheth Motishaha Lane. Pincode 400027
038-136_Sheth_Motishah_Lane_(Love_Lane).pdf,16,89, Khilafat House Sector Sheth Motishaha Lane. Pincode 400002
038-136_Sheth_Motishah_Lane_(Love_Lane).pdf,17,88, KANAN BUILDING SECTION SHETH MOTISHAHA LANE. Pincode 400010
038-136_Sheth_Motishah_Lane_(Love_Lane).pdf,18,86, Vimalachal Building - A  -  Sheth Motishaha Lane. Pincode 400010
038-136_Sheth_Motishah_Lane_(Love_Lane).pdf,21,86, Vimalachal Building - B Section Sheth Motishaha Lane. Pincode 400010
038-136_Sheth_Motishah_Lane_(Love_Lane).pdf,22,87 , POLICE OFFICER Quarters  -  SHETH MOTISHAHA LANE. Pincode 400010
038-136_Sheth_Motishah_Lane_(Love_Lane).pdf,23,87, SIDDACHAL DASHAN A  -  SHETH MOTISHAHA LANE. Pincode 400010
038-136_Sheth_Motishah_Lane_(Love_Lane).pdf,25,89, SIDDACHAL DARSHAN B  -  SHET MOTISHAHA LANE. Pincode 400010
039-136_Sheth_Motishah_Lane_(Love_Lane).pdf,2,86, AADAMKHAN BUILDING DEPARTMENT D. N. Singh Road. Byculla (Pu) (Hathibagh Lane) Pincode 400010
039-136_Sheth_Motishah_Lane_(Love_Lane).pdf,3,70, AADAMKHAN BUILDING  -  D. N. Singh Road. Byculla (Pu) (Hathibagh Lane) Pincode 400010
039-136_Sheth_Motishah_Lane_(Love_Lane).pdf,5,69, Aadamkhan Building Dept. D. N. Singh Road. Byculla (Pu) (Hathibagh Lane) Pincode 400010
039-136_Sheth_Motishah_Lane_(Love_Lane).pdf,6,85, ADAMKHAN BUILDING  -  D. N. Singh Road. Pincode
039-136_Sheth_Motishah_Lane_(Love_Lane).pdf,8,78, Ismailwali Mohd Building (Adamkhan Building) Section D. N. Singh Road. Pincode Rs
039-136_Sheth_Motishah_Lane_(Love_Lane).pdf,9,72, Insmailwali Mohd. Building (Adamkhan Building) Tha  -  d. N. Singh Road. Pincode f
039-136_Sheth_Motishah_Lane_(Love_Lane).pdf,10,75, Insmailwali Mohd. Building (Adamkhan Building) Tha  -  d. N. Singh Road. The Pincode
039-136_Sheth_Motishah_Lane_(Love_Lane).pdf,11,69, TARACHAND BUILDING  -  D. N. Singh Road. Pincode
039-136_Sheth_Motishah_Lane_(Love_Lane).pdf,15,74, TARACHAND Building C  -  D. N. Singh Road. Pincode
039-136_Sheth_Motishah_Lane_(Love_Lane).pdf,16,74, TARACHAND BUNGALOW  -  D. N. Singh Road. Pincode
040-105-C_136_Sheth_Motisha_Lane_(Love_Lane).pdf,2,91, ROSARIO PATRA Chawl 1. (Opposite Bhayyawadi) Sector Sheth Motishaha Lane. Byculla (PU) Pincode 400010
040-105-C_136_Sheth_Motisha_Lane_(Love_Lane).pdf,3,86, Chetak Building  -  Sheth Motishaha Lane. Pincode
040-105-C_136_Sheth_Motisha_Lane_(Love_Lane).pdf,4,88, Chetak Building  -  Sheth Motishaha Lane. Pincode t
040-105-C_136_Sheth_Motisha_Lane_(Love_Lane).pdf,5,84, KAPDIA BUILDING  -  SHET MOTISHAHA LANE. Pincode Rs
040-105-C_136_Sheth_Motisha_Lane_(Love_Lane).pdf,8,84, Rukanbhai  -  Sheth Motishaha Lane. Pincode Rs
040-105-C_136_Sheth_Motisha_Lane_(Love_Lane).pdf,9,84, Rukanbhai  -  Sheth Motishaha Lane. Pincode”
040-105-C_136_Sheth_Motisha_Lane_(Love_Lane).pdf,10,81, Rukanbhai  -  Sheth Motishaha Lane. Pincode Rs
040-105-C_136_Sheth_Motisha_Lane_(Love_Lane).pdf,11,83, Pragati Ko. Op. Housing Society Lau.  -  Sheth Motishaha Lane. Pincode T
040-105-C_136_Sheth_Motisha_Lane_(Love_Lane).pdf,12,85, Pragati Ko. Op. Housing Society Lau.  -  Sheth Motishaha Lane. Pincode
040-105-C_136_Sheth_Motisha_Lane_(Love_Lane).pdf,13,90, Pavapuri Building  -  Sheth Motishaha Lane. Pincode t
040-105-C_136_Sheth_Motisha_Lane_(Love_Lane).pdf,14,91, Pavapuri Building - B Section Sheth Motishaha Lane. Pincode
040-105-C_136_Sheth_Motisha_Lane_(Love_Lane).pdf,15,89, Pavapuri Building - C Section Sheth Motishaha Lane. Pincode t
040-105-C_136_Sheth_Motisha_Lane_(Love_Lane).pdf,16,87, BRAHMANWADI PRIYA COTTAGE BUILDING SECTION SHETH MOTISHAHA LANE. Pincode
040-105-C_136_Sheth_Motisha_Lane_(Love_Lane).pdf,18,84, BRAHMANWADI PRIYA COTTAGE BUILDING SECTION SHETH MOTISHAHA LANE. Pincode Rs
040-105-C_136_Sheth_Motisha_Lane_(Love_Lane).pdf,19,84, BRAHMANWADI PRIYA COTTAGE BUILDING SECTION SHETH MOTISHAHA LANE. Pincode h
040-105-C_136_Sheth_Motisha_Lane_(Love_Lane).pdf,20,87, BRAHMANWADI PRIYA COTTAGE BUILDING SECTION SHETH MOTISHAHA LANE. Pincode
040-105-C_136_Sheth_Motisha_Lane_(Love_Lane).pdf,21,84, BRAHMANWADI PRIYA COTTAGE BUILDING SECTION SHETH MOTISHAHA LANE. Pincode Rs
040-105-C_136_Sheth_Motisha_Lane_(Love_Lane).pdf,22,91, Kalpataru Tower  -  Sheth Motishaha Lane. Pincode
041-105-C_136_Sheth_Motisha_Lane_(Love_Lane).pdf,2,67, Swapna Building The Sheth Motishaha Lane. Byculla (PU) Pincode 400010
041-105-C_136_Sheth_Motisha_Lane_(Love_Lane).pdf,3,72, Swapna Building Sheth Motishaha Lane (Md. No. Wb.34) Block 9 Byculla (PU) Pincode 400010
041-105-C_136_Sheth_Motisha_Lane_(Love_Lane).pdf,5,74, Swapna Building Sheth Motishaha Lane. Byculla (PU) Pincode 400010
041-105-C_136_Sheth_Motisha_Lane_(Love_Lane).pdf,7,71, Saflya Building Sheth Motishaha Lane. Pincode
041-105-C_136_Sheth_Motisha_Lane_(Love_Lane).pdf,8,71, Saflya Building Sheth Motishaha Lane. Pincode No
041-105-C_136_Sheth_Motisha_Lane_(Love_Lane).pdf,10,68, Saflya Building Sheth Motishaha Lane. Enter the pin code
041-105-C_136_Sheth_Motisha_Lane_(Love_Lane).pdf,11,71, Saflya Building Sheth Motishaha Lane. The Pincode
041-105-C_136_Sheth_Motisha_Lane_(Love_Lane).pdf,12,69, Saflya Building Sheth Motishaha Lane. Pincode Rs
041-105-C_136_Sheth_Motisha_Lane_(Love_Lane).pdf,13,82, Behind Sapna Building Slum Sheth Motishaha Lane. Pincode
041-105-C_136_Sheth_Motisha_Lane_(Love_Lane).pdf,14,76, Boman Behram Chawl  - . Sheth Motisha Lane. Byculla (Pu) Pincode 400010
041-105-C_136_Sheth_Motisha_Lane_(Love_Lane).pdf,15,81, Boman Behram Chawl  - . Sheth Motisha Lane. Pincode
041-105-C_136_Sheth_Motisha_Lane_(Love_Lane).pdf,16,84, New Patra Chawl  - . Sheth Motisha Lane. Pincode and
041-105-C_136_Sheth_Motisha_Lane_(Love_Lane).pdf,18,89, New Patra Chawl  - . Sheth Motisha Lane. Pincode no
041-105-C_136_Sheth_Motisha_Lane_(Love_Lane).pdf,19,89, New Patra Chawl  - . Sheth Motisha Lane. The Pincode
041-105-C_136_Sheth_Motisha_Lane_(Love_Lane).pdf,20,89, New Patra Chawl  - . Sheth Motisha Lane. Pincode
041-105-C_136_Sheth_Motisha_Lane_(Love_Lane).pdf,21,84, New Patra Chawl  - . Sheth Motisha Lane. Pincode and
041-105-C_136_Sheth_Motisha_Lane_(Love_Lane).pdf,22,89, New Patra Chawl  - . Sheth Motisha Lane. Pincode no
041-105-C_136_Sheth_Motisha_Lane_(Love_Lane).pdf,23,70, Chavan Building Deptt. Sheth Motisha Lane. Pincode
041-105-C_136_Sheth_Motisha_Lane_(Love_Lane).pdf,24,79, Mapalwadi Patra Chawl  - . Sheth Motisha Lane. Pincode
041-105-C_136_Sheth_Motisha_Lane_(Love_Lane).pdf,29,75, Shore Mansion  - . Sheth Motisha Lane. Pincode
041-105-C_136_Sheth_Motisha_Lane_(Love_Lane).pdf,30,72, Shore Mansion  - . Sheth Motisha Lane. Pincode.
041-105-C_136_Sheth_Motisha_Lane_(Love_Lane).pdf,31,78, Mapalwadi Chawl Thadar  - . Sheth Motisha Lane. Pincode
042-Sheth_Motisha_Lane_(Love_Lane).pdf,2,76, F to H Mention | A) SHETH MOTISHAHA LANE 98-100A. 115. BYKHALA (PU>) PINCODE 400010
042-Sheth_Motisha_Lane_(Love_Lane).pdf,3,81, F to H Mention | A) SHETH MOTISHAHA LANE 98-100A. 115. BYKHALA (PU) PINCODE 400010
042-Sheth_Motisha_Lane_(Love_Lane).pdf,4,71, Dhobi Ghat | A) Sheth Motishaha Lane 98-100 A. 115. Pincode
042-Sheth_Motisha_Lane_(Love_Lane).pdf,5,71, Kopargaon Estate (Patrashed). Sheth Motishaha Lane (Kopargaon). Pincode.
042-Sheth_Motisha_Lane_(Love_Lane).pdf,6,68, Samarol Tabela (Motigalli). Sheth Motishaha Lane (Kopargaon) (Md. No. WBI.34) Block 13 Pincode
042-Sheth_Motisha_Lane_(Love_Lane).pdf,7,79, Ptrashed (Hindustan Autogarage). Sheth Motishaha Lane (Kopargaon). Pincode
042-Sheth_Motisha_Lane_(Love_Lane).pdf,8,86, Bawadi Kopargaon Estate 2. Sheth Motishaha Lane (Kopargaon). Pincode
042-Sheth_Motisha_Lane_(Love_Lane).pdf,9,69, Vaishali Apartment A. Sheth Motishaha Lane (Kopargaon). Pincode
042-Sheth_Motisha_Lane_(Love_Lane).pdf,11,69, Vaishali Apartment (Bau). Sheth Motishaha Lane (Kopargaon) . Block 13 Pincode
042-Sheth_Motisha_Lane_(Love_Lane).pdf,12,78, Tabela Baiti chawl. Sheth Motishaha Lane (Kopargaon). Pincode
042-Sheth_Motisha_Lane_(Love_Lane).pdf,13,80, Tarachand BUILDING . d. N. Road 29 B to 172. Pincode 400010
042-Sheth_Motisha_Lane_(Love_Lane).pdf,16,78, Tarachand BUILDING . d. N. Road 29 B to 172. Pincode
042-Sheth_Motisha_Lane_(Love_Lane).pdf,17,68, Tarachand Patrachal
042-Sheth_Motisha_Lane_(Love_Lane).pdf,18,81, Tarachand Patrachal 3 . d. N. Road 29 B to 172. Byculla (PU) Pincode 400010
042-Sheth_Motisha_Lane_(Love_Lane).pdf,19,63, Chavan Chawl B d. N. Singh Road (Hathibaglen-B) .Byculla (PU) Pincode 400010
042-Sheth_Motisha_Lane_(Love_Lane).pdf,20,73, Rabia Trust d. N. SINGH ROAD(Hathibaglen-B) .Pincode
042-Sheth_Motisha_Lane_(Love_Lane).pdf,21,66, Rabiabai Trust Building d. N. Singh Road (Hathibaglen-B) .Pincode Rs
042-Sheth_Motisha_Lane_(Love_Lane).pdf,22,69, Rabiabai Trust Building d. N. SINGH ROAD(Hathibaglen-B) .Pincode
042-Sheth_Motisha_Lane_(Love_Lane).pdf,23,66, Fodkar Building ( Parda Cottage) D. N. Singh Road (Hathibaglen-B) .Pincode B
042-Sheth_Motisha_Lane_(Love_Lane).pdf,24,67, Fodkar Building ( Parda Cottage) D. N. SINGH ROAD(Hathibaglen-B) .Pincode.
042-Sheth_Motisha_Lane_(Love_Lane).pdf,25,68, SHIRIN MANJIL D. N. SINGH ROAD(Hathibaglen-B) .Pincode
042-Sheth_Motisha_Lane_(Love_Lane).pdf,28,66, Shevkar Building d. N. SINGH ROAD(Hathibaglen-B) .Pincode
042-Sheth_Motisha_Lane_(Love_Lane).pdf,29,70, JOSHI Building D. N. Singh Road (Hathibaglen-B) .Pincode ॒
042-Sheth_Motisha_Lane_(Love_Lane).pdf,30,59, Abbas Building d. N. SINGH ROAD(Hathibaglen-B) .Pincode
042-Sheth_Motisha_Lane_(Love_Lane).pdf,32,75, Mewawala Building d. N. Singh Road (Hathibaglen-B) .Byculla (PU) Pincode 400010
042-Sheth_Motisha_Lane_(Love_Lane).pdf,34,69, Mewawala Building Previous Letter Shed D. N. SINGH ROAD(Hathibaglen-B) .Pincode
043-Sheth_Motisha_Lane_(Love_Lane).pdf,2,80, Motishaha Jaun Building. D. | A) SHETH MOTI SHAH LANE. 164 TO 200. .4 PINCODE 400027
043-Sheth_Motisha_Lane_(Love_Lane).pdf,3,82, Motishaha Jaun Building. D. | A) SHETH MOTI SHAH LANE. 1 64 TO 200. .4 PINCODE 400027
043-Sheth_Motisha_Lane_(Love_Lane).pdf,4,85, Motishaha Jaun Building. D. | A) SHETH MOTI SHAH LANE. 164 TO 200. .4 PINCODE 400027
043-Sheth_Motisha_Lane_(Love_Lane).pdf,5,85, MOTISHAHA LANE BUILDING C | A) SHETH MOTI SHAH LANE. 164 TO 200. .4 PINCODE 400027
043-Sheth_Motisha_Lane_(Love_Lane).pdf,6,83, MOTISHAHA LANE BUILDING C | A) SHETH MOTI SHAH LANE. 1 64 TO 200 .4 PINCODE 400027
043-Sheth_Motisha_Lane_(Love_Lane).pdf,7,86, Motishah Jain Building C | A) SHETH MOTI SHAH LANE. 1 64 TO 200. . 4 PIN CODE 400027
043-Sheth_Motisha_Lane_(Love_Lane).pdf,8,89, Motishah Jain Building A | A) SHETH MOTI SHAH LANE. 164 TO 200. .4 PINCODE 400027
043-Sheth_Motisha_Lane_(Love_Lane).pdf,9,87, Motishah Jain Building B | A) SHETH MOTI SHAH LANE. 164 TO 200. .4 PINCODE 400027
043-Sheth_Motisha_Lane_(Love_Lane).pdf,10,80, Motishah Jain Building B | a) Sheth Moti Shah Lane. || 64 to 200 .4 Pincode 400027
043-Sheth_Motisha_Lane_(Love_Lane).pdf,11,75, MOTISHAH JAIN MAUDER COMP. Dharamshala B. | A) SHETH MOTI SHAH LANE. 164 TO 200. .4 PINCODE 400027
043-Sheth_Motisha_Lane_(Love_Lane).pdf,12,89, MOTISHAH JAIN BUILDING COMPOUND. | A) SHETH MOTI SHAH LANE. 164 TO 200. .4 PINCODE 400027
043-Sheth_Motisha_Lane_(Love_Lane).pdf,13,82, Regina Pacis Building | A) SHETH MOTI SHAH LANE. 164 TO 200. .4 PINCODE 400027
043-Sheth_Motisha_Lane_(Love_Lane).pdf,15,87, KULSUMBAI BUILDING IRANIWADI. Shidas Chapsi Marg. PINCODE 400010
043-Sheth_Motisha_Lane_(Love_Lane).pdf,16,90, Dinshah Bagh Bldg-(B). Shidas Chapsi Marg. PINCODE 400010
043-Sheth_Motisha_Lane_(Love_Lane).pdf,17,86, IRANI WADI BUNGALOW IRANIWADI. Shidas Chapsi Marg. PINCODE 400010
043-Sheth_Motisha_Lane_(Love_Lane).pdf,18,90, Municipal Compound Patrachal No. 1. Sheth Moti Shah Lane. PINCODE 400010
043-Sheth_Motisha_Lane_(Love_Lane).pdf,20,90, Municipal Compound Patrachal No. 2. Sheth Moti Shah Lane. Pincode 400010
043-Sheth_Motisha_Lane_(Love_Lane).pdf,23,89, Municipal Compound Patrachal No. 3. Sheth Moti Shah Lane. Pincode 400010
044-Nesbit_Road_Low_Level.pdf,2,82, Hansraj Building. HANSRAJ LANE TH TO 1 6A SANJAY APARTMENT .PINCODE 400027
044-Nesbit_Road_Low_Level.pdf,3,87, Shubhsandesh Building Hansraj Lane.. HANSRAJ LANE 6 TO 16 A SANJAY APARTMENT .PINCODE 400027
044-Nesbit_Road_Low_Level.pdf,10,87, Breeze VIEW (NORTH) 16 HANSRAJ LANE.. HANSRAJ LANE 6 TO 16 A SANJAY APARTMENT .PINCODE 400027
044-Nesbit_Road_Low_Level.pdf,13,89, Breeze View (South). Hansraj Lane.. HANSRAJ LANE 6 TO 16 A SANJAY APARTMENT .PINCODE 400027
044-Nesbit_Road_Low_Level.pdf,17,87, SANJAY APPARTMENT 16 HANSRAJ LANE.. HANSRAJ LANE 6 TO 16 A SANJAY APARTMENT .PINCODE 400027
044-Nesbit_Road_Low_Level.pdf,18,88, SANJAY Apartment 16 HANSRAJ LANE.. HANSRAJ LANE 6 TO 16 A SANJAY APARTMENT .PINCODE 400027
044-Nesbit_Road_Low_Level.pdf,20,85, Shop in 8 Janta Grain Stores Hansraj Lan. 8 V Breeze View Line.. HANSRAJ LANE 6 TO 16 A SANJAY APARTMENT .PINCODE 400027
045-Nesbit_Road_Low_Level.pdf,2,83, ASHOK APARTMENT 16 HANSARAJLANE. HANJRAJ LANE. Pincode 400027
045-Nesbit_Road_Low_Level.pdf,3,87, ASHOK APARTMENT 16 HANSARAJLEN-'. HANJRAJ LANE. PINCODE 400027
045-Nesbit_Road_Low_Level.pdf,4,89, Mankeshwar Charitable Trust. HANJRAJ LANE. PINCODE 400027
045-Nesbit_Road_Low_Level.pdf,5,82, AJAY APPATMAT HANSRAJ LANE.. HANJRAJ LANE. PINCODE 400027
045-Nesbit_Road_Low_Level.pdf,9,77, POLICE Chawl NO 1. HANJRAJ LANE (M. NO. B. 34) BLOCK 3 PIN CODE 400027
045-Nesbit_Road_Low_Level.pdf,10,77, POLICE Chawl NO 1. HANJRAJ LANE. PINCODE 400027
045-Nesbit_Road_Low_Level.pdf,12,78, POLICE Chawl NO 2. HANJRAJ LANE. PINCODE 400027
045-Nesbit_Road_Low_Level.pdf,20,87, NEAR INDU MILL PATRA SHED NEAR INDU OIL MILL. HANSRAJ LANE.. HANJRAJ LANE (M. NO. B. 34) BLOCK 3 PINCODE 400027
045-Nesbit_Road_Low_Level.pdf,21,88, Rahanasi Vasti (Workers) Hansraj Lane in  E Quality Garage. HANJRAJ LANE. PINCODE 400027
045-Nesbit_Road_Low_Level.pdf,22,79, Mankeshwar Charitable Trust. HANJRAJ LANE. Pincode
046-Nesbit_Road_Low_Level.pdf,2,86, BIT Chawl No. 2 Near Municipal Hindi School. Th. Sheth Motishah Lane.. (Lovelen) Byculla (East) Pincode 400010
046-Nesbit_Road_Low_Level.pdf,3,84, BIT Chawl No. 2 Near Municipal Hindi School.. Sheth Motishah Lane.. (Lovelen) Byculla (East) Pincode 400010
046-Nesbit_Road_Low_Level.pdf,14,75 , Chawl SURPAREDENT QUOTANS. Sheth Motishah Lane.. (Lovelen) Byculla (East) Pincode
046-Nesbit_Road_Low_Level.pdf,15,84, Sanctor No 5 Shatrunjay Darshan Building (B) Love Lane Cross Lane.. Sheth Motishah Lane.. (LOVE LANE) Byculla (East) Pincode 400027
046-Nesbit_Road_Low_Level.pdf,18,89, BIT Chawl No. 2 Sheth Moti Shah Lane. Sheth Motishah Lane.. (LOVE LANE) Byculla (East) Pincode
047-Nesbit_Road_Low_Level.pdf,2,90, KC Cottage Sheth Moti Shah Lane ( Cross Lane) Sheth Motishah Lane.. (Lovelane) Byculla (East) Cross Lane Pincode 400027
047-Nesbit_Road_Low_Level.pdf,3,88, KC Cottage Sheth Moti Shah Lane ( Cross Lane) Sheth Motishah Lane.. (Lovelane) Byculla (East) Cross Lane Pincode 400027
047-Nesbit_Road_Low_Level.pdf,4,87, Shatrunjay Darshan Building(s) Sheth Moti Shah Lane (Love Lane Cross Lane) Sheth Motishah Lane.. (Lovelane) Byculla (East) Cross Lane Pincode 400027
047-Nesbit_Road_Low_Level.pdf,7,86, Shatrunjay Darshan Building (Sou) Sheth Moti Shah Lane (Love Lane Cross Lane) Sheth Motishah Lane.. (Lovelane) Byculla (East) Cross Lane Pincode 400027
047-Nesbit_Road_Low_Level.pdf,11,89, Shatrunjay Building D Sheth Moti Shah Lane (Love Lane Cross Lane) Sheth Motishah Lane.. (Lovelane) Byculla (East) Cross Lane Pincode 400027
047-Nesbit_Road_Low_Level.pdf,12,89, Adumbar Building Sheth Moti Shah Lane (Love Lane Cross Lane) Byculla Sheth Motishah Lane.. (Lovelane) Byculla (East) Cross Lane Pincode 400027
047-Nesbit_Road_Low_Level.pdf,15,91, Meghji Chawl Patra Shed Sheth Moti Shah Lane (Love Lane Cross Lane) Byculla Sheth Motishah Lane.. (Lovelane) Byculla (East) Cross Lane Pincode 400027
047-Nesbit_Road_Low_Level.pdf,16,89, Bunyan Building (s) Sheth Moti Shah Lane (Love Lane Kragos Lane) Sheth Motishah Lane.. (Lovelane) Byculla (East) Cross Lane Pincode 400027
047-Nesbit_Road_Low_Level.pdf,18,88, Bunyan Building (B) Sheth Moti Shah Lane (Love Lane Cross Lane) Sheth Motishah Lane.. (Lovelane) Byculla (East) Cross Lane Pincode 400027
047-Nesbit_Road_Low_Level.pdf,20,89, Bunyan Building Block(C) Sheth Mati Shah Lane (Love Lane Cross Sheth Motishah Lane.. (Love Lane) Byculla (East) Cross Lane Pincode 400027
"048-Sardar_Balwant_Singh,_Dhodi_Marg_Mazgaon.pdf",2,86, Taheri Manzil (A) Ness Bout Road. Lo. Level Mazgaon Burhani College Beside Nesbitt Road. Pincode 400010
"048-Sardar_Balwant_Singh,_Dhodi_Marg_Mazgaon.pdf",3,83, Taheri Manzil (A) Ness Beit Road. Lo. Level Mazgaon Burhani College Beside Nesbitt Road. Pincode 400010 ॒ Rs
"048-Sardar_Balwant_Singh,_Dhodi_Marg_Mazgaon.pdf",4,85, Taheri Manzil (B) Ness Bout Road. Lo. Level Mazgaon Mumbai-400010 Burhani Nesbitt Road. Pincode 400010 b
"048-Sardar_Balwant_Singh,_Dhodi_Marg_Mazgaon.pdf",5,89, m. S. R. B. No. 1 Ness Beat Road. Lo. Level Mazgaon Burhani College Beside Nesbitt Road. Pincode 400010
"048-Sardar_Balwant_Singh,_Dhodi_Marg_Mazgaon.pdf",6,87, m. S. R. B. No. 2 Ness Beat Road. Lo. Level Mazgaon Burhani College Beside Nesbitt Road. Pincode 400010
"048-Sardar_Balwant_Singh,_Dhodi_Marg_Mazgaon.pdf",7,87, Reza Vila Nes Beit Road. Lo. Level Mazgaon Burhani College Nesbitt Road. Pincode 400010 b
"048-Sardar_Balwant_Singh,_Dhodi_Marg_Mazgaon.pdf",8,91, Khatija Villa Nes Beit Road. Lo. Level Mazgaon Burhani College Nesbitt Road. Pincode 400010
"048-Sardar_Balwant_Singh,_Dhodi_Marg_Mazgaon.pdf",9,91, Khatija Villa Nes Beit Road. Lo. Level Mazgaon Burhani College Nesbitt Road. Pincode 400010 The
"048-Sardar_Balwant_Singh,_Dhodi_Marg_Mazgaon.pdf",10,87, Chichgar Terrace Ness Beit Road. Lo. Level Mazgaon Burhani College Nesbitt Road. Pincode 400010
"048-Sardar_Balwant_Singh,_Dhodi_Marg_Mazgaon.pdf",11,90, Chichgar Terrace Ness Beit Road. Lo. Level Mazgaon Burhani College Nesbitt Road. Pincode 400010 No
"048-Sardar_Balwant_Singh,_Dhodi_Marg_Mazgaon.pdf",12,88, Habib Villa. Lo. Level Mazgaon Burhani College Beside Nesbitt Road. Pincode 400010 B The
"048-Sardar_Balwant_Singh,_Dhodi_Marg_Mazgaon.pdf",13,87, Railway Board Building No. 3. Lo. Level Mazgaon Burhani Kal Nesbit Road. Pincode 400010 Th
"048-Sardar_Balwant_Singh,_Dhodi_Marg_Mazgaon.pdf",14,85, Railway Board Building No. 3. Lo. Level Mazgaon Burhani Call Nesbitt Road. Pincode 400010 T
"048-Sardar_Balwant_Singh,_Dhodi_Marg_Mazgaon.pdf",15,88, Railway Board Building No. 3. Lo. Level Mazgaon Burhani Call Nesbitt Road. Pincode 400010 Th
"048-Sardar_Balwant_Singh,_Dhodi_Marg_Mazgaon.pdf",16,89, Shubsandesh Bachu Patra Shed Beside Hanuman Mandir Mazgaon Nesbit Road. Pincode 400010
"048-Sardar_Balwant_Singh,_Dhodi_Marg_Mazgaon.pdf",17,87, Sheorna Compound Baiti Chawl Mazgaon Nesbit Road. Pincode 400010
"048-Sardar_Balwant_Singh,_Dhodi_Marg_Mazgaon.pdf",18,90, SETHNA HALL BUILDING COMPOUND MAZGAON. Sardar Balwant Singh Dhodi Marg. PINCODE 400010
"048-Sardar_Balwant_Singh,_Dhodi_Marg_Mazgaon.pdf",19,91, Nesbitt Hall Mazgaon. Sardar Balwant Singh Dhodi Marg. PINCODE 400010
"048-Sardar_Balwant_Singh,_Dhodi_Marg_Mazgaon.pdf",20,92, KAROJ BUNGALOW BHARUCHA COMPOUND MAZGAON KOT BEHIND SIDE. Sardar Balwant Singh Dhodi Marg. PINCODE 400010
"048-Sardar_Balwant_Singh,_Dhodi_Marg_Mazgaon.pdf",21,89, Bharu's Garage Patrashed Mazgaon Kot Near Side.. Sardar Balwant Singh Dhodi Marg. Pincode 400010
"048-Sardar_Balwant_Singh,_Dhodi_Marg_Mazgaon.pdf",22,91, Mazgaon Kot Compound P. W. D. Sardar Balwant Singh Dhodi Marg. Pincode 400010
"048-Sardar_Balwant_Singh,_Dhodi_Marg_Mazgaon.pdf",23,89, Chhatriwala Building Mazgaon.. Sardar Balwant Singh Dhodi Marg. Pincode 400010
"048-Sardar_Balwant_Singh,_Dhodi_Marg_Mazgaon.pdf",24,90, Degamwala Building Near Santmari School. Mazgaon.. Sardar Balwant Singh Dhodi Marg. Pincode 400010
"048-Sardar_Balwant_Singh,_Dhodi_Marg_Mazgaon.pdf",25,92, NORTH INDIA BUILDING NEAR ST MARIE SCHOOL.. Sardar Balwant Singh Dhodi Marg. Pincode 400010
"048-Sardar_Balwant_Singh,_Dhodi_Marg_Mazgaon.pdf",26,86, New Bothi Chawl Sethna Compound Mazgaon.. Sardar Balwant Singh Dhodi Marg. Pincode 400010
"048-Sardar_Balwant_Singh,_Dhodi_Marg_Mazgaon.pdf",27,87, Jamala Khana Sardar Balwant Singh Dhori Marg. Mazgaon. Mumbai-400010. Sardar Balwant Singh Dhodi Marg. Pincode 400010
"048-Sardar_Balwant_Singh,_Dhodi_Marg_Mazgaon.pdf",28,89, Aga Hall Chawl No. 7 Mazgaon.. Sardar Balwant Singh Dhodi Marg. PINCODE 400010
"048-Sardar_Balwant_Singh,_Dhodi_Marg_Mazgaon.pdf",29,87, Aga Hall Chawl No. 9 Mazgaon.. Sardar Balwant Singh Dhodi Marg. PINCODE 400010
"048-Sardar_Balwant_Singh,_Dhodi_Marg_Mazgaon.pdf",30,88, Aga Hall Chawl No. 13 Mazgaon.. Sardar Balwant Singh Dhodi Marg. PINCODE 400010
"048-Sardar_Balwant_Singh,_Dhodi_Marg_Mazgaon.pdf",31,91, Nesbitt Hall Behind Patrashed Nesbitt Hall. Sardar Balwant Singh Dhodi Marg. PINCODE 400010
"048-Sardar_Balwant_Singh,_Dhodi_Marg_Mazgaon.pdf",32,90, Aga Hall Chawl No. 8 Mazgaon.. Sardar Balwant Singh Dhodi Marg. PINCODE 400010
"049-Sardar_Balwant_Singh,_Dhodi_Marg_Mazgaon.pdf",2,91, AGA ALI MANOR OLD NESBIT ROAD NEW SARDAR BALWANT SINGH MARG.. Sardar Balwant Singh Dhodi Marg. PINCODE 400010
"049-Sardar_Balwant_Singh,_Dhodi_Marg_Mazgaon.pdf",3,85, Agha Ali Manor Old Naisbeat Road New Sardar Balwant Singh Marg.. Sardar Balwant Singh Dhodi Marg. PINCODE 400010
"049-Sardar_Balwant_Singh,_Dhodi_Marg_Mazgaon.pdf",4,88, Aminabad Building Mazgaon.. Sardar Balwant Singh Dhodi Marg. PINCODE 400010
"049-Sardar_Balwant_Singh,_Dhodi_Marg_Mazgaon.pdf",9,90, RAZARIO VILLA DR. Maskornhas Road. Next to Sardar Balwant Singh Cross Road.. Dr. MASCORNHAS ROAD.. PINCODE 400010
"049-Sardar_Balwant_Singh,_Dhodi_Marg_Mazgaon.pdf",10,91, New Sai Niketan (A) Mhaskarans Road Parab Chowk. Mazgaon.. Dr. MASCORNHAS ROAD.. PINCODE 400010
"049-Sardar_Balwant_Singh,_Dhodi_Marg_Mazgaon.pdf",14,91, NEW SAI NIKETAN (B) NIKETAN NEXT TO ST MARY'S SCHOOL. Dr. MASCORNHAS ROAD.. PINCODE 400010
050-Ganesh_Hari_Parundekar_Marg_Momin_Pura.pdf,2,86, Higambala Chawl Opposite Arab Masjid Byculla (W). Meghraj Shethi Marg. Pincode 400011
050-Ganesh_Hari_Parundekar_Marg_Momin_Pura.pdf,3,86, Higamwala Chawl Opposite Arab Masjaud Byculla (W). Meghraj Shethi Marg. Pincode 400011
050-Ganesh_Hari_Parundekar_Marg_Momin_Pura.pdf,7,87, Ghadiyal Chawl Opposite Arab Masjid Byculla (W). Meghraj Shethi Marg. Pincode 400011
050-Ganesh_Hari_Parundekar_Marg_Momin_Pura.pdf,11,83, Bhandari Chawl No. 75 Opposite Arab Masjid Byculla (W). Meghraj Shethi Marg. Opposite Arab Masjid Byculla (W). Mumbai Pincode 400011
050-Ganesh_Hari_Parundekar_Marg_Momin_Pura.pdf,17,90, Badru Rangari Chawl Behind Hingwala chawl. Byculla (W). Meghraj Shethi Marg. Pincode 400011
050-Ganesh_Hari_Parundekar_Marg_Momin_Pura.pdf,20,89, Patrashed Hingwala Chawl Back. Byculla (W). Meghraj Shethi Marg. Pincode 400011
051-Ganesh_Hari_Parundekar_Marg_Momin_Pura.pdf,2,87, Pato House. Byculla (W). Meghraj Sethi Marg. Byculla (W) Pincode 400011
051-Ganesh_Hari_Parundekar_Marg_Momin_Pura.pdf,4,88, Slum near  Pato House. Byculla (W). Meghraj Sethi Marg. Pincode 400011.
051-Ganesh_Hari_Parundekar_Marg_Momin_Pura.pdf,5,90, Slum near  Pato House. Byculla (W). Meghraj Sethi Marg. Pincode 400011
051-Ganesh_Hari_Parundekar_Marg_Momin_Pura.pdf,7,87, Khatav Mills Samorol Huts Byculla (W). Meghraj Sethi Marg. Pincode 400011.
051-Ganesh_Hari_Parundekar_Marg_Momin_Pura.pdf,8,88, Huts in front of Khatav Mills Byculla (W). Meghraj Sethi Marg. Pincode 400011 b
051-Ganesh_Hari_Parundekar_Marg_Momin_Pura.pdf,9,88, Khatav Mills Samorol Huts Byculla (W). Meghraj Sethi Marg. Pincode 400011
051-Ganesh_Hari_Parundekar_Marg_Momin_Pura.pdf,11,90, Islam Building. Byculla (W). Meghraj Sethi Marg. PINCODE 400011
051-Ganesh_Hari_Parundekar_Marg_Momin_Pura.pdf,14,91, Bati Chawl behind Islam Building. Byculla (W). Meghraj Sethi Marg. PINCODE 400011
051-Ganesh_Hari_Parundekar_Marg_Momin_Pura.pdf,16,93, Beside Islam Building. Byculla (W). Meghraj Sethi Marg. PINCODE 400011
051-Ganesh_Hari_Parundekar_Marg_Momin_Pura.pdf,17,91, Momin Pura Milk Street. Byculla (W) Mumbai. Mohammad Siddiqui Ansari Lane. Milk Street.  Pincode
051-Ganesh_Hari_Parundekar_Marg_Momin_Pura.pdf,18,90, Patrachal No. 2 Momin Pura Milk Street. Byculla (W). Mohammad Siddiqui Ansari Lane. PINCODE 400011
051-Ganesh_Hari_Parundekar_Marg_Momin_Pura.pdf,19,89, Patrachal No. 3 Momin Pura Milk Street. Byculla (W). Mohammad Siddiqui Ansari Lane. PINCODE 400011
051-Ganesh_Hari_Parundekar_Marg_Momin_Pura.pdf,20,91, Patrachal No. 4 Momin Pura Milk Street. Byculla (W). Mohammad Siddiqui Ansari Lane. PINCODE 400011
051-Ganesh_Hari_Parundekar_Marg_Momin_Pura.pdf,21,89, Patrachal No. 5 Momin Pura Milk Street. Byculla (W). Mohammad Siddiqui Ansari Lane. PINCODE 400011
051-Ganesh_Hari_Parundekar_Marg_Momin_Pura.pdf,22,91, Momin Pura Milk Street. Byculla (W). Mohammad Siddiqui Ansari Lane. PINCODE 400011
051-Ganesh_Hari_Parundekar_Marg_Momin_Pura.pdf,23,90, Momin Pura Milk Street. Byculla (W). Mohammad Siddiqui Ansari Lane. PINCODE 400011
051-Ganesh_Hari_Parundekar_Marg_Momin_Pura.pdf,25,85, Slum near  to 28 Patrachal No. 4. Momin Pura Milk Stroet.. Mohammad Siddiqui Ansari Lane. PINCODE 400011
051-Ganesh_Hari_Parundekar_Marg_Momin_Pura.pdf,26,88, Chain Road Hut Byculla (W) 3 . Ganesh Hari Parundekar Marg. (M. No. V 37) Block 1 Pincode 400011
052-Ganesh_Hari_Parundekar_Marg_Momin_Pura.pdf,2,84, BIT Chawl No. 1 Milk Street Irfan Building. Sabri Hotel. Mohammed Siddique and Sari Lane. Milk Street (Kala Pani)  City
052-Ganesh_Hari_Parundekar_Marg_Momin_Pura.pdf,3,85, BIT Chawl No. 1 Milk Street Irfan Building. Sabri Hotel. Mohammed Siddique and Sari Lane. Milk Street (Kala Pani)  City
052-Ganesh_Hari_Parundekar_Marg_Momin_Pura.pdf,16,84, Ramzan Building Near Saibaba Mandir Byculla (W). Bapurao Jagtap Marg. Byculla (W) Pincode 400011
052-Ganesh_Hari_Parundekar_Marg_Momin_Pura.pdf,18,85, ParijatBuilding Near Saibaba Mandir Byculla (W). Bapurao Jagtap Marg. Pincode
053-Ganesh_Hari_Parundekar_Marg_Momin_Pura.pdf,2,86, Habib Mansion No. 1 Tank Pakhdi Road Byculla (W) Hafiz Ali Bahadur Khan Marg. (Tank Pakhari Road) Byculla (W) Pincode 400011
053-Ganesh_Hari_Parundekar_Marg_Momin_Pura.pdf,7,68, Habib Mansion TANK PAKHDI ROAD BYKHALA (POST) HAFIZALI BAHADUR KHAN MARG. PINCODE 400011
053-Ganesh_Hari_Parundekar_Marg_Momin_Pura.pdf,8,83, Patra Chawl No. 54 LIMDI CHOWK TAK PAKHDI ROAD BYKHALA (W) HAFIZALI BAHADUR KHAN MARG. PINCODE 400011
053-Ganesh_Hari_Parundekar_Marg_Momin_Pura.pdf,9,86, Patra Chawl No. 53 Limdi Chowk. Tank Pakhdi Road Byculla (W) Hafiz Ali Bahadur Khan Marg. PINCODE 400011
053-Ganesh_Hari_Parundekar_Marg_Momin_Pura.pdf,10,88, Patra Chawl No. 52 Limdi Chowk. Tank Pakhdi Road Byculla (W) Hafiz Ali Bahadur Khan Marg. PINCODE 400011
053-Ganesh_Hari_Parundekar_Marg_Momin_Pura.pdf,11,85, Patra Chawl No. 51 Limdi Chowk. Tank Pakhdi Road Byculla Hafiz Ali Bahadur Khan Marg. PINCODE 400011
053-Ganesh_Hari_Parundekar_Marg_Momin_Pura.pdf,12,88, Patra Chawl No. 50 Limdi Chowk. Tank Pakhdi Road Byculla (W) Hafiz Ali Bahadur Khan Marg. PINCODE 400011
053-Ganesh_Hari_Parundekar_Marg_Momin_Pura.pdf,13,89, Patra Chawl No. 49 Limdi Chowk. Tank Pakhdi Road Byculla (W) Hafiz Ali Bahadur Khan Marg. (Tech Pakhdi Road)  Pincode
053-Ganesh_Hari_Parundekar_Marg_Momin_Pura.pdf,14,89, Patra Chawl No. 49 Limdi Chowk. Tank Pakhdi Road Byculla (W) Hafiz Ali Bahadur Khan Marg. (Tank Pakhdi Road)  Pincode
053-Ganesh_Hari_Parundekar_Marg_Momin_Pura.pdf,15,84, Patra Chawl No. 55 Limdi Chowk. Tank Pakhdi Road Byculla Hafiz Ali Bahadur Khan Marg. PINCODE 400011
053-Ganesh_Hari_Parundekar_Marg_Momin_Pura.pdf,16,85, Near Patra Chawl No. 55 Zampdya Limdi Chowk. Tek Pakhdi Hafiz Ali Bahadur Khan Marg. PINCODE 400011
053-Ganesh_Hari_Parundekar_Marg_Momin_Pura.pdf,17,86, Patra Chawl No. 1 Limdi Chowk. Tank Pakhdi Road Byculla (W) Hafiz Ali Bahadur Khan Marg. PINCODE 400011
053-Ganesh_Hari_Parundekar_Marg_Momin_Pura.pdf,18,85, Bo. Municipal Patra Chawl No. 2 Limdi Chowk. Tank Pakhdi Road Hafiz Ali Bahadur Khan Marg. PINCODE 400011
053-Ganesh_Hari_Parundekar_Marg_Momin_Pura.pdf,19,88, Suleman Rangachi Bakery & Factory Tech Pakhdi Road Byculla (W) Hafiz Ali Bahadur Khan Marg. PINCODE 400011
053-Ganesh_Hari_Parundekar_Marg_Momin_Pura.pdf,21,85, CHAUHAN MANSION (LAHANA HOUSE) TANK PAKHDI ROAD BYKHALA (W) HAFIZALI BAHADUR KHAN MARG. PINCODE 400011
053-Ganesh_Hari_Parundekar_Marg_Momin_Pura.pdf,24,87, MUSA MANSION TECH PAKHADI ROAD BYKHALA (POST) HAFIZALI BAHADUR KHAN MARG. PINCODE 400011
053-Ganesh_Hari_Parundekar_Marg_Momin_Pura.pdf,26,82, Zampdpatutaya Tank Near Musa Mansion Pakhdi road Byculla (W) Hafiz Ali Bahadur Khan Marg. PINCODE 400011
054-790_Bapurao_Jagtap_Marg.pdf,2,88, Pilamala Building Momin Pura. Near Al Haris Masjid. Byculla HafizAli Bahadur Khan Marg. Momin Pura (Tank Pakhdi Road)  Mumbai City
054-790_Bapurao_Jagtap_Marg.pdf,7,89, Khaliq Sheth Patra chawl. Behind Mominpura Al Hadis Masjid Byculla Hafiz Ali Bahadur Khan Marg. MOMIN PURA (TANK PAKHADI ROAD) BYKHALA (W) PINCODE
054-790_Bapurao_Jagtap_Marg.pdf,10,90, Behind Al Hadis Masjid Mominpura Byculla (W) Hafiz Ali Bahadur Khan Marg. MOMIN PURA (TANK PAKHADI ROAD) BYKHALA (W) PINCODE
054-790_Bapurao_Jagtap_Marg.pdf,12,90, So. New. Near Majid Chawl Masjid Byculla (W) Hafiz Ali Bahadur Khan Marg. MOMIN PURA (TANK PAKHADI ROAD) BYKHALA (W) PINCODE
054-790_Bapurao_Jagtap_Marg.pdf,14,90,Majid Building Near Al Hadis Masjid Mominpura Byculla (W) Hafiz Ali Bahadur Khan Marg. MOMIN PURA (TANK PAKHADI ROAD) BYKHALA (W) PINCODE
054-790_Bapurao_Jagtap_Marg.pdf,16,88,Majid Patra Chawl Near Al Hadis Masjid Momounpura Byculla (W) Hafiz Ali Bahadur Khan Marg. MOMIN PURA (TANK PAKHADI ROAD) BYKHALA (W) PINCODE
054-790_Bapurao_Jagtap_Marg.pdf,17,91, Hameed Building New. Life Restaurant Byculla (W). Hafiz Ali Bahadur Khan Marg. MOMIN PURA (TANK PAKHADI ROAD) BYKHALA (W) PINCODE
054-790_Bapurao_Jagtap_Marg.pdf,18,89, Hameed Building New. Life Restaurant Byculla (W). Hafiz Ali Bahadur Khan Marg. MOMIN PURA (TANK PAKHADI ROAD) BYKHALA (W) PINCODE
054-790_Bapurao_Jagtap_Marg.pdf,21,87, MASJID chawl AL ​​HADAUS MASJID BYKHALA (W) HAFIZALI BAHADUR KHAN MARG. MOMIN PURA TANK PAKHDI ROAD BYKHALA (W) MUMBAI PINCODE
054-790_Bapurao_Jagtap_Marg.pdf,22,91,Azad Book Depot Beside Al Haddous Masjid Byculla (W). Hafiz Ali Bahadur Khan Marg. MOMIN PURA TECH PAKHDI ROAD BYKHALA (W) MUMBAI PINCODE
054-790_Bapurao_Jagtap_Marg.pdf,23,83,Masjid Baithi chawl. Al Hadis Masjid Byculla (W). Hafiz Ali Bahadur Khan Marg. MOMIN PURA TANK PAKHDI ROAD BYKHALA (W) MUMBAI PINCODE
054-790_Bapurao_Jagtap_Marg.pdf,24,86,New Khatau Marwanji Building No. 5 Near Saibaba Mandir Tek Pakhdi Road. Hafiz Ali Bahadur Khan Marg. (Tech Pakhdi Road) Byculla (W) Pincode
054-790_Bapurao_Jagtap_Marg.pdf,29,93,Slum Near Khatav Building Tek Pakdi Road Byculla (W). Hafiz Ali Bahadur Khan Marg. (Tech Pakhdi Road) Byculla (W) Pincode 400011
054-790_Bapurao_Jagtap_Marg.pdf,30,91, Jak 867 A Stone Building Byculla (W). Bapurao Jagtap Marg. Byculla (W) Pincode 400011
055-790_Bapurao_Jagtap_Marg.pdf,2,91, A NEAR IRFAN BUILDING Slum MILK STREET BYKHALA (W) MOHAMMED SIDDIQ ANSARI LANE. Milk Street  Pincode 400011
055-790_Bapurao_Jagtap_Marg.pdf,3,87, A Slum Near Irfan Building Milk Street Byculla (W) Mohammad Siddique Ansari Lane. Milk Street  Pincode 400011
055-790_Bapurao_Jagtap_Marg.pdf,4,88, A IRFAAN BUILDING DUDHWALA BUILDING MILK STRAT BYKHALA (W) MUHAMMAD SIDDIQ ANSARI LANE. Milk Street  Pincode 400011
055-790_Bapurao_Jagtap_Marg.pdf,6,90,TRANSIST CAMP Chawl NO 1 MILK STREET BYKHALA (W) MOHAMMED SIDDIQ ANSARI LANE. Milk Street  Pincode 400011
055-790_Bapurao_Jagtap_Marg.pdf,7,90,Transit Camp Chawl No. 2 Milk Street Byculla (W) Mohammad Siddique Ansari Lane. Milk Street  Pincode 400011
055-790_Bapurao_Jagtap_Marg.pdf,8,88,Transit Camp Chawl No 3 Milk Street Byculla (W) Mohammad Siddique Ansari Lane. Milk Street  Pincode 400011
055-790_Bapurao_Jagtap_Marg.pdf,10,90,Transit CAMP Chawl NO 5 MILK STREET BYKHALA (W) MOHAMMED SIDDIQ ANSARI LANE. Milk Street  Pincode 400011
055-790_Bapurao_Jagtap_Marg.pdf,11,91,Transit CAMP Chawl NO 6 MILK STREET BYKHALA (W) MOHAMMED SIDDIQ ANSARI LANE. Milk Street  Pincode 400011
055-790_Bapurao_Jagtap_Marg.pdf,12,91,Transit Camp Chawl No 7 Milk Street Byculla (W) Mohammad Siddique Ansari Lane. Milk Street  Pincode 400011
055-790_Bapurao_Jagtap_Marg.pdf,13,90,Transit CAMP Chawl NO 9 MILK STRAT BYKHALA (W) MUHAMMAD SIDDIQ ANSARI LANE. Milk Street  Pincode 400011
055-790_Bapurao_Jagtap_Marg.pdf,14,88,Transit CAMP Chawl NO 10 MILK STREET BYKHALA (W) MOHAMMED SIDDIQ ANSARI LANE. Milk Street  Pincode 400011
055-790_Bapurao_Jagtap_Marg.pdf,15,90,Transit CAMP Chawl NO 11 MILK STREET BYKHALA (W) MOHAMMED SIDDIQ ANSARI LANE. Milk Street  Pincode 400011
055-790_Bapurao_Jagtap_Marg.pdf,16,89,Transit Camp Chawl No. 12 Milk Street Byculla (W) Mohammad Siddique Ansari Lane. Milk Street  Pincode 400011
055-790_Bapurao_Jagtap_Marg.pdf,17,91,Transit CAMP Chawl NO 13 MILK STREET BYKHALA (W) MUHAMMAD SIDDIQ ANSARI LANE. Milk Street  Pincode 400011
055-790_Bapurao_Jagtap_Marg.pdf,18,89,Transit CAMP Chawl NO 15 MILK STREET BYKHALA (W) MOHAMMED SIDDIQ ANSARI LANE. Milk Street  Pincode 400011
055-790_Bapurao_Jagtap_Marg.pdf,19,90,Shacks Near Tranzist Camp P Milk Street Byculla (W) Mohammad Siddique Ansari Lane. Milk Street  Pincode 400011
055-790_Bapurao_Jagtap_Marg.pdf,20,91,Transit CAMP Chawl NO 8 MILK STRAT BYKHALA (W) MUHAMMAD SIDDIQ ANSARI LANE. Milk Street  Pincode 400011
056-Mohammad_Siddique_Ansari_Lane_(Milk_Street).pdf,2,90, TRANSIST CAMP Chawl NO 17 TO 27 MILK STREET BYKHALA (W) MUHAMMAD SIDDIQI Ansari LANE. Milk Street Byculla (W) Pincode 400011
056-Mohammad_Siddique_Ansari_Lane_(Milk_Street).pdf,4,91, Transit Camp Chawl No. 20. Milk Street Byculla (W) Mohammad Siddiqui Ansari Lane. PINCODE 400011
056-Mohammad_Siddique_Ansari_Lane_(Milk_Street).pdf,5,92, Transit Camp Chawl No. 21. Milk Street Byculla (W) Mohammad Siddiqui Ansari Lane. PINCODE 400011
056-Mohammad_Siddique_Ansari_Lane_(Milk_Street).pdf,6,91, Transit Camp Chawl No. 24. Milk Street Byculla (W) Mohammad Siddiqui Ansari Lane. PINCODE 400011
056-Mohammad_Siddique_Ansari_Lane_(Milk_Street).pdf,8,90, Transit Camp Chawl No. 26. Milk Street Byculla (W) Mohammad Siddiqui Ansari Lane. PINCODE 400011
056-Mohammad_Siddique_Ansari_Lane_(Milk_Street).pdf,9,88, TRANSIST CAMP Chawl NO 27. MILK STREET BYKHALA (W) MUHAMMAD SIDDIQI Ansari LANE. PINCODE 400011
056-Mohammad_Siddique_Ansari_Lane_(Milk_Street).pdf,10,91, Transit Camp Chawl No. 23. Milk Street Byculla (W) Mohammad Siddiqui Ansari Lane. PINCODE 400011
056-Mohammad_Siddique_Ansari_Lane_(Milk_Street).pdf,11,91, TRANSIST CAMP Chawl NO 18. MILK STREET BYKHALA (W) MUMBAI MOHAMMAD SIDDIQI Ansari LANE. PINCODE 400011
056-Mohammad_Siddique_Ansari_Lane_(Milk_Street).pdf,13,87,Huts behind Tranzist Camp Chawl No.14. Milk Street  Mohammad Siddiqui Ansari Lane. Milk Street  Pincode 400011
056-Mohammad_Siddique_Ansari_Lane_(Milk_Street).pdf,14,89,Milk Street Pavement Huts. Milk Street  Mohammad Siddiqui Ansari Lane. Pincode 400011
056-Mohammad_Siddique_Ansari_Lane_(Milk_Street).pdf,16,90, TRANSIST CAMP Chawl NO 22. MILK STREET BYKHALA (W) MUMBAI MUHAMMAD SIDDIQI Ansari LANE. Pincode 400011
056-Mohammad_Siddique_Ansari_Lane_(Milk_Street).pdf,18,88, TRANSIST CAMP Chawl NO 25. MILK STREET BYKHALA (W) MUMBAI MUHAMMAD SIDDIQI Ansari LANE. Pincode 400011
056-Mohammad_Siddique_Ansari_Lane_(Milk_Street).pdf,19,90,Huts behind Tranzist Camp Chawl No. 27. Milk Street  Mohammad Siddiqui Ansari Lane. Pincode 400011
056-Mohammad_Siddique_Ansari_Lane_(Milk_Street).pdf,21,90,Huts behind Tranzist Chawl No.11. Milk Street Byculla (W) Mohammad Siddiqui Ansari Lane. PINCODE 400011
056-Mohammad_Siddique_Ansari_Lane_(Milk_Street).pdf,22,89,Huts behind Tranzist Camp Chawl No.13. Milk Strot Byculla (W) Mohammad Siddiqui Ansari Lane. PINCODE 400011
056-Mohammad_Siddique_Ansari_Lane_(Milk_Street).pdf,23,90,Mehboob Auto Garage Sabiri Restaurant Milk Street Byculla (W) Mohammad Siddiqui Ansari Lane. PINCODE 400011
056-Mohammad_Siddique_Ansari_Lane_(Milk_Street).pdf,24,90,Huts on the side of Tranzist Camp Chawl No. 23. Milk Street Byculla (W) Mohammad Siddiqui Ansari Lane. PINCODE 400011
056-Mohammad_Siddique_Ansari_Lane_(Milk_Street).pdf,25,92,Municipal House No. Transit Camp 18 Milk Street Byculla (W) Mohammad Siddique Ansari Lane Block 5 Milk Street  Pincode 400011
057-Mohammad_Siddique_Ansari_Lane_(Milk_Street).pdf,2,91, Dattaram Building Bapurao Jagtap Marg Beside Savala Mansion. Bapurao Jagtap Marg. (Hans Road) Byculla West Pincode 400011
057-Mohammad_Siddique_Ansari_Lane_(Milk_Street).pdf,3,86, Arom Bakar Chawl Bapurao Jagtap Marg Beside Dattaram Building. Bapurao Jagtap Marg. Pincode 400011
057-Mohammad_Siddique_Ansari_Lane_(Milk_Street).pdf,4,89, Abdul Aziz Bakery Bapurao Jagtap Marg Arim Bakar chawl.chi. Bapurao Jagtap Marg. Pincode 400011
057-Mohammad_Siddique_Ansari_Lane_(Milk_Street).pdf,5,89, to 807 Khalifa Chawl Bapurao Jagtap Marg Abdul Aziz Bakery. Bapurao Jagtap Marg. Pincode 400011
057-Mohammad_Siddique_Ansari_Lane_(Milk_Street).pdf,7,87, Sawla Main Shan Bapurao Jagtap Beside Station Road. Bapurao Jagtap Marg. Pincode 400011 Rs
057-Mohammad_Siddique_Ansari_Lane_(Milk_Street).pdf,8,90, B MEHTA Chawl CHAIN ​​STREET 4TH CROSS LANE BYKHALA WEST MUMBAI. Halka-e-Ahbab Marg. CHAIN ​​STREET 4TH CROSS LANE BYKHALA WEST MUMBAI PINCODE
057-Mohammad_Siddique_Ansari_Lane_(Milk_Street).pdf,11,88, A PADDAWALA Chawl CHAIN ​​STREET 4TH CROSS LANE B MEHTI chawl. Halka-e-Ahbab Marg. Pincode 400008
057-Mohammad_Siddique_Ansari_Lane_(Milk_Street).pdf,14,86,MUNICIPAL GHAR NO 15 MOGLANI Chawl CHAILI STREET 4TH CROSS LANE PADDAWALA chawl.NI. Halka-e-Ahbab Marg. Pincode 400008
057-Mohammad_Siddique_Ansari_Lane_(Milk_Street).pdf,16,83,DHOBI Chawl CHAILI STREET 4TH CROSS LANE MOGLANI chawl.. Halka-e-Ahbab Marg. Pincode 400008
057-Mohammad_Siddique_Ansari_Lane_(Milk_Street).pdf,18,90, to 823 Hanuman Prasad Building Bapurao Jagtap Magg Station Cross Bapurao Jagtap Marg. Byculla West Mumbai Pincode 400011
057-Mohammad_Siddique_Ansari_Lane_(Milk_Street).pdf,22,89, to 839 Attarwala Chawl (Bandukwala chawl. Bapurao Jagtap Behind Bapurao Jagtap Marg. Pincode 400011
057-Mohammad_Siddique_Ansari_Lane_(Milk_Street).pdf,23,87, Shivneri Building Bapurao Jagtap Magg Attarwala Beside chawl. Bapurao Jagtap Marg. Pincode 400011
058-Mohammad_Siddique_Ansari_Lane_(Milk_Street).pdf,2,82,b. i. TO Chawl NO-3 MOHAMMED SIDDIVBHE ANSARILAN MOMINPURA MILK STREET THAT MOH. Siddiqui Ansari lane. Momin Pura Byculla West Mumbai Pincode 400011
058-Mohammad_Siddique_Ansari_Lane_(Milk_Street).pdf,3,80,b. i. T Chawl NO-3 MOHAMMED SIDDIQI ANSARALEN MOMINPURA MILK STREET MOH. Siddiqui Ansari lane. Momin Pura Byculla West Mumbai Pincode 400011
058-Mohammad_Siddique_Ansari_Lane_(Milk_Street).pdf,9,72,b. i. Ta Chawl No-4 Mohammad Siddiqui Ansarilain Mominpura Milk Street Moh. Siddiqui Ansari lane. Pincode no
058-Mohammad_Siddique_Ansari_Lane_(Milk_Street).pdf,10,72,b. i. Ta Chawl No-4 Mohammad Siddiqui Ansarilain Mominpura Milk Street Moh. Siddiqui Ansa lanerilen. Pincode
058-Mohammad_Siddique_Ansari_Lane_(Milk_Street).pdf,11,69,b. i. Ta Chawl No-4 Mohammad Siddiqui Ansarilain Mominpura Milk Street Moh. Siddiqui Ansari lane. Pincode Rs
058-Mohammad_Siddique_Ansari_Lane_(Milk_Street).pdf,12,72,b. i. Ta Chawl No-4 Mohammad Siddiqui Ansarilain Mominpura Milk Street Moh. Siddiqui Ansari lane. Pincode no
058-Mohammad_Siddique_Ansari_Lane_(Milk_Street).pdf,13,72,b. i. Ta Chawl No-4 Mohammad Siddiqui Ansarilain Mominpura Milk Street Moh. Siddiqui Ansari lane. Pincode T
058-Mohammad_Siddique_Ansari_Lane_(Milk_Street).pdf,14,72,b. i. Ta Chawl No-4 Mohammad Siddiqui Ansarilain Mominpura Milk Street Moh. Siddiqui Ansari lane. Pincode Tel
058-Mohammad_Siddique_Ansari_Lane_(Milk_Street).pdf,15,72,b. i. Ta Chawl No-4 Mohammad Siddiqui Ansarilain Mominpura Milk Street Moh. Siddiqui Ansari lane. No Pincode
059-Meghraj_Shethi_Marg_Bychala.pdf,2,84, to 99 Gafur Manzil. Ganesh Hari Parundekar Marg Miza West Patrashed. Ganesh Hari Parundekar Marg. Byculla West Mumbai Pincode 400011
059-Meghraj_Shethi_Marg_Bychala.pdf,3,87, to 99 Gafur Manzil. Ganesh Hari Parundekar Magag Miza West Patrashed. Ganesh Hari Parundekar Marg. Byculla West Mumbai Pincode 400011
059-Meghraj_Shethi_Marg_Bychala.pdf,5,86, (MAJID BETHI chawl. GANESH HARI PARUNDEKAR MARG GAFUR MANZIL. GANESH HARI PARUNDEKAR MARG. PINCODE 400011
059-Meghraj_Shethi_Marg_Bychala.pdf,9,90, Wood Wakhar Patrashed. Molana Azad Road Byculla West. Maulana Azad Road.  Pincode 400011
059-Meghraj_Shethi_Marg_Bychala.pdf,12,85,- Maulana Azad Road. PINCODE 400011
059-Meghraj_Shethi_Marg_Bychala.pdf,13,92,Eveready House Rear Pashad Chawl Maulana Azad Road Bud Wakhar Patrashed. Maulana Azad Road. PINCODE 400011
059-Meghraj_Shethi_Marg_Bychala.pdf,15,91, HARIJAYARAM chawl NEXT TO EVERYDAY HOUSE BYKALA WEST. Maulana Azad Road. Byculla West Mumbai Pincode 400011
059-Meghraj_Shethi_Marg_Bychala.pdf,18,91, Harijairam Chawl Beside Eveready House Byculla West. Maulana Azad Road. PINCODE 400011
059-Meghraj_Shethi_Marg_Bychala.pdf,20,88,Azad Timber Mat Maulana Azad Road Maulana Azad Road Adjacent Shop Line Byculla. Maulana Azad Road. PINCODE 400011
059-Meghraj_Shethi_Marg_Bychala.pdf,21,90,Old Majeed Chawl Molana Azad Road Kala Pani Parundekar (Mominpura) Byculla. Maulana Azad Road. PINCODE 400011
059-Meghraj_Shethi_Marg_Bychala.pdf,22,93,s. J. House (ES Jai House) Maulana Azad Road Byculla (W). Maulana Azad Road. PINCODE 400011
059-Meghraj_Shethi_Marg_Bychala.pdf,23,92,Municipal Patra Chawl Molana Azad Road Byculla (W). Maulana Azad Road. PINCODE 400011
060-Meghraj_Shethi_Marg_Bychala.pdf,2,87,Water Street Khataw Mills Slum Beside Khataw Mill Byculla West Water Street Khataw Mill Slum. Byculla West Mumbai Pincode 400011
060-Meghraj_Shethi_Marg_Bychala.pdf,7,89,LANKA COMPOUND BUILDING NO 1 NEXT TO KHATAW MILL BYKALA WEST WATER STREET KHATAW MILL Slum. Pincode 400011
060-Meghraj_Shethi_Marg_Bychala.pdf,9,90,LANKA COMPOUND BUILDING NO 2 NEXT TO KHATAW MILL BYKALA WEST WATER STREET KHATAW MILL Slum. Pincode 400011
060-Meghraj_Shethi_Marg_Bychala.pdf,11,91,LANKA COMPOUND BUILDING NO 3 NEXT TO KHATAW MILL BYKALA WEST WATER STREET KHATAW MILL Slum. Pincode 400011
060-Meghraj_Shethi_Marg_Bychala.pdf,12,87,LANKA COMPOUND BUILDING NO 4 NEXT TO KHATAW MILL BYKHALA WEST WATER STREET KHATAW MILL Slum. Pincode 400011
060-Meghraj_Shethi_Marg_Bychala.pdf,14,91,LANKA COMPOUND BUILDING NO 5 NEXT TO KHATAW MILL BYKALA WEST WATER STREET KHATAW MILL Slum. Pincode 400011
060-Meghraj_Shethi_Marg_Bychala.pdf,16,91,LANKA COMPOUND BUILDING NO 6 NEXT TO KHATAW MILL BYKHALA WEST WATER STREET KHATAW MILL Slum. Pincode 400011
060-Meghraj_Shethi_Marg_Bychala.pdf,18,90,LANKA COMPOUND BUILDING NO 7 NEXT TO KHATAW MILL BYKHALA WEST WATER STREET KHATAW MILL Slum. Pincode 400011
061-Meghraj_Shethi_Marg_Bychala.pdf,2,87,/55 A SURYAJI BUILDING TACK PAKHADI ROAD AGRIPADA STREET. Hafiz Ali Bahadur Khan Marg. Byculla West Mumbai Pincode 400011
061-Meghraj_Shethi_Marg_Bychala.pdf,3,81,/55 A SUYANJI BILDAUG TANK PAKHADI ROAD AGRAPADA ESTROT. Hafiz Ali Bahadur Khan Marg. Byculla West Mumbai Pincode 400011
061-Meghraj_Shethi_Marg_Bychala.pdf,4,87,mu. No. 71 Mu. Chawl NO 1 TANK PAKHADI ROAD HAJI HAFOANJ ALI BAHADUR KHAN. Hafiz Ali Bahadur Khan Marg. Pincode 400011
061-Meghraj_Shethi_Marg_Bychala.pdf,6,85, Mu. Chawl NO 2 TANK PAKHADI ROAD HAJI HAFOZ ALI BAHADUR KHAN ROAD. Hafiz Ali Bahadur Khan Marg. Pincode 400011
061-Meghraj_Shethi_Marg_Bychala.pdf,9,90, Mu. Chawl NO 3 TANK PAKHADI ROAD HAJI HAFOZ ALI BAHADUR KHAN ROAD. Hafiz Ali Bahadur Khan Marg. Pincode 400011
061-Meghraj_Shethi_Marg_Bychala.pdf,11,90, Mu. Chawl NO 4 TANK PAKHADI ROAD HAJI HAFOZ ALI BAHADUR KHAN ROAD. Hafiz Ali Bahadur Khan Marg. Pincode 400011
061-Meghraj_Shethi_Marg_Bychala.pdf,14,88, Mu. Chawl NO 5 TANK PAKHADI ROAD HAJI HAFOZ ALI BAHADUR KHAN ROAD. Hafiz Ali Bahadur Khan Marg. Pincode 400011
061-Meghraj_Shethi_Marg_Bychala.pdf,16,83, UMRANTHULI chawl (BORI chawl) CHANGE RANGARI STREET BYKHALA WEST. Change to Rangari Road. Byculla West Mumbai Pincode 400008
061-Meghraj_Shethi_Marg_Bychala.pdf,19,84,/21 BANDUKWALA HOUSE PHANDU RANGARI STREET ISLAMIA (19/21) Bldg. Change to Rangari Road. Pincode 400008
061-Meghraj_Shethi_Marg_Bychala.pdf,23,87,Umar Sheth Bethi Chawl Change Rangari Street Byculla West. Change to Rangari Road. Mumbai Pincode 400008
061-Meghraj_Shethi_Marg_Bychala.pdf,24,84,9 JAU JUNI MASJID COMPOUND SHEIKH HAFAJUDDIN ROAD CHAIN ​​STRAT BYKHALA WEST. Change to Rangari Road. Pincode 400008
062-Meghraj_Shethi_Marg_Bychala.pdf,2,92,Slum near Byculla Station Adjacent to Namdev Muralidhar Joshi Marg Jashi Marg. Namdev Muralidhar Joshi Marg.. Byculla West Mumbai Pincode 400027
062-Meghraj_Shethi_Marg_Bychala.pdf,3,85,New Maqba Chawl Namdev Muralidhar Joshi Marg Mahaveer Ko. O. Namdev Muralidhar Joshi Marg.. Pincode 400027
062-Meghraj_Shethi_Marg_Bychala.pdf,4,85, Mawawala Patra Road. New Maqba Chawl Namdev Muralidhar Joashi Marg New. the mausoleum Namdev Muralidhar Joshi Marg.. Pincode 400027
062-Meghraj_Shethi_Marg_Bychala.pdf,5,86, A. New Makba Chawl Namdev Muralidhar Joshi Marg Mahaveer Ko. O. of societies. Namdev Muralidhar Joshi Marg.. Pincode 400027
062-Meghraj_Shethi_Marg_Bychala.pdf,7,89, Mahaveer Ko. O. Society - Wig A Namdev Muralidhar Joshi behind New. the mausoleum Namdev Muralidhar Joshi Marg.. Pincode 400027
062-Meghraj_Shethi_Marg_Bychala.pdf,9,87, Mahaveer Ko. O. Society - Wig -B Namdev Muralidhar Joshi Marg New. the mausoleum Namdev Muralidhar Joshi Marg.. PINCODE 400027
062-Meghraj_Shethi_Marg_Bychala.pdf,12,82, G Ananda Rao Bawakal Chawl N. M. Joshi Marg of Hindustani Masjid. Ganesh Hari Parundekar Marg..  Pincode 400027
062-Meghraj_Shethi_Marg_Bychala.pdf,15,84,4 Anandrao Bakal Chawl b. J. Byculla (W) near Marg Hanuman Mandora. Ganesh Hari Parundekar Marg.. Pincode
062-Meghraj_Shethi_Marg_Bychala.pdf,16,88,Shacks near Anandrao Wakol chawl. Ganesh Hari Parundekar Marg Anandrao. Ganesh Hari Parundekar Marg.. Pincode
062-Meghraj_Shethi_Marg_Bychala.pdf,17,86,Laka Compound Building No. 8 Water Street Beside Khatav Mill Byculla (W) 3 . Water Street.. Byculla West Mumbai Pincode 400011
062-Meghraj_Shethi_Marg_Bychala.pdf,18,86,Lucky Compound Building No. 9 Water Street Beside Khatav Mill Byculla (W) 3 . Water s teat.. Pincode
062-Meghraj_Shethi_Marg_Bychala.pdf,19,85, Sheikh Yakub Shed. Chain Street 3rd Street (Madanpura) Abdula. Chain Road..  Pincode 400008
062-Meghraj_Shethi_Marg_Bychala.pdf,21,87, Abdullah Mansion. Chain Street 3rd Street (Madanpura) Sheikh Yakub. Chain Road.. Pincode
062-Meghraj_Shethi_Marg_Bychala.pdf,25,87, Makba Mansion. Chain Street 3rd Street (Madanpura) Abdula. Chain Road.. Pincode
062-Meghraj_Shethi_Marg_Bychala.pdf,29,87, Asian Palace. Chain Street 3rd Street (Madanpura) Tomb. Chain Road.. Pincode
062-Meghraj_Shethi_Marg_Bychala.pdf,31,84, Qureshi Mazal. Chain Street 3rd Street (Madanpura) Asian. Chain Road.. Pincode.
062-Meghraj_Shethi_Marg_Bychala.pdf,33,85, Qureshi Mazal. Chain Street 3rd Street (Madanpura) Asian. Chain Road.. PINCODE NO
063-Meghraj_Shethi_Marg_Bychala.pdf,2,85,MUNICIPAL GHAR NO 2. PATRACHAL NO 4 BALHU RANGARI STREET NEXT TO MADAN PURA ASHRAFO MANZIL BALHU RANGARI ROAD.. Byculla West Mumbai Pincode 400008
063-Meghraj_Shethi_Marg_Bychala.pdf,3,85, Patrachal No. 6 Change Rangari Street Beside Madan Pura Patrachal 35 Change Rangari Road.. PINCODE 400008
063-Meghraj_Shethi_Marg_Bychala.pdf,4,92,MUNICIPAL POSTAL NO 5 CHANGE RANGARI STREET NEXT TO MADAN PURA ASHRAF MANZIL CHANGE RANGARI ROAD.. PINCODE 400008
063-Meghraj_Shethi_Marg_Bychala.pdf,5,84,Ashraf Manzil Change Rangari Street Byculla West Change Rangari Road.. PINCODE 400008
063-Meghraj_Shethi_Marg_Bychala.pdf,12,82,Ashraf Manzil Change Rangari Street Byculla West Change Rangari Road.. Pincode 400008 Rs
063-Meghraj_Shethi_Marg_Bychala.pdf,13,84,Ashraf Manzil Change Rangari Street Byculla West Change Rangari Road.. PINCODE 400008
063-Meghraj_Shethi_Marg_Bychala.pdf,15,84,Shama P Lat No. 72 Water Street (Swatair Road) Byculla West Change Rangari Road.. PINCODE 400008
063-Meghraj_Shethi_Marg_Bychala.pdf,17,86,Patra Chawl No. 35 Building No. 35B Change Rangari Street Chawl No. Building No. 335 B 2 Change Rangari Road.. PINCODE 400008
064-Meghraj_Shethi_Marg_Bychala.pdf,2,88,Bambakhanyajabalil Slum. Meghraj Shethi Marg. Byculla (W) Mumbai. Meghraj Sethi Marg. PINCODE 400008
064-Meghraj_Shethi_Marg_Bychala.pdf,3,84,Zapadpatto Near Bambakhanya. Meghraj Shethi Marg. Byculla (W) Mumbai. Meghraj Sethi Marg. PINCODE 400008
064-Meghraj_Shethi_Marg_Bychala.pdf,6,88, In Mun. Chawl near Water Wax Staff. Meghraj Sethi Marg. PINCODE 400008
064-Meghraj_Shethi_Marg_Bychala.pdf,7,88,Chawl Santosh Bhuvan near Vidthal Mauder. Meghraj Sethi Marg. PINCODE 400008
064-Meghraj_Shethi_Marg_Bychala.pdf,9,91,Namakwala chawl. Meghraj Sethi Marg. PINCODE 400008
064-Meghraj_Shethi_Marg_Bychala.pdf,11,85,Vitthal Maonder slum. Meghraj Sethi Marg. Pincode 400008
064-Meghraj_Shethi_Marg_Bychala.pdf,12,86,Naprel Shore Building. Meghraj Sethi Marg. Pincode 400008
064-Meghraj_Shethi_Marg_Bychala.pdf,14,91,Agakhan chawl. Meghraj Sethi Marg. Pincode 400008
064-Meghraj_Shethi_Marg_Bychala.pdf,16,90,Jamshed Irani chawl. Meghraj Sethi Marg. Pincode 400008
064-Meghraj_Shethi_Marg_Bychala.pdf,17,88,Apna slum. Meghraj Sethi Marg. Pincode 400008
064-Meghraj_Shethi_Marg_Bychala.pdf,18,80,Sai Muhammad Chawl (Abdul Majeed Shaikh Chawl 47). Ganesh Hari Parundekar Marg.. . Byculla. Mumbai (W) Pincode 400011
064-Meghraj_Shethi_Marg_Bychala.pdf,19,73, Municipal Patra Chawl No. 65. Ganesh Hari Parundekar Marg.. Pincode 400011
064-Meghraj_Shethi_Marg_Bychala.pdf,22,89,Abdul Majid Chawl No 66. Ganesh Hari Parundekar Marg.. Pincode 400011
064-Meghraj_Shethi_Marg_Bychala.pdf,24,89,Abdul Majid Chawl No 44. Ganesh Hari Parundekar Marg.. Pincode 400011
064-Meghraj_Shethi_Marg_Bychala.pdf,26,89,Abdul Majid Chawl No 67. Ganesh Hari Parundekar Marg.. Pincode 400011
064-Meghraj_Shethi_Marg_Bychala.pdf,28,76,Bombay Slum Near Andhra Transport. Ganesh Hari Parundekar Marg.. Pincode 400011
064-Meghraj_Shethi_Marg_Bychala.pdf,29,84,Wakol Compound Chawl Behind Hindustani Masjid chawl. Behind Namdev Muralidhar Jashi. Ganesh Hari Parundekar Marg.. Pincode 400011
064-Meghraj_Shethi_Marg_Bychala.pdf,30,83,Patra Chawl. Ganesh Hari Parundekar Marg.. Pincode 400011
065-Meghraj_Shethi_Marg_Bychala.pdf,2,86, Islamia Floor. Change Rangari Road. Byculla Mumbai (W) Pincode 400008
065-Meghraj_Shethi_Marg_Bychala.pdf,15,89, Kismet Manzil. Change Rangari Road. Pincode 400008
065-Meghraj_Shethi_Marg_Bychala.pdf,18,85, Sabunwala Building. Maulana Azad Road.. Pincode 400011
065-Meghraj_Shethi_Marg_Bychala.pdf,19,87, Marwari chawl. Maulana Azad Road.. Pincode 400011
065-Meghraj_Shethi_Marg_Bychala.pdf,23,90,Noorani Building (Zakaria Manzil). Maulana Azad Road.. Pincode 400011
066-Meghraj_Shethi_Marg_Bychala.pdf,2,88, Arunodaya Building. Sunder Lane Byculla Mumbai (W) Baburao Jagtap Marg Pincode 400011
066-Meghraj_Shethi_Marg_Bychala.pdf,4,87, Sagar Building. Sunder Lane Pincode 400011
066-Meghraj_Shethi_Marg_Bychala.pdf,14,87, 0 19 Panchkhate chawl. Bapurao Jagtap Marg. Pincode 400011
066-Meghraj_Shethi_Marg_Bychala.pdf,17,87, Panchkhate Bethi chawl. Bapurao Jagtap Marg. Pincode 400011
066-Meghraj_Shethi_Marg_Bychala.pdf,19,90,Panchkhate chawl. Bapurao Jagtap Marg. Pincode 400011
067-Meghraj_Shethi_Marg_Bychala.pdf,2,81, BAWLA BUILDING CHAIN ​​ROAD 1ST CROSS LANE. Byculla Mumbai (W) Pincode 400008
067-Meghraj_Shethi_Marg_Bychala.pdf,3,88, BAWLA BuildingG CHAIN ​​ROAD 1ST CROSS LANE. Byculla Mumbai (W) Pincode 400008
067-Meghraj_Shethi_Marg_Bychala.pdf,6,78, FATIMABAI BUILDING CHAIN ​​ROAD 1ST CROSS LANE. Pincode 400008
067-Meghraj_Shethi_Marg_Bychala.pdf,9,85, Haji Ismail Building Chain Road 1st Cross Lane. Pincode 400008
067-Meghraj_Shethi_Marg_Bychala.pdf,11,80, TAJMENSION CHAIN ​​ROAD 1ST CROSS LANE. Pincode 400008
067-Meghraj_Shethi_Marg_Bychala.pdf,12,81, RAJ BUILDING CHAIN ​​ROAD 1ST CROSS LANE. Pincode 400008
067-Meghraj_Shethi_Marg_Bychala.pdf,15,77, Alavia Building Chain Road 1st Cross Lane. Pincode 400008
067-Meghraj_Shethi_Marg_Bychala.pdf,16,87, HABOUB MANSION CHAIN ​​STREET. 2ND CROSS LANE BYKHALA MUMBAI (W) CHAIN ​​STREET. 2ND CROSS LANE. Byculla Mumbai (W) Pincode 400008
067-Meghraj_Shethi_Marg_Bychala.pdf,19,89, MOHSIN MANZIL CHAIN ​​STREET. SECOND CROSS LANE. Pincode 400008
067-Meghraj_Shethi_Marg_Bychala.pdf,20,84, MUBARAK MANZIL CHAIN ​​STREET. SECOND CROSS LANE. Pincode 400008
067-Meghraj_Shethi_Marg_Bychala.pdf,23,82, Sarah Monzil Chain Street. Second Cross Lane. Pincode 400008
067-Meghraj_Shethi_Marg_Bychala.pdf,26,83, Khan Mazl Cheza Street. Second Cross Lane. Pincode 400008
067-Meghraj_Shethi_Marg_Bychala.pdf,28,73,MUNICIPAL GHAR NO 12. SWADESI MANZAL CHAIN ​​STREET. SECOND CROSS LANE. Pincode 400008
067-Meghraj_Shethi_Marg_Bychala.pdf,30,79,MUNICIPAL HOUSE NO.1. JAMNADAS BUILDING CHAIN ​​STREET. SECOND CROSS LANE. Pincode 400008
068-Meghraj_Shethi_Marg_Bychala.pdf,2,88, MAHMADI MANZIL CHAIN ​​ROAD BYKHALA MUMBAI (W)  -  CHAIN ​​ROAD 5 TO 15. BYKHALA MUMBAI (W) PINCODE 400008
068-Meghraj_Shethi_Marg_Bychala.pdf,3,88, MAHMADI MANZOIL CHAIN ​​ROAD BYKHALA MUMBAI (W)  -  CHAIN ​​ROAD 5 TO 15. BYKHALA MUMBAI (W) PINCODE 400008
068-Meghraj_Shethi_Marg_Bychala.pdf,5,90, FARUKH MENSION  -  CHAIN ​​ROAD 5 TO 15. PINCODE 400008
068-Meghraj_Shethi_Marg_Bychala.pdf,7,87,IDEAL APARTMENT(A) SECTION CHAIN ​​ROAD 5 TO 15. PINCODE 400008
068-Meghraj_Shethi_Marg_Bychala.pdf,8,85,IDEAL APARTMENT(B) CHAIN ​​ROAD. Slum. Block-2 PINCODE 400008
068-Meghraj_Shethi_Marg_Bychala.pdf,11,85, ALFAT TO H BUILDING  -  CHAIN ​​ROAD 5 TO 15. PINCODE 400008
068-Meghraj_Shethi_Marg_Bychala.pdf,13,91, RATLAM BUILDING -A  -  CHAIN ​​ROAD 5 TO 15. PINCODE 400008
068-Meghraj_Shethi_Marg_Bychala.pdf,16,91, RATLAM BUILDING-B  -  CHAIN ​​ROAD 5 TO 15. PINCODE 400008
068-Meghraj_Shethi_Marg_Bychala.pdf,19,88,Shacks Near Pavinthal Moder Sesha Road Sector Byculla Mumbai (W) Sesha Road Sector 5 to 15. Pincode 400008
068-Meghraj_Shethi_Marg_Bychala.pdf,20,87, RATLAM BUILDING  -  CHAIN ​​ROAD TO 15. PINCODE 400008
069-Meghraj_Shethi_Marg_Bychala.pdf,2,74,Dubhash Building Bapurao Jagtap Road. Byculla Mumbai (W) Pincode 400011
069-Meghraj_Shethi_Marg_Bychala.pdf,9,75, A Dandukaya Mansion Magal Slum Bapurao Jagtap Road. PINCODE 400011
069-Meghraj_Shethi_Marg_Bychala.pdf,10,67, Noor Building Bapurab Jagtap Road. PINCODE 400011
069-Meghraj_Shethi_Marg_Bychala.pdf,11,70,Noor Building Bapurao Jagtap Road. PINCODE 400011
069-Meghraj_Shethi_Marg_Bychala.pdf,13,74, to 802 A Sodagar Building Bapurao Jagtap Road. PINCODE 400011
069-Meghraj_Shethi_Marg_Bychala.pdf,14,67, Sodagar Building Bapurao Jagtap Road. PINCODE 400011
069-Meghraj_Shethi_Marg_Bychala.pdf,17,74, to 808 Ramzan Building Bapurao Jagtap Road. Pincode 400011
069-Meghraj_Shethi_Marg_Bychala.pdf,19,81, to 898 Khatav Makanji chawl. No. 2 Bapurao Jagtap Road. Byculla Mumbai (W) Pincode 400011
069-Meghraj_Shethi_Marg_Bychala.pdf,21,82,_  to 924 Khatav Mill Chawl No. 1 ॒ Bapurao Jagtap Road. Pincode 400011
069-Meghraj_Shethi_Marg_Bychala.pdf,23,85, Khatav Mill Chawl No. 4 Bapurao Jagtap Road. Pincode 400011
070-Meghraj_Shethi_Marg_Bychala.pdf,2,85, A - Patra Chawl No. 1 K Dar  -  Badlu Rangari Road. Byculla Mumbai (W) Pincode 400008
070-Meghraj_Shethi_Marg_Bychala.pdf,3,88,/A - Patra Chawl No. 1  -  Badlu Rangari Road. Byculla Mumbai (W) Pincode 400008
070-Meghraj_Shethi_Marg_Bychala.pdf,4,83, A - Patra Chawl No. 2  -  Badlu Rangari Road. Pincode 400008
070-Meghraj_Shethi_Marg_Bychala.pdf,5,87,Patra Chawl No 3 Sector Badlu Rangari Road. Pincode 400008
070-Meghraj_Shethi_Marg_Bychala.pdf,6,74, ANWARSHET Chawl NO 1  -  BADLU RANGARI ROAD. Pincode 400008
070-Meghraj_Shethi_Marg_Bychala.pdf,7,81, Anwarsheth Chawl No. 2nd  -  Badlu Rangari Road. Pincode 400008
070-Meghraj_Shethi_Marg_Bychala.pdf,8,71, Anwarsheth Chawl No. 4  -  Badlu Rangari Road. Pincode 400008
070-Meghraj_Shethi_Marg_Bychala.pdf,9,75, ANWARSHET Chawl NO 6  -  BADLU RANGARI ROAD. Pincode 400008
070-Meghraj_Shethi_Marg_Bychala.pdf,10,76,_  Anwarsheth Chawl No. 7 T  -  Badlu Rangari Road. Pincode 400008
070-Meghraj_Shethi_Marg_Bychala.pdf,11,67, A Bandukwala Chawl  -  Badlu Rangari Road. Pincode 400008
070-Meghraj_Shethi_Marg_Bychala.pdf,15,89, Gulab Manzil  -  Badlu Rangari Road. Pincode 400008
070-Meghraj_Shethi_Marg_Bychala.pdf,17,81, Nawab Chawl  -  Badlu Rangari Road. Pincode 400008
070-Meghraj_Shethi_Marg_Bychala.pdf,19,75, Aminabi Chawl  -  Badlu Rangari Road. Pincode 400008
071-Meghraj_Shethi_Marg_Bychala.pdf,2,83,Municipal Chawl No. 60 Municipal Henness Chawl Committee Byculla  -  (1) Sundar Lane 8 to 20. B. J. Slum near Marg Hanuman Mandir Byculla (W)
071-Meghraj_Shethi_Marg_Bychala.pdf,3,82,MUNICIPAL Chawl NO 60 MUNICIPAL HENENS Chawl COMMITTEE BYKLA  - (1)SUNDAR LANE 8 TO 20. B. J. Slum near Marg Hanuman Mandir Byculla (W)
071-Meghraj_Shethi_Marg_Bychala.pdf,9,83,Pl. No.52 A Gafur Nagar Gullubhai Kirana Stores Byculla (W) Sector (1) Sundar Lane Pincode 8 to 20
071-Meghraj_Shethi_Marg_Bychala.pdf,11,84,MUNICIPAL HOUSE NO.8-20 PLOT NO.52B GAFUOR NAGAR GULLUBHAI KIRANA STORES BYKHALA (W)  - (1)SUNDAR LANE 8 TO 20 PINCODE
071-Meghraj_Shethi_Marg_Bychala.pdf,12,79,Chetanya Building Sundar Galli Bau. J. BEHIND SAIBABA TEMPER NEAR BYCHLA (W) SECTOR(1) SUNDER LANE 8 TO 20. PINCODE
071-Meghraj_Shethi_Marg_Bychala.pdf,13,86,b. 37 Gafur Nagar Near Mahmadi Madrasa Byculla (W) Sector (1) Sundar Lane 8 to 20 Pincode
071-Meghraj_Shethi_Marg_Bychala.pdf,16,86,b. 37 Gafur Nagar Near Mahmadi Madrasa Byculla (W) Sector (1) Sundar Lane 8 to 20. Pincode
071-Meghraj_Shethi_Marg_Bychala.pdf,17,86,b. 37 Gafur Nagar Near Mahmadi Madrasa Byculla (W) Sector (1) Sundar Lane 8 to 20 Pincode
072-Meghraj_Shethi_Marg_Bychala.pdf,2,89, Sugra Manzil Opposite Azad India Madanpura Te Maulana Azad Road..0 Area Opposite Badi (Hari) Masjid and Madanpura Post Office Mumbai City
072-Meghraj_Shethi_Marg_Bychala.pdf,3,79,B - FATIMABAI BUILDING FATMA MANZIL AZAD INDAYA HOTEL MAULANA AZAD ROAD..0 PINCODE 400008
072-Meghraj_Shethi_Marg_Bychala.pdf,4,75, KAREEM Building KAREENA AND PROVISION STORE. MADANPURA MAULANA AZAD ROAD..0 PINCODE 400008
072-Meghraj_Shethi_Marg_Bychala.pdf,5,82, CHAKUWALA BUILDING NOVELTO STORES MADANPURA MAULANA AZAD ROAD..0 PINCODE 400008
072-Meghraj_Shethi_Marg_Bychala.pdf,6,89, Isa Sheth chawl. Opposite Madanpura Post Office. Madanpura Maulana Azad Road..0 Pincode
072-Meghraj_Shethi_Marg_Bychala.pdf,10,89, B Isa Sheth Chawl (Horizontal) Madanpura Opposite Post Office Cross Lane Maulana Azad Road..0 Pincode
072-Meghraj_Shethi_Marg_Bychala.pdf,15,88, E NURANI Chawl CROSS LANE MADANPURA MAULANA AZAD ROAD..0 PINCODE _
072-Meghraj_Shethi_Marg_Bychala.pdf,16,84, E NURANI Chawl CROSS LANE MADANPURA MAULANA AZAD ROAD..0 PINCODE B
072-Meghraj_Shethi_Marg_Bychala.pdf,17,83, F NURANI Chawl CROSS LANE MADANPURA MAULANA AZAD ROAD..0 PINCODE T
072-Meghraj_Shethi_Marg_Bychala.pdf,18,79, F NURANI Chawl CROSS LANE MADANPURA MAULANA AZAD ROAD..0 PINCODE B
072-Meghraj_Shethi_Marg_Bychala.pdf,19,80, Stone Building Baban Galli. Madanpura. b the CHAIN ​​ROAD 5TH CROSS LANE.. PINCODE 400008
072-Meghraj_Shethi_Marg_Bychala.pdf,20,87, Stone Baldang Baban Galli. Madanpura Hd. CHAIN ​​ROAD 5TH CROSS LANE.. PINCODE 400008
072-Meghraj_Shethi_Marg_Bychala.pdf,21,88, Stone Baldong Baban Galli. Madanpura Hd. CHAIN ​​ROAD 5TH CROSS LANE.. PINCODE 400008
072-Meghraj_Shethi_Marg_Bychala.pdf,24,89,Sakarwala Building Baban Galli. Madanpura. Chain Route 35th Cross Lane.. PINCODE 400008
072-Meghraj_Shethi_Marg_Bychala.pdf,26,85,m. H. Stone Building Baban Galli. Madanpura c. Chain Route 5B Cross Lane.. Pincode 400008
072-Meghraj_Shethi_Marg_Bychala.pdf,27,85, to 187 Taher Mazal Taher Manzil Madanpura. Maulana Azad Road. 117-187.1 Madanpura Pincode 400008
072-Meghraj_Shethi_Marg_Bychala.pdf,29,82, to 179 Medina Manzil Madanpura Opposite Post Office Bildag.. Maulana Azad Road. 117-187.1 Pincode 400008
072-Meghraj_Shethi_Marg_Bychala.pdf,31,82, to 179 Madona Manzil Madanpura Opposite Post Office Building.. Maulana Azad Road. 117-187.1 Pincode 400008
072-Meghraj_Shethi_Marg_Bychala.pdf,32,80, Zubeda Manzil Madanpura Opposite Post Office Building. Madanpura. Maulana Azad Road. 117-187.1 Pincode 400008
073-Sant_Savata_Marg_Byculla.pdf,2,85, to 232 Sitabai Niwas Byculla (East). Dr. Babasaheb Ambedkar Road Block 3 Byculla Railway Station (East) Palace Theatre. Bh Pincode
073-Sant_Savata_Marg_Byculla.pdf,3,87, A Ahmedbhai Baldang Gujri Market Byculla (Puvey). Dr. BABASAHEB AMBEDKAR ROAD BLOCK 3 PINCODE 400027
073-Sant_Savata_Marg_Byculla.pdf,5,85,Isali Palace Gujri Market. Byculla (East). Dr. BABASAHEB AMBEDKAR ROAD BLOCK 3 PINCODE 400027
073-Sant_Savata_Marg_Byculla.pdf,7,87, Nazmi House Gujri Market. Byculla (Puvey). Dr. BABASAHEB AMBEDKAR ROAD BLOCK 3 PINCODE 400027
073-Sant_Savata_Marg_Byculla.pdf,9,82,-Nazmi House Gujri Market. Byculla (East). Namdev Umaji Bhalinge Marg.. PINCODE 400027
073-Sant_Savata_Marg_Byculla.pdf,10,83,-Nazmai House Gujri Market. Byculla (Puvey). Namdev Umaji Bhalinge Marg.. PINCODE 400027
073-Sant_Savata_Marg_Byculla.pdf,11,84,J Hanifa Main Shan Gujri Market. Byculla (Puvey). Namdev Umaji Bhalinge Marg.. PINCODE 400027
073-Sant_Savata_Marg_Byculla.pdf,13,86, Kas Mansion Gujri Market. Byculla (East). Namdev Umaji Bhalinge Marg.. PINCODE 400027
073-Sant_Savata_Marg_Byculla.pdf,14,86,Habib Minar Gujri Market. Byculla (East). Namdev Umaji Bhalinge Marg.. PINCODE 400027
073-Sant_Savata_Marg_Byculla.pdf,15,77,Habib Minar Gujri Market. Byculla (Puvey). Namdev Umaji Bhalinge Marg.. PINCODE 400027
073-Sant_Savata_Marg_Byculla.pdf,16,85, E Mazhamban Main Shan Gujri Market. Byculla (West) 3 c) Namdev Umaji Bhalinge Marg. Near Byculla Railway Station (East) Pincode Near Gujri Market
073-Sant_Savata_Marg_Byculla.pdf,17,84,Mati Masjid S. G. M. Market Gujri Market. Byculla (Puvey) 3 c) Namdev Umaji Bhalinge Marg. Pincode 400027
073-Sant_Savata_Marg_Byculla.pdf,18,85,Ken Ja Us Corner Gujri Market. Byculla (Puvey) 3 c) Namdev Umaji Bhalinge Marg. Pincode 400027
073-Sant_Savata_Marg_Byculla.pdf,19,79,HABIB APARTMENT GUJRI MARKET GALLI BYKHALA (POW) B B R R NAMDEV UMAJI BHALINGE MARG-NEAR BYKHALA RAILWAY STATION (EAST) GUJRI MARKET GALLI. BYKHALA (EAST) M॒ PINCODE
075-Sheikh_Hafizuddin_Marg_(Chain_Street).pdf,2,78,Municipal House No-2. Byculla Fire Brigade Officer Quatas Bau. J. Route Byculla (West). Sheikh Hafizuddin Marg. Premises Near E Municipal Office (Sakli Street). Byculla
075-Sheikh_Hafizuddin_Marg_(Chain_Street).pdf,3,81,Municipal House No-21. Byculla Fire Brigade Staff Quota B. J. Route Byculla (West). Sheikh Hafizuddin Marg. Pincode.
075-Sheikh_Hafizuddin_Marg_(Chain_Street).pdf,5,81,Municipal House No-21. Byculla Fire Brigade Staff Quota B. J. Route Byculla (West). Sheikh Hafizuddin Marg. Pincode
075-Sheikh_Hafizuddin_Marg_(Chain_Street).pdf,6,83,Byculla Fire Brigade New Staff Quotas b. J. Back Baikal (West). Sheikh Hafizuddin Marg. Pincode”
075-Sheikh_Hafizuddin_Marg_(Chain_Street).pdf,7,86,Byculla Fire Brigade New Staff Quotas b. J. Back Baikal (West). Sheikh Hafizuddin Marg. Pincode
075-Sheikh_Hafizuddin_Marg_(Chain_Street).pdf,8,84,Byculla Fire Brigade New Staff Quotas b. J. Back Baikal (West). Sheikh Hafizuddin Marg. Pincode”
075-Sheikh_Hafizuddin_Marg_(Chain_Street).pdf,9,83,Byculla Fire Brigade New Staff Quotas b. J. Back Baikal (West). Sheikh Hafizuddin Marg. Pincode Rs
075-Sheikh_Hafizuddin_Marg_(Chain_Street).pdf,11,75, Near Hazrat Terrace In Municipal Ward. Chesha Street. Byculla. Sheikh Hafizuddin Marg. Pincode
075-Sheikh_Hafizuddin_Marg_(Chain_Street).pdf,13,88, Near Sundardas Building In Municipal Ward. Sakhlo Street. Byculla.. Sheikh Hafizuddin Marg. Pincode 400008
075-Sheikh_Hafizuddin_Marg_(Chain_Street).pdf,14,86, Apna Ghar Building 2nd Sakli Street. Byculla.. Sheikh Hafizuddin Marg. Pincode 400008
075-Sheikh_Hafizuddin_Marg_(Chain_Street).pdf,16,82, Merchant Building-A Third Sakli Street. Byculla.. Sheikh Hafizuddin Marg. Pincode 400008
075-Sheikh_Hafizuddin_Marg_(Chain_Street).pdf,18,84, Merchant Building-B 3rd Saqli Street. Sheikh Hafizuddin Marg. Premises Sakli Street Byculla Near E Municipal Offices
075-Sheikh_Hafizuddin_Marg_(Chain_Street).pdf,19,87, Fatwat Manzil Third Floor Street. Sheikh Hafizuddin Marg. Pincode 400008
075-Sheikh_Hafizuddin_Marg_(Chain_Street).pdf,20,75,b. M. Mrs. In Ward Office Cantig Na Tang In Municipal Ward Office. Sheikh Hafizuddin Marg. Pincode 400008
075-Sheikh_Hafizuddin_Marg_(Chain_Street).pdf,21,87, Kherutnisa Roghe Building Lucky Mansion Light of India Restaurant. Mirza Ghalib Marg Claire Road Near Development Credit Bank Area Baikal
075-Sheikh_Hafizuddin_Marg_(Chain_Street).pdf,22,88, Kherutnisa Roghe Building Lucky Mansion Light of India Restaurant. Mirza Ghalib Marg Claire Road Near Development Crete Back Area Baikal
075-Sheikh_Hafizuddin_Marg_(Chain_Street).pdf,23,85, Shroff Building Halima Manzil. Light of India Restaurant. Byculla. Mirza Ghalib Marg. Pincode 400008
075-Sheikh_Hafizuddin_Marg_(Chain_Street).pdf,24,90, Masina Building of Al Hussain Haji and Umrah Sawis Office. Mirza Ghalib Marg. Pincode 400008
075-Sheikh_Hafizuddin_Marg_(Chain_Street).pdf,25,90, Clare House Altima Cosmetic Pvt. Lee. Behind. Baikal (W). Mirza Ghalib Marg. Pincode 400008
075-Sheikh_Hafizuddin_Marg_(Chain_Street).pdf,27,90,Dhan Castle Behind Tall Light of India Restaurant. Byculla (W). Mirza Ghalib Marg Pincode 400008
076-Mirza_Ghalib_Road_Byculla.pdf,2,86, Khudabaksh Chawl Husseni Bagh Ripon Road 2nd Cross Lane Madanpura This Ripon Road 2nd Cross Lane Husseni Bagh Parisar Madanpura Mumbai Pincode 400008
076-Mirza_Ghalib_Road_Byculla.pdf,3,83, Khudabaksh Chawl Husseni Bagh Ripon Road 2nd Cross Lane Madanpura Ripon Road 2nd Cross Lane Husseni Bagh Parisar Madanpura Mumbai Pincode 400008
076-Mirza_Ghalib_Road_Byculla.pdf,6,86, B Khudabaksh Wadi Saifuddin Manzil Hussaini Bagh Ripon Road 2nd Cross Lane Ripon Road 2nd Cross Lane Pincode 400008
076-Mirza_Ghalib_Road_Byculla.pdf,7,84,B KHUDABAX WADI SAIFUDDIN MANZIL HUSSENI BAGH RIPN ROAD 2ND CROSS LANE RIPN ROAD 2ND CROSS LANE PINCODE 400008
076-Mirza_Ghalib_Road_Byculla.pdf,8,81, MASLAWALA BUILDING HUSSENI BAGH RIPN ROAD 2ND CROSS LANE MADANPURA RIPN ROAD 2ND CROSS LANE PINCODE 400008
076-Mirza_Ghalib_Road_Byculla.pdf,11,88, NOOR MANZIL HUSANI BAGH RIPN ROAD 2ND CROSS LANE MADANPURA RIPN ROAD 2ND CROSS LANE PINCODE 400008
076-Mirza_Ghalib_Road_Byculla.pdf,15,87, (ASMA MANZIL) HUSSENI BAGH RIPN ROAD 2ND CROSS LANE MADANPURA RIPN ROAD 2ND CROSS LANE PINCODE 400008
076-Mirza_Ghalib_Road_Byculla.pdf,16,85, (Asma Manzil) Hussaini Bagh Ripon Road. 2nd Cross Lane Madanpura Ripon Road 2nd Cross Lane Pincode 400008
076-Mirza_Ghalib_Road_Byculla.pdf,18,85, MARYAMBAI Chawl HUSSENI BAGH RIPN ROAD 2ND CROSS LANE MADANPURA RIPN ROAD 2ND CROSS LANE. Pincode 400008
076-Mirza_Ghalib_Road_Byculla.pdf,20,90, CHATRAWALA Chawl HUSSENI BAGH RIPN ROAD. SECOND CROSS LANE MADANPURA RIPN ROAD SECOND CROSS LANE. Pincode 400008
076-Mirza_Ghalib_Road_Byculla.pdf,21,88, ELECTORAL Chawl (ZAHIRA MANZIL) HUSANI BAGH RIPN ROAD 2ND CROSS LANE RIPN ROAD 2ND CROSS LANE. Pincode 400008
077-Mirza_Ghalib_Road_Byculla.pdf,2,89, JAFARBORI Chawl (CHHATRIBALA chawl. HUSSENI BAGH 2ND CROSS LANE RIPN (A) REAPAN ROAD HUSSENI BAGH 2ND CROSS LANE RIPN ROAD MADANPURA MUMBAI PINCODE 400008
077-Mirza_Ghalib_Road_Byculla.pdf,3,87, JAFARBORI Chawl (CHATRIWALA chawl. HUSSENI BAGH 2ND CROSS LANE RIPN (A) REAPAN ROAD HUSSENI BAGH 2ND CROSS LANE RIPN ROAD MADANPURA MUMBAI PINCODE 400008
077-Mirza_Ghalib_Road_Byculla.pdf,4,87, JAFARBORI Chawl (CHATRIWALA chawl. HUSSENI BAGH 2ND CROSS LANE RIPN  -  1(A) RIPN ROAD HUSSENI BAGH 2ND CROSS LANE RIPN ROAD MADANPURA MUMBAI PINCODE 400008
077-Mirza_Ghalib_Road_Byculla.pdf,6,82, JAFARBORI Chawl HUSSENI BAGH SECOND CROSS LANE RIPN ROAD MADANPURA (A) RIPN ROAD PINCODE. T no
077-Mirza_Ghalib_Road_Byculla.pdf,7,86, JAFARBORI Chawl HUSSENI BAGH 2ND CROSS LANE RIPN ROAD MADANPURA  -  1(A) RIPN ROAD PINCODE THE
077-Mirza_Ghalib_Road_Byculla.pdf,8,83, JAFARBORI Chawl HUSSENI BAGH 2ND CROSS LANE RIPN ROAD MADANPURA  -  1(A) RIPN ROAD PINCODE B
077-Mirza_Ghalib_Road_Byculla.pdf,9,88, JAFARBORI Chawl HUSSENI BAGH SECOND CROSS LANE RIPN ROAD MADANPURA (A) RIPN ROAD PINCODE
077-Mirza_Ghalib_Road_Byculla.pdf,10,84, NURMAZIL - 1 HUSSENI BAGH 2ND CROSS LANE RIPN ROAD MADANPURA (A) RIPN ROAD PINCODE
077-Mirza_Ghalib_Road_Byculla.pdf,11,87, B NURMAZIL CROSS LANE. BHATKAGALLI. NASARTULLA ABBASI MARG. (.Op. Maulana Azad Road Bombay Mercantile Co. A. Bai. Opposite Parisar Madanpura Mumbai Pincode
077-Mirza_Ghalib_Road_Byculla.pdf,14,85,MUNICIPAL HOUSE NO.243 E-JUBALI Building CROSS LANE. BHATKAGALLO. NASARTULLA ABBASI MARG. (.MAULANA AZAD ROAD BOMBAY MERCANTILE CO. A. BAI. OPPOSITE PARISER MAD PINCODE 400008
077-Mirza_Ghalib_Road_Byculla.pdf,16,85, Inclab Manzal (Imperial Mansion) Bombay Mercantile Co. O. Back (. Maulana Azad Road Pincode 400008
077-Mirza_Ghalib_Road_Byculla.pdf,18,86,_  TAZ MAZAL RICH DECAR MITTAL PLASTOCK STORE. MADANPURA. Maulana Azad Road (M.N.V.35)Block 13 Bombay Mercantile Co. O. Back Opposite Area. Madan Mumbai City
077-Mirza_Ghalib_Road_Byculla.pdf,19,82, Rimpan House Nagori Medical Stas Madanpura. Maulana Azad Road Pincode 400008
077-Mirza_Ghalib_Road_Byculla.pdf,20,80, Lakshmi Baldang - Ain Rahomi General Stoasam Madanpura. Maulana Azad Road Pincode 400008
077-Mirza_Ghalib_Road_Byculla.pdf,21,85, (Bau) Laxmi Building Near Rolex Restaurant Madanpura. Maulana Azad Road Pincode 400008
077-Mirza_Ghalib_Road_Byculla.pdf,22,83, (C) Laxmi Building Near Rolex Restaurant Madanpura. Maulana Azad Road Pincode 400008
077-Mirza_Ghalib_Road_Byculla.pdf,23,83,United Avenue. Madanpura Husannaubag 2nd Crosslane Road Madanpura. Maulana Azad Road Pincode 400008
078-Mirza_Ghalib_Road_Byculla.pdf,2,83,Radomani Building. (A) Mirza Ghalib Road Byculla (P) Mumbai Pincode 400008
078-Mirza_Ghalib_Road_Byculla.pdf,3,88,Readymoney Building. (A) Mirza Ghalib Road Byculla (P) Mumbai Pincode 400008
078-Mirza_Ghalib_Road_Byculla.pdf,4,88,Readymoney Building. (a) Mirza Ghalib Road Pincode 400008
078-Mirza_Ghalib_Road_Byculla.pdf,6,89,-30. Readymoney Building. (a) Mirza Ghalib Road Pincode 400008
078-Mirza_Ghalib_Road_Byculla.pdf,7,88,-A. Readymoney Building. (a) Mirza Ghalib Road Pincode 400008
078-Mirza_Ghalib_Road_Byculla.pdf,9,89,-36. Baig Muhammad Ali Building. (a) Mirza Ghalib Road Pincode 400008
078-Mirza_Ghalib_Road_Byculla.pdf,10,92, Navroz Monor. (a) Mirza Ghalib Road Pincode 400008
078-Mirza_Ghalib_Road_Byculla.pdf,14,85,-G. Adelphi Chamber. (a) Mirza Ghalib Road Pincode 400008
078-Mirza_Ghalib_Road_Byculla.pdf,15,79,-G. Adelphi Chamber. (a) Mirza Ghalib Road Pincode 400008 b
078-Mirza_Ghalib_Road_Byculla.pdf,16,79,-E. Adelpha Chebsam. (a) Mirza Ghalib Road Pincode 400008
078-Mirza_Ghalib_Road_Byculla.pdf,17,86, Silver Tower Mansion. (a) Mirza Ghalib Road Pincode 400008
078-Mirza_Ghalib_Road_Byculla.pdf,19,81,Sant Angenus High School. (a) Mirza Ghalib Road Pincode 400008 ॒
078-Mirza_Ghalib_Road_Byculla.pdf,20,90,Is Lamia Ko. Op. Society (A) Mirza Ghalib Road Pincode 400008
078-Mirza_Ghalib_Road_Byculla.pdf,21,83, Nurani Chawl No. 6. (a) Mirza Ghalib Road Pincode 400008
079-Mirza_Ghalib_Road_Byculla.pdf,2,86, B Yusuf Manzil Sector-Maulana Azad Road  Pincode 400011
079-Mirza_Ghalib_Road_Byculla.pdf,3,87, Kuban Building Sector-Maulana Azad Road. PINCODE 400011
079-Mirza_Ghalib_Road_Byculla.pdf,4,89, KACHWALA BUILDING  - -MAULANA AZAD ROAD. PINCODE 400011
079-Mirza_Ghalib_Road_Byculla.pdf,5,86, HAVALDAR COMPOUND  - -MAULANA AZAD ROAD. PINCODE 400011
079-Mirza_Ghalib_Road_Byculla.pdf,8,88, to 213 Hussaini Building  - -Maulana Azad Road. PINCODE 400011
079-Mirza_Ghalib_Road_Byculla.pdf,9,87, Fidvi Manzil  - -Maulana Azad Road. PINCODE 400011
079-Mirza_Ghalib_Road_Byculla.pdf,10,89, B Shipra Manzil  - -Maulana Azad Road. PINCODE 400011
079-Mirza_Ghalib_Road_Byculla.pdf,12,87,Ghulam Rasul Building (Lal Bawra) Sector-Maulana Azad Road. PINCODE 400011
079-Mirza_Ghalib_Road_Byculla.pdf,14,85,SOCIETY BUILDING SECTION-MAULANA AZAD ROAD. PINCODE 400011
079-Mirza_Ghalib_Road_Byculla.pdf,17,87,Karim Building Sector-Maulana Azad Road. PINCODE 400011
079-Mirza_Ghalib_Road_Byculla.pdf,20,85, Jojaria Building  - -Maulana Azad Road. PINCODE 400011
080-Mirza_Ghalib_Road_Byculla.pdf,2,73, C J JUBILEE BUILDING SHEIKH HAFOJUDDIN MARG PINCODE.
080-Mirza_Ghalib_Road_Byculla.pdf,3,79, D READYMANY BUILDING SHEIKH HAFIZUDIN MARG PINCODE B
080-Mirza_Ghalib_Road_Byculla.pdf,4,82,B. K. HALL SHEIKH HAFOEZUDIN MARG PINCODE
080-Mirza_Ghalib_Road_Byculla.pdf,5,83, A JUBILEE BUILDING SHEIKH HAFIZUDIN MARG PINCODE L R
080-Mirza_Ghalib_Road_Byculla.pdf,6,87, B JUBILEE BUILDING SHEIKH HAFOEZUDIN MARG PINCODE L
080-Mirza_Ghalib_Road_Byculla.pdf,7,88, C JUBILEE BUILDING SHEIKH HAFOJUDDIN MARG PINCODE 400011
080-Mirza_Ghalib_Road_Byculla.pdf,8,79, SEFA BUILDING SHEIKH HAFIZUDIN MARG PIN CODE
080-Mirza_Ghalib_Road_Byculla.pdf,9,83,Kanchwala Ind. New. Dhobighat Sheikh Hafizuddin Marg Pincode
080-Mirza_Ghalib_Road_Byculla.pdf,10,80,Kanchwala Ind. New. Dhobighat Sheikh Hafoizuddin Marg Pincode
080-Mirza_Ghalib_Road_Byculla.pdf,11,80,Kanchwala Ind. New. Dhobighat Sheikh Hafizuddin Marg Pincode
080-Mirza_Ghalib_Road_Byculla.pdf,13,79,Kanchwala Ind. New. Dhobighat Sheikh Hafozuddin Marg Pincode.
080-Mirza_Ghalib_Road_Byculla.pdf,14,80,Kanchwala Ind. New. Dhobighat Sheikh Hafizuddin Marg Pincode
080-Mirza_Ghalib_Road_Byculla.pdf,16,85, A ISASETH chawl. SHEIKH HAFOEZUDIN MARG PIN CODE
080-Mirza_Ghalib_Road_Byculla.pdf,17,82, B ISASHET chawl. SHEIKH HAFOEZUDIN MARG PIN CODE
080-Mirza_Ghalib_Road_Byculla.pdf,18,86, F ISASHET chawl. SHEIKH HAFIZUDIN MARG PINCODE
080-Mirza_Ghalib_Road_Byculla.pdf,19,80, A Isa Sheth Chawl Sheikh Hafizuddin Marg Pincode
080-Mirza_Ghalib_Road_Byculla.pdf,20,79, E ISASHET Chawl SHEIKH HAFOEZUDIN MARG PINCODE
080-Mirza_Ghalib_Road_Byculla.pdf,21,86, G ISASHET Chawl SHEIKH HAFIZUDIN MARG. Pincode. .
080-Mirza_Ghalib_Road_Byculla.pdf,22,85, G ISASHET Chawl SHEIKH HAFIZUDIN MARG. Pincode.
080-Mirza_Ghalib_Road_Byculla.pdf,23,86, B J Jubilee Building Sheikh Hafizuddin Marg. Pincode
080-Mirza_Ghalib_Road_Byculla.pdf,24,87,Old Masjid Compound Sheikh Hafizuddin Marg. Pincode
081-243_Sane_Guruji_Marg.pdf,2,75, Raja Building. Sheikh Hafizuddin Marg. Byculla Mumbai Pincode 400011
081-243_Sane_Guruji_Marg.pdf,4,74, Kawarana Bldg. Sheikh Hafizuddin Marg. PINCODE 400011
081-243_Sane_Guruji_Marg.pdf,7,77, Kanchanwala Kapound (New Dhobighat) Bay B The. Sheikh Hafizuddin Marg. PINCODE 400011
081-243_Sane_Guruji_Marg.pdf,8,88,Simla Bakery Th. Sheikh Hafizuddin Marg. PINCODE 400011
081-243_Sane_Guruji_Marg.pdf,9,84, A Isasanth chawl. Maulana Azad Road. 6  Pincode 400011
081-243_Sane_Guruji_Marg.pdf,10,89, Sau Nurani chawl. Maulana Azad Road. 6  Pincode 400011
081-243_Sane_Guruji_Marg.pdf,11,80, D Nurani chawl. Maulana Azad Road. 6 Pincode 400011
081-243_Sane_Guruji_Marg.pdf,13,78, Nurani Chawl No. 5. Maulana Azad Road. 6 Pincode 400011
081-243_Sane_Guruji_Marg.pdf,16,74, B Patrashed. Maulana Azad Road. 6 Pincode 400011
081-243_Sane_Guruji_Marg.pdf,17,79, Habib Mazil. Maulana Azad Road. 6 Pincode 400011
081-243_Sane_Guruji_Marg.pdf,18,76, Sari Bazar (Ptrashed). Maulana Azad Road. 6 Pincode 400011
081-243_Sane_Guruji_Marg.pdf,19,78, Sari Bazar. Maulana Azad Road. 6 Pincode 400011
082-Mirza_Ghalib_Road_Bhaykhla.pdf,2,77,Kermani Building Sector-Sane Guruji Marg. PINCODE 400011
082-Mirza_Ghalib_Road_Bhaykhla.pdf,3,69,Kermani Bldg Sector-Sane Guruji Marg. PINCODE 400011
083-Sane_Guruji_Marg_Byculla.pdf,2,90,-St Ignatius Church S Kul Saneguruji Marg. Deptt. Sane Guruji Marg. PINCODE 400011
083-Sane_Guruji_Marg_Byculla.pdf,3,90,MUNICIPAL HOUSE NO.243 CHURCH COMPOUND SANEGURUJI MARG. INSIDE BAJUS SECTION OF CHURCH COMPOUND. Sane Guruji Marg. Pincode
083-Sane_Guruji_Marg_Byculla.pdf,4,87, Ratan Sadan Saneguruji Marg Right Side Sector. Sane Guruji Marg. Pincode
083-Sane_Guruji_Marg_Byculla.pdf,9,87, Shivdashan Building Saneguruji Marg. Deptt. Sane Guruji Marg. Pincode
083-Sane_Guruji_Marg_Byculla.pdf,17,93, Round Building Sant Gadge Maharaj Chowk Outside Side Section of Bridge. Sant Gadge Maharaj Chowk. PINCODE 400011
084-Sane_Guruji_Marg_Byculla.pdf,2,84, F Rasool Jiwa Compound K. K. Creek Road Section. Keshavraj Khadye Marg.. PINCODE 400011
084-Sane_Guruji_Marg_Byculla.pdf,3,87, F Rasool Jiwa Compound K. K. Creek back section. Keshavraj Khadye Marg.. PINCODE 400011
084-Sane_Guruji_Marg_Byculla.pdf,6,87, G. Rasool Jawa Compound K. K. Creek Road Section. Keshavraj Khadye Marg.. PINCODE 400011
084-Sane_Guruji_Marg_Byculla.pdf,8,86, H. Rasool Jawa Compound K. K. Creek Road Section. Keshavraj Khadye Marg.. PINCODE 400011
084-Sane_Guruji_Marg_Byculla.pdf,10,81,Municipal House No.56 I. Rasool Jiwa Compound K. K. Posterior inner colonic segment. Keshavraj Khadye Marg.. PINCODE 400011
084-Sane_Guruji_Marg_Byculla.pdf,12,90, J. Rasool Jiwa Compound Opposite Sector Sane Guruji Baju. Keshavraj Khadye Marg.. PINCODE 400011
084-Sane_Guruji_Marg_Byculla.pdf,13,86, K. Section Opp.Rarsool Jiwa Compound Sane Guruji Marg. Keshavraj Khadye Marg.. PINCODE 400011
084-Sane_Guruji_Marg_Byculla.pdf,15,90, L. Rasool Jiwa Compound Sane Guruji Marg  - . Keshavraj Khadye Marg.. PINCODE 400011
084-Sane_Guruji_Marg_Byculla.pdf,16,85, Prabhu Niwas Sane Guruji Marg  - . Keshavraj Khadye Marg.. PINCODE 400011
084-Sane_Guruji_Marg_Byculla.pdf,21,86, KASTURBA HOSPITAL DHOBOUGHAT SANE GURUJI BEHIND. DEPT. Sane Guruji Marg.. PINCODE 400011
084-Sane_Guruji_Marg_Byculla.pdf,22,86, New B. d. A. c. Behind Hos Peal Convent K Sane Guruji. Deptt. Sane Guruji Marg.. PINCODE 400011
085-Sane_Guruji_Marg_Byculla.pdf,2,83, to 49. Bhairavanath Building Byculla (W) Sat Rasta Y. Keshavrao Khadye Marg.. PINCODE 400011
085-Sane_Guruji_Marg_Byculla.pdf,3,83, to 49. Bharavanath Building Byculla (W) Seven Road. Keshavrao Khadye Marg.. PINCODE 400011
085-Sane_Guruji_Marg_Byculla.pdf,5,87, Gulabgani Kasam chawl. Byculla (W) Sat Road. Keshavrao Khadye Marg.. PINCODE 400011
085-Sane_Guruji_Marg_Byculla.pdf,6,86,-67. Ashidbhai Pinjari chawl. Byculla (W) Sat Road. Keshavrao Khadye Marg.. PINCODE 400011
085-Sane_Guruji_Marg_Byculla.pdf,8,86,Ganesh Kripa.  168 Byculla (W) Seven Road Behind Sai Kripa Building. Keshavrao Khadaye Marg. (M. No. B.38-40) Block - 4 Pincode 400011
085-Sane_Guruji_Marg_Byculla.pdf,10,87, D. Ram Niwas. Byculla (W) Sat Road. Keshavrao Khadye Marg.. Pincode 400011
085-Sane_Guruji_Marg_Byculla.pdf,13,86,-47. Sai Sadan. Byculla (W) Sat Road Near Bhairavanath Building. Keshavrao Khadye Marg.. PINCODE 400011
085-Sane_Guruji_Marg_Byculla.pdf,15,84, Sou. Ram Niwas Byculla (W) Sat Road. Keshavrao Khadye Marg.. PINCODE 400011
086-42-43_D_Keshavrao_Khade_Marg.pdf,2,84, M. Rasuljiva Patra chawl. Keshavrao Khadye Marg St. Ignatius Keshavrao Khadye Marg. M.U. d. No. 56(M. No. V. 40) Block Pincode 400011
086-42-43_D_Keshavrao_Khade_Marg.pdf,3,77, M. Rasuljiva Patra chawl. Keshavrao Khadye Marg Sat Ignatius Keshavrao Khadye Marg. (M. No. V. 40) Block Pincode 400011
086-42-43_D_Keshavrao_Khade_Marg.pdf,4,81, N. Rasuljiva Patra chawl. Behind Sat Ignatius Church Rasul Compound Keshavrao Khadye Marg. M.U. d. No. 56(M. No. V. 40) Block Pincode 400011
086-42-43_D_Keshavrao_Khade_Marg.pdf,6,83, O. Rasuljiva Patra chawl. Behind St. Ignatius Chacha Rasul Compound Keshavrao Khadye Marg. M.U. d. No. 56(M. No. V. 40) Block Pincode 400011
086-42-43_D_Keshavrao_Khade_Marg.pdf,7,87, R. Rasool Jiwa Patra chawl. Behind Rasul Building Rasul Compound Keshavrao Khadye Marg. M.U. d. No. 56(M. No. V. 40) Block Pincode 400011
086-42-43_D_Keshavrao_Khade_Marg.pdf,13,85, Pau. Umar Mansion. Behind St. Ignatius Church Rasul Compound Keshavrao Khadaye Marg. (M. No. V. 40) Block Pincode 400011
086-42-43_D_Keshavrao_Khade_Marg.pdf,18,86, to 46 Rasul Building Keshavrao Khadye Marg Sat Road Byculla. KESHAVRAO KHADYE MARG. 38 TO 68. (MANV 40) BLOCK 6 PINCODE 400011
086-42-43_D_Keshavrao_Khade_Marg.pdf,22,89, to 64 Ghasletwala Chawl Keshavrao Creek Behind Seven Road Byculla. KESHAVRAO KHADYE MARG. 58 TO 68. (MANV 40) BLOCK 6 PINCODE
086-42-43_D_Keshavrao_Khade_Marg.pdf,26,86,Mehta Building Keshavrao Khadye Marg Ganesh Krupa Hotel Building. KESHAVRAO KHADYE MARG. 58 TO 68. (MANV 40) BLOCK 6 PINCODE
086-42-43_D_Keshavrao_Khade_Marg.pdf,29,87,Saiikrupa Building Keshavrao Khadye Marg Sat Road Byculla (W). KESHAVRAO KHADYE MARG. 58 TO 68. (MANV 40) BLOCK 6 PINCODE
087-N.M.Joshi_Marg_Shi.Nagar_Building_Meherpada.pdf,2,84, Water Wax Building Keshavrao Khadye Marg Laxmi Niwas Opposite Seven. Keshavrao Khadye Marg.. PINCODE 400011
087-N.M.Joshi_Marg_Shi.Nagar_Building_Meherpada.pdf,3,88,A Shambhulal Patra Chawl Keshavrao Khadye Marg Opposite Lakshmi Niwas. Keshavrao Khadye Marg.. Pincode
087-N.M.Joshi_Marg_Shi.Nagar_Building_Meherpada.pdf,4,87,Shambhulal Patrachal No. 1 Gala No. 10 Opposite Laxmi Niwas Byculla (W). Keshavrao Khadye Marg.. Pincode
087-N.M.Joshi_Marg_Shi.Nagar_Building_Meherpada.pdf,5,79,Shambhulal Patrachal No 2. Sant Gadge Maharaj Chowk. PINCODE 400011
087-N.M.Joshi_Marg_Shi.Nagar_Building_Meherpada.pdf,7,84,Shambhulal Patrachal No 3 Opposite Laxmi Niwas Byculla (W). Keshavrao Khadye Marg.. PINCODE 400011
087-N.M.Joshi_Marg_Shi.Nagar_Building_Meherpada.pdf,9,86,Shambhulal Patrachal No 4 Behind Lakshmi Niwas Opposite Byculla (W). Keshavrao Khadye Marg.. Pincode
087-N.M.Joshi_Marg_Shi.Nagar_Building_Meherpada.pdf,10,87,Shambhulal Patrachal No 5 Opposite Laxmi Niwas Byculla (W). Keshavrao Khadye Marg.. Pincode
087-N.M.Joshi_Marg_Shi.Nagar_Building_Meherpada.pdf,11,89, Dou. Sat Road Byculla (W) Near Dosa Compound Simplex Mill. Keshavrao Khadye Marg.. Pincode
087-N.M.Joshi_Marg_Shi.Nagar_Building_Meherpada.pdf,12,88,(D) RASUL PATRA chawl NO 1 RASUL JIVA COMPOUND BEHIND RASUL BUILDING. Keshavrao Khadye Marg.. Pincode
087-N.M.Joshi_Marg_Shi.Nagar_Building_Meherpada.pdf,13,84, IN RASUL JIVA PATRA Chawl KESHAWRAO KHADYE MARG RASUL JIVA COMPOUND. Keshavrao Khadye Marg.. Pincode
087-N.M.Joshi_Marg_Shi.Nagar_Building_Meherpada.pdf,16,88,Bhagwandas Vasanji Chawl Byculla (W). Keshavrao Khadye Marg.. Pincode
087-N.M.Joshi_Marg_Shi.Nagar_Building_Meherpada.pdf,18,85,A slum near Simplex Mile. Keshavrao Khadye Marg.. Pincode
087-N.M.Joshi_Marg_Shi.Nagar_Building_Meherpada.pdf,21,90, to 335 Mala Building Sant Gadge Maharaj Chowk Seven Road. Sant Gadge Maharaj Chowk. PINCODE 400011
088-N.M.Joshi_Marg_Shi.Nagar_Building_Meherpada.pdf,2,88, Shankar Vanjari Chawl Sat Rasta Byculla (W). Sane Guruji Marg 269 to 299 Pincode 400011
088-N.M.Joshi_Marg_Shi.Nagar_Building_Meherpada.pdf,5,88,Zaveri Building Sat Rasta Byculla (W). Sane Guruji Marg 269 to 299 Pincode 400011
088-N.M.Joshi_Marg_Shi.Nagar_Building_Meherpada.pdf,6,90, Municipal Chawl Pani Khate Byculla (W). Namdev Muralidhar Joshi Marg 462 to 562 Block 3 Pincode 400011
088-N.M.Joshi_Marg_Shi.Nagar_Building_Meherpada.pdf,7,88, Municipal Chawl Pani Khate Byculla (Post). Namdev Muralidhar Joshi Marg 462 to 562 Block 3 Pincode 400011
088-N.M.Joshi_Marg_Shi.Nagar_Building_Meherpada.pdf,9,79, Do. Lakshmi Building. Namdev Muralidhar Joshi Marg. PINCODE 400011
088-N.M.Joshi_Marg_Shi.Nagar_Building_Meherpada.pdf,11,73, etc. Lakshmi Building. Namdev Muralidhar Joshi Marg. PINCODE 400011
088-N.M.Joshi_Marg_Shi.Nagar_Building_Meherpada.pdf,13,75, F-Jo. Lakshmi Building. Namdev Muralidhar Joshi Marg. PINCODE 400011
088-N.M.Joshi_Marg_Shi.Nagar_Building_Meherpada.pdf,15,70, H. Lakshmi Building. Namdev Muralidhar Joshi Marg. PINCODE 400011
088-N.M.Joshi_Marg_Shi.Nagar_Building_Meherpada.pdf,16,80,_  I. Lakshmi Building. Namdev Muralidhar Joshi Marg. PINCODE 400011
088-N.M.Joshi_Marg_Shi.Nagar_Building_Meherpada.pdf,17,73, L. Lakshmi Building. Namdev Muralidhar Joshi Marg. PINCODE 400011
088-N.M.Joshi_Marg_Shi.Nagar_Building_Meherpada.pdf,19,77, M. Lakshmi Building. Namdev Muralidhar Joshi Marg. PINCODE 400011
089-N.M.Joshi_Marg_Shi.Nagar_Building_Meherpada.pdf,2,79, Municipal Building. Byculla (W) Kar Namdev Muralidhar Joshi Marg (M. No. 40) Block-5 Pincode 400011
089-N.M.Joshi_Marg_Shi.Nagar_Building_Meherpada.pdf,3,75, Municipal Bldg. Byculla (W) Namdev Muralidhar Joshi Marg (M. No. 40) Block-5 Pincode 400011
089-N.M.Joshi_Marg_Shi.Nagar_Building_Meherpada.pdf,5,85,Zhampadya in front of  Naviun Yadm Building. Byculla (W) Namdev Muralidhar Joshi Marg (M. No. 40) Block-5 Pincode 400011
089-N.M.Joshi_Marg_Shi.Nagar_Building_Meherpada.pdf,6,89, Mission chawl.D. BEHIND  BYKHALA (W) NAMDEV MURALIDHAR JOSHI MARG (M. NO. V. 40) BLOCK-5 PINCODE 400011
089-N.M.Joshi_Marg_Shi.Nagar_Building_Meherpada.pdf,7,81, Near chawl.Zhopadapatto)  to Gomtibai chawl. Namdev Muralidhar Joshi Marg (M.N.V.40) Block-5 Pincode 400011
089-N.M.Joshi_Marg_Shi.Nagar_Building_Meherpada.pdf,9,82, Slums Near Municipal Patra Gomti Bai Chawl  Namdev Muralidhar Joshi Marg (M. No. Vs. 40) Block-5 Pincode 400011
089-N.M.Joshi_Marg_Shi.Nagar_Building_Meherpada.pdf,12,84, Gomtibai chawl.do. Byculla (W. D. C. Namdev Muralidhar Joshi Marg (M. No. V.40) Block-5 Pincode 400011
089-N.M.Joshi_Marg_Shi.Nagar_Building_Meherpada.pdf,13,82, Gomtibai chawl. Byculla (W) C Namdev Muralidhar Joshi Marg (M. No. 40) Block-5 Pincode 400011
089-N.M.Joshi_Marg_Shi.Nagar_Building_Meherpada.pdf,14,84, Gomtibai chawl. Byculla (W). C Namdev Muralidhar Joshi Marg (M. No. V.40) Block-5 Pincode 400011
089-N.M.Joshi_Marg_Shi.Nagar_Building_Meherpada.pdf,15,82, Slum Near Tukaram Kuhade chawl. Near Gamatibai chawl. Namdev Muralidhar Joshi Marg (M. No. V.40) Block-5 Pincode 400011
089-N.M.Joshi_Marg_Shi.Nagar_Building_Meherpada.pdf,16,82, Slum Near Samant Godown Byculla (W) Namdev Muralidhar Joshi Marg (M. No. V.40) Block-5 Pincode 400011
089-N.M.Joshi_Marg_Shi.Nagar_Building_Meherpada.pdf,17,85,MUNICIPAL HOUSE NO.336 SHOTS NEAR SANDO'S INDIA BYKHALA (W) NAMDEV MURALIDHAR JOSHI MARG (M.N.V.40) BLOCK-5 PINCODE 400011
089-N.M.Joshi_Marg_Shi.Nagar_Building_Meherpada.pdf,18,75,MUNICIPAL HOUSE NO.366 KULA QUATAS BYKHALA (W) NAMDEV MURLITHAR JOSHI MARG (M.N.V.40) BLOCK-5 PINCODE 400011
089-N.M.Joshi_Marg_Shi.Nagar_Building_Meherpada.pdf,19,88, Muni. Huts Near Bhandar Jal  -  Byculla (W) Namdev Muralidhar Joshi Marg (M.N.V.40) Block-5 Pincode 400011
089-N.M.Joshi_Marg_Shi.Nagar_Building_Meherpada.pdf,21,86,Saadhan B.8 Samarol Cottage Namdev Muralidhar Joshi Marg Byculla (W) Namdev Muralidhar Joshi Marg (M. No. V.40) Block-5 Pincode 400011
089-N.M.Joshi_Marg_Shi.Nagar_Building_Meherpada.pdf,22,74,Waghera Zhopadpatti Bakri Adda Byculla (W) Namdev Muralidhar Joshi Marg (M.No.B.40) Block-5 Pincode 400011
090-N.M.Joshi_Marg_Shi.Nagar_Building_Meherpada.pdf,2,88, N Lakshmi Building Opposite Station. Byculla (W) Sector - Namdev Muralidhar Joshi Marg.. PINCODE 400027
090-N.M.Joshi_Marg_Shi.Nagar_Building_Meherpada.pdf,5,83, Ao Laxmi Building Opposite Station. Byculla (W) - Namdev Muralidhar Joshi Marg.. Pincode
090-N.M.Joshi_Marg_Shi.Nagar_Building_Meherpada.pdf,7,80,Wahang Co-operative Society s. T. Behind Bus Stop Byculla (W) - Namdev Muralidhar Joshi Marg.. Pincode
090-N.M.Joshi_Marg_Shi.Nagar_Building_Meherpada.pdf,8,89,Waihang Co-operative Society s. T. Behind Bus Stop Byculla (W) - Namdev Muralidhar Joshi Marg.. Pincode
090-N.M.Joshi_Marg_Shi.Nagar_Building_Meherpada.pdf,9,80,Wahang Co-operative Society s. T. Behind Bus Stop Byculla (W) - Namdev Muralidhar Joshi Marg.. Pincode
090-N.M.Joshi_Marg_Shi.Nagar_Building_Meherpada.pdf,10,88,Waihang Co-operative Society s. T. Behind Bus Stop Byculla (W) - Namdev Muralidhar Joshi Marg.. Pincode
090-N.M.Joshi_Marg_Shi.Nagar_Building_Meherpada.pdf,11,85, P Lakshmi Building Opposite Station. Byculla (W) - Namdev Muralidhar Joshi Marg.. Pincode
090-N.M.Joshi_Marg_Shi.Nagar_Building_Meherpada.pdf,14,85, B KUSHAKALE chawl. (VITHAL TEMPLE) BEHIND VITHAL TEMPER BYKHALA - NAMDEV MURALIDHAR JOSHI MARG.. Pincode
090-N.M.Joshi_Marg_Shi.Nagar_Building_Meherpada.pdf,15,86,MUNICIPAL HOUSE NO.632 MANDAR NIKETAN S. tow Behind Bus Stop Byculla (W) - Namdev Muralidhar Joshi Marg.. Pincode
090-N.M.Joshi_Marg_Shi.Nagar_Building_Meherpada.pdf,18,91, Bau Lakshmi Niwas No. 2 S. Opposite Bridge. Byculla (W) Sector-2 (Namdev Muralidhar Joshi Marg. Pincode 400027
090-N.M.Joshi_Marg_Shi.Nagar_Building_Meherpada.pdf,20,89, Bau Lakshmi Niwas No. 1 S. Opposite Bridge. Byculla (W) Sector-2 (Namdev Muralidhar Joshi Marg. Pincode
090-N.M.Joshi_Marg_Shi.Nagar_Building_Meherpada.pdf,21,87, B Laxmi Niwas No. 3 S. Opposite Bridge. Byculla (W) Sector-2 (Namdev Muralidhar Joshi Marg. Pincode
091-N.M.Joshi_Marg_Shi.Nagar_Building_Meherpada.pdf,2,83, D. Laxminivas Chawl No. 4 S. Opposite Bridge. Byculla (W) Sector-1(A) Namdev Muralidhar Joshi Marg.. PINCODE 400027
091-N.M.Joshi_Marg_Shi.Nagar_Building_Meherpada.pdf,3,85, Do. Laxminivas Chawl No. 5 S. Opposite Bridge. Byculla (W) Sector-1(A) Namdev Muralidhar Joshi Marg.. Pincode
091-N.M.Joshi_Marg_Shi.Nagar_Building_Meherpada.pdf,4,84, C. Mayekar Building Byculla (W) Sector-1(A) Namdev Muralidhar Joshi Marg.. Pincode
091-N.M.Joshi_Marg_Shi.Nagar_Building_Meherpada.pdf,5,90, Fakira Sheth Chawl Behind Mayekar Building Byculla (W) Sector-1(A) Namdev Muralidhar Joshi Marg.. Pincode
091-N.M.Joshi_Marg_Shi.Nagar_Building_Meherpada.pdf,6,85, Do Fakira Sheth chawl. Behind Mayekar Building. Hanuman Galli Sector-1(A) Namdev Muralidhar Joshi Marg.. Pincode
091-N.M.Joshi_Marg_Shi.Nagar_Building_Meherpada.pdf,8,81, FAKIRASHETH Chawl BEHIND PATRASHED MAYEKER BUILDING. HANUMAN GALLI THI  - -1(A) NAMDEV MURLITHAR JOSHI MARG.. Pincode
091-N.M.Joshi_Marg_Shi.Nagar_Building_Meherpada.pdf,9,80, Gangaram Niwas Byculla (W) Sector-2 (Namdev Muralidhar Joshi Marg. Pincode
091-N.M.Joshi_Marg_Shi.Nagar_Building_Meherpada.pdf,10,82, Gangaram Niwas Byculla (W)  - -2 (Namdev Muralidhar Joshi Marg. Pincode
091-N.M.Joshi_Marg_Shi.Nagar_Building_Meherpada.pdf,13,85,_  D. Meher Chawl Savitribai Phule Mu. Near School Byculla (W) Sector-2 (Namdev Muralidhar Joshi Marg. Pincode
091-N.M.Joshi_Marg_Shi.Nagar_Building_Meherpada.pdf,15,82,Municipal House No.596 Sou Manherpada Patrashed Savitribai Phule Mu. Near School Byculla (W) Sector-2 (Namdev Muralidhar Joshi Marg. Pincode
091-N.M.Joshi_Marg_Shi.Nagar_Building_Meherpada.pdf,16,67,MUNICIPAL HOUSE NO.606 KAZI BUILDING A BYKHALA (W) SECTOR-2 (NAMDEV MURLITHAR JOSHI MARG. PINCODE
091-N.M.Joshi_Marg_Shi.Nagar_Building_Meherpada.pdf,17,83,Sakina Mazil Qazi B Byculla (W) Sector-2 (Namdev Muralidhar Joshi Marg. Pincode
091-N.M.Joshi_Marg_Shi.Nagar_Building_Meherpada.pdf,18,81,A Qasim Bldg. - Near C Banana Market Byculla (W) Sector 1(A) Ganeshhari Parundekar Marg.. Block 7 Pincode 400011
091-N.M.Joshi_Marg_Shi.Nagar_Building_Meherpada.pdf,20,83,Municipal Gharkar Dhamaji Manaji Keli Mandai Kasim Building Near Byculla (W) Section 1(A) Ganeshhari Parundekar Marg.. Volume 7 Pincode
091-N.M.Joshi_Marg_Shi.Nagar_Building_Meherpada.pdf,22,86,Municipal Patra Chawl No 506 Behind Star of India Restaurant Byculla (W) Sector 1(A) Ganeshhari Parundekar Marg.. Volume 7 Pincode
091-N.M.Joshi_Marg_Shi.Nagar_Building_Meherpada.pdf,23,88,MUNICIPAL PATRA Chawl NO 57 BEHIND STAR OF INDIA RESTAURANT BYKHALA (W) W.BIV. 1(A) GANESHARY PARUNDEKAR MARG.. Volume 7 Pincode
091-N.M.Joshi_Marg_Shi.Nagar_Building_Meherpada.pdf,24,84,MUNICIPAL PEON Chawl NO 335 BEHIND NAMDEV MURLITHAR JOSHI MAAG 1 LAU CROSS LANE BYKHALA SECTOR 1(A) GANESHARY PARUNDEKAR MARG.. Volume 7 Pincode
091-N.M.Joshi_Marg_Shi.Nagar_Building_Meherpada.pdf,25,80, to 6 In Municipal Peon chawl. BEHIND NAMDEV MURALIDHAR JOSHI 1 LAU CROSS LANE  - -2(. NAMDEV MURALIDHAR JOSHI MARG. PINCODE 400011
091-N.M.Joshi_Marg_Shi.Nagar_Building_Meherpada.pdf,33,81, to 17 Peon Chawl Betho. Namdev Muralidhar Joshi Marg 1 Lau Cross Lane Sector-2 (. Namdev Muralidhar Joshi Marg. Pincode 400011
092-N.M.Joshi_Marg_Shi.Nagar_Building_Meherpada.pdf,2,88,Municipal Gharan.4 to 6 In Narayan Bhuvan. 1st Crosslane Byculla (W) Sector-1(A) Namdev Muralidhar Joshi Marg.. Byculla (W). Mumbai Pincode 400027
092-N.M.Joshi_Marg_Shi.Nagar_Building_Meherpada.pdf,3,87,Municipal Gharan.4 to 6 In Narayan Bhuvan. 1 Lau Crosslane Byculla (W) Sector-1(A) Namdev Muralidhar Joshi Marg.. Byculla (W). Mumbai Pincode 400027
092-N.M.Joshi_Marg_Shi.Nagar_Building_Meherpada.pdf,8,86,Indian Hotel Company Building. Taj Mahal Hotel Employees Hosa. Colony. Pais Sector-2(. Pais Road Building.  Pincode 400011
092-N.M.Joshi_Marg_Shi.Nagar_Building_Meherpada.pdf,15,88,Indian Hotel Company Building. Taj Mahal Hotel Employees Hosa. Colony. Pais Sector-2(. Pais Road Billing.  Pincode 400011
092-N.M.Joshi_Marg_Shi.Nagar_Building_Meherpada.pdf,16,87,Indian Hotel Company Building. Taj Mahal Hotel Employees Hosa. Colony. Pais Sector-2(. Pais Road Building.  Pincode 400011
092-N.M.Joshi_Marg_Shi.Nagar_Building_Meherpada.pdf,17,86,A-1 Municipal Building. No. 1 Pais Road. Byculla (W) Sector-2(. Pais Road Building. Pincode 400011
093-N.M.Joshi_Marg_Shi.Nagar_Building_Meherpada.pdf,2,85,s. Slum Near Bridge(Hanuman Mandir) Opposite Triveni Appartment Patra Road. Sector-1(A) Namdev Muralidhar Joshi Marg.. PINCODE 400027
093-N.M.Joshi_Marg_Shi.Nagar_Building_Meherpada.pdf,3,83, to 548 Triveni Apartment Co. yes Sosa. Byculla (W) Sector-1(A) Namdev Muralidhar Joshi Marg.. Pincode
093-N.M.Joshi_Marg_Shi.Nagar_Building_Meherpada.pdf,5,88, Makwa Chawl S. Near Bridge. Byculla (W) Sector-1(A) Namdev Muralidhar Joshi Marg.. Pincode
093-N.M.Joshi_Marg_Shi.Nagar_Building_Meherpada.pdf,6,84, Central Railway Sweeps Quotas C. R. K. Time chawl. Byculla (W) Section-1(A) Namdev Muralidhar Joshi Marg.. Pincode
093-N.M.Joshi_Marg_Shi.Nagar_Building_Meherpada.pdf,7,91,Slum Near Railway chawl. Byculla (W) Section-1(A) Namdev Muralidhar Joshi Marg.. Pincode
093-N.M.Joshi_Marg_Shi.Nagar_Building_Meherpada.pdf,8,89,Shack Near Byculla Station (Mahaveer Estate) Byculla (W) Sector-1(A) Namdev Muralidhar Joshi Marg.. Pincode
093-N.M.Joshi_Marg_Shi.Nagar_Building_Meherpada.pdf,10,87,Shack Near Byculla Station (Mahaveer Estate) Byculla (W) Sector-1(A) Namdev Muralidhar Joshi Marg.. Pincode.
093-N.M.Joshi_Marg_Shi.Nagar_Building_Meherpada.pdf,11,84, NUR MANZIL NAMDEV MURALIDHAR JOSHI MARG. BYKHALA (W)  - -2(. GANESH HARI PARUNDEKAR MARG. BYKHALA (W) PINCODE 400027
093-N.M.Joshi_Marg_Shi.Nagar_Building_Meherpada.pdf,13,88,MUNICIPAL HOUSE NO.8A QASIM BUILDING. GANESH HARI PARUNDEKAR MARG. BYKHALA (W) SECTOR-2(. GANESH HARI PARUNDEKAR MARG. PINCODE 400027
093-N.M.Joshi_Marg_Shi.Nagar_Building_Meherpada.pdf,14,86,A QASIM BUILDING COMPOUND GANESH HARI PARUNDEKAR MARG. BYKHALA (W)  - -2(. GANESH HARI PARUNDEKAR MARG. PINCODE 400027
093-N.M.Joshi_Marg_Shi.Nagar_Building_Meherpada.pdf,16,83, Qasim Building Compound Byculla W.  - -2 (Ganesha Hari Parundekarmarg (M. No. 38) Block-6 Pincode
093-N.M.Joshi_Marg_Shi.Nagar_Building_Meherpada.pdf,17,87,Killedar chawl. Nimal Compound. Pais Street. Byculla (W) Sector-1 Pais Road Interpreter B. PINCODE 400011
093-N.M.Joshi_Marg_Shi.Nagar_Building_Meherpada.pdf,18,84,Sharafat Ali Chawl No. 3. Pais Street. Byculla (W) Sector-1 Pais Road Dubhash B. PINCODE 400011
093-N.M.Joshi_Marg_Shi.Nagar_Building_Meherpada.pdf,20,88,Sharafat Ali Stable chawl. No.1 Opp. PINCODE 400011
093-N.M.Joshi_Marg_Shi.Nagar_Building_Meherpada.pdf,21,91, to 22 Tripathi chawl. Tabela No. 3. Pais Street. Byculla (W) Sector-1 Pais Road Dubhash B. PINCODE 400011
093-N.M.Joshi_Marg_Shi.Nagar_Building_Meherpada.pdf,22,91, TO 30 BHARUCHA Chawl TABLEA NO 2 PEAS STREET. BYKALA (W)  - -1 PEAS ROAD INTERPRETER B. PINCODE 400011
093-N.M.Joshi_Marg_Shi.Nagar_Building_Meherpada.pdf,24,91,MUNICIPAL HOUSE NO.30 BHARUCHA Chawl PACE STREET. BYKALA (W)  - -1 PACE ROAD DUBHASH B. PINCODE 400011
093-N.M.Joshi_Marg_Shi.Nagar_Building_Meherpada.pdf,26,89,SHARIEF ALI chawl. MAMUJI chawl. PEAS STREET. BYCLAWA (W)  - -1 PEAS ROAD DUBHASH B. PINCODE 400011
093-N.M.Joshi_Marg_Shi.Nagar_Building_Meherpada.pdf,28,86,(3) Bharucha Chawl Tabela No. 2 Slum Pais Street. Byculla (W) Sector-1 Pais Road Dubhash B. PINCODE 400011
093-N.M.Joshi_Marg_Shi.Nagar_Building_Meherpada.pdf,29,89,A Master Frame Mamaji Compound. Nimal Compound. 10 A. Pais Street. Byculla  - -1 Pais Road Dubhash B. Pincode
094-N.M.Joshi_Marg_Shi.Nagar_Building_Meherpada.pdf,2,88,Wazir Building Keshavrao Khadye Marg. Byculla (W)  - -Musa Killedar Road.  Pincode 400011
094-N.M.Joshi_Marg_Shi.Nagar_Building_Meherpada.pdf,5,89,Wazir Building - Patra Chawl No. 1 Byculla (W)  - -Musa Killedar Road. PINCODE 400011
094-N.M.Joshi_Marg_Shi.Nagar_Building_Meherpada.pdf,6,90,Wazir Building - Patra Chawl No. 2 Byculla (W)  - -Musa Killedar Road. PINCODE 400011
094-N.M.Joshi_Marg_Shi.Nagar_Building_Meherpada.pdf,7,89,Girivihar-A. Apana Apartment Byculla (W) Sector-Musa Killedar Road. PINCODE 400011
094-N.M.Joshi_Marg_Shi.Nagar_Building_Meherpada.pdf,9,82,Girouvihar-B. Aptamant Byculla (W)  - -Musa Killedar Road. PINCODE 400011
094-N.M.Joshi_Marg_Shi.Nagar_Building_Meherpada.pdf,10,90,Mugcipal Building No. 20 Byculla (W)  - -Musa Killedar Road. PINCODE 400011
094-N.M.Joshi_Marg_Shi.Nagar_Building_Meherpada.pdf,11,90, Patra Chawl No. 47 Byculla (W)  - -Musa Killedar Road. PINCODE 400011
094-N.M.Joshi_Marg_Shi.Nagar_Building_Meherpada.pdf,13,90, Patra Chawl No. 46 Byculla (W)  - -Musa Killedar Road. PINCODE 400011
094-N.M.Joshi_Marg_Shi.Nagar_Building_Meherpada.pdf,14,90, M. Patra Chawl No. 45 Byculla (W.  - -Musa Killedar Road. Pincode 400011
094-N.M.Joshi_Marg_Shi.Nagar_Building_Meherpada.pdf,15,91, Patra Chawl No. 44 Byculla (W)  - -Musa Killedar Road. PINCODE 400011
094-N.M.Joshi_Marg_Shi.Nagar_Building_Meherpada.pdf,16,91, Patra Chawl No. 43 Byculla (W)  - -Musa Killedar Road. PINCODE 400011
094-N.M.Joshi_Marg_Shi.Nagar_Building_Meherpada.pdf,17,91, Patra Chawl No. 42 Byculla (W)  - -Musa Killedar Road. PINCODE 400011
094-N.M.Joshi_Marg_Shi.Nagar_Building_Meherpada.pdf,18,90, Patra Chawl No. 41 Byculla (W)  - -Musa Killedar Road. PINCODE 400011
095-Bapurao_Jagtap_Marg.pdf,2,85, Patra Chawl No. 40 Musa Kiledar Road. Byculla (W) Sector-1(A) Musa Kiledar Road (Municipality 38) Block-2  Pincode 400011
095-Bapurao_Jagtap_Marg.pdf,3,88, Patra Chawl No. 40 Musa Kiledar Road. Byculla (W) Sector-1(A) Musa Kiledar Road (Municipality 38) Block-2  Pincode 400011
095-Bapurao_Jagtap_Marg.pdf,4,83, Patra Chawl No. 15 Musa Kiledar Road. Byculla (W)  - -1(Ash) Musa Kiledar Road (Municipality 38) Block-2 Pincode 400011
095-Bapurao_Jagtap_Marg.pdf,5,83,Section-1(A) Musa Kiledar Marg (Marnivi 38) Block-2 Tk  Patra Chawl No. 14 Musa Kiledar Road. Byculla (W) Pincode 400011
095-Bapurao_Jagtap_Marg.pdf,7,86, Patra Chawl No. 13 Musa Kiledar Road. Byculla (W) Sector-1 (Ash) Musa Kiledar Marg (Municipality 38) Block-2 Pincode 400011
095-Bapurao_Jagtap_Marg.pdf,8,91, BITO chawl. NO. 1 KESHAWRAO KHANDYE MARG. BYKALA (W)  - -2(.KESHAVARAO KHANDYE MARG (MOR. 38) BLOCK-9 PINCODE 400011
095-Bapurao_Jagtap_Marg.pdf,15,90,MUNICIPAL HOUSE NO.29 BITO chawl. NO.2 KESHAVRAO KHANDYE MARG. BYCLAWA (W)  - -2(.KESHAVRAO KHANDYE MARG (Municipality 38) BLOCK-9 PINCODE 400011
095-Bapurao_Jagtap_Marg.pdf,23,83,_ Madina Masjod Building Madina Milk Setter Musa Killedar Road. Byculla (W) Sector-2(. Keshavrao Khandaye Marg (Municipality 38) Block-9 Pincode 400011
096-Bapurao_Jagtap_Marg.pdf,2,92,Municipal Building No. 3 Musa Kiledar Road. Byculla (W) Sector-1(A) Musa Kiledar Marg.  Pincode 400011
096-Bapurao_Jagtap_Marg.pdf,4,87,Municipal Building No. 19 Byculla (W) Sector-1(A) Musa Kiledar Marg. PINCODE 400011
096-Bapurao_Jagtap_Marg.pdf,6,90,Municipal Building No. 19 Back Slum. Byculla (W) Section-1(A) Musa Kiledar Marg. PINCODE 400011
096-Bapurao_Jagtap_Marg.pdf,7,83,Municipal Building No. 20 Back Slum. Byculla (W) Section-1(A) Musa Kiledar Marg. PINCODE 400011
096-Bapurao_Jagtap_Marg.pdf,8,88,Slum near Municipal Building No.20. Byculla (W) Section-1(A) Musa Kiledar Marg. Pincode 400011
096-Bapurao_Jagtap_Marg.pdf,9,89,Slum near Municipal Building No.20. Byculla (W) Section-1(A) Musa Kiledar Marg. PINCODE 400011
096-Bapurao_Jagtap_Marg.pdf,11,87, J TO 744 PANDHARE DAGDI chawl. Byculla (W) Sector-2 (. Bapurao Jagtap Marg. Pincode 400011
096-Bapurao_Jagtap_Marg.pdf,12,90, J TO 744 PANDHARE DAGDI chawl. Byculla (W) Sector-2 (. Bapurao Jagtap Marg. Pincode 400011
096-Bapurao_Jagtap_Marg.pdf,14,92,MUGHAN NO 17 JAI AMBEY BUILDING 1 BYKHALA (W) KESHAVRAO KHADE MARG BLOCK 10 PINCODE 400011
096-Bapurao_Jagtap_Marg.pdf,16,86,BIT chawl. NO 3 BYKHALA (W) KESHAVRAO KHADYE MARG. BYCLAWA (WEST) PINCODE 400011
096-Bapurao_Jagtap_Marg.pdf,23,90,BIT Chawl NO 4 BYKHALA (W) KESHAWRAO KHADYE MARG. BYKHALA (WEST) PINCODE
096-Bapurao_Jagtap_Marg.pdf,28,88,KHOL HAIR SALON BESIDE 16 chawl. NO 4 BYKHALA (W) KESHAWRAO KHADYE MARG. BYKHALA (WEST) PINCODE
097-Bapurao_Jagtap_Marg.pdf,2,87, Lakshmi Building. Horizontal Building Byculla (W). Namdev Muralidhar Joshi Marg.  ॒ Pincode 400027
097-Bapurao_Jagtap_Marg.pdf,3,90, Lakshmi Building. Horizontal Building Byculla (W). Namdev Muralidhar Joshi Marg.  Pincode 400027
097-Bapurao_Jagtap_Marg.pdf,6,89, Lakshmi Building - A Byculla (W). Namdev Muralidhar Joshi Marg. PINCODE 400027
097-Bapurao_Jagtap_Marg.pdf,9,90, Lakshmi Building - B Byculla (W). Namdev Muralidhar Joshi Marg. PINCODE 400027
097-Bapurao_Jagtap_Marg.pdf,12,90, Lakshmi Building -C Byculla (W). Namdev Muralidhar Joshi Marg. PINCODE 400027
097-Bapurao_Jagtap_Marg.pdf,16,91,Kalledar Building Byculla (W). Musa Kiledar Building. Musa Killedar Road. Byculla (W) Pincode 400011
097-Bapurao_Jagtap_Marg.pdf,18,91,Kiledar Mansion Byculla (W). Musa Kiledar Building. Pincode
097-Bapurao_Jagtap_Marg.pdf,20,91, Libti Bakery Byculla (W). Musa Kiledar Building. Pincode
097-Bapurao_Jagtap_Marg.pdf,21,92, Bharucha Tabela No. 2 Byculla (W). Musa Kiledar Building. Musa Killedar Road. Byculla (W) Pincode 400011
097-Bapurao_Jagtap_Marg.pdf,23,91,J. K. Compound Huts (Jayakarya Compound) Byculla (W). Musa Kiledar Building. PINCODE 400011
097-Bapurao_Jagtap_Marg.pdf,24,89,Jayakaya Industrial Estate Imperial Pet Byculla (W). Musa Kiledar Building. PINCODE 400011
098-Bapurao_Jagtap_Marg.pdf,2,82, to 5 (a) Maqba Building. 628/30. 1st Crosslane Namdev Muralidhar Joshi Marg. Y. Namdev Muralidhar Joshi Marg 1st Crosslane.  Pincode 400027
098-Bapurao_Jagtap_Marg.pdf,3,89, to 5 (a) Maqba Building. 628/30. 1 LAU CROSSLANE BEHIND NAMDEV MURALIDHAR JOSHI.. Namdev Muralidhar Joshi Marg 1st Crosslane.  Pincode 400027
098-Bapurao_Jagtap_Marg.pdf,4,89, to 11 Hendra Building. 1 Lau Crosslane Namdev Muralidhar Joshi Marg. Byculla (W). Namdev Muralidhar Joshi Marg 1st Crosslane. PINCODE 400027
098-Bapurao_Jagtap_Marg.pdf,8,90,Gharkul 1 Lau Crosslane Namdev Muralidhar Joshi Marg. Byculla W. Namdev Muralidhar Joshi Marg 1st Crosslane. PINCODE 400027
098-Bapurao_Jagtap_Marg.pdf,13,85,Janata Sevak Society Slum Opposite Municipal Gharan.1. Pais Road. Byculla (W). Pius Road.  Pincode 400011
098-Bapurao_Jagtap_Marg.pdf,17,87,Madina Milk Setter Mandena Masjid Byculla W. Musa Killedar Road.  Pincode 400011
098-Bapurao_Jagtap_Marg.pdf,18,86,_ Municipal Gharan.1 Samaril Janata Sevak Society Slum. - Pius Road. PINCODE 400011
098-Bapurao_Jagtap_Marg.pdf,19,90,Municipal Patra Chawl No. 37. Pius Road. PINCODE 400011
098-Bapurao_Jagtap_Marg.pdf,21,86,Hutmantus Jewels Association Chawl Scheme No 32. Pius Road. PINCODE 400011
098-Bapurao_Jagtap_Marg.pdf,28,77,p.m. road m u. b. No. A-1 s. J. Sec. Society Slum. Pais Road (M. No. B.38) Block 3 Pincode 400011
098-Bapurao_Jagtap_Marg.pdf,29,83,b. M. Slum near C Building No.1. Pius Road. PINCODE 400011
099-Bapurao_Jagtap_Marg.pdf,2,84, to 33 Jagatsmriti A Namdev Muralidhar Joshi Marg. 1st Cross Lane. Byculla Ya Namdev Muralidhar Joshi Marg. 1st Cross Lane. Byculla (West) Mt. No. 11 Pincode 400011
099-Bapurao_Jagtap_Marg.pdf,3,86, to 33 Jagatsmriti A Namdev Muralidhar Jashi Marg. 1 Lau Cross Lane. Byculla Namdev Muralidhar Joshi Marg. 1st Cross Lane. Byculla (West) Mt. No. 11 Pincode 400011
099-Bapurao_Jagtap_Marg.pdf,6,89,BEHIND  TO 33 JAGASMRITI B NAMDEV MURALIDHAR JOSHI. 1 LAU CROSS LANE. BYKHALA NAMDEV MURALIDHAR JOSHI MARG. 1ST CROSS LANE. PINCODE 400011
099-Bapurao_Jagtap_Marg.pdf,9,83, to 33 Jagatsmriti - Behind Sou Namdev Muralidhar Joshi. 1 Lau Cross Lane. Byculla Namdev Muralidhar Joshi Marg. 1st Cross Lane. PINCODE 400011
099-Bapurao_Jagtap_Marg.pdf,11,86,Gurusadan Building -D Behind Namdev Muralidhar Joshi. 1 Lau Cross Lane. Byculla (West) Namdev Muralidhar Joshi Marg. 1st Cross Lane. PINCODE 400011
099-Bapurao_Jagtap_Marg.pdf,12,84,Gurusadan Building -D Namdev Muralidhar Joshi Marg. 1st Cross Lane. Byculla (West) Namdev Muralidhar Joshi Marg. 1st Cross Lane. PINCODE 400011
099-Bapurao_Jagtap_Marg.pdf,14,88,Gurusadan Building -E Namdev Muralidhar Joshi Marg. 1 Lau Cross Lane. Byculla (West) Namdev Muralidhar Joshi Marg. 1st Cross Lane. PINCODE 400011
099-Bapurao_Jagtap_Marg.pdf,16,87,Gurusadan Building -F Namdev Muralidhar Joshi Marg. 1 Lau Cross Lane. Byculla (West) Namdev Muralidhar Joshi Marg. 1st Cross Lane. PINCODE 400011
099-Bapurao_Jagtap_Marg.pdf,19,87, to 39 Navin Adam Bori Building Namdev Muralidhar Jashi Marg. 1st Low Cross Lane. Namdev Muralidhar Joshi Marg. 1st Cross Lane. PINCODE 400011
100-Ganesh_Hari_Parundekar_Marg.pdf,2,86, Poman Niwas Namdev Muralidhar Joshi Marg 1st Cross Lane Byculla (West). Namdev Muralidhar Joshi Marg. 1st Cross Lane. Byculla (West) Mt. No. 11 Pincode 400011
100-Ganesh_Hari_Parundekar_Marg.pdf,3,84, Poman Niwas Namdev Muralidhar Joshi Marg 1 Lau Cross Lane Byculla (West). Namdev Muralidhar Joshi Marg. 1st Cross Lane. Byculla (West) Mt. No. 11 Pincode 400011
100-Ganesh_Hari_Parundekar_Marg.pdf,10,86, Rahome Building. Bapurao Jagtap Marg. Satarasta. Bapurao Jagtap Marg. Satrasta Mu. No. 11 Pincode 400011
100-Ganesh_Hari_Parundekar_Marg.pdf,11,87, A Rahim Building Patra Chawl Bapurao Jagtap Marg. Satarasta. Bapurao Jagtap Marg. Pincode
100-Ganesh_Hari_Parundekar_Marg.pdf,12,89, A. Rahim Building Patra Chawl Satarasta. Bapurao Jagtap Marg. Pincode
100-Ganesh_Hari_Parundekar_Marg.pdf,13,89,Nematulla Trust Chawl Satarasta T K No. Bapurao Jagtap Marg. Pincode
100-Ganesh_Hari_Parundekar_Marg.pdf,16,88,NEAR  80 Tenaments A Satarasta. That's right. Bapurao Jagtap Marg. Pincode
100-Ganesh_Hari_Parundekar_Marg.pdf,17,80,NEAR  80 TANAMENTUS B SATRASTA. Bapurab Jagtap Marg. Pincode
100-Ganesh_Hari_Parundekar_Marg.pdf,18,81,NEAR  80 TANAMENTUS B SATRASTA. Bapurao Jagtap Marg. Pincode
100-Ganesh_Hari_Parundekar_Marg.pdf,20,81,Gallic Compound Satarasta. Bapurab Jagtap Marg. Pincode
100-Ganesh_Hari_Parundekar_Marg.pdf,21,87, Municipal Patra Chawl No. 16 Hansroad. Patrachal. Byculla (West) Mu. No. 11 T Bapurao Jagtap Marg 4 to 18. . Hansroad. Patrachal. Byculla (West) Mt. No. 11 Mumbai City
100-Ganesh_Hari_Parundekar_Marg.pdf,22,86, Patra Chawl No. 17 Hansroad. Patrachal. Byculla (West) Bapurab Jagtap Marg 4 to 18. Pincode
100-Ganesh_Hari_Parundekar_Marg.pdf,23,87, Patra Chawl No. 17 Hansroad. Patrachal. Byculla (West) Bapurao Jagtap Marg 4 to 18. Pincode
100-Ganesh_Hari_Parundekar_Marg.pdf,24,88, Municipal Patra Chawl No. 18 Hansroad. Patrachal. Byculla (West) Bapurao Jagtap Marg 4 to 18. Pincode
100-Ganesh_Hari_Parundekar_Marg.pdf,25,89, MUNICIPAL PATRA Chawl NO 18 SLUMB NEAR HANS ROAD. PATRACHAL. BAPURAO JAGTAP MARG 4 TO 18. PINCODE
100-Ganesh_Hari_Parundekar_Marg.pdf,26,81, MUNICIPAL PATRA Chawl NO 20 HANS ROAD. PATRACHAL. BYKHALA (WEST) BAPURB JAGTAP MARG 4 TO 18. PINCODE
100-Ganesh_Hari_Parundekar_Marg.pdf,27,83,mu. Building No. 2 Bapurao Jagtap Marg. Byculla (West) Bapurao Jagtap Marg 4 to 18. Pincode 400011
100-Ganesh_Hari_Parundekar_Marg.pdf,29,87,mu. Chawl No 2 Near Slum Bapurab Jagtap Marg. Byculla (West) Bapurab Jagtap Marg 4 to 18. Pincode
100-Ganesh_Hari_Parundekar_Marg.pdf,30,90,Mu. Chawl No. 18 Bapurab Jagtap Marg. Byculla (West) Bapurab Jagtap Marg 4 to 18. Pincode
100-Ganesh_Hari_Parundekar_Marg.pdf,31,85,Municipal Building No. 5 60 Tenement Compound B. J. Marg Byculla (West) Bapurab Jagtap Marg 4 to 18. Pincode
100-Ganesh_Hari_Parundekar_Marg.pdf,32,87,Municipal Building No. 5 60 Tenement Compound Bau. J. Back Byculla (West) Bapurao Jagtap Marg 4 to 18. Pincode
100-Ganesh_Hari_Parundekar_Marg.pdf,33,85,Slum Near Municipal Building No. 5 60 Tenement Compound B. J. Behind Bapurao Jagtap Marg 4 to 18. Pincode
100-Ganesh_Hari_Parundekar_Marg.pdf,34,85,Municipal Building No. 10. 96 Tenamet Compound B. J. Back Byculla (West) Bapurao Jagtap Marg 4 to 18. Pincode
100-Ganesh_Hari_Parundekar_Marg.pdf,35,85,Municipal Building No. 17. 96 Tenamet Compound B. J. Back Byculla (West) Bapurao Jagtap Marg 4 to 18. Pincode
100-Ganesh_Hari_Parundekar_Marg.pdf,36,88,Huts in front of Municipal Building No. 2. 96 Tenamet Bau. J. Back Byculla Bapurab Jagtap Marg 4 To 18. Pincode
101-Ganesh_Hari_Parundekar_Marg.pdf,2,83, to 698 E Fatmabai Building. Bapurao Jagtap Marg. Byculla. Bapurao Jagtap Marg. Byculla (West) Mt. No. 11 Pincode 400011
101-Ganesh_Hari_Parundekar_Marg.pdf,3,88,Slum near Fatmabai Chawl Bapurao Jagtap Marg. Byculla (West). Bapurab Jagtap Marg.. Pincode
101-Ganesh_Hari_Parundekar_Marg.pdf,6,80, Kondachi Building Bapurao Jagtap Marg. Byculla (West). Bapurab Jagtap Marg.. Pincode
101-Ganesh_Hari_Parundekar_Marg.pdf,7,86,Opposite  to 698 Begum Mohammad Chawl Maratha Madour. Bapurab Jagtap Marg.. Pincode
101-Ganesh_Hari_Parundekar_Marg.pdf,10,88,Kafaroada Manzil Isa Mansion Opposite Tambit Naka Police Post. Byculla (W) Tens. Ganesh Hari Parundekar Marg.. Tambit Naka Tens Road. Byculla (W) Mu. No. 11 Mumbai City
101-Ganesh_Hari_Parundekar_Marg.pdf,13,87,Long Sirmant chawl. Byculla Station Road. Byculla (West) Ganesh Hari Parundekar Road. Byculla Station Road. Byculla (West) Mt. No. 11 Pincode
101-Ganesh_Hari_Parundekar_Marg.pdf,14,91,Long Cement Road. Byculla Station Road. Byculla (West) Ganesh Hari Parundekar Road. Byculla Station Road. Byculla (West) Mt. No. 11 Pincode
101-Ganesh_Hari_Parundekar_Marg.pdf,16,87,Long Sirmant chawl. Byculla Station Road. Byculla (West) Ganesh Hari Parundekar Road. Byculla Station Road. Byculla (West) Mt. No. 11 Pincode
101-Ganesh_Hari_Parundekar_Marg.pdf,17,91,Long Cement Road. Byculla Station Road. Byculla (West) Ganesh Hari Parundekar Road. Byculla Station Road. Byculla (West) Mt. No. 11 Pincode
101-Ganesh_Hari_Parundekar_Marg.pdf,18,87,Long Sirmant chawl. Byculla Station Road. Byculla (West) Ganesh Hari Parundekar Road. Byculla Station Road. Byculla (West) Mt. No. 11 Pincode
101-Ganesh_Hari_Parundekar_Marg.pdf,31,91,Long Cement Road. Byculla Station Road. Byculla (West) Ganesh Hari Parundekar Road. Byculla Station Road. Byculla (West) Mt. No. 11 Pincode
101-Ganesh_Hari_Parundekar_Marg.pdf,32,87,Long Sirmant chawl. Byculla Station Road. Byculla (West) Ganesh Hari Parundekar Road. Byculla Station Road. Byculla (West) Mt. No. 11 Pincode
102-Bapurao_Jagtap_Marg.pdf,2,88, Chawl no. 1 Transit Camp. Hans Road. Bapurao Jagtap Marg. Sector Bapurao Jagtap Marg. Transit Camp. Hans Road. Mu. No. 8 Pincode 400011
102-Bapurao_Jagtap_Marg.pdf,4,87, Chawl No. 2 Transit Camp. Hans Road. Byculla (West)  -  Bapurao Jagtap Marg. Pincode
102-Bapurao_Jagtap_Marg.pdf,5,86, Municipal Chawl No. 3 Transit Camp. Hans Road Byculla  -  Bapurao Jagtapmarg. Pincode Rs
102-Bapurao_Jagtap_Marg.pdf,6,85, Municipal chawl. No. 4 Transit Camp Hans Road. Byculla  -  Bapurao Jagtapmarg. Pincode Rs
102-Bapurao_Jagtap_Marg.pdf,7,86, Municipal chawl. No. 4 Transit Camp Hans Road. Byculla  -  Bapurao Jagtapmarg. Pincode
102-Bapurao_Jagtap_Marg.pdf,8,90, Municipal Chawl No. 6 Transit Camp. Hans Road. Byculla  -  Bapurao Jagtap Marg. Pincode
102-Bapurao_Jagtap_Marg.pdf,9,88, Municipal Chawl No. 7 Transit Camp. Hans Road. Byculla  -  Bapurao Jagtap Marg. Pincode
102-Bapurao_Jagtap_Marg.pdf,11,89, Municipal chawl. No. 8 Transit Camp. Bapurao Jagtap Marg. Hans  -  Bapurao Jagtap Marg. Pincode
102-Bapurao_Jagtap_Marg.pdf,12,87, Municipal chawl. No. 8 Transit Camp. Bapurao Jagtap Marg. Hans  -  Bapurao Jagtap Marg. Pincode Rs
102-Bapurao_Jagtap_Marg.pdf,13,88, Municipal chawl. No. 9 Transit Camp. Bapurao Jagtap Marg. Hans  -  Bapurao Jagtap Marg. Pincode
102-Bapurao_Jagtap_Marg.pdf,14,89, Municipal chawl. No. 11 Transit Camp. Hans Road. Bapurao Jagtap  -  Bapurao Jagtap Marg. Pincode
102-Bapurao_Jagtap_Marg.pdf,15,89, Municipal chawl. No. 14 Bapurao Jagtap Marg. Hans Road. Transit Dept. Bapurao Jagtap Marg. Pincode
102-Bapurao_Jagtap_Marg.pdf,16,89, Municipal chawl. No. 16 Bapurao Jagtap Marg. Hans Road. Transit Dept. Bapurao Jagtap Marg. Pincode
102-Bapurao_Jagtap_Marg.pdf,17,85, Municipal Building Block A 112 Tenement Compound. Bapurao  -  Bapurao Jagtapmarg. Pincode
102-Bapurao_Jagtap_Marg.pdf,18,86, Municipal Building Block B 112 Tenamet Compound. Bapurao  -  Bapurao Jagtap Marg. Pincode
102-Bapurao_Jagtap_Marg.pdf,20,84, Municipal Building Block C 112 Tenamet Compound. Bapurao  -  Bapurao Jagtap Marg. Pincode
102-Bapurao_Jagtap_Marg.pdf,21,85, Municipal Building Block D 112 Tenamet Compound. Bapurao  -  Bapurao Jagtap Marg. Pincode
102-Bapurao_Jagtap_Marg.pdf,22,83, Municipal Building Block In 112 Tenamat Compound. Bapurao  -  Bapurao Jagtap Marg. Pincode
102-Bapurao_Jagtap_Marg.pdf,24,88, Municipal Building Block F 112 Tenement Compound. Bapurao  -  Bapurao Jagtapmarg. Pincode.
103-Bapurao_Jagtap_Marg.pdf,2,83, Allarakha Building. Jacob Circle. Byculla (West) Mt. No. 11. Bapurao Jagtap Marg. Pincode 400011
103-Bapurao_Jagtap_Marg.pdf,3,85, Allarakha Building. Jacob Circle. Byculla (West) Mt. No. 11. Bapurao Jagtap Marg. Pincode 400011
103-Bapurao_Jagtap_Marg.pdf,4,86,Ramchandra Mali Building Satarasta. Byculla (West) Mt. No. 11. Bapurao Jagtap Marg. Pincode
103-Bapurao_Jagtap_Marg.pdf,5,81,Laka Building Satarasta. Byculla (West) Mu. No. 11. Bapurao Jagtap Marg. Pincode
103-Bapurao_Jagtap_Marg.pdf,6,84,Gandhi Building Satarasta. Byculla (West) Mt. No. 11. Bapurao Jagtap Marg. Pincode
103-Bapurao_Jagtap_Marg.pdf,7,85, Musa Building. Satarasta. Byculla (West) Mu. No. 11. Bapurao Jagtap Marg. Pincode
103-Bapurao_Jagtap_Marg.pdf,8,82, Musa Building. Satarasta. Byculla (West) Mu. No. 11. Bapurao Jagtap Marg. Pincode b
103-Bapurao_Jagtap_Marg.pdf,9,85, Musa Building. Satarasta. Byculla (West) Mu. No. 11. Bapurao Jagtap Marg. Pincode
103-Bapurao_Jagtap_Marg.pdf,10,90,Ahmed Suleman chawl. Satarasta. Byculla (West) Md. Bapurao Jagtap Marg. Pincode
103-Bapurao_Jagtap_Marg.pdf,11,90,Ahmed Suleman Building. Satarasta. Byculla (West). Bapurao Jagtap Marg. Pincode
103-Bapurao_Jagtap_Marg.pdf,13,83, Old Ahmad Sulaiman Chawl Satarasta. Byculla (West). Bapurao Jagtap Marg. Pincode 400011
103-Bapurao_Jagtap_Marg.pdf,15,82, M U. Chawl B Lak G Satarasta. Byculla (West) Md. No. Bapurao Jagtap Marg. M U d. No. 666 Block 14 Pincode 400011
103-Bapurao_Jagtap_Marg.pdf,16,87, Transit Camp Slum Satarasta. Byculla (West. Bapurao Jagtap Marg.  Block 14 Pincode
103-Bapurao_Jagtap_Marg.pdf,17,84, B Block A to G Back Slum Bapurao Jagtap Marg. Jacob. Bapurao Jagtap Marg. M.U. d. No. 666 Volume 14 Pincode
103-Bapurao_Jagtap_Marg.pdf,18,85, B Lock Transient Camp F Back Huts Gross. Satarasta Bh. Bapurao Jagtap Marg. M.U. d. No. 666 Volume 14 Pincode
103-Bapurao_Jagtap_Marg.pdf,19,87, TRANSIT CAMP D BEHIND SHOTS. BAPURAO JAGTAP MARG. JACOB BAPURAO JAGTAP MARG PINCODE
104-Bapurao_Jagtap_Marg.pdf,2,83,Transit Camp Zopatty. Jacob Circle. Satarasta. Byculla (West). Maulana Azad Road. 25 E to 49 B. PINCODE 400011
104-Bapurao_Jagtap_Marg.pdf,3,80,Transit Camp Zopattari. Jacob Circle. Satarasta. Byculla (West). Maulana Azad Road. 25 E to 49 B. PINCODE 400011
104-Bapurao_Jagtap_Marg.pdf,5,89,-A. Gawli Chawl Maulana Azad Road. Byculla (West) Satarasta. Maulana Azad Road. 25 E to 49 B. PINCODE 400011
104-Bapurao_Jagtap_Marg.pdf,6,89, Y 43 Do. Green Building Molana Azad Road. Byculla (West). Maulana Azad Road. 25 E to 49 B. PINCODE 400011
104-Bapurao_Jagtap_Marg.pdf,10,88, Yusuf Haji Mia Chawl Maulana Azad Road. Byculla (West). Maulana Azad Road. 25 E to 49 B. PINCODE 400011
104-Bapurao_Jagtap_Marg.pdf,12,86,Municipal House No. Slum Near Brundbury Mill Maulana Azad Road. Byculla (West). Maulana Azad Road. 25 E to 49 B. PINCODE 400011
104-Bapurao_Jagtap_Marg.pdf,14,85, Khushnuma Apartment Beside Petrol Pump Byculla Station Road (West). Maulana Azad Road. 25 E to 49 B. PINCODE 400011
104-Bapurao_Jagtap_Marg.pdf,15,92,Municipal House No.Bhaikhala Slum Sangh (M. Phule Nagar) Behind Bapurao Jagtap. Bapurao Jagtap Marg. (M. No. V 38) Block 15 Pincode 400011
104-Bapurao_Jagtap_Marg.pdf,21,81,Pincode and Rs
105-Bapurao_Jagtap_Marg.pdf,2,86,Allarkhow Building. Jacob Circle Byculla (West). Maulana Azad Road. 11 to 15. 25 C. PINCODE 400011
105-Bapurao_Jagtap_Marg.pdf,3,84, Fatmabai Kote Building. Jacob Sarkel. Bank of Maharashtra. Byculla. Maulana Azad Road. 11 to 15. 25 C. Pincode
105-Bapurao_Jagtap_Marg.pdf,4,88, Old Dhanwar Building. Jacob Sarkel Byculla (West). Maulana Azad Road. 11 to 15. 25 C. Pincode
105-Bapurao_Jagtap_Marg.pdf,5,86,-A-Pirmohammad chawl. Jacob Scale Byculla (West). Maulana Azad Road. 11 to 15. 25 C. Pincode
105-Bapurao_Jagtap_Marg.pdf,6,91,-B Dagdi chawl. Bapurao Jagtap Marg. Next to Shankar Mandir. Byculla. Bapurao Jagtap Marg. 714 B-714 I. PINCODE 400011
105-Bapurao_Jagtap_Marg.pdf,8,90,-EE Dagdi Chawl Bapurao Jagtap Marg. Next to Shankar Mandir. Byculla. Bapurao Jagtap Marg. 714 B-714 Beside I Shankar Mandir. Byculla (W) Mu. No. 11 Mumbai City
105-Bapurao_Jagtap_Marg.pdf,10,91,-F Dagdi Chawl Bapurao Jagtap Marg.. Next to Shankar Mandir. Byculla. Bapurao Jagtap Marg. 714 B-714 I. Pincode
105-Bapurao_Jagtap_Marg.pdf,12,90,-G Dagdi Chawl Bapurao Jagtap Marg. Next to Shankar Mandir. Byculla. Bapurao Jagtap Marg. 714 B-714 I. Pincode
105-Bapurao_Jagtap_Marg.pdf,15,87,-H Dagdi Chawl Bapurao Jagtap Marg. Next to Shankar Mandir. Byculla. Bapurao Jagtap Marg. 714 B-714 I. Pincode
105-Bapurao_Jagtap_Marg.pdf,17,87,- I Dagdi Chawl Bapurao Jagtap Marg. Next to Shankar Mandir.. Bapurao Jagtap Marg. 714 B-714 I. Pincode
105-Bapurao_Jagtap_Marg.pdf,20,88, to 80 Tenamentus Sou. B. J. Marg. Jacob Scales. Byculla (West). Bapurao Jagtap Marg 663 to 673. Block 17 Pincode 400011
105-Bapurao_Jagtap_Marg.pdf,21,86, to 80 Tenamentus de B. J. Back. Jacob Sarkell. Byculla (West). Bapurao Jagtap Marg 663 to 673. Block 17 Pincode
105-Bapurao_Jagtap_Marg.pdf,22,87, to 80 Tenaments in Bau. J. Marg. Jacob Sakell. Byculla (West). Bapurao Jagtap Marg 663 to 673. Block 17 Pincode
105-Bapurao_Jagtap_Marg.pdf,23,88,Huts near  to 80 Tenements B. J. Marg. Jacob Sarkell. Bapurao Jagtap Marg 663 to 673. Block 17 Pincode
105-Bapurao_Jagtap_Marg.pdf,24,88, RAHEMAN COMPOUND. BYKHALA STATION MARGAG. LUCKY HOTEL. LONG CEMENT Chawl 2. GANESH HARI PARUNDEKAR MARG 604 TO 98. KHAND PINCODE 400011
105-Bapurao_Jagtap_Marg.pdf,25,88,Sarada Compound Byculla Station Marg. Laka Hotel. Opposite Long Cement chawl. 2. Ganesh Hari Parundekar Marg 604 to 98. Block Pincode 400011
105-Bapurao_Jagtap_Marg.pdf,26,83,SULEIMAN BUILDING BYKHALA STATION MARG LUCKY HOTEL LONG CEMENT 2. GANESH HARI PARUNDEKAR MARG 604 TO 98. KHAND PINCODE
105-Bapurao_Jagtap_Marg.pdf,28,87,Ahmad Sulaiman Building Slum Byculla Station Marg. Lucky Hotel. Long 2. Ganesh Hari Parundekar Marg 604 to 98. Block Pincode
105-Bapurao_Jagtap_Marg.pdf,30,85,Huts Near Teyyab Aloubhai Stables Byculla Station Marg. Laka Hotel. 2. Ganesh Hari Parundekar Marg 604 to 98. Block Pincode
106-Sant_Savata_Marg_Byculla.pdf,2,88, to 70 Ram Serier Irani chawl. Byculla. Dr. Ba. Am. Road. PINCODE 400027
106-Sant_Savata_Marg_Byculla.pdf,3,91, to 128 Ramnagar (a) Byculla. Dr. Ba. Am. Road. PINCODE 400027
106-Sant_Savata_Marg_Byculla.pdf,6,91, B Ramnagar Interior. Byculla. Dr. Ba. Am. Road. PINCODE 400027
106-Sant_Savata_Marg_Byculla.pdf,8,89, C Ramnagar Dr. Babasaheb Ambedkar Road No. 2 Part. Byculla. Dr. Ba. Am. Road. PINCODE 400027
106-Sant_Savata_Marg_Byculla.pdf,9,92, Ramnagar d Dr. Babasaheb Ambedkar Road. Byculla. Dr. Ba. Am. Road. PINCODE 400027
106-Sant_Savata_Marg_Byculla.pdf,10,93, Ramnagar and Dr. Babasaheb Ambedkar Road. Byculla. Dr. Ba. Am. Road. PINCODE 400027
106-Sant_Savata_Marg_Byculla.pdf,11,92, RAMNAGAR F DR. Babasaheb Ambedkar Road. Byculla. Dr. Ba. Am. Road. Opposite Jijamata Park. Byculla (W). Mumbai 27 Mumbai City
106-Sant_Savata_Marg_Byculla.pdf,13,87, to 134 Meher Alou Mansion Byculla. Dr. Ba. Am. Road. PINCODE 400027
106-Sant_Savata_Marg_Byculla.pdf,14,89, f Ramnagar Dr. Babasaheb Ambedkar Road. Inner Bajus. Byculla. Dr. Ba. Am. Road. PINCODE 400027
106-Sant_Savata_Marg_Byculla.pdf,15,82,Nagardas Menkachand & Company. Byculla (Puvey). Mumbai Sant Savata Marg. Khambatalen. Sant Savata Marg. 1st Cross Lane. Anthony D'Souza High School. Ground Floor Pincode
106-Sant_Savata_Marg_Byculla.pdf,16,89, Redis Biddy Shop Sant Savata Marg. Byculla (Puvey). Mumbai Sant Savata Marg. Khambatalen. Sant Savata Marg. 1st Cross Lane. Anthony D'Souza High School. Ground Floor Pincode
106-Sant_Savata_Marg_Byculla.pdf,17,89, ALEBIAN PALACE SANT SAWATA MARG. BYKHALA (PUVE). MUMBAI SANT SAWATA MARG. KHAMBATALEN. SANT SAWATA MARG. 1TH CROSS LANE. ANTHONY D'SOUZA HIGH SCHOOL. GROUND FLOOR PINCODE
106-Sant_Savata_Marg_Byculla.pdf,18,90, TATA COMPOUND SANT SAWATA MARG. BYKHALA (PUVE). MUMBAI SANT SAVATA MARG. KHAMBATALEN. SANT SAVATA MARG. 1TH CROSS LANE. ANTHONY D'SOUZA HIGH SCHOOL. GROUND FLOOR PINCODE
106-Sant_Savata_Marg_Byculla.pdf,19,88, (110) PATRA SHED (TATA COMPOUND) SANT SAVATA MARG. BYKHALA (PUVE). SANT SAVATA MARG. KHAMBATALEN. SANT SAVATA MARG. PHILI CROSSLANE. ANTHONY D'SOUZA HIGH SCHOOL. GROUND FLOOR PINCODE
106-Sant_Savata_Marg_Byculla.pdf,20,89, KHMBATA HOUSE KHMBATA LANE. SANT SAWATA MARG. BYCLAWA (EAST). MUMBAI SANT SAVATA MARG. KHAMBATALEN. SANT SAWATA MARG. PHILI CROSS LANE. ANTHONY D'SOUZA HIGH SCHOOL. GROUND FLOOR PINCODE
106-Sant_Savata_Marg_Byculla.pdf,22,89,THAKUR HOUSE KHMBATA LANE CROSS 1TH GALLI. SANT SAWATA MARG. SANT SAWATA MARG. KHAMBATALEN. SANT SAWATA MARG. 1ST SAWATA MARG. ANTHONY D'SOUZA HIGH SCHOOL. GROUND FLOOR PINCODE
106-Sant_Savata_Marg_Byculla.pdf,23,91, B MUNICIPAL Chawl NO 2 KHAMBATA HOUSE KHAMBATA LANE. SANT SAVATA MARG. SANT SAVATA MARG. KHAMBATALEN. SANT SAVATA MARG. PHILI CROSSLANE. ANTHONY D'SOUZA HIGH SCHOOL. GROUND FLOOR PINCODE
106-Sant_Savata_Marg_Byculla.pdf,24,91, Iqbal Mansion. Khambata Lane. Sant Savata Marg. Crosslane. Byculla Sant Savata Marg. Khambatalen. Sant Savata Marg. 1st Crosslane. Anthony D'Souza High School. Ground Floor Pincode
106-Sant_Savata_Marg_Byculla.pdf,26,82, GLORIA CONVET SCHOOL SANT SAWATA MARG. CROSSLANE. BYCLAWA (PUVE). SANT SAVATA MARG. KHAMBATALEN. SANT SAWATA MARG. PHILI CROSSLANE. ANTHONY D'SOUZA HIGH SCHOOL. GROUND FLOOR PINCODE
106-Sant_Savata_Marg_Byculla.pdf,27,88, MUNICIPAL Chawl NO 2 SANT SAWATA MARG. BYCLAWA (EAST). MUMBAI SANT SAWATA MARG. KHAMBATALEN. SANT SAWATA MARG. PHILI CROSSLANE. ANTHONY D'SOUZA HIGH SCHOOL. GROUND FLOOR PINCODE
106-Sant_Savata_Marg_Byculla.pdf,28,89, IQBAL MANSION SANT SAWATA MARG. CROSSLANE 1ST SAWATA MARG. BYKHALA SANT SAWATA MARG. KHAMBATALEN. SANT SAWATA MARG. 1ST SAWATA MARG. ANTHONY D'SOUZA HIGH SCHOOL. GROUND FLOOR PINCODE
106-Sant_Savata_Marg_Byculla.pdf,29,87,28 Iqbal Mansion Sant Savata Marg. Byculla (Puvey). Mumbai No. 400027 Sant Savata Marg. Khambatalen. Sant Savata Marg. 1st Crosslane. Anthony D'Souza High School. Ground Floor Pincode
107-Sant_Savata_Marg_Byculla.pdf,2,80, MULJEE BROTHERS. SEQUERA COMPOUND. BYKHALA. ॒ SANT SAVATA MARG PINCODE 400027
107-Sant_Savata_Marg_Byculla.pdf,3,84,Municipal House No.94-100 Haji Ismail Haji Allana b. . Byculla. Sant Savata Marg Pincode 400027
107-Sant_Savata_Marg_Byculla.pdf,4,89,Haji Ismail Haji Allana Building. Byculla. Sant Savata Marg Pincode 400027
107-Sant_Savata_Marg_Byculla.pdf,5,90,HAJI ISMAIL chawl.. GALLI INSIDE BAJUS BYKHALA. SANT SAVATA MARG PINCODE 400027
107-Sant_Savata_Marg_Byculla.pdf,14,84, Da Haji Ismail chawl. Sequera Compound. Byculla. Sant Savata Marg. Pincode
107-Sant_Savata_Marg_Byculla.pdf,15,87,_  Haji Allana chawl. Sequera Compound. Byculla. Sant Savata Marg. Pincode
107-Sant_Savata_Marg_Byculla.pdf,17,84, Unan Matnity Home. Sequera Compound. Byculla. Sant Savata Marg. Pincode
107-Sant_Savata_Marg_Byculla.pdf,19,70,Chanya Shop opposite 15 Rustambagh. Byculla. Sant Savata Marg. Pincode
107-Sant_Savata_Marg_Byculla.pdf,20,83,Rustambagh Neighbor. Byculla. Sant Savata Marg Pincode 400027
108-Sant_Savata_Marg_Byculla.pdf,2,82, Camel House Jijamata Park Dr. Ambedkar Road. Byculla Dr. Babasaheb Ambedkar. PINCODE 400027
108-Sant_Savata_Marg_Byculla.pdf,3,69, SAVATMALI BHUVAN PINCODE 400027
108-Sant_Savata_Marg_Byculla.pdf,5,81,JENAB MAHAL PINCODE 400027
108-Sant_Savata_Marg_Byculla.pdf,6,84,HOTEL KRISHNA PUNJAB PINCODE 400027
108-Sant_Savata_Marg_Byculla.pdf,7,65,Alexander Terrace Dr. Babasaheb Ambedkar. Pincode 400027
108-Sant_Savata_Marg_Byculla.pdf,8,82,Alexander Terrace Rear Side Colony. Pincode 400027
108-Sant_Savata_Marg_Byculla.pdf,9,55,JAUJAMATA UDYAN POST OFFICE C PINCODE 400027
108-Sant_Savata_Marg_Byculla.pdf,10,80, Karani Niwas Pincode 400027
108-Sant_Savata_Marg_Byculla.pdf,11,65, WADAN BUNGALOW PINCODE 400027
108-Sant_Savata_Marg_Byculla.pdf,12,63, WADON Chawl PINCODE 400027
108-Sant_Savata_Marg_Byculla.pdf,13,69, D WADAN Chawl PINCODE 400027
108-Sant_Savata_Marg_Byculla.pdf,14,46, GLOROYA TERRACE PINCODE 400027
108-Sant_Savata_Marg_Byculla.pdf,15,75, KHAN BUILDING DR. Babasaheb Ambedkar. Pincode 400027
108-Sant_Savata_Marg_Byculla.pdf,17,59, KHAN BUILDING COMPOUND Chawl PINCODE 400027
108-Sant_Savata_Marg_Byculla.pdf,18,73, KHAN BUILDING PATRA SHED PINCODE 400027
108-Sant_Savata_Marg_Byculla.pdf,19,69, Mafatlal Mill Chawl Pincode 400027
108-Sant_Savata_Marg_Byculla.pdf,20,79, Karani Niwas Pincode 400027
109-Sant_Savata_Marg_Byculla.pdf,2,83,Municipal School Samarol Huts Baikal ॒ | a) e. S. Patanwala Marg Pincode 400027
109-Sant_Savata_Marg_Byculla.pdf,3,81,Huts in front of Municipal School Baikal ॒ | a) e. S. Patanwala Marg Pincode 400027
109-Sant_Savata_Marg_Byculla.pdf,4,79,Maratha Hospital c. Slums in front of Mu. The slum in front of the school. | a) e. S. Patanwala Marg Pincode 400027
109-Sant_Savata_Marg_Byculla.pdf,6,86,mu. who Slums adjacent to Patrashed Mu. Huts in front of school. Byculla | a) e. S. Patanwala Marg Pincode 400027
109-Sant_Savata_Marg_Byculla.pdf,7,83, Khandke Building (Mangesh Panwala) Byculla | a) e. S. Patanwala Marg Pincode 400027
109-Sant_Savata_Marg_Byculla.pdf,8,71, Naromal Bungalow Byculla | a) e. S. Patnabala Marg (M. No. B.39) Block-1 Pincode 400027
109-Sant_Savata_Marg_Byculla.pdf,9,78, Dalal House Byculla | a) e. S. Patanwala Marg Pincode 400027
109-Sant_Savata_Marg_Byculla.pdf,10,83, Victoria Terrace Bhau Bhogle Marg. Byculla | a) e. S. Patanwala Marg Pincode 400027
109-Sant_Savata_Marg_Byculla.pdf,11,81, A Wadanan Chawl In. S. Lane between Patnawala Marg / Bhau Bhogle a) e. S. Patnawala Marg. PINCODE 400027
109-Sant_Savata_Marg_Byculla.pdf,14,88, B Ins. S. Patanwala Marg / Bhau Bhogle Marg no. 2 Byculla | a) e. S. Patnawala Marg. PINCODE 400027
109-Sant_Savata_Marg_Byculla.pdf,15,88, A. Wadan Chawl Bhau Bhogle Madi Beside Road. Byculla | a) e. S. Patnawala Marg. PINCODE 400027
109-Sant_Savata_Marg_Byculla.pdf,17,83, A. Wadan Chawl Kras Bhau Bhogle Maga Byculla | a) e. S. Patnawala Marg. PINCODE 400027
109-Sant_Savata_Marg_Byculla.pdf,18,87, B. Wadan Chawl Kras Bhau Bhogle Marg Byculla | a) e. S. Patnawala Marg. PINCODE 400027
109-Sant_Savata_Marg_Byculla.pdf,19,88, C. Wadan Chawl Kras Bhau Bhogle Marg Byculla | a) e. S. Patnawala Marg. PINCODE 400027
109-Sant_Savata_Marg_Byculla.pdf,25,85, B. Wadan Chawl Bhau Bhogle Marg Byculla | a) e. S. Patnabala Marg. PINCODE 400027
