filename,page,confidence,original_content,content
BoothVoterList_A4_Ward_211_Booth_1.pdf,2,85,,"LIST PART NO. 1 3 7  : Municipal House No. 2 1A, Gani Attarwala chawl, Ghelabai Road,"
BoothVoterList_A4_Ward_211_Booth_1.pdf,7,89,,"LIST PART NO. 1 3 7  : Municipal House No. 2 1, Gani Attarwala chawl, Ghelabai Road,"
BoothVoterList_A4_Ward_211_Booth_1.pdf,12,87,,"LIST PART NO. 1 3 7  : Municipal House No. 19, Navi chawl, Ghelabai Road,"
BoothVoterList_A4_Ward_211_Booth_1.pdf,18,92,,"LIST PART NO. 1 3 7  : Municipal House No. 2 1, Akhade Ki chawl, Ghelabai Road,"
BoothVoterList_A4_Ward_211_Booth_1.pdf,20,89,,"LIST PART NO. 1 3 7  : Municipal House No. 2 1, Akhade Ki chawl, Second Ghelabhai Road"
BoothVoterList_A4_Ward_211_Booth_1.pdf,21,89,,"LIST PART NO. 1 3 7  : Ghelabai Madan Pura, 2nd Ghelabhai Road,"
BoothVoterList_A4_Ward_211_Booth_1.pdf,22,91,,"LIST PART NO. 1 3 7  : Danish Villa, 3rd Ghelabhai Road, Madanpura"
BoothVoterList_A4_Ward_211_Booth_1.pdf,27,87,,"LIST PART NO. 1 3 7  : Municipal House No. 19, Navi chawl, Ghelabai Road,"
BoothVoterList_A4_Ward_211_Booth_1.pdf,28,91,,"LIST PART NO. 1 3 7  : Danish Villa, 3rd Ghelabhai Road, Madanpura"
BoothVoterList_A4_Ward_211_Booth_1.pdf,29,87,,"LIST PART NO. 1 3 7  : Municipal House No. 19, Navi chawl, Ghelabai Road,"
BoothVoterList_A4_Ward_211_Booth_1.pdf,30,85,,"LIST PART NO. 1 3 7  : Municipal House No. 2 1A, Gani Attarwala chawl, Ghelabai Road,"
BoothVoterList_A4_Ward_211_Booth_1.pdf,31,91,,"LIST PART NO. 1 3 7  : Danish Villa, 3rd Ghelabhai Road, Madanpura"
BoothVoterList_A4_Ward_211_Booth_1.pdf,32,89,,"LIST PART NO. 1 3 7  : Municipal House No. 2 1, Gani Attarwala chawl, Ghelabai Road,"
BoothVoterList_A4_Ward_211_Booth_1.pdf,33,92,,"LIST PART NO. 1 3 7  : Municipal House No. 2 1, Akhade Ki chawl, Ghelabai Road,"
BoothVoterList_A4_Ward_211_Booth_1.pdf,34,91,,"LIST PART NO. 1 3 7  : Danish Villa, 3rd Ghelabhai Road, Madanpura"
BoothVoterList_A4_Ward_211_Booth_1.pdf,35,89,,"LIST PART NO. 1 3 7  : Municipal House No. 2 1, Gani Attarwala chawl, Ghelabai Road,"
BoothVoterList_A4_Ward_211_Booth_1.pdf,36,91,,"LIST PART NO. 1 3 7  : Danish Villa, 3rd Ghelabhai Road, Madanpura"
BoothVoterList_A4_Ward_211_Booth_1.pdf,37,87,,"LIST PART NO. 1 3 7  : Municipal House No. 19, Navi chawl, Ghelabai Road,"
BoothVoterList_A4_Ward_211_Booth_1.pdf,38,91,,"LIST PART NO. 1 3 7  : Danish Villa, 3rd Ghelabhai Road, Madanpura"
BoothVoterList_A4_Ward_211_Booth_1.pdf,39,87,,"LIST PART NO. 1 3 7  : Municipal House No. 19, Navi chawl, Ghelabai Road,"
BoothVoterList_A4_Ward_211_Booth_1.pdf,40,91,,"LIST PART NO. 1 3 7  : Danish Villa, 3rd Ghelabhai Road, Madanpura"
BoothVoterList_A4_Ward_211_Booth_1.pdf,41,87,,"LIST PART NO. 1 3 7  : Municipal House No. 19, Navi chawl, Ghelabai Road,"
BoothVoterList_A4_Ward_211_Booth_10.pdf,2,87,,"LIST PART NO. 198  : SATS chawl, 2nd Ghelabai Road,"
BoothVoterList_A4_Ward_211_Booth_10.pdf,6,82,,"LIST PART NO. 198  : PRAMS chawl, 2nd Ghelabai Road,"
BoothVoterList_A4_Ward_211_Booth_10.pdf,8,92,,"LIST PART NO. 198  : Municipal House No. 5, Bhiwandiwali chawl, 2nd Ghelabai Road,"
BoothVoterList_A4_Ward_211_Booth_10.pdf,10,93,,"LIST PART NO. 198  : Municipal House No. 7, Dukhi Sheth chawl, 2nd Ghelabai Road,"
BoothVoterList_A4_Ward_211_Booth_10.pdf,13,92,,"LIST PART NO. 198  : Municipal House No. 13-15, Rangari Hasan chawl, 2nd Ghelabai Road,"
BoothVoterList_A4_Ward_211_Booth_10.pdf,14,91,,"LIST PART NO. 198  : Municipal House No. 17-19, Rahimsheth chawl, WT Ghelabai Road,"
BoothVoterList_A4_Ward_211_Booth_10.pdf,17,92,,"LIST PART NO. 198  : Municipal House No. 2 1 (A), Isasumar chawl, 2nd Ghelabai Road,"
BoothVoterList_A4_Ward_211_Booth_10.pdf,21,92,,"LIST PART NO. 198  : Municipal House No. 8 Bori chawl, 2nd Ghelabai Road,"
BoothVoterList_A4_Ward_211_Booth_10.pdf,25,93,,"LIST PART NO. 198  : Municipal House No. 9, Mohsin chawl, 2nd Ghelabai Road,"
BoothVoterList_A4_Ward_211_Booth_10.pdf,26,90,,"LIST PART NO. 198  : Municipal House No. 10 Yusuf Manzil, W Ghelabai Road,"
BoothVoterList_A4_Ward_211_Booth_10.pdf,27,92,,"LIST PART NO. 198  : Municipal House No. 1 1, Yakub Manzil, 2nd Ghelabai Road,"
BoothVoterList_A4_Ward_211_Booth_10.pdf,30,92,,"LIST PART NO. 198  : Municipal House No. 2 2 C, Hussain Building, Mohammad Umar Rajab Road,"
BoothVoterList_A4_Ward_211_Booth_10.pdf,34,90,,"LIST PART NO. 198  : Hussain Building D Block, Mohammad Umar Rajab Road,"
BoothVoterList_A4_Ward_211_Booth_10.pdf,35,93,,"LIST PART NO. 198  : Hussain Building, Mohammad Umar Rajab Road,"
BoothVoterList_A4_Ward_211_Booth_10.pdf,36,91,,"LIST PART NO. 198  : KSA Haris, 2 Ghelabhai Street, Madanpura, Mumbai - 4 0 0 0 0 8"
BoothVoterList_A4_Ward_211_Booth_10.pdf,37,92,,"LIST PART NO. 198  : Municipal House No. 8 Bori chawl, 2nd Ghelabai Road,"
BoothVoterList_A4_Ward_211_Booth_10.pdf,38,92,,"LIST PART NO. 198  : Municipal House No. 1 1, Yakub Manzil, 2nd Ghelabai Road,"
BoothVoterList_A4_Ward_211_Booth_10.pdf,39,87,,"LIST PART NO. 198  : SATS chawl, 2nd Ghelabai Road,"
BoothVoterList_A4_Ward_211_Booth_10.pdf,40,91,,"LIST PART NO. 198  : Municipal House No. 17-19, Rahimsheth chawl, WT Ghelabai Road,"
BoothVoterList_A4_Ward_211_Booth_10.pdf,41,92,,"LIST PART NO. 198  : Municipal House No. 8 Bori chawl, 2nd Ghelabai Road,"
BoothVoterList_A4_Ward_211_Booth_10.pdf,42,92,,"LIST PART NO. 198  : Municipal House No. 2 1 (A), Isasumar chawl, 2nd Ghelabai Road,"
BoothVoterList_A4_Ward_211_Booth_10.pdf,43,91,,"LIST PART NO. 198  : KSA Haris, 2 Ghelabhai Street, Madanpura, Mumbai - 4 0 0 0 0 8"
BoothVoterList_A4_Ward_211_Booth_10.pdf,44,91,,"LIST PART NO. 198  : Municipal House No. 17-19, Rahimsheth chawl, WT Ghelabai Road,"
BoothVoterList_A4_Ward_211_Booth_10.pdf,45,92,,"LIST PART NO. 198  : Municipal House No. 5, Bhiwandiwali chawl, 2nd Ghelabai Road,"
BoothVoterList_A4_Ward_211_Booth_10.pdf,46,92,,"LIST PART NO. 198  : Municipal House No. 2 2 C, Hussain Building, Mohammad Umar Rajab Road,"
BoothVoterList_A4_Ward_211_Booth_10.pdf,47,92,,"LIST PART NO. 198  : Municipal House No. 5, Bhiwandiwali chawl, 2nd Ghelabai Road,"
BoothVoterList_A4_Ward_211_Booth_10.pdf,48,91,,"LIST PART NO. 198  : Municipal House No. 17-19, Rahimsheth chawl, WT Ghelabai Road,"
BoothVoterList_A4_Ward_211_Booth_10.pdf,49,92,,"LIST PART NO. 198  : Municipal House No. 5, Bhiwandiwali chawl, 2nd Ghelabai Road,"
BoothVoterList_A4_Ward_211_Booth_10.pdf,50,91,,"LIST PART NO. 198  : KSA Haris, 2 Ghelabhai Street, Madanpura, Mumbai - 4 0 0 0 0 8"
BoothVoterList_A4_Ward_211_Booth_10.pdf,51,93,,"LIST PART NO. 198  : Hussain Building, Mohammad Umar Rajab Road,"
BoothVoterList_A4_Ward_211_Booth_10.pdf,52,90,,"LIST PART NO. 198  : Hussain Building D Block, Mohammad Umar Rajab Road,"
BoothVoterList_A4_Ward_211_Booth_10.pdf,53,92,,"LIST PART NO. 198  : Municipal House No. 2 2 C, Hussain Building, Mohammad Umar Rajab Road,"
BoothVoterList_A4_Ward_211_Booth_10.pdf,54,82,,"LIST PART NO. 198  : PRAMS chawl, 2nd Ghelabai Road,"
BoothVoterList_A4_Ward_211_Booth_10.pdf,55,87,,"LIST PART NO. 198  : SATS chawl, 2nd Ghelabai Road,"
BoothVoterList_A4_Ward_211_Booth_10.pdf,56,92,,"LIST PART NO. 198  : Municipal House No. 5, Bhiwandiwali chawl, 2nd Ghelabai Road,"
BoothVoterList_A4_Ward_211_Booth_10.pdf,57,93,,"LIST PART NO. 198  : Hussain Building, Mohammad Umar Rajab Road,"
BoothVoterList_A4_Ward_211_Booth_10.pdf,58,82,,"LIST PART NO. 198  : PRAMS chawl, 2nd Ghelabai Road,"
BoothVoterList_A4_Ward_211_Booth_11.pdf,2,93,,"LIST PART NO. 2 0 3  : Municipal House No. 7 8, Aga Khan Building, Maulana Azad Road,"
BoothVoterList_A4_Ward_211_Booth_11.pdf,5,91,,"LIST PART NO. 2 0 3  : Municipal House No. 2 3 2, Raj Oil Mills, Jahangir Boman Behram Marg,"
BoothVoterList_A4_Ward_211_Booth_11.pdf,7,93,,"LIST PART NO. 2 0 3  : Municipal House No. 2 49, Chirag Arab, Jahangir Boman Behram Marg"
BoothVoterList_A4_Ward_211_Booth_11.pdf,8,88,,"LIST PART NO. 2 0 3  : Municipal House No. 2 5 4, CESS Garage, Jahangir Boman Behram Marg,"
BoothVoterList_A4_Ward_211_Booth_11.pdf,9,83,,"LIST PART NO. 2 0 3  : Hl Tower, Jahangir Boman Behram Marg,"
BoothVoterList_A4_Ward_211_Booth_11.pdf,15,93,,"LIST PART NO. 2 03  : Municipal House No. 2 2 4-2 4 0, Shastri (Susati) Building, Jahangir Boman Behram, Marg."
BoothVoterList_A4_Ward_211_Booth_11.pdf,16,86,,"LIST PART NO. 2 0 3  : A 248, Chira-i-Arab, Jahangir Boman Behram Marg,"
BoothVoterList_A4_Ward_211_Booth_11.pdf,18,88,,"LIST PART NO. 2 0 3  : Municipal Gharan.2 5 2 E, B. M. C. Staff FATE, Jagir Boman Behram Marg,"
BoothVoterList_A4_Ward_211_Booth_11.pdf,19,92,,"LIST PART NO. 2 0 3  : Patel Apartment, Maulana Azad Road, Opposite Samunder Hotel, Jahgir Boman"
BoothVoterList_A4_Ward_211_Booth_11.pdf,27,92,,"LIST PART NO. 2 0 3  : Aisha Apartment (C.S.1 692), Maulana Azad Road,"
BoothVoterList_A4_Ward_211_Booth_11.pdf,30,90,,"LIST PART NO. 2 0 3  : Aisha Apart. , Maulana Azad WS, Mumbai No. 2 6"
BoothVoterList_A4_Ward_211_Booth_11.pdf,31,91,,"LIST PART NO. 2 0 3  : Ramzan Manzil, Maulana Azad Road, Agripada,"
BoothVoterList_A4_Ward_211_Booth_11.pdf,32,86,,"LIST PART NO. 2 0 3  : Yooo 94, Ramzan Manzil, Maulana Azad Road, Agripada,"
BoothVoterList_A4_Ward_211_Booth_11.pdf,33,92,,"LIST PART NO. 2 0 3  : Yusuf Manzil, Maulana Azad Road,"
BoothVoterList_A4_Ward_211_Booth_11.pdf,34,90,,"LIST PART NO. 2 0 3  : Ar AIM, Maulana Azad Road,"
BoothVoterList_A4_Ward_211_Booth_11.pdf,36,92,,"LIST PART NO. 2 0 3  : Hussaini Lakda Bazar, Jehangir Boman Behram Marg, Near Raj Oil Mills,"
BoothVoterList_A4_Ward_211_Booth_11.pdf,37,90,,"LIST PART NO. 2 0 3  : 228/282, Avval AVM, Bellasis WS, Nagpada, Mumbai-4 0 0 0 0 8"
BoothVoterList_A4_Ward_211_Booth_11.pdf,38,92,,"LIST PART NO. 2 0 3  : Aisha Apartment (C.S.1 692), Maulana Azad Road,"
BoothVoterList_A4_Ward_211_Booth_11.pdf,39,92,,"LIST PART NO. 2 0 3  : Patel Apartment, Maulana Azad Road, Opposite Samunder Hotel, Jahgir Boman"
BoothVoterList_A4_Ward_211_Booth_11.pdf,40,90,,"LIST PART NO. 2 0 3  : Ar AIM, Maulana Azad Road,"
BoothVoterList_A4_Ward_211_Booth_11.pdf,41,92,,"LIST PART NO. 2 0 3  : Patel Apartment, Maulana Azad Road, Opposite Samunder Hotel, Jahgir Boman"
BoothVoterList_A4_Ward_211_Booth_11.pdf,42,83,,"LIST PART NO. 2 0 3  : Hl Tower, Jahangir Boman Behram Marg,"
BoothVoterList_A4_Ward_211_Booth_11.pdf,43,91,,"LIST PART NO. 2 0 3  : Ramzan Manzil, Maulana Azad Road, Agripada,"
BoothVoterList_A4_Ward_211_Booth_11.pdf,44,93,,"LIST PART NO. 2 0 3  : Municipal House No. 7 8, Aga Khan Building, Maulana Azad Road,"
BoothVoterList_A4_Ward_211_Booth_11.pdf,45,91,,"LIST PART NO. 2 0 3  : Ramzan Manzil, Maulana Azad Road, Agripada,"
BoothVoterList_A4_Ward_211_Booth_11.pdf,46,92,,"LIST PART NO. 2 0 3  : Patel Apartment, Maulana Azad Road, Opposite Samunder Hotel, Jahgir Boman"
BoothVoterList_A4_Ward_211_Booth_11.pdf,47,83,,"LIST PART NO. 2 0 3  : Hl Tower, Jahangir Boman Behram Marg,"
BoothVoterList_A4_Ward_211_Booth_11.pdf,48,92,,"LIST PART NO. 2 0 3  : Aisha Apartment (C.S.1 692), Maulana Azad Road,"
BoothVoterList_A4_Ward_211_Booth_11.pdf,49,93,,"LIST PART NO. 2 0 3  : Municipal House No. 7 8, Aga Khan Building, Maulana Azad Road,"
BoothVoterList_A4_Ward_211_Booth_11.pdf,50,83,,"LIST PART NO. 2 0 3  : Hl Tower, Jahangir Boman Behram Marg,"
BoothVoterList_A4_Ward_211_Booth_11.pdf,51,92,,"LIST PART NO. 2 0 3  : Aisha Apartment (C.S.1 692), Maulana Azad Road,"
BoothVoterList_A4_Ward_211_Booth_11.pdf,52,90,,"LIST PART NO. 2 0 3  : Ar AIM, Maulana Azad Road,"
BoothVoterList_A4_Ward_211_Booth_11.pdf,53,83,,"LIST PART NO. 2 0 3  : Hl Tower, Jahangir Boman Behram Marg,"
BoothVoterList_A4_Ward_211_Booth_11.pdf,54,86,,"LIST PART NO. 2 0 3  : Yooo 94, Ramzan Manzil, Maulana Azad Road, Agripada,"
BoothVoterList_A4_Ward_211_Booth_11.pdf,55,83,,"LIST PART NO. 2 0 3  : Hl Tower, Jahangir Boman Behram Marg,"
BoothVoterList_A4_Ward_211_Booth_11.pdf,56,91,,"LIST PART NO. 2 0 3  : Ramzan Manzil, Maulana Azad Road, Agripada,"
BoothVoterList_A4_Ward_211_Booth_11.pdf,57,92,,"LIST PART NO. 2 0 3  : Patel Apartment, Maulana Azad Road, Opposite Samunder Hotel, Jahgir Boman"
BoothVoterList_A4_Ward_211_Booth_11.pdf,58,93,,"LIST PART NO. 2 0 3  : Municipal House No. 7 8, Aga Khan Building, Maulana Azad Road,"
BoothVoterList_A4_Ward_211_Booth_11.pdf,59,92,,"LIST PART NO. 2 0 3  : Patel Apartment, Maulana Azad Road, Opposite Samunder Hotel, Jahgir Boman"
BoothVoterList_A4_Ward_211_Booth_11.pdf,60,90,,"LIST PART NO. 2 0 3  : Ar AIM, Maulana Azad Road,"
BoothVoterList_A4_Ward_211_Booth_12.pdf,2,89,,"LIST PART NO. 2 3 3  : Municipal House No. 59-A, Rangwala chawl, Mohammad Shahid Marg (Moreland Road),"
BoothVoterList_A4_Ward_211_Booth_12.pdf,3,88,,"LIST PART NO. 2 3 3  : Municipal House No. 59-B, Rangwala chawl, Mohammad Shahid Marg ANS Road),"
BoothVoterList_A4_Ward_211_Booth_12.pdf,4,92,,"LIST PART NO. 2 3 3  : Municipal House No. 6 1, Shaukat Ali Suleman Bungalow, Mohammad Shahid Marg ARGS"
BoothVoterList_A4_Ward_211_Booth_12.pdf,5,84,,"LIST PART NO. 2 3 3  : Aval Ko. Housing Society, Mohammad Shahid Marg (Moreland Road),"
BoothVoterList_A4_Ward_211_Booth_12.pdf,6,86,,"LIST PART NO. 2 3 3  : Municipal House No. 6 3-A, Adamji Peerabhai Building, Mohammad Shahid Marg ARIS"
BoothVoterList_A4_Ward_211_Booth_12.pdf,10,89,,"LIST PART NO. 2 3 3  : Municipal House No. 6 1-B, Adamji Peerabhai Building 4-2, Mohammad Shahid Marg"
BoothVoterList_A4_Ward_211_Booth_12.pdf,11,88,,"LIST PART NO. 2 3 3  : Municipal House No. 6 3-B, Adamji Peerabhai Building 4-3, Mohammad Ales Marg"
BoothVoterList_A4_Ward_211_Booth_12.pdf,15,91,,"LIST PART NO. 2 3 3  : Municipal House No. 6 5-7 5, Haji chawl, Mohammad Shaheed Marg (Moreland Road),"
BoothVoterList_A4_Ward_211_Booth_12.pdf,25,86,,"LIST PART NO. 2 3 3  : Municipal chawl (Beside Haji chawl), Mohammad Shahid Marg ARIS"
BoothVoterList_A4_Ward_211_Booth_12.pdf,26,90,,"LIST PART NO. 2 3 3  : Municipal House No. 2 5 8-A, Role Compound-A, Jehangir Boman Behram Marg,"
BoothVoterList_A4_Ward_211_Booth_12.pdf,27,89,,"LIST PART NO. 2 3 3  : Municipal House No. 2 5 8-B, Rele Compound-B, Jehangir Boman Behram Marg,"
BoothVoterList_A4_Ward_211_Booth_12.pdf,28,89,,"LIST PART NO. 2 3 3  : Municipal House No. 2 5 8-C, Rete Compound-C, Jahangir Boman Behram Marg,"
BoothVoterList_A4_Ward_211_Booth_12.pdf,29,88,,"LIST PART NO. 2 3 3  : Municipal House No. 2 5 8 D, Role Compound-D, Jehangir Boman Behram Marg,"
BoothVoterList_A4_Ward_211_Booth_12.pdf,30,88,,"LIST PART NO. 2 3 3  : Municipal House No. 2 5 8-C, Rete Compound-C, Jehangir Boman Behram Marg,"
BoothVoterList_A4_Ward_211_Booth_12.pdf,31,87,,"LIST PART NO. 2 3 3  : Municipal House No. 2 5 8-G, Role Compound-G, Jehangir Boman Behram Marg,"
BoothVoterList_A4_Ward_211_Booth_12.pdf,33,91,,"LIST PART NO. 2 3 3  : Municipal House No. 2 6 4, Zia Apartment-A, Jehangir Boman Behram Marg,"
BoothVoterList_A4_Ward_211_Booth_12.pdf,36,92,,"LIST PART NO. 2 3 3  : Municipal House No. 2 6 4, Zia Apartment-B, Jehangir Boman Behram Marg,"
BoothVoterList_A4_Ward_211_Booth_12.pdf,41,83,,"LIST PART NO. 2 3 3  : Municipal House No. 2(7 2-A, Jumma Masjid chawl, Jehangir Boman Behram Marg,"
BoothVoterList_A4_Ward_211_Booth_12.pdf,47,91,,"LIST PART NO. 2 3 3  : Municipal House No. 2 6 8-2 7 2, Jumma Masjid chawl, Jehangir Boman Behram Marg,"
BoothVoterList_A4_Ward_211_Booth_12.pdf,48,92,,"LIST PART NO. 2 3 3  : Trust Building, Jehangir Boman Behram Marg,"
BoothVoterList_A4_Ward_211_Booth_12.pdf,49,92,,"LIST PART NO. 2 3 3  : K. D. Society, Jehangir Boman Behram Marg,"
BoothVoterList_A4_Ward_211_Booth_12.pdf,50,92,,"LIST PART NO. 2 3 3  : Municipal House No. 2 5 4, Patel Wadi, Jehangir Boman Behram Marg,"
BoothVoterList_A4_Ward_211_Booth_12.pdf,51,85,,"LIST PART NO. 2 3 3  : Dudhwala ASTI Building No.2. B-Wing, Jahangir Boman Behram Marg,"
BoothVoterList_A4_Ward_211_Booth_12.pdf,54,83,,"LIST PART NO. 2 3 3  : Municipal House No. 2(7 2-A, Jumma Masjid chawl, Jehangir Boman Behram Marg,"
BoothVoterList_A4_Ward_211_Booth_12.pdf,55,91,,"LIST PART NO. 2 3 3  : Municipal House No. 2 6 8-2 7 2, Jumma Masjid chawl, Jehangir Boman Behram Marg,"
BoothVoterList_A4_Ward_211_Booth_12.pdf,56,91,,"LIST PART NO. 2 3 3  : Municipal House No. 6 5-7 5, Haji chawl, Mohammad Shaheed Marg (Moreland Road),"
BoothVoterList_A4_Ward_211_Booth_12.pdf,57,83,,"LIST PART NO. 2 3 3  : Municipal House No. 2(7 2-A, Jumma Masjid chawl, Jehangir Boman Behram Marg,"
BoothVoterList_A4_Ward_211_Booth_12.pdf,58,91,,"LIST PART NO. 2 3 3  : Municipal House No. 2 6 8-2 7 2, Jumma Masjid chawl, Jehangir Boman Behram Marg,"
BoothVoterList_A4_Ward_211_Booth_12.pdf,59,91,,"LIST PART NO. 2 3 3  : Municipal House No. 2 6 4, Zia Apartment-A, Jehangir Boman Behram Marg,"
BoothVoterList_A4_Ward_211_Booth_12.pdf,60,88,,"LIST PART NO. 2 3 3  : Municipal House No. 6 3-B, Adamji Peerabhai Building 4-3, Mohammad Ales Marg"
BoothVoterList_A4_Ward_211_Booth_12.pdf,61,85,,"LIST PART NO. 2 3 3  : Dudhwala ASTI Building No.2. B-Wing, Jahangir Boman Behram Marg,"
BoothVoterList_A4_Ward_211_Booth_12.pdf,62,86,,"LIST PART NO. 2 3 3  : Municipal House No. 6 3-A, Adamji Peerabhai Building, Mohammad Shahid Marg ARIS"
BoothVoterList_A4_Ward_211_Booth_12.pdf,63,88,,"LIST PART NO. 2 3 3  : Municipal House No. 6 3-B, Adamji Peerabhai Building 4-3, Mohammad Ales Marg"
BoothVoterList_A4_Ward_211_Booth_12.pdf,64,91,,"LIST PART NO. 2 3 3  : Municipal House No. 2 6 8-2 7 2, Jumma Masjid chawl, Jehangir Boman Behram Marg,"
BoothVoterList_A4_Ward_211_Booth_12.pdf,65,88,,"LIST PART NO. 2 3 3  : Municipal House No. 6 3-B, Adamji Peerabhai Building 4-3, Mohammad Ales Marg"
BoothVoterList_A4_Ward_211_Booth_12.pdf,66,91,,"LIST PART NO. 2 3 3  : Municipal House No. 6 5-7 5, Haji chawl, Mohammad Shaheed Marg (Moreland Road),"
BoothVoterList_A4_Ward_211_Booth_12.pdf,67,83,,"LIST PART NO. 2 3 3  : Municipal House No. 2(7 2-A, Jumma Masjid chawl, Jehangir Boman Behram Marg,"
BoothVoterList_A4_Ward_211_Booth_13.pdf,2,83,,"LIST PART NO. 8 0  : New Khatau Makhanji Building 4.4, Hafiz Ali Bahadur Khan Marg,"
BoothVoterList_A4_Ward_211_Booth_13.pdf,13,92,,"LIST PART NO. 8 0  : Slum near Khataw Building, Hafiz Ali Bahadur Khan Marg,"
BoothVoterList_A4_Ward_211_Booth_13.pdf,14,83,,"LIST PART NO. 8 0  : New Khatau Makhanji Building 4.4, Hafiz Ali Bahadur Khan Marg,"
BoothVoterList_A4_Ward_211_Booth_13.pdf,15,92,,"LIST PART NO. 8 0  : Slum near Khataw Building, Hafiz Ali Bahadur Khan Marg,"
BoothVoterList_A4_Ward_211_Booth_13.pdf,16,83,,"LIST PART NO. 8 0  : New Khatau Makhanji Building 4.4, Hafiz Ali Bahadur Khan Marg,"
BoothVoterList_A4_Ward_211_Booth_13.pdf,17,92,,"LIST PART NO. 8 0  : Slum near Khataw Building, Hafiz Ali Bahadur Khan Marg,"
BoothVoterList_A4_Ward_211_Booth_13.pdf,18,83,,"LIST PART NO. 8 0  : New Khatau Makhanji Building 4.4, Hafiz Ali Bahadur Khan Marg,"
BoothVoterList_A4_Ward_211_Booth_14.pdf,2,94,,"LIST PART NO. 1 0 6  : Municipal House No. 7B Mehta chawl, 4th Cross Lane, Chain Street"
BoothVoterList_A4_Ward_211_Booth_14.pdf,8,93,,"LIST PART NO. 1 0 6  : Municipal House No. 9A PADDAWALA chawl, 4TH CROSS LANE, CHAIN ​​STREET,"
BoothVoterList_A4_Ward_211_Booth_15.pdf,2,90,,"LIST PART NO. 1 0 6  : Municipal House No. 1 5 MOGLANI chawl, 4TH CROSS LANE, CHAIN ​​STREET,"
BoothVoterList_A4_Ward_211_Booth_15.pdf,6,94,,"LIST PART NO. 1 0 6  : MUNICIPAL GHAR 2 3-2 7 Dhobi chawl, 4th Cross Lane, Chain Street"
BoothVoterList_A4_Ward_211_Booth_15.pdf,10,92,,"LIST PART NO. 1 0 6  : ELECTORAL COTTAGE, 4TH CROSS LANE, CHEESE STREET,"
BoothVoterList_A4_Ward_211_Booth_15.pdf,11,89,,"LIST PART NO. 1 0 6  : Darul thar, 4 Sankhli Street, She Hafizuddin Marg, Madanpura, Mumbai 4 0 0 0 0 8"
BoothVoterList_A4_Ward_211_Booth_15.pdf,13,94,,"LIST PART NO. 1 0 6  : Municipal House No. 7B Mehta chawl, 4th Cross Lane, Chain Street"
BoothVoterList_A4_Ward_211_Booth_15.pdf,14,94,,"LIST PART NO. 1 0 6  : MUNICIPAL GHAR 2 3-2 7 Dhobi chawl, 4th Cross Lane, Chain Street"
BoothVoterList_A4_Ward_211_Booth_15.pdf,15,89,,"LIST PART NO. 1 0 6  : Darul thar, 4 Sankhli Street, She Hafizuddin Marg, Madanpura, Mumbai 4 0 0 0 0 8"
BoothVoterList_A4_Ward_211_Booth_15.pdf,16,93,,"LIST PART NO. 1 0 6  : Municipal House No. 9A PADDAWALA chawl, 4TH CROSS LANE, CHAIN ​​STREET,"
BoothVoterList_A4_Ward_211_Booth_15.pdf,17,94,,"LIST PART NO. 1 0 6  : MUNICIPAL GHAR 2 3-2 7 Dhobi chawl, 4th Cross Lane, Chain Street"
BoothVoterList_A4_Ward_211_Booth_15.pdf,18,89,,"LIST PART NO. 1 0 6  : Darul thar, 4 Sankhli Street, She Hafizuddin Marg, Madanpura, Mumbai 4 0 0 0 0 8"
BoothVoterList_A4_Ward_211_Booth_15.pdf,19,93,,"LIST PART NO. 1 0 6  : Municipal House No. 9A PADDAWALA chawl, 4TH CROSS LANE, CHAIN ​​STREET,"
BoothVoterList_A4_Ward_211_Booth_15.pdf,20,89,,"LIST PART NO. 1 0 6  : Darul thar, 4 Sankhli Street, She Hafizuddin Marg, Madanpura, Mumbai 4 0 0 0 0 8"
BoothVoterList_A4_Ward_211_Booth_16.pdf,2,91,,LIST PART NO. 1 4 3  : Water Street Khatav Mills Slum Water Street Byculla West
BoothVoterList_A4_Ward_211_Booth_17.pdf,2,90,,"LIST PART NO. 1 4 5  : Municipal House No. 4, YAQUB SHED BUILDING, CHAIN ​​ROAD,"
BoothVoterList_A4_Ward_211_Booth_17.pdf,5,88,,"LIST PART NO. 1 4 5  : MUNICIPAL GHAR 6, ABDULA ARM, THIRST GALLI CHAIN ​​ROAD,"
BoothVoterList_A4_Ward_211_Booth_17.pdf,10,94,,"LIST PART NO. 1 4 5  : Haji Yusuf Manzil, 3rd Sakli Street, Byculla,"
BoothVoterList_A4_Ward_211_Booth_18.pdf,2,90,,"LIST PART NO. 1 4 4  : Municipal House No. 1 7, Umranthuli chawl (Bori chawl), Baldu Rangari Road,"
BoothVoterList_A4_Ward_211_Booth_18.pdf,7,93,,"LIST PART NO. 1 4 4  : Municipal House No. 1 9/2 1, Bandukwala House, Badlu Rangari Road,"
BoothVoterList_A4_Ward_211_Booth_18.pdf,17,93,,"LIST PART NO. 1 4 4  : Umar Sheth Baiti chawl, Badlu Rangari Road,"
BoothVoterList_A4_Ward_211_Booth_18.pdf,18,88,,"LIST PART NO. 1 4 4 : 1 3-59 G, Old Masjid Compound, arg Hafizuddin Road,"
BoothVoterList_A4_Ward_211_Booth_18.pdf,19,93,,"LIST PART NO. 1 4 4  : Municipal House No. 1 9/2 1, Bandukwala House, Badlu Rangari Road,"
BoothVoterList_A4_Ward_211_Booth_18.pdf,20,90,,"LIST PART NO. 1 4 4  : Municipal House No. 1 7, Umranthuli chawl (Bori chawl), Baldu Rangari Road,"
BoothVoterList_A4_Ward_211_Booth_18.pdf,21,93,,"LIST PART NO. 1 4 4  : Municipal House No. 1 9/2 1, Bandukwala House, Badlu Rangari Road,"
BoothVoterList_A4_Ward_211_Booth_18.pdf,22,90,,"LIST PART NO. 1 4 4  : Municipal House No. 1 7, Umranthuli chawl (Bori chawl), Baldu Rangari Road,"
BoothVoterList_A4_Ward_211_Booth_19.pdf,2,91,,"LIST PART NO. 1 5 8  : New India Bakery, 5th Chain Cross Road,"
BoothVoterList_A4_Ward_211_Booth_19.pdf,3,89,,"LIST PART NO. 1 5 8  : Municipal House No. 7 STONE BUILDING, CHAIN ​​MARG, 5TH CROSS LANE,"
BoothVoterList_A4_Ward_211_Booth_19.pdf,6,90,,"LIST PART NO. 1 5 8  : Municipal House No. 99 KEM BUILDING, CHAIN ​​MARG, 5TH CROSS LANE,"
BoothVoterList_A4_Ward_211_Booth_19.pdf,9,93,,"LIST PART NO. 1 5 8  : Municipal House No. 1 3 STONE BUILDING, CHAIN ​​MARG, 5TH CROSS LANE,"
BoothVoterList_A4_Ward_211_Booth_19.pdf,13,92,,"LIST PART NO. 1 5 8  : Municipal House No. 94-1 7, Sakarwala Building, 5th Chain Cross Marg,"
BoothVoterList_A4_Ward_211_Booth_19.pdf,17,91,,"LIST PART NO. 1 5 8 : 6- Turquoise saree foiling shade, 5th chain cross way,"
BoothVoterList_A4_Ward_211_Booth_19.pdf,18,88,,"LIST PART NO. 1 5 8  : Municipal House No. 1 2-1 4, Rasiwala Building, 5th Chain Cross Marg,"
BoothVoterList_A4_Ward_211_Booth_19.pdf,20,91,,"LIST PART NO. 1 5 8  : Stone Building, Pavi Chicha Cross Marg,"
BoothVoterList_A4_Ward_211_Booth_2.pdf,2,86,,"LIST PART NO. 928  : Municipal House No. 4 7A SARAF BUILDING, MOHAMMED SHAHID MARG, (MORLAND ROAD),"
BoothVoterList_A4_Ward_211_Booth_2.pdf,5,90,,"LIST PART NO. 928  : Municipal House No. 4 7C SARAF BUILDING, MOHAMMAD SHAHID MARG, (MORLAND ROAD),"
BoothVoterList_A4_Ward_211_Booth_2.pdf,7,91,,"LIST PART NO. 928  : Municipal House No. 4 7C SUTARWALA BUILDING, MOHAMMAD SHAHID MARG, (MORLAND ROAD),"
BoothVoterList_A4_Ward_211_Booth_2.pdf,8,89,,"LIST PART NO. 1 2 4  : Municipal House No. 4 3 Sutarwala Building, Mohammad Shahid Marg, (Moreland Road),"
BoothVoterList_A4_Ward_211_Booth_2.pdf,12,91,,"LIST PART NO. 1 2 4  : Municipal House No. 5 1- Ibrahim Building, Mohammad Shaheed Marg, (Moreland Road),"
BoothVoterList_A4_Ward_211_Booth_2.pdf,17,92,,"LIST PART NO. 1 2 4  : Municipal House No. 4 3 Sutarwala chawl, Mohammad Shahid Marg, (Moreland Road),"
BoothVoterList_A4_Ward_211_Booth_2.pdf,23,90,,"LIST PART NO. 1 2 4  : Municipal House No. 5 5 SINDHI BUILDING, MOHAMMAD SHAHID MARG, (MORLAND ROAD),"
BoothVoterList_A4_Ward_211_Booth_2.pdf,24,91,,"LIST PART NO. 928  : Municipal House No. 5 7KANCHWALA BUILDING, MOHAMMED SHAHID MARG, (MORLAND ROAD),"
BoothVoterList_A4_Ward_211_Booth_2.pdf,27,88,,"LIST PART NO. 1 2 4  : Municipal House No. 5 5 Bhagwandas Building, Mohammad Shahid Marg, (Moreland Road),"
BoothVoterList_A4_Ward_211_Booth_2.pdf,29,91,,"LIST PART NO. 1 2 4  : Municipal House No. 4 7 B SARAF BUILDING, MOHAMMED SHAHID MARG, (MORLAND ROAD),"
BoothVoterList_A4_Ward_211_Booth_2.pdf,30,91,,"LIST PART NO. 928  : Municipal House No. 4 3 d. Sutarwala Building, Asian Art Printers, Mohammad Shahid"
BoothVoterList_A4_Ward_211_Booth_2.pdf,31,90,,"LIST PART NO. 1 2 4  : Eleven Star Apartment, Mohammad Shahid Marg, (Moreland Road),"
BoothVoterList_A4_Ward_211_Booth_2.pdf,32,93,,"LIST PART NO. 1 2 4  : Eleven Star Apartments (Bhagwandas Building), Muhammad Shahid Marg,"
BoothVoterList_A4_Ward_211_Booth_2.pdf,36,92,,"LIST PART NO. 1 2 4  : Municipal House No. 4 3 Sutarwala chawl, Mohammad Shahid Marg, (Moreland Road),"
BoothVoterList_A4_Ward_211_Booth_2.pdf,37,89,,"LIST PART NO. 1 2 4  : Municipal House No. 4 3 Sutarwala Building, Mohammad Shahid Marg, (Moreland Road),"
BoothVoterList_A4_Ward_211_Booth_2.pdf,38,92,,"LIST PART NO. 1 2 4  : Municipal House No. 4 3 Sutarwala chawl, Mohammad Shahid Marg, (Moreland Road),"
BoothVoterList_A4_Ward_211_Booth_2.pdf,39,89,,"LIST PART NO. 1 2 4  : Municipal House No. 4 3 Sutarwala Building, Mohammad Shahid Marg, (Moreland Road),"
BoothVoterList_A4_Ward_211_Booth_2.pdf,40,91,,"LIST PART NO. 1 2 4  : Municipal House No. 5 1- Ibrahim Building, Mohammad Shaheed Marg, (Moreland Road),"
BoothVoterList_A4_Ward_211_Booth_2.pdf,41,87,,"LIST PART NO. 1 2 5  : St. Andrew's Church Co. Op. SOCIETY, MOHAMMED SHAHID MARG, (MORLAND ROAD),"
BoothVoterList_A4_Ward_211_Booth_2.pdf,42,88,,"LIST PART NO. 1 2 5  : Patharwala School, Mohammad Shaheed Marg, (Moreland Road),"
BoothVoterList_A4_Ward_211_Booth_2.pdf,43,88,,"LIST PART NO. 1 2 5  : St. Andrews co. Op. SO, MOHAMMED SHAHID MARG, (MORLAND ROAD),"
BoothVoterList_A4_Ward_211_Booth_2.pdf,44,88,,"LIST PART NO. 1 2 5  : Patharwala School, Mohammad Shaheed Marg, (Moreland Road),"
BoothVoterList_A4_Ward_211_Booth_2.pdf,45,87,,"LIST PART NO. 1 2 5  : St. Andrew's Church Co. Op. SOCIETY, MOHAMMED SHAHID MARG, (MORLAND ROAD),"
BoothVoterList_A4_Ward_211_Booth_20.pdf,2,92,,"LIST PART NO. 158  : Municipal House No. 177 to 187, Taher Manzil, Maulana Azad Road,"
BoothVoterList_A4_Ward_211_Booth_20.pdf,7,84,,"LIST PART NO. 1 5 8  : Municipal House No. 993-908, Madina Manzil, Maulana Azad Road,"
BoothVoterList_A4_Ward_211_Booth_20.pdf,13,93,,"LIST PART NO. 1 5 8  : Municipal House No. 1 8 7, Zubeida Manzil, Maulana Azad Road,"
BoothVoterList_A4_Ward_211_Booth_20.pdf,21,92,,"LIST PART NO. 1 5 8  : Municipal House No. 1 8 7, Wariawa Manzil, Maulana Azad Road,"
BoothVoterList_A4_Ward_211_Booth_20.pdf,22,89,,"LIST PART NO. 1 5 8  : Arafat ARM, Maulana Azad Road,"
BoothVoterList_A4_Ward_211_Booth_20.pdf,24,93,,"LIST PART NO. 1 5 8  : Municipal House No. 1 8 7, Zubeida Manzil, Maulana Azad Road,"
BoothVoterList_A4_Ward_211_Booth_20.pdf,25,93,,"LIST PART NO. 1 5 8  : Municipal House No. 1 3 STONE BUILDING, CHAIN ​​MARG, 5TH CROSS LANE,"
BoothVoterList_A4_Ward_211_Booth_20.pdf,26,89,,"LIST PART NO. 1 5 8  : Arafat ARM, Maulana Azad Road,"
BoothVoterList_A4_Ward_211_Booth_20.pdf,27,84,,"LIST PART NO. 1 5 8  : Municipal House No. 993-908, Madina Manzil, Maulana Azad Road,"
BoothVoterList_A4_Ward_211_Booth_20.pdf,28,93,,"LIST PART NO. 1 5 8  : Municipal House No. 1 8 7, Zubeida Manzil, Maulana Azad Road,"
BoothVoterList_A4_Ward_211_Booth_20.pdf,29,84,,"LIST PART NO. 1 5 8  : Municipal House No. 993-908, Madina Manzil, Maulana Azad Road,"
BoothVoterList_A4_Ward_211_Booth_20.pdf,30,93,,"LIST PART NO. 1 5 8  : Municipal House No. 1 8 7, Zubeida Manzil, Maulana Azad Road,"
BoothVoterList_A4_Ward_211_Booth_20.pdf,31,91,,"LIST PART NO. 1 5 8  : Stone Building, Pavi Chicha Cross Marg,"
BoothVoterList_A4_Ward_211_Booth_20.pdf,32,93,,"LIST PART NO. 1 5 8  : Municipal House No. 1 8 7, Zubeida Manzil, Maulana Azad Road,"
BoothVoterList_A4_Ward_211_Booth_20.pdf,33,84,,"LIST PART NO. 1 5 8  : Municipal House No. 993-908, Madina Manzil, Maulana Azad Road,"
BoothVoterList_A4_Ward_211_Booth_20.pdf,34,89,,"LIST PART NO. 1 5 8  : Municipal House No. 7 STONE BUILDING, CHAIN ​​MARG, 5TH CROSS LANE,"
BoothVoterList_A4_Ward_211_Booth_20.pdf,35,93,,"LIST PART NO. 1 5 8  : Municipal House No. 1 8 7, Zubeida Manzil, Maulana Azad Road,"
BoothVoterList_A4_Ward_211_Booth_20.pdf,36,89,,"LIST PART NO. 1 5 8  : Municipal House No. 7 STONE BUILDING, CHAIN ​​MARG, 5TH CROSS LANE,"
BoothVoterList_A4_Ward_211_Booth_20.pdf,37,89,,"LIST PART NO. 1 5 8  : Arafat ARM, Maulana Azad Road,"
BoothVoterList_A4_Ward_211_Booth_20.pdf,38,93,,"LIST PART NO. 1 5 8  : Municipal House No. 1 8 7, Zubeida Manzil, Maulana Azad Road,"
BoothVoterList_A4_Ward_211_Booth_20.pdf,39,92,,"LIST PART NO. 158  : Municipal House No. 177 to 187, Taher Manzil, Maulana Azad Road,"
BoothVoterList_A4_Ward_211_Booth_20.pdf,40,93,,"LIST PART NO. 1 5 8  : Municipal House No. 1 8 7, Zubeida Manzil, Maulana Azad Road,"
BoothVoterList_A4_Ward_211_Booth_20.pdf,41,91,,"LIST PART NO. 1 5 8  : Stone Building, Pavi Chicha Cross Marg,"
BoothVoterList_A4_Ward_211_Booth_20.pdf,42,89,,"LIST PART NO. 1 5 8  : Arafat ARM, Maulana Azad Road,"
BoothVoterList_A4_Ward_211_Booth_20.pdf,43,84,,"LIST PART NO. 1 5 8  : Municipal House No. 993-908, Madina Manzil, Maulana Azad Road,"
BoothVoterList_A4_Ward_211_Booth_20.pdf,44,92,,"LIST PART NO. 1 5 8  : Municipal House No. 94-1 7, Sakarwala Building, 5th Chain Cross Marg,"
BoothVoterList_A4_Ward_211_Booth_20.pdf,45,90,,"LIST PART NO. 1 5 8  : Municipal House No. 99 KEM BUILDING, CHAIN ​​MARG, 5TH CROSS LANE,"
BoothVoterList_A4_Ward_211_Booth_20.pdf,46,84,,"LIST PART NO. 1 5 8  : Municipal House No. 993-908, Madina Manzil, Maulana Azad Road,"
BoothVoterList_A4_Ward_211_Booth_20.pdf,47,92,,"LIST PART NO. 158  : Municipal House No. 177 to 187, Taher Manzil, Maulana Azad Road,"
BoothVoterList_A4_Ward_211_Booth_20.pdf,48,84,,"LIST PART NO. 1 5 8  : Municipal House No. 993-908, Madina Manzil, Maulana Azad Road,"
BoothVoterList_A4_Ward_211_Booth_20.pdf,49,93,,"LIST PART NO. 1 5 8  : Municipal House No. 1 8 7, Zubeida Manzil, Maulana Azad Road,"
BoothVoterList_A4_Ward_211_Booth_20.pdf,50,92,,"LIST PART NO. 1 5 8  : Municipal House No. 94-1 7, Sakarwala Building, 5th Chain Cross Marg,"
BoothVoterList_A4_Ward_211_Booth_21.pdf,2,90,,"LIST PART NO. 1 4 6  : Municipal House No. 2, Patrachal No. 4, Badlu Rangari Road,"
BoothVoterList_A4_Ward_211_Booth_21.pdf,4,88,,"LIST PART NO. 1 4 6  : Municipal Ghar 2, Patrachal 41.4, Pandu Rangari Road,"
BoothVoterList_A4_Ward_211_Booth_21.pdf,5,92,,"LIST PART NO. 1 4 6  : Municipal Ghar 2, Patrachal No. 6, Badlu Rangari Road,"
BoothVoterList_A4_Ward_211_Booth_21.pdf,7,93,,"LIST PART NO. 1 4 6  : BABUDDIN MUHAMMAD PATRACHAAL NO. 5, BALUDU RANGARI ROAD,"
BoothVoterList_A4_Ward_211_Booth_21.pdf,8,91,,"LIST PART NO. 1 4 6  : Municipal Post Office No. 5, Badlu Rangari Road,"
BoothVoterList_A4_Ward_211_Booth_21.pdf,10,91,,"LIST PART NO. 1 4 6  : Municipal House No. 8-1 2, Ashrafi Manzil, Badlu Rangari Road,"
BoothVoterList_A4_Ward_211_Booth_21.pdf,33,86,,"LIST PART NO. 1 4 6  : Sharma Plot No-7 2, Scotter Street, Meghraj Sethi Marg,"
BoothVoterList_A4_Ward_211_Booth_21.pdf,36,90,,"LIST PART NO. 1 4 6  : Patra chawl 1.4, Badlu Rangari Road,"
BoothVoterList_A4_Ward_211_Booth_21.pdf,37,92,,"LIST PART NO. 1 4 6  : Patra chawl No. 32, Badlu Rangari Road,"
BoothVoterList_A4_Ward_211_Booth_21.pdf,38,87,,"LIST PART NO. 1 4 6  : Sarah VST, 3rd Sankhli Street Byculla,"
BoothVoterList_A4_Ward_211_Booth_21.pdf,40,88,,"LIST PART NO. 1 4 6  : Bismillah Arcade, 3rd Sankhli Street, arg Hafizuddin Marg,"
BoothVoterList_A4_Ward_211_Booth_21.pdf,44,91,,"LIST PART NO. 1 4 6  : Municipal House No. 8-1 2, Ashrafi Manzil, Badlu Rangari Road,"
BoothVoterList_A4_Ward_211_Booth_21.pdf,45,88,,"LIST PART NO. 1 4 6  : Municipal Ghar 2, Patrachal 41.4, Pandu Rangari Road,"
BoothVoterList_A4_Ward_211_Booth_21.pdf,46,88,,"LIST PART NO. 1 4 6  : Bismillah Arcade, 3rd Sankhli Street, arg Hafizuddin Marg,"
BoothVoterList_A4_Ward_211_Booth_21.pdf,47,91,,"LIST PART NO. 1 4 6  : Municipal House No. 8-1 2, Ashrafi Manzil, Badlu Rangari Road,"
BoothVoterList_A4_Ward_211_Booth_21.pdf,48,90,,"LIST PART NO. 1 4 6  : Patra chawl 1.4, Badlu Rangari Road,"
BoothVoterList_A4_Ward_211_Booth_21.pdf,49,93,,"LIST PART NO. 1 4 6  : BABUDDIN MUHAMMAD PATRACHAAL NO. 5, BALUDU RANGARI ROAD,"
BoothVoterList_A4_Ward_211_Booth_21.pdf,50,91,,"LIST PART NO. 1 4 6  : Municipal House No. 8-1 2, Ashrafi Manzil, Badlu Rangari Road,"
BoothVoterList_A4_Ward_211_Booth_21.pdf,51,88,,"LIST PART NO. 1 4 6  : Bismillah Arcade, 3rd Sankhli Street, arg Hafizuddin Marg,"
BoothVoterList_A4_Ward_211_Booth_21.pdf,52,91,,"LIST PART NO. 1 4 6  : Municipal House No. 8-1 2, Ashrafi Manzil, Badlu Rangari Road,"
BoothVoterList_A4_Ward_211_Booth_21.pdf,53,87,,"LIST PART NO. 1 4 6  : Sarah VST, 3rd Sankhli Street Byculla,"
BoothVoterList_A4_Ward_211_Booth_21.pdf,54,91,,"LIST PART NO. 1 4 6  : Municipal House No. 8-1 2, Ashrafi Manzil, Badlu Rangari Road,"
BoothVoterList_A4_Ward_211_Booth_21.pdf,55,92,,"LIST PART NO. 1 4 6  : Municipal Ghar 2, Patrachal No. 6, Badlu Rangari Road,"
BoothVoterList_A4_Ward_211_Booth_21.pdf,56,91,,"LIST PART NO. 1 4 6  : Municipal House No. 8-1 2, Ashrafi Manzil, Badlu Rangari Road,"
BoothVoterList_A4_Ward_211_Booth_21.pdf,57,88,,"LIST PART NO. 1 4 6  : Municipal Ghar 2, Patrachal 41.4, Pandu Rangari Road,"
BoothVoterList_A4_Ward_211_Booth_21.pdf,58,91,,"LIST PART NO. 1 4 6  : Municipal House No. 8-1 2, Ashrafi Manzil, Badlu Rangari Road,"
BoothVoterList_A4_Ward_211_Booth_21.pdf,59,91,,"LIST PART NO. 1 4 6  : Municipal Post Office No. 5, Badlu Rangari Road,"
BoothVoterList_A4_Ward_211_Booth_21.pdf,60,91,,"LIST PART NO. 1 4 6  : Municipal House No. 8-1 2, Ashrafi Manzil, Badlu Rangari Road,"
BoothVoterList_A4_Ward_211_Booth_21.pdf,61,86,,"LIST PART NO. 1 4 6  : Sharma Plot No-7 2, Scotter Street, Meghraj Sethi Marg,"
BoothVoterList_A4_Ward_211_Booth_21.pdf,62,91,,"LIST PART NO. 1 4 6  : Municipal House No. 8-1 2, Ashrafi Manzil, Badlu Rangari Road,"
BoothVoterList_A4_Ward_211_Booth_21.pdf,63,88,,"LIST PART NO. 1 4 6  : Bismillah Arcade, 3rd Sankhli Street, arg Hafizuddin Marg,"
BoothVoterList_A4_Ward_211_Booth_21.pdf,64,91,,"LIST PART NO. 1 4 6  : Municipal House No. 8-1 2, Ashrafi Manzil, Badlu Rangari Road,"
BoothVoterList_A4_Ward_211_Booth_21.pdf,65,91,,"LIST PART NO. 1 4 6  : Municipal Post Office No. 5, Badlu Rangari Road,"
BoothVoterList_A4_Ward_211_Booth_21.pdf,66,88,,"LIST PART NO. 1 4 6  : Municipal Ghar 2, Patrachal 41.4, Pandu Rangari Road,"
BoothVoterList_A4_Ward_211_Booth_21.pdf,67,87,,"LIST PART NO. 1 4 6  : Sarah VST, 3rd Sankhli Street Byculla,"
BoothVoterList_A4_Ward_211_Booth_21.pdf,68,91,,"LIST PART NO. 1 4 6  : Municipal House No. 8-1 2, Ashrafi Manzil, Badlu Rangari Road,"
BoothVoterList_A4_Ward_211_Booth_21.pdf,69,86,,"LIST PART NO. 1 4 6  : Sharma Plot No-7 2, Scotter Street, Meghraj Sethi Marg,"
BoothVoterList_A4_Ward_211_Booth_21.pdf,70,88,,"LIST PART NO. 1 4 6  : Bismillah Arcade, 3rd Sankhli Street, arg Hafizuddin Marg,"
BoothVoterList_A4_Ward_211_Booth_21.pdf,71,91,,"LIST PART NO. 1 4 6  : Municipal House No. 8-1 2, Ashrafi Manzil, Badlu Rangari Road,"
BoothVoterList_A4_Ward_211_Booth_21.pdf,72,88,,"LIST PART NO. 1 4 6  : Bismillah Arcade, 3rd Sankhli Street, arg Hafizuddin Marg,"
BoothVoterList_A4_Ward_211_Booth_21.pdf,73,92,,"LIST PART NO. 1 4 6  : Municipal Ghar 2, Patrachal No. 6, Badlu Rangari Road,"
BoothVoterList_A4_Ward_211_Booth_21.pdf,74,88,,"LIST PART NO. 1 4 6  : Bismillah Arcade, 3rd Sankhli Street, arg Hafizuddin Marg,"
BoothVoterList_A4_Ward_211_Booth_21.pdf,75,91,,"LIST PART NO. 1 4 6  : Municipal House No. 8-1 2, Ashrafi Manzil, Badlu Rangari Road,"
BoothVoterList_A4_Ward_211_Booth_21.pdf,76,88,,"LIST PART NO. 1 4 6  : Bismillah Arcade, 3rd Sankhli Street, arg Hafizuddin Marg,"
BoothVoterList_A4_Ward_211_Booth_21.pdf,77,91,,"LIST PART NO. 1 4 6  : Municipal House No. 8-1 2, Ashrafi Manzil, Badlu Rangari Road,"
BoothVoterList_A4_Ward_211_Booth_21.pdf,78,92,,"LIST PART NO. 1 4 6  : Municipal Ghar 2, Patrachal No. 6, Badlu Rangari Road,"
BoothVoterList_A4_Ward_211_Booth_21.pdf,79,91,,"LIST PART NO. 1 4 6  : Municipal House No. 8-1 2, Ashrafi Manzil, Badlu Rangari Road,"
BoothVoterList_A4_Ward_211_Booth_21.pdf,80,88,,"LIST PART NO. 1 4 6  : Bismillah Arcade, 3rd Sankhli Street, arg Hafizuddin Marg,"
BoothVoterList_A4_Ward_211_Booth_21.pdf,81,91,,"LIST PART NO. 1 4 6  : Municipal House No. 8-1 2, Ashrafi Manzil, Badlu Rangari Road,"
BoothVoterList_A4_Ward_211_Booth_21.pdf,82,88,,"LIST PART NO. 1 4 6  : Bismillah Arcade, 3rd Sankhli Street, arg Hafizuddin Marg,"
BoothVoterList_A4_Ward_211_Booth_21.pdf,83,92,,"LIST PART NO. 1 4 6  : Municipal Ghar 2, Patrachal No. 6, Badlu Rangari Road,"
BoothVoterList_A4_Ward_211_Booth_21.pdf,84,91,,"LIST PART NO. 1 4 6  : Municipal House No. 8-1 2, Ashrafi Manzil, Badlu Rangari Road,"
BoothVoterList_A4_Ward_211_Booth_21.pdf,85,88,,"LIST PART NO. 1 4 6  : Bismillah Arcade, 3rd Sankhli Street, arg Hafizuddin Marg,"
BoothVoterList_A4_Ward_211_Booth_21.pdf,86,91,,"LIST PART NO. 1 4 6  : Municipal House No. 8-1 2, Ashrafi Manzil, Badlu Rangari Road,"
BoothVoterList_A4_Ward_211_Booth_21.pdf,87,88,,"LIST PART NO. 1 4 6  : Bismillah Arcade, 3rd Sankhli Street, arg Hafizuddin Marg,"
BoothVoterList_A4_Ward_211_Booth_22.pdf,2,90,,"LIST PART NO. 1 4 7  : Slum near Bambakhanya, Meghraj Sethi Marg,"
BoothVoterList_A4_Ward_211_Booth_22.pdf,9,88,,"LIST PART NO. 1 4 7  : Municipal House No. 1 1 E, Mun. chawl NEAR WATER dR STAFF, MEGHRAJ SETHI MARG,"
BoothVoterList_A4_Ward_211_Booth_22.pdf,10,91,,"LIST PART NO. 1 4 7  : chawl near Vitthal Mandir, Santosh Bhuvan, Meghraj Sethi Marg,"
BoothVoterList_A4_Ward_211_Booth_22.pdf,13,92,,"LIST PART NO. 1 4 7  : Namakwala chawl, Meghraj Sethi Marg,"
BoothVoterList_A4_Ward_211_Booth_22.pdf,17,90,,"LIST PART NO. 1 4 7  : Vitthal Mandir Slum, Meghraj Sethi Marg,"
BoothVoterList_A4_Ward_211_Booth_22.pdf,20,91,,"LIST PART NO. 1 4 7  : APRIL SHOWER BUILDING, MEGHRAJ SETHI MARG,"
BoothVoterList_A4_Ward_211_Booth_22.pdf,23,90,,"LIST PART NO. 1 4 7  : Agakhan chawl, Meghraj Sethi Marg,"
BoothVoterList_A4_Ward_211_Booth_22.pdf,26,87,,"LIST PART NO. 1 4 7  : WAS Irani chawl, Meghraj Sethi Marg,"
BoothVoterList_A4_Ward_211_Booth_22.pdf,29,90,,"LIST PART NO. 1 4 7  : MUNICIPAL GHAR 8, MAKBA FM, CHAIN ​​ROAD THIRD GALLI,"
BoothVoterList_A4_Ward_211_Booth_22.pdf,35,93,,"LIST PART NO. 1 4 7  : Municipal House No. 8, ASIAN PALACE, CHAIN ​​ROAD THIRD GALLI,"
BoothVoterList_A4_Ward_211_Booth_22.pdf,38,92,,"LIST PART NO. 1 4 7  : Municipal House No. 92, KURESHI MANZIL, CHAIN ​​ROAD THIRD GALLI,"
BoothVoterList_A4_Ward_211_Booth_22.pdf,41,92,,"LIST PART NO. 1 4 7  : Namakwala chawl, Meghraj Sethi Marg,"
BoothVoterList_A4_Ward_211_Booth_22.pdf,42,91,,"LIST PART NO. 1 4 7  : chawl near Vitthal Mandir, Santosh Bhuvan, Meghraj Sethi Marg,"
BoothVoterList_A4_Ward_211_Booth_22.pdf,43,90,,"LIST PART NO. 1 4 7  : MUNICIPAL GHAR 8, MAKBA FM, CHAIN ​​ROAD THIRD GALLI,"
BoothVoterList_A4_Ward_211_Booth_22.pdf,44,92,,"LIST PART NO. 1 4 7  : Namakwala chawl, Meghraj Sethi Marg,"
BoothVoterList_A4_Ward_211_Booth_22.pdf,45,93,,"LIST PART NO. 1 4 7  : Municipal House No. 8, ASIAN PALACE, CHAIN ​​ROAD THIRD GALLI,"
BoothVoterList_A4_Ward_211_Booth_22.pdf,46,88,,"LIST PART NO. 1 4 7  : Municipal House No. 1 1 E, Mun. chawl NEAR WATER dR STAFF, MEGHRAJ SETHI MARG,"
BoothVoterList_A4_Ward_211_Booth_22.pdf,47,91,,"LIST PART NO. 1 4 7  : chawl near Vitthal Mandir, Santosh Bhuvan, Meghraj Sethi Marg,"
BoothVoterList_A4_Ward_211_Booth_22.pdf,48,91,,"LIST PART NO. 1 4 7  : APRIL SHOWER BUILDING, MEGHRAJ SETHI MARG,"
BoothVoterList_A4_Ward_211_Booth_22.pdf,49,87,,"LIST PART NO. 1 4 7  : WAS Irani chawl, Meghraj Sethi Marg,"
BoothVoterList_A4_Ward_211_Booth_22.pdf,50,88,,"LIST PART NO. 1 4 7  : Municipal House No. 1 1 E, Mun. chawl NEAR WATER dR STAFF, MEGHRAJ SETHI MARG,"
BoothVoterList_A4_Ward_211_Booth_22.pdf,51,91,,"LIST PART NO. 1 4 7  : APRIL SHOWER BUILDING, MEGHRAJ SETHI MARG,"
BoothVoterList_A4_Ward_211_Booth_22.pdf,52,90,,"LIST PART NO. 1 4 7  : Vitthal Mandir Slum, Meghraj Sethi Marg,"
BoothVoterList_A4_Ward_211_Booth_22.pdf,53,90,,"LIST PART NO. 1 4 7  : Slum near Bambakhanya, Meghraj Sethi Marg,"
BoothVoterList_A4_Ward_211_Booth_22.pdf,54,90,,"LIST PART NO. 1 4 7  : MUNICIPAL GHAR 8, MAKBA FM, CHAIN ​​ROAD THIRD GALLI,"
BoothVoterList_A4_Ward_211_Booth_22.pdf,55,91,,"LIST PART NO. 1 4 7  : chawl near Vitthal Mandir, Santosh Bhuvan, Meghraj Sethi Marg,"
BoothVoterList_A4_Ward_211_Booth_22.pdf,56,90,,"LIST PART NO. 1 4 7  : Slum near Bambakhanya, Meghraj Sethi Marg,"
BoothVoterList_A4_Ward_211_Booth_22.pdf,57,91,,"LIST PART NO. 1 4 7  : chawl near Vitthal Mandir, Santosh Bhuvan, Meghraj Sethi Marg,"
BoothVoterList_A4_Ward_211_Booth_22.pdf,58,91,,"LIST PART NO. 1 4 7  : APRIL SHOWER BUILDING, MEGHRAJ SETHI MARG,"
BoothVoterList_A4_Ward_211_Booth_22.pdf,59,93,,"LIST PART NO. 1 4 7  : Municipal House No. 8, ASIAN PALACE, CHAIN ​​ROAD THIRD GALLI,"
BoothVoterList_A4_Ward_211_Booth_23.pdf,2,88,,"LIST PART NO. 1 4 8  : Apna slum, Meghraj Sethi Marg,"
BoothVoterList_A4_Ward_211_Booth_23.pdf,9,90,,"LIST PART NO. 1 4 8  : Hanuman Compound, 2nd Chain Street Meghraj Sethi Marg,"
BoothVoterList_A4_Ward_211_Booth_23.pdf,10,88,,"LIST PART NO. 1 4 8  : Apna slum, Meghraj Sethi Marg,"
BoothVoterList_A4_Ward_211_Booth_23.pdf,11,90,,"LIST PART NO. 1 4 8  : Hanuman Compound, 2nd Chain Street Meghraj Sethi Marg,"
BoothVoterList_A4_Ward_211_Booth_23.pdf,12,88,,"LIST PART NO. 1 6 7  : Municipal House No. 50B, Dhancastle Building, Mirza Ghalib Marg,"
BoothVoterList_A4_Ward_211_Booth_23.pdf,13,91,,"LIST PART NO. 1 6 7  : Municipal House No. No. 90, Lakshmi Building, Mirza Ghalib Marg,"
BoothVoterList_A4_Ward_211_Booth_23.pdf,15,93,,"LIST PART NO. 1 6 7  : Sagar Classic, Mirza Ghalib Marg,"
BoothVoterList_A4_Ward_211_Booth_23.pdf,21,93,,"LIST PART NO. 1 6 7  : Municipal House No. 5 0 Light of India Restaurant, Mirza Ghalib Marg,"
BoothVoterList_A4_Ward_211_Booth_23.pdf,22,88,,"LIST PART NO. 1 6 7  : Lucky ARM, Clare Road,"
BoothVoterList_A4_Ward_211_Booth_23.pdf,23,93,,"LIST PART NO. 1 6 7  : Sagar Classic, Mirza Ghalib Marg,"
BoothVoterList_A4_Ward_211_Booth_23.pdf,24,92,,"LIST PART NO. 1 6 7  : Taslima Heights, Mirza Ghalib Marg, Nagpada, Mumbai Central, Mumbai"
BoothVoterList_A4_Ward_211_Booth_23.pdf,25,88,,"LIST PART NO. 1 6 7  : Municipal House No. 50B, Dhancastle Building, Mirza Ghalib Marg,"
BoothVoterList_A4_Ward_211_Booth_24.pdf,2,86,,"LIST PART NO. 1 49  : Municipal House No. 18, Islamia Manzil, Baldu Rangari Road,"
BoothVoterList_A4_Ward_211_Booth_24.pdf,23,81,,"LIST PART NO. 1 49  : Municipal House No. 20, Kismet Manzil, Badlu Rangari Road,"
BoothVoterList_A4_Ward_211_Booth_24.pdf,28,93,,"LIST PART NO. 1 49  : Municipal House No. 1 1 7-1 19, Arab Masjid chawl, Maulana Azad Road,"
BoothVoterList_A4_Ward_211_Booth_24.pdf,29,88,,"LIST PART NO. 1 49  : Municipal House No. 1 2 3, Sabunwala Building, Maulana Azad Road,"
BoothVoterList_A4_Ward_211_Booth_24.pdf,30,92,,"LIST PART NO. 1 49  : Municipal House No. 1 2 7, Marwari chawl, Maulana Azad Road,"
BoothVoterList_A4_Ward_211_Booth_24.pdf,34,93,,"LIST PART NO. 1 49  : Municipal House No. 1 3 3, Indian Bakery, Maulana Azad Road, Mumbai"
BoothVoterList_A4_Ward_211_Booth_24.pdf,37,91,,"LIST PART NO. 149  : 190-993, Arab Masjid chawl, Maulana Azad Road,"
BoothVoterList_A4_Ward_211_Booth_24.pdf,38,90,,"LIST PART NO. 1 49  : KSA Elf, 4th Sankhli Street, Maulana Azad Road Mumbai- 4 0 0 0 0 8"
BoothVoterList_A4_Ward_211_Booth_24.pdf,40,81,,"LIST PART NO. 1 49  : Municipal House No. 20, Kismet Manzil, Badlu Rangari Road,"
BoothVoterList_A4_Ward_211_Booth_24.pdf,41,86,,"LIST PART NO. 1 49  : Municipal House No. 18, Islamia Manzil, Baldu Rangari Road,"
BoothVoterList_A4_Ward_211_Booth_24.pdf,42,81,,"LIST PART NO. 1 49 : 2- Municipal House No. 20, Kismet Manzil, Badlu Rangari Road,"
BoothVoterList_A4_Ward_211_Booth_24.pdf,43,90,,"LIST PART NO. 1 49  : KSA Elf, 4th Sankhli Street, Maulana Azad Road Mumbai- 4 0 0 0 0 8"
BoothVoterList_A4_Ward_211_Booth_24.pdf,44,86,,"LIST PART NO. 1 49  : Municipal House No. 18, Islamia Manzil, Baldu Rangari Road,"
BoothVoterList_A4_Ward_211_Booth_24.pdf,45,90,,"LIST PART NO. 1 49  : KSA Elf, 4th Sankhli Street, Maulana Azad Road Mumbai- 4 0 0 0 0 8"
BoothVoterList_A4_Ward_211_Booth_24.pdf,46,86,,"LIST PART NO. 1 49  : Municipal House No. 18, Islamia Manzil, Baldu Rangari Road,"
BoothVoterList_A4_Ward_211_Booth_24.pdf,47,93,,"LIST PART NO. 1 49  : Municipal House No. 1 3 3, Indian Bakery, Maulana Azad Road, Mumbai"
BoothVoterList_A4_Ward_211_Booth_24.pdf,48,86,,"LIST PART NO. 1 49  : Municipal House No. 18, Islamia Manzil, Baldu Rangari Road,"
BoothVoterList_A4_Ward_211_Booth_24.pdf,49,90,,"LIST PART NO. 1 49  : KSA Elf, 4th Sankhli Street, Maulana Azad Road Mumbai- 4 0 0 0 0 8"
BoothVoterList_A4_Ward_211_Booth_24.pdf,50,86,,"LIST PART NO. 1 49  : Municipal House No. 18, Islamia Manzil, Baldu Rangari Road,"
BoothVoterList_A4_Ward_211_Booth_24.pdf,51,81,,"LIST PART NO. 1 49  : Municipal House No. 20, Kismet Manzil, Badlu Rangari Road,"
BoothVoterList_A4_Ward_211_Booth_24.pdf,52,86,,"LIST PART NO. 1 49  : Municipal House No. 18, Islamia Manzil, Baldu Rangari Road,"
BoothVoterList_A4_Ward_211_Booth_24.pdf,53,90,,"LIST PART NO. 1 49  : KSA Elf, 4th Sankhli Street, Maulana Azad Road Mumbai- 4 0 0 0 0 8"
BoothVoterList_A4_Ward_211_Booth_24.pdf,54,86,,"LIST PART NO. 1 49  : Municipal House No. 18, Islamia Manzil, Baldu Rangari Road,"
BoothVoterList_A4_Ward_211_Booth_24.pdf,55,90,,"LIST PART NO. 1 49  : KSA Elf, 4th Sankhli Street, Maulana Azad Road Mumbai- 4 0 0 0 0 8"
BoothVoterList_A4_Ward_211_Booth_25.pdf,2,88,,"LIST PART NO. 1 6 8  : Municipal Ghar.2 Byculla Fire Brigade Officer saree, Hokh Hafizuddin Marg,"
BoothVoterList_A4_Ward_211_Booth_25.pdf,3,80,,"LIST PART NO. 1 6 8  : Municipal House No.-2 1 Byculla Fire Brigade Staff Quarters, Shokh Hafizuddin Marg,"
BoothVoterList_A4_Ward_211_Booth_25.pdf,5,90,,"LIST PART NO. 1 6 8  : Byculla Fire Brigade New Staff Quarters, Sheikh Hafizuddin Marg,"
BoothVoterList_A4_Ward_211_Booth_25.pdf,9,88,,"LIST PART NO. 1 6 8  : Byculla, Fire Brigade Kumbhar chawl, Shokh Hafizuddin Marg,"
BoothVoterList_A4_Ward_211_Booth_25.pdf,10,90,,"LIST PART NO. 1 6 8  : Byculla, Fire Brigade Water Department, Hokh Hafizuddin Marg,"
BoothVoterList_A4_Ward_211_Booth_25.pdf,11,92,,"LIST PART NO. 1 6 8  : Municipal House No. 8 Hazrat Terrace, Sheikh Hafizuddin Marg, Byculla,"
BoothVoterList_A4_Ward_211_Booth_25.pdf,13,83,,"LIST PART NO. 1 6 8  : Municipal House No. 1 6 Gulwala (Gowawala) chawl, Sheikh Hafizuddin Marg, Byculla,"
BoothVoterList_A4_Ward_211_Booth_25.pdf,14,87,,"LIST PART NO. 1 6 8  : Municipal House No. 2 4 Sundardas Building, Shokh Hafizuddin Marg, Byculla,"
BoothVoterList_A4_Ward_211_Booth_25.pdf,16,88,,"LIST PART NO. 1 6 8  : Municipal Ghar 3 2 Apna Ghar Building, Shokh Hafizuddin Marg, 2nd Chain Street,"
BoothVoterList_A4_Ward_211_Booth_25.pdf,20,89,,"LIST PART NO. 1 6 8  : Municipal House No. 4 2, Ade Building-A, sre Hafizuddin Marg, 2nd Chain Street,"
BoothVoterList_A4_Ward_211_Booth_25.pdf,24,87,,"LIST PART NO. 1 6 8  : Municipal House No. 4 2, Merchant Building-B, Hafizuddin Marg, 2nd Chain Street,"
BoothVoterList_A4_Ward_211_Booth_25.pdf,25,91,,"LIST PART NO. 1 6 8  : Municipal House No. 6 2, Fatwat Manzil, Sheikh Hafizuddin Marg, 2nd Chain Street,"
BoothVoterList_A4_Ward_211_Booth_25.pdf,27,87,,"LIST PART NO. 1 6 8  : b. M. C. E Ward Office GEM, E Municipal Ward Office, Sheikh"
BoothVoterList_A4_Ward_211_Booth_25.pdf,28,89,,"LIST PART NO. 1 6 8  : Municipal House No. 4 8, Khairunnisa We Building (Lucky ARM), Mirza Ghalib Marg,"
BoothVoterList_A4_Ward_211_Booth_25.pdf,30,92,,"LIST PART NO. 1 6 8  : Municipal House No. 5 8, Shroff Building (Halima Manzil), Mirza Ghalib Marg,"
BoothVoterList_A4_Ward_211_Booth_25.pdf,33,93,,"LIST PART NO. 1 6 8  : Municipal House No. 6 8, Masina Building, Mirza Ghalib Marg,"
BoothVoterList_A4_Ward_211_Booth_25.pdf,36,93,,"LIST PART NO. 1 6 8  : Municipal House No. 8 2, Clare House, Mirza Ghalib Marg,"
BoothVoterList_A4_Ward_211_Booth_25.pdf,38,90,,"LIST PART NO. 1 6 8  : Dhan Heo, Mirza Ghalib Marg,"
BoothVoterList_A4_Ward_211_Booth_25.pdf,42,92,,"LIST PART NO. 1 6 8  : Municipal House No. 4 6-5 0B, Lucky Menhan, Mirza Ghalib Marg,"
BoothVoterList_A4_Ward_211_Booth_25.pdf,43,92,,"LIST PART NO. 1 6 8  : Ashadan, Sakli Street,"
BoothVoterList_A4_Ward_211_Booth_25.pdf,46,87,,"LIST PART NO. 1 6 8  : G/6-CA, Lucky Eightnex, Sakli Street, Byculla,"
BoothVoterList_A4_Ward_211_Booth_25.pdf,47,83,,"LIST PART NO. 1 6 8  : Byculla Fire Station, Command Center Building, Byculla"
BoothVoterList_A4_Ward_211_Booth_25.pdf,48,93,,"LIST PART NO. 1 6 8  : Municipal House No. 6 8, Masina Building, Mirza Ghalib Marg,"
BoothVoterList_A4_Ward_211_Booth_25.pdf,49,92,,"LIST PART NO. 1 6 8  : Municipal House No. 5 8, Shroff Building (Halima Manzil), Mirza Ghalib Marg,"
BoothVoterList_A4_Ward_211_Booth_25.pdf,50,80,,"LIST PART NO. 1 6 8  : Municipal House No.-2 1 Byculla Fire Brigade Staff Quarters, Shokh Hafizuddin Marg,"
BoothVoterList_A4_Ward_211_Booth_25.pdf,51,89,,"LIST PART NO. 1 6 8  : Municipal House No. 4 2, Ade Building-A, sre Hafizuddin Marg, 2nd Chain Street,"
BoothVoterList_A4_Ward_211_Booth_25.pdf,52,87,,"LIST PART NO. 1 6 8  : Municipal House No. 4 2, Merchant Building-B, Hafizuddin Marg, 2nd Chain Street,"
BoothVoterList_A4_Ward_211_Booth_25.pdf,53,93,,"LIST PART NO. 1 6 8  : Municipal House No. 6 8, Masina Building, Mirza Ghalib Marg,"
BoothVoterList_A4_Ward_211_Booth_25.pdf,54,89,,"LIST PART NO. 1 6 8  : Municipal House No. 4 2, Ade Building-A, sre Hafizuddin Marg, 2nd Chain Street,"
BoothVoterList_A4_Ward_211_Booth_25.pdf,55,87,,"LIST PART NO. 1 6 8  : Municipal House No. 4 2, Merchant Building-B, Hafizuddin Marg, 2nd Chain Street,"
BoothVoterList_A4_Ward_211_Booth_25.pdf,56,89,,"LIST PART NO. 1 6 8  : Municipal House No. 4 2, Ade Building-A, sre Hafizuddin Marg, 2nd Chain Street,"
BoothVoterList_A4_Ward_211_Booth_25.pdf,57,90,,"LIST PART NO. 1 6 8  : Dhan Heo, Mirza Ghalib Marg,"
BoothVoterList_A4_Ward_211_Booth_25.pdf,58,89,,"LIST PART NO. 1 6 8  : Municipal House No. 4 2, Ade Building-A, sre Hafizuddin Marg, 2nd Chain Street,"
BoothVoterList_A4_Ward_211_Booth_25.pdf,59,90,,"LIST PART NO. 1 6 8  : Byculla Fire Brigade New Staff Quarters, Sheikh Hafizuddin Marg,"
BoothVoterList_A4_Ward_211_Booth_25.pdf,60,87,,"LIST PART NO. 1 6 8  : Municipal House No. 2 4 Sundardas Building, Shokh Hafizuddin Marg, Byculla,"
BoothVoterList_A4_Ward_211_Booth_26.pdf,2,90,,"LIST PART NO. 1 5 1  : Municipal House No. 1, Bawla Building, 1st Cross Chain Lane,"
BoothVoterList_A4_Ward_211_Booth_26.pdf,8,93,,"LIST PART NO. 1 5 1  : Municipal House No. 3, Fatimabai Building (Hawa Building), 1st Cross Chain Lane"
BoothVoterList_A4_Ward_211_Booth_26.pdf,12,91,,"LIST PART NO. 1 5 1  : Municipal House No. 5, Haji Ismail Building, 1st Cross Chain Lane,"
BoothVoterList_A4_Ward_211_Booth_26.pdf,15,91,,"LIST PART NO. 1 5 1  : Municipal House No. 6, Taj Mansion, 1st Cross Chain Lane,"
BoothVoterList_A4_Ward_211_Booth_26.pdf,20,89,,"LIST PART NO. 1 5 1  : Municipal House No. 2, RAJ BUILDING, 1ST CROSS CHAIN ​​LANE,"
BoothVoterList_A4_Ward_211_Booth_26.pdf,25,90,,"LIST PART NO. 1 5 1  : Municipal House No. 4, ALAVIA BUILDING, 2ND CROSS CHAIN ​​LANE,"
BoothVoterList_A4_Ward_211_Booth_26.pdf,26,87,,LIST PART NO. 1 5 1  : K. S. A Royal Me Hafizuddin Marg 1 & 2 Sankhli Street Mumbai -
BoothVoterList_A4_Ward_211_Booth_26.pdf,30,82,,"LIST PART NO. 1 5 1  : Municipal House No. 5, Mahmadi Manzil, Third Chain Street, Cross Lane,"
BoothVoterList_A4_Ward_211_Booth_26.pdf,35,93,,"LIST PART NO. 1 5 1  : IDEAL APARTMENT(A), THIRD CHAIN ​​STREET, CROSS LANE,"
BoothVoterList_A4_Ward_211_Booth_26.pdf,38,91,,"LIST PART NO. 1 5 1  : IDEAL APARTMENT(B), THIRD CHAIN ​​STREET, CROSS LANE,"
BoothVoterList_A4_Ward_211_Booth_26.pdf,43,89,,"LIST PART NO. 1 5 1  : Municipal House No. 2, RAJ BUILDING, 1ST CROSS CHAIN ​​LANE,"
BoothVoterList_A4_Ward_211_Booth_26.pdf,44,87,,LIST PART NO. 1 5 1  : K. S. A Royal Me Hafizuddin Marg 1 & 2 Sankhli Street Mumbai -
BoothVoterList_A4_Ward_211_Booth_26.pdf,45,91,,"LIST PART NO. 1 5 1  : IDEAL APARTMENT(B), THIRD CHAIN ​​STREET, CROSS LANE,"
BoothVoterList_A4_Ward_211_Booth_26.pdf,46,89,,"LIST PART NO. 1 5 1  : Municipal House No. 2, RAJ BUILDING, 1ST CROSS CHAIN ​​LANE,"
BoothVoterList_A4_Ward_211_Booth_26.pdf,47,91,,"LIST PART NO. 1 5 1  : Municipal House No. 6, Taj Mansion, 1st Cross Chain Lane,"
BoothVoterList_A4_Ward_211_Booth_26.pdf,48,87,,LIST PART NO. 1 5 1  : K. S. A Royal Me Hafizuddin Marg 1 & 2 Sankhli Street Mumbai -
BoothVoterList_A4_Ward_211_Booth_26.pdf,49,91,,"LIST PART NO. 1 5 1  : Municipal House No. 6, Taj Mansion, 1st Cross Chain Lane,"
BoothVoterList_A4_Ward_211_Booth_26.pdf,50,82,,"LIST PART NO. 1 5 1  : Municipal House No. 5, Mahmadi Manzil, Third Chain Street, Cross Lane,"
BoothVoterList_A4_Ward_211_Booth_26.pdf,51,87,,LIST PART NO. 1 5 1  : K. S. A Royal Me Hafizuddin Marg 1 & 2 Sankhli Street Mumbai -
BoothVoterList_A4_Ward_211_Booth_26.pdf,52,90,,"LIST PART NO. 1 5 1 : Municipal House No. 4, Alavia Building, 2nd Cross Chain Lane,"
BoothVoterList_A4_Ward_211_Booth_26.pdf,53,82,,"LIST PART NO. 1 5 1  : Municipal House No. 5, Mahmadi Manzil, Third Chain Street, Cross Lane,"
BoothVoterList_A4_Ward_211_Booth_26.pdf,54,91,,"LIST PART NO. 1 5 1  : Municipal House No. 6, Taj Mansion, 1st Cross Chain Lane,"
BoothVoterList_A4_Ward_211_Booth_26.pdf,55,90,,"LIST PART NO. 1 5 1 : Municipal House No. 1, Bawla Building, 1st Cross Chain Lane,"
BoothVoterList_A4_Ward_211_Booth_26.pdf,56,87,,LIST PART NO. 1 5 1  : K. S. A Royal Me Hafizuddin Marg 1 & 2 Sankhli Street Mumbai -
BoothVoterList_A4_Ward_211_Booth_26.pdf,57,89,,"LIST PART NO. 1 5 1  : Municipal House No. 2, RAJ BUILDING, 1ST CROSS CHAIN ​​LANE,"
BoothVoterList_A4_Ward_211_Booth_26.pdf,58,87,,LIST PART NO. 1 5 1  : K. S. A Royal Me Hafizuddin Marg 1 & 2 Sankhli Street Mumbai -
BoothVoterList_A4_Ward_211_Booth_26.pdf,59,91,,"LIST PART NO. 1 5 1  : IDEAL APARTMENT(B), THIRD CHAIN ​​STREET, CROSS LANE,"
BoothVoterList_A4_Ward_211_Booth_26.pdf,60,82,,"LIST PART NO. 1 5 1  : Municipal House No. 5, Mahmadi Manzil, Third Chain Street, Cross Lane,"
BoothVoterList_A4_Ward_211_Booth_26.pdf,61,87,,LIST PART NO. 1 5 1  : K. S. A Royal Me Hafizuddin Marg 1 & 2 Sankhli Street Mumbai -
BoothVoterList_A4_Ward_211_Booth_26.pdf,62,90,,"LIST PART NO. 1 5 1 : Municipal House No. 1, Bawla Building, 1st Cross Chain Lane,"
BoothVoterList_A4_Ward_211_Booth_26.pdf,63,89,,"LIST PART NO. 1 5 1  : Municipal House No. 2, RAJ BUILDING, 1ST CROSS CHAIN ​​LANE,"
BoothVoterList_A4_Ward_211_Booth_26.pdf,64,82,,"LIST PART NO. 1 5 1  : Municipal House No. 5, Mahmadi Manzil, Third Chain Street, Cross Lane,"
BoothVoterList_A4_Ward_211_Booth_26.pdf,65,87,,LIST PART NO. 1 5 1  : K. S. A Royal Me Hafizuddin Marg 1 & 2 Sankhli Street Mumbai -
BoothVoterList_A4_Ward_211_Booth_27.pdf,2,83,,"LIST PART NO. 1 5 2 : Municipal House No. 4, Alavia Building, 2nd Cross Chain Lane,"
BoothVoterList_A4_Ward_211_Booth_27.pdf,6,89,,"LIST PART NO. 1 5 2  : Municipal House No. 7, Habib Palace, 2nd Cross Chain Lane,"
BoothVoterList_A4_Ward_211_Booth_27.pdf,10,90,,"LIST PART NO. 1 5 2  : Municipal House No. 1 1, MOHSIN MANZIL, W CROSS CHAIN ​​LANE,"
BoothVoterList_A4_Ward_211_Booth_27.pdf,11,89,,"LIST PART NO. 1 5 2  : Municipal House No. 6, Mubarak Manzil, 2nd Cross Chain Lane,"
BoothVoterList_A4_Ward_211_Booth_27.pdf,16,92,,"LIST PART NO. 1 5 2  : Municipal House No. 8, SARA MANZIL, 2ND CROSS CHAIN ​​LANE,"
BoothVoterList_A4_Ward_211_Booth_27.pdf,21,92,,"LIST PART NO. 1 5 2  : Habib Palace -B- Wing, 2nd Cross Chain Lane,"
BoothVoterList_A4_Ward_211_Booth_27.pdf,24,89,,"LIST PART NO. 1 5 2  : Irfan Palace, Wl Cross Chain Lane,"
BoothVoterList_A4_Ward_211_Booth_27.pdf,27,84,,"LIST PART NO. 1 5 2  : Irfan Palace, Sheikh Hafizuddin Marg,"
BoothVoterList_A4_Ward_211_Booth_27.pdf,30,87,,"LIST PART NO. 1 5 2  : Habib Palace, V Wing, 2nd Cross Chain Lane,"
BoothVoterList_A4_Ward_211_Booth_27.pdf,33,87,,"LIST PART NO. 1 5 2  : Ht Apartment, Badlu Rangari Street, Byculla, Mumbai"
BoothVoterList_A4_Ward_211_Booth_27.pdf,35,92,,LIST PART NO. 1 5 2  : DK Residency Shaikh Hafizuddin Marg 2 Sankhli Street Mumbai - 4 0 0 0 0 8
BoothVoterList_A4_Ward_211_Booth_27.pdf,37,92,,"LIST PART NO. 1 5 2  : Municipal House No. 1 0, PANDROWALA MAHAL, 2ND CHAIN ​​STREET CROSS LANE,"
BoothVoterList_A4_Ward_211_Booth_27.pdf,41,93,,"LIST PART NO. 1 5 2  : Municipal House No. 1 2, Swadeshi Manzil, 2nd Chain Street Cross Lane,"
BoothVoterList_A4_Ward_211_Booth_27.pdf,44,93,,"LIST PART NO. 1 5 2  : Municipal House No. 1, Jamnadas Building (Parda Palace), 2nd Chain Street Cross"
BoothVoterList_A4_Ward_211_Booth_27.pdf,47,87,,"LIST PART NO. 1 5 2  : Ht Apartment, Badlu Rangari Street, Byculla, Mumbai"
BoothVoterList_A4_Ward_211_Booth_27.pdf,48,92,,LIST PART NO. 1 5 2  : DK Residency Shaikh Hafizuddin Marg 2 Sankhli Street Mumbai - 4 0 0 0 0 8
BoothVoterList_A4_Ward_211_Booth_27.pdf,49,89,,"LIST PART NO. 1 5 2  : Municipal House No. 6, Mubarak Manzil, 2nd Cross Chain Lane,"
BoothVoterList_A4_Ward_211_Booth_27.pdf,50,93,,"LIST PART NO. 1 5 2  : Municipal House No. 1 2, Swadeshi Manzil, 2nd Chain Street Cross Lane,"
BoothVoterList_A4_Ward_211_Booth_27.pdf,51,89,,"LIST PART NO. 1 5 2  : Municipal House No. 6, Mubarak Manzil, 2nd Cross Chain Lane,"
BoothVoterList_A4_Ward_211_Booth_27.pdf,52,92,,LIST PART NO. 1 5 2  : DK Residency Shaikh Hafizuddin Marg 2 Sankhli Street Mumbai - 4 0 0 0 0 8
BoothVoterList_A4_Ward_211_Booth_27.pdf,53,89,,"LIST PART NO. 1 5 2  : Municipal House No. 7, Habib Palace, 2nd Cross Chain Lane,"
BoothVoterList_A4_Ward_211_Booth_27.pdf,54,87,,"LIST PART NO. 1 5 2  : Ht Apartment, Badlu Rangari Street, Byculla, Mumbai"
BoothVoterList_A4_Ward_211_Booth_27.pdf,55,87,,"LIST PART NO. 1 5 2  : Habib Palace, V Wing, 2nd Cross Chain Lane,"
BoothVoterList_A4_Ward_211_Booth_27.pdf,56,93,,"LIST PART NO. 1 5 2  : Municipal House No. 1, Jamnadas Building (Parda Palace), 2nd Chain Street Cross"
BoothVoterList_A4_Ward_211_Booth_27.pdf,57,83,,"LIST PART NO. 1 5 2 : Municipal House No. 4, Alavia Building, 2nd Cross Chain Lane,"
BoothVoterList_A4_Ward_211_Booth_27.pdf,58,87,,"LIST PART NO. 1 5 2  : Habib Palace, V Wing, 2nd Cross Chain Lane,"
BoothVoterList_A4_Ward_211_Booth_27.pdf,59,87,,"LIST PART NO. 1 5 2  : Ht Apartment, Badlu Rangari Street, Byculla, Mumbai"
BoothVoterList_A4_Ward_211_Booth_27.pdf,60,93,,"LIST PART NO. 1 5 2  : Municipal House No. 1, Jamnadas Building (Parda Palace), 2nd Chain Street Cross"
BoothVoterList_A4_Ward_211_Booth_27.pdf,61,87,,"LIST PART NO. 1 5 2  : Habib Palace, V Wing, 2nd Cross Chain Lane,"
BoothVoterList_A4_Ward_211_Booth_27.pdf,62,92,,LIST PART NO. 1 5 2  : DK Residency Shaikh Hafizuddin Marg 2 Sankhli Street Mumbai - 4 0 0 0 0 8
BoothVoterList_A4_Ward_211_Booth_27.pdf,63,84,,"LIST PART NO. 1 5 2  : Irfan Palace, Sheikh Hafizuddin Marg,"
BoothVoterList_A4_Ward_211_Booth_27.pdf,64,87,,"LIST PART NO. 1 5 2  : Habib Palace, V Wing, 2nd Cross Chain Lane,"
BoothVoterList_A4_Ward_211_Booth_27.pdf,65,92,,LIST PART NO. 1 5 2  : DK Residency Shaikh Hafizuddin Marg 2 Sankhli Street Mumbai - 4 0 0 0 0 8
BoothVoterList_A4_Ward_211_Booth_27.pdf,66,89,,"LIST PART NO. 1 5 2  : Municipal House No. 7, Habib Palace, 2nd Cross Chain Lane,"
BoothVoterList_A4_Ward_211_Booth_27.pdf,67,89,,"LIST PART NO. 1 5 2  : Irfan Palace, Wl Cross Chain Lane,"
BoothVoterList_A4_Ward_211_Booth_27.pdf,68,92,,LIST PART NO. 1 5 2  : DK Residency Shaikh Hafizuddin Marg 2 Sankhli Street Mumbai - 4 0 0 0 0 8
BoothVoterList_A4_Ward_211_Booth_27.pdf,69,87,,"LIST PART NO. 1 5 2  : Ht Apartment, Badlu Rangari Street, Byculla, Mumbai"
BoothVoterList_A4_Ward_211_Booth_27.pdf,70,92,,"LIST PART NO. 1 5 2  : Municipal House No. 1 0, PANDROWALA MAHAL, 2ND CHAIN ​​STREET CROSS LANE,"
BoothVoterList_A4_Ward_211_Booth_27.pdf,71,89,,"LIST PART NO. 1 5 2  : Municipal House No. 7, Habib Palace, 2nd Cross Chain Lane,"
BoothVoterList_A4_Ward_211_Booth_27.pdf,72,87,,"LIST PART NO. 1 5 2  : Ht Apartment, Badlu Rangari Street, Byculla, Mumbai"
BoothVoterList_A4_Ward_211_Booth_27.pdf,73,89,,"LIST PART NO. 1 5 2  : Irfan Palace, Wl Cross Chain Lane,"
BoothVoterList_A4_Ward_211_Booth_27.pdf,74,92,,LIST PART NO. 1 5 2  : DK Residency Shaikh Hafizuddin Marg 2 Sankhli Street Mumbai - 4 0 0 0 0 8
BoothVoterList_A4_Ward_211_Booth_27.pdf,75,87,,"LIST PART NO. 1 5 2  : Ht Apartment, Badlu Rangari Street, Byculla, Mumbai"
BoothVoterList_A4_Ward_211_Booth_27.pdf,76,87,,"LIST PART NO. 1 5 2  : Habib Palace, V Wing, 2nd Cross Chain Lane,"
BoothVoterList_A4_Ward_211_Booth_27.pdf,77,87,,"LIST PART NO. 1 5 2  : Ht Apartment, Badlu Rangari Street, Byculla, Mumbai"
BoothVoterList_A4_Ward_211_Booth_28.pdf,2,90,,"LIST PART NO. 153  : Municipal House No. 7, Tehsin Tower, Third Chain Street, Cross Lane,"
BoothVoterList_A4_Ward_211_Booth_28.pdf,5,92,,"LIST PART NO. 1 5 3  : Municipal House No. 1 1, Alfat Te Ha Building, Third Chain Street, Cross Lane,"
BoothVoterList_A4_Ward_211_Booth_28.pdf,10,92,,"LIST PART NO. 153  : Municipal House No. 13, Ratlam Building-A, Third Chain Street, Cross Lane,"
BoothVoterList_A4_Ward_211_Booth_28.pdf,15,92,,"LIST PART NO. 153  : Municipal House No. 13, Ratlam Building-B, Third Chain Street, Cross Lane,"
BoothVoterList_A4_Ward_211_Booth_28.pdf,18,91,,"LIST PART NO. 1 5 3  : Municipal House No. 1 5, Farooq Mansion, Third Chain Street, Cross Lane,"
BoothVoterList_A4_Ward_211_Booth_28.pdf,19,90,,"LIST PART NO. 1 5 3  : Huts near Vitthal Mandir, 3rd Chain Street, Cross Lane,"
BoothVoterList_A4_Ward_211_Booth_28.pdf,21,92,,"LIST PART NO. 153  : Municipal House No. 15, Ratlam Building, Third Chain Street, Cross Lane,"
BoothVoterList_A4_Ward_211_Booth_28.pdf,22,92,,"LIST PART NO. 1 5 3  : Rehmani Tower, Third Chain Street, Cross Lane,"
BoothVoterList_A4_Ward_211_Booth_28.pdf,23,93,,"LIST PART NO. 153  : Tehsin Tower, Third Chain Street, Cross Lane,"
BoothVoterList_A4_Ward_211_Booth_28.pdf,27,92,,"LIST PART NO. 1 5 3  : Municipal House No. 1 0, Pandrowala Mahal, 2nd Chain Street, Byculla,"
BoothVoterList_A4_Ward_211_Booth_28.pdf,28,86,,"LIST PART NO. 1 5 3  : Municipal House No. 1 5, KSA. Tow, frat cross lane, chain street, byculla,"
BoothVoterList_A4_Ward_211_Booth_28.pdf,33,92,,"LIST PART NO. 1 5 3  : K. S. A. Heights, 2nd Sakli Street, Byculla,"
BoothVoterList_A4_Ward_211_Booth_28.pdf,37,90,,"LIST PART NO. 1 5 3  : KSA Grand, 3rd Sankhli Street, Mumbai- 4 0 0 0 0 8"
BoothVoterList_A4_Ward_211_Booth_29.pdf,2,90,,"LIST PART NO. 1 5 3  : KSA Grand, 3rd Sankhli Street, Mumbai- 4 0 0 0 0 8"
BoothVoterList_A4_Ward_211_Booth_29.pdf,7,89,,"LIST PART NO. 1 5 3  : Royal touch al f te h c. H. S Limited, Sheikh Hafizuddin Marg, Madanpura"
BoothVoterList_A4_Ward_211_Booth_29.pdf,9,86,,"LIST PART NO. 1 5 3  : Municipal House No. 1 5, KSA. Tow, frat cross lane, chain street, byculla,"
BoothVoterList_A4_Ward_211_Booth_29.pdf,10,92,,"LIST PART NO. 1 5 3  : K. S. A. Heights, 2nd Sakli Street, Byculla,"
BoothVoterList_A4_Ward_211_Booth_29.pdf,11,93,,"LIST PART NO. 153  : Tehsin Tower, Third Chain Street, Cross Lane,"
BoothVoterList_A4_Ward_211_Booth_29.pdf,12,90,,"LIST PART NO. 153  : Municipal House No. 7, Tehsin Tower, Third Chain Street, Cross Lane,"
BoothVoterList_A4_Ward_211_Booth_29.pdf,13,86,,"LIST PART NO. 1 5 3  : Municipal House No. 1 5, KSA. Tow, frat cross lane, chain street, byculla,"
BoothVoterList_A4_Ward_211_Booth_29.pdf,14,90,,"LIST PART NO. 1 5 3  : KSA Grand, 3rd Sankhli Street, Mumbai- 4 0 0 0 0 8"
BoothVoterList_A4_Ward_211_Booth_29.pdf,15,89,,"LIST PART NO. 1 5 3  : Royal touch al f te h c. H. S Limited, Sheikh Hafizuddin Marg, Madanpura"
BoothVoterList_A4_Ward_211_Booth_29.pdf,16,90,,"LIST PART NO. 1 5 3  : KSA Grand, 3rd Sankhli Street, Mumbai- 4 0 0 0 0 8"
BoothVoterList_A4_Ward_211_Booth_29.pdf,17,86,,"LIST PART NO. 1 5 3  : Municipal House No. 1 5, KSA. Tow, frat cross lane, chain street, byculla,"
BoothVoterList_A4_Ward_211_Booth_29.pdf,18,92,,"LIST PART NO. 1 5 3  : Municipal House No. 1 0, Pandrowala Mahal, 2nd Chain Street, Byculla,"
BoothVoterList_A4_Ward_211_Booth_29.pdf,19,92,,"LIST PART NO. 1 5 3  : K. S. A. Heights, 2nd Sakli Street, Byculla,"
BoothVoterList_A4_Ward_211_Booth_29.pdf,20,86,,"LIST PART NO. 1 5 3  : Municipal House No. 1 5, KSA. Tow, frat cross lane, chain street, byculla,"
BoothVoterList_A4_Ward_211_Booth_29.pdf,21,93,,"LIST PART NO. 153  : Tehsin Tower, Third Chain Street, Cross Lane,"
BoothVoterList_A4_Ward_211_Booth_29.pdf,22,89,,"LIST PART NO. 1 5 3  : Royal touch al f te h c. H. S Limited, Sheikh Hafizuddin Marg, Madanpura"
BoothVoterList_A4_Ward_211_Booth_29.pdf,23,86,,"LIST PART NO. 1 5 3  : Municipal House No. 1 5, KSA. Tow, frat cross lane, chain street, byculla,"
BoothVoterList_A4_Ward_211_Booth_29.pdf,24,92,,"LIST PART NO. 1 5 3  : Municipal House No. 1 1, Alfat Te Ha Building, Third Chain Street, Cross Lane,"
BoothVoterList_A4_Ward_211_Booth_29.pdf,25,90,,"LIST PART NO. 153  : Municipal House No. 7, Tehsin Tower, Third Chain Street, Cross Lane,"
BoothVoterList_A4_Ward_211_Booth_29.pdf,26,92,,"LIST PART NO. 1 5 3  : K. S. A. Heights, 2nd Sakli Street, Byculla,"
BoothVoterList_A4_Ward_211_Booth_29.pdf,27,89,,"LIST PART NO. 1 5 3  : Royal touch al f te h c. H. S Limited, Sheikh Hafizuddin Marg, Madanpura"
BoothVoterList_A4_Ward_211_Booth_29.pdf,28,92,,"LIST PART NO. 1 5 3  : Municipal House No. 1 1, Alfat Te Ha Building, Third Chain Street, Cross Lane,"
BoothVoterList_A4_Ward_211_Booth_29.pdf,29,92,,"LIST PART NO. 1 5 3  : K. S. A. Heights, 2nd Sakli Street, Byculla,"
BoothVoterList_A4_Ward_211_Booth_29.pdf,30,90,,"LIST PART NO. 1 5 3  : KSA Grand, 3rd Sankhli Street, Mumbai- 4 0 0 0 0 8"
BoothVoterList_A4_Ward_211_Booth_29.pdf,31,90,,"LIST PART NO. 153  : Municipal House No. 7, Tehsin Tower, Third Chain Street, Cross Lane,"
BoothVoterList_A4_Ward_211_Booth_29.pdf,32,93,,"LIST PART NO. 153  : Tehsin Tower, Third Chain Street, Cross Lane,"
BoothVoterList_A4_Ward_211_Booth_29.pdf,33,92,,"LIST PART NO. 1 5 3  : K. S. A. Heights, 2nd Sakli Street, Byculla,"
BoothVoterList_A4_Ward_211_Booth_29.pdf,34,89,,"LIST PART NO. 1 5 3  : Royal touch al f te h c. H. S Limited, Sheikh Hafizuddin Marg, Madanpura"
BoothVoterList_A4_Ward_211_Booth_29.pdf,35,92,,"LIST PART NO. 1 5 3  : K. S. A. Heights, 2nd Sakli Street, Byculla,"
BoothVoterList_A4_Ward_211_Booth_29.pdf,36,89,,"LIST PART NO. 1 5 3  : Royal touch al f te h c. H. S Limited, Sheikh Hafizuddin Marg, Madanpura"
BoothVoterList_A4_Ward_211_Booth_29.pdf,37,92,,"LIST PART NO. 1 5 3  : K. S. A. Heights, 2nd Sakli Street, Byculla,"
BoothVoterList_A4_Ward_211_Booth_29.pdf,38,86,,"LIST PART NO. 1 5 3  : Municipal House No. 1 5, KSA. Tow, frat cross lane, chain street, byculla,"
BoothVoterList_A4_Ward_211_Booth_29.pdf,39,92,,"LIST PART NO. 1 5 3  : K. S. A. Heights, 2nd Sakli Street, Byculla,"
BoothVoterList_A4_Ward_211_Booth_29.pdf,40,93,,"LIST PART NO. 153  : Tehsin Tower, Third Chain Street, Cross Lane,"
BoothVoterList_A4_Ward_211_Booth_29.pdf,41,89,,"LIST PART NO. 1 5 3  : Royal touch al f te h c. H. S Limited, Sheikh Hafizuddin Marg, Madanpura"
BoothVoterList_A4_Ward_211_Booth_29.pdf,42,92,,"LIST PART NO. 1 5 3  : K. S. A. Heights, 2nd Sakli Street, Byculla,"
BoothVoterList_A4_Ward_211_Booth_29.pdf,43,92,,"LIST PART NO. 1 5 4  : Municipal House No. 8 6 8-8 9 8, Khatav Makanji chawl No. 2, Bapurao Jagtap Road,"
BoothVoterList_A4_Ward_211_Booth_29.pdf,46,88,,"LIST PART NO. 1 5 4  : Municipal House No. 902-828, Khatav Mill chawl 4.9, Bapurao Jagtap Road,"
BoothVoterList_A4_Ward_211_Booth_29.pdf,49,91,,"LIST PART NO. 1 5 4  : Municipal House No. 9 0 0, Khatav Mill chawl No. 4, Bapurao Jagtap Road,"
BoothVoterList_A4_Ward_211_Booth_29.pdf,50,91,,"LIST PART NO. 1 5 4  : Municipal House No. 9 0 0, Khatav Mill chawl 4.3, Bapurao Jagtap Road,"
BoothVoterList_A4_Ward_211_Booth_29.pdf,51,92,,"LIST PART NO. 1 5 4  : Khatav Mill chawl No-.4, Bapurao Jagtap Road,"
BoothVoterList_A4_Ward_211_Booth_29.pdf,52,92,,"LIST PART NO. 1 5 4  : Khatav Mill chawl Na, Bapurao Jagtap Road,"
BoothVoterList_A4_Ward_211_Booth_29.pdf,53,88,,"LIST PART NO. 1 5 4  : Titlis Monty South, Tower-A, Bapurao Jagtap Marg, Byculla Fire"
BoothVoterList_A4_Ward_211_Booth_29.pdf,56,88,,"LIST PART NO. 1 5 4  : Municipal House No. 902-828, Khatav Mill chawl 4.9, Bapurao Jagtap Road,"
BoothVoterList_A4_Ward_211_Booth_29.pdf,57,88,,"LIST PART NO. 1 5 4  : Titlis Monty South, Tower-A, Bapurao Jagtap Marg, Byculla Fire"
BoothVoterList_A4_Ward_211_Booth_29.pdf,58,92,,"LIST PART NO. 1 5 4  : Khatav Mill chawl No-.4, Bapurao Jagtap Road,"
BoothVoterList_A4_Ward_211_Booth_29.pdf,59,88,,"LIST PART NO. 1 5 4  : Municipal House No. 902-828, Khatav Mill chawl 4.9, Bapurao Jagtap Road,"
BoothVoterList_A4_Ward_211_Booth_29.pdf,60,88,,"LIST PART NO. 1 5 4  : Titlis Monty South, Tower-A, Bapurao Jagtap Marg, Byculla Fire"
BoothVoterList_A4_Ward_211_Booth_3.pdf,2,89,,"LIST PART NO. 2 0 2  : Municipal House No. 1 2 2, K. e. Home Salveshana Army, Maulana Azad Road, Mumbai"
BoothVoterList_A4_Ward_211_Booth_3.pdf,4,93,,"LIST PART NO. 202  : Municipal House No. 1 46 to 1 48, Abdullah House (Haji Jamal B.), Maulana Azad Road"
BoothVoterList_A4_Ward_211_Booth_3.pdf,6,93,,"LIST PART NO. 2 0 2  : Municipal House No. 1 5 0 Ibrahim Building, Maulana Azad Road,"
BoothVoterList_A4_Ward_211_Booth_3.pdf,9,92,,"LIST PART NO. 2 0 2  : Municipal House No. 1 5 4 Azad India Building, Maulana Azad Road,"
BoothVoterList_A4_Ward_211_Booth_3.pdf,15,92,,"LIST PART NO. 2 0 2  : Municipal House No. 1 6 6 Badi Masjid Compound, Maulana Azad Road,"
BoothVoterList_A4_Ward_211_Booth_3.pdf,16,92,,"LIST PART NO. 2 0 2  : Municipal House No. 1 6 8, Aminabai chawl, Maulana Azad Road,"
BoothVoterList_A4_Ward_211_Booth_3.pdf,19,92,,"LIST PART NO. 2 0 2  : Municipal House No. 1 7 0 to 1 7 2, Sharifabai chawl, Maulana Azad Road,"
BoothVoterList_A4_Ward_211_Booth_3.pdf,20,91,,LIST PART NO. 2 0 2  : Maulana Azad Road
BoothVoterList_A4_Ward_211_Booth_3.pdf,21,93,,"LIST PART NO. 2 0 2  : Municipal House No. 1 8 6 to 1 8 8 Koyta House, Maulana Azad Road"
BoothVoterList_A4_Ward_211_Booth_3.pdf,22,93,,"LIST PART NO. 2 0 2  : Municipal House No. 1 8 2, Rahim Building, Maulana Azad Road,"
BoothVoterList_A4_Ward_211_Booth_3.pdf,23,93,,"LIST PART NO. 2 0 2  : Municipal House No. 196, Khoja chawl, Maulana Azad Road,"
BoothVoterList_A4_Ward_211_Booth_3.pdf,29,93,,"LIST PART NO. 2 0 2  : Municipal House No. 2 2, Prabhat Wadi, Maulana Azad Road,"
BoothVoterList_A4_Ward_211_Booth_3.pdf,30,90,,"LIST PART NO. 2 0 2  : KD Building, Maulana Azad Road,"
BoothVoterList_A4_Ward_211_Booth_3.pdf,35,92,,"LIST PART NO. 2 0 2  : Ar Rayyan Tower, Maulana Azad Road, Near Jhula Maidan, Mumbai- 4 0 0 0 1 1"
BoothVoterList_A4_Ward_211_Booth_3.pdf,37,91,,"LIST PART NO. 2 0 2  : Post Office Building, 1 8 6 Maulana Azad Road, Madanpura Mumbai - 4 0 0 0 0 8"
BoothVoterList_A4_Ward_211_Booth_3.pdf,38,93,,"LIST PART NO. 2 0 2  : Municipal House No. 196, Khoja chawl, Maulana Azad Road,"
BoothVoterList_A4_Ward_211_Booth_3.pdf,39,90,,"LIST PART NO. 2 0 2  : KD Building, Maulana Azad Road,"
BoothVoterList_A4_Ward_211_Booth_3.pdf,40,89,,"LIST PART NO. 2 0 2  : Municipal House No. 1 2 2, K. e. Home Salveshana Army, Maulana Azad Road, Mumbai"
BoothVoterList_A4_Ward_211_Booth_3.pdf,41,90,,"LIST PART NO. 2 0 2  : KD Building, Maulana Azad Road,"
BoothVoterList_A4_Ward_211_Booth_3.pdf,42,93,,"LIST PART NO. 2 0 2  : Municipal House No. 196, Khoja chawl, Maulana Azad Road,"
BoothVoterList_A4_Ward_211_Booth_3.pdf,43,90,,"LIST PART NO. 2 0 2  : KD Building, Maulana Azad Road,"
BoothVoterList_A4_Ward_211_Booth_3.pdf,44,93,,"LIST PART NO. 2 0 2  : Municipal House No. 196, Khoja chawl, Maulana Azad Road,"
BoothVoterList_A4_Ward_211_Booth_3.pdf,45,92,,"LIST PART NO. 2 0 2  : Municipal House No. 1 5 4 Azad India Building, Maulana Azad Road,"
BoothVoterList_A4_Ward_211_Booth_3.pdf,46,93,,"LIST PART NO. 2 0 2  : Municipal House No. 196, Khoja chawl, Maulana Azad Road,"
BoothVoterList_A4_Ward_211_Booth_3.pdf,47,92,,"LIST PART NO. 2 0 2  : Ar Rayyan Tower, Maulana Azad Road, Near Jhula Maidan, Mumbai- 4 0 0 0 1 1"
BoothVoterList_A4_Ward_211_Booth_3.pdf,48,89,,"LIST PART NO. 2 0 2  : Municipal House No. 1 2 2, K. e. Home Salveshana Army, Maulana Azad Road, Mumbai"
BoothVoterList_A4_Ward_211_Booth_3.pdf,49,93,,"LIST PART NO. 2 0 2  : Municipal House No. 196, Khoja chawl, Maulana Azad Road,"
BoothVoterList_A4_Ward_211_Booth_3.pdf,50,93,,"LIST PART NO. 2 0 2  : Municipal House No. 1 5 0 Ibrahim Building, Maulana Azad Road,"
BoothVoterList_A4_Ward_211_Booth_3.pdf,51,92,,"List Part sh, 202  : Samunder Mahal, Maulana Azad Road, Nagpada, Mumbai Central, Mumbai"
BoothVoterList_A4_Ward_211_Booth_3.pdf,52,93,,"LIST PART NO. 2 0 2  : Municipal House No. 196, Khoja chawl, Maulana Azad Road,"
BoothVoterList_A4_Ward_211_Booth_3.pdf,53,92,,"LIST PART NO. 2 0 2  : Ar Rayyan Tower, Maulana Azad Road, Near Jhula Maidan, Mumbai- 4 0 0 0 1 1"
BoothVoterList_A4_Ward_211_Booth_3.pdf,54,92,,"LIST PART NO. 2 0 2  : Municipal House No. 1 6 8, Aminabai chawl, Maulana Azad Road,"
BoothVoterList_A4_Ward_211_Booth_3.pdf,55,93,,"LIST PART NO. 2 0 2  : Municipal House No. 196, Khoja chawl, Maulana Azad Road,"
BoothVoterList_A4_Ward_211_Booth_3.pdf,56,90,,"LIST PART NO. 2 0 2  : KD Building, Maulana Azad Road,"
BoothVoterList_A4_Ward_211_Booth_3.pdf,57,92,,"LIST PART NO. 2 0 2  : Ar Rayyan Tower, Maulana Azad Road, Near Jhula Maidan, Mumbai- 4 0 0 0 1 1"
BoothVoterList_A4_Ward_211_Booth_3.pdf,58,93,,"LIST PART NO. 2 0 2  : Municipal House No. 196, Khoja chawl, Maulana Azad Road,"
BoothVoterList_A4_Ward_211_Booth_3.pdf,59,92,,"LIST PART NO. 2 0 2  : Ar Rayyan Tower, Maulana Azad Road, Near Jhula Maidan, Mumbai- 4 0 0 0 1 1"
BoothVoterList_A4_Ward_211_Booth_3.pdf,60,92,,"LIST PART NO. 2 0 2  : Municipal House No. 1 6 8, Aminabai chawl, Maulana Azad Road,"
BoothVoterList_A4_Ward_211_Booth_3.pdf,61,92,,"LIST PART NO. 2 0 2  : Municipal House No. 1 7 0 to 1 7 2, Sharifabai chawl, Maulana Azad Road,"
BoothVoterList_A4_Ward_211_Booth_3.pdf,62,92,,"LIST PART NO. 2 0 2  : Ar Rayyan Tower, Maulana Azad Road, Near Jhula Maidan, Mumbai- 4 0 0 0 1 1"
BoothVoterList_A4_Ward_211_Booth_3.pdf,63,93,,"LIST PART NO. 2 0 2  : Municipal House No. 196, Khoja chawl, Maulana Azad Road,"
BoothVoterList_A4_Ward_211_Booth_3.pdf,64,92,,"LIST PART NO. 2 0 2  : Ar Rayyan Tower, Maulana Azad Road, Near Jhula Maidan, Mumbai- 4 0 0 0 1 1"
BoothVoterList_A4_Ward_211_Booth_30.pdf,2,91,,LIST PART NO. 1 5 5  : Municipal House No. 7 A - Patra chawl No. 1 Badlu Rangari Road Byculla (W)
BoothVoterList_A4_Ward_211_Booth_30.pdf,7,92,,LIST PART NO. 1 5 5  : Municipal House No. 7 A - Patra chawl No. 2 Badlu Rangari Road
BoothVoterList_A4_Ward_211_Booth_30.pdf,10,90,,LIST PART NO. 1 5 5  : Patra chawl No. 3 Badlu Rangari Road
BoothVoterList_A4_Ward_211_Booth_30.pdf,12,89,,LIST PART NO. 1 5 5  : Municipal House No. 7 Anwarsheth chawl No 1 Badlu Rangari Road
BoothVoterList_A4_Ward_211_Booth_30.pdf,14,92,,LIST PART NO. 1 5 5  : Municipal House No. 7 Anwarsheth chawl No. 2 Badlu Rangari Road
BoothVoterList_A4_Ward_211_Booth_30.pdf,15,93,,LIST PART NO. 1 5 5  : Municipal House No. 7 Anwarsheth chawl No. 3 Badlu Rangari Road
BoothVoterList_A4_Ward_211_Booth_30.pdf,17,87,,LIST PART NO. 1 5 5  : Municipal House No. 7 Anwarsheth chawl No. 4 Badlu Rangari Road
BoothVoterList_A4_Ward_211_Booth_30.pdf,18,92,,LIST PART NO. 1 5 5  : Municipal House No. 7 Anwarsheth chawl No. 5 Badlu Rangari Road
BoothVoterList_A4_Ward_211_Booth_30.pdf,20,93,,LIST PART NO. 1 5 5  : Municipal House No. 7 Anwarsheth chawl No. 6 Badlu Rangari Road
BoothVoterList_A4_Ward_211_Booth_30.pdf,22,91,,LIST PART NO. 1 5 5  : Municipal House No. 7 Anwarsheth chawl 4.0 Badlu Rangari Road
BoothVoterList_A4_Ward_211_Booth_30.pdf,23,92,,LIST PART NO. 1 5 5  : Municipal House No. 7 Anwarsheth chawl No. 8 Badlu Rangari Road
BoothVoterList_A4_Ward_211_Booth_30.pdf,24,90,,LIST PART NO. 1 5 5  : Municipal House No. 7 Anwarsheth chawl No. 9 Badlu Rangari Road
BoothVoterList_A4_Ward_211_Booth_31.pdf,2,92,,LIST PART NO. 1 5 5  : Municipal House No. 7 A FURZAND APARTMENT Badlu Rangari Road
BoothVoterList_A4_Ward_211_Booth_31.pdf,11,92,,LIST PART NO. 1 5 5  : Municipal House No. 1 1 Gulab Manzil Badlu Rangari Road
BoothVoterList_A4_Ward_211_Booth_31.pdf,14,93,,LIST PART NO. 1 5 5  : Municipal House No. 1 1 Nawab chawl Badlu Rangari Road
BoothVoterList_A4_Ward_211_Booth_31.pdf,18,91,,LIST PART NO. 1 5 5  : Municipal House No. 1 5 Aminabi chawl Badlu Rangari Road
BoothVoterList_A4_Ward_211_Booth_31.pdf,24,90,,"LIST PART NO. 1 5 5  : Junaid AM, Badlu Rangari Street, Byculla,"
BoothVoterList_A4_Ward_211_Booth_31.pdf,25,91,,"LIST PART NO. 1 5 5  : Bagh-e-Usman Heights, Baldu Rangari Street, Byculla,"
BoothVoterList_A4_Ward_211_Booth_31.pdf,27,92,,LIST PART NO. 1 5 5  : Municipal House No. 7 Anwarsheth chawl No. 5 Badlu Rangari Road
BoothVoterList_A4_Ward_211_Booth_31.pdf,28,91,,"LIST PART NO. 1 5 5  : Bagh-e-Usman Heights, Baldu Rangari Street, Byculla,"
BoothVoterList_A4_Ward_211_Booth_31.pdf,29,92,,LIST PART NO. 1 5 5  : Municipal House No. 7 Anwarsheth chawl No. 5 Badlu Rangari Road
BoothVoterList_A4_Ward_211_Booth_31.pdf,30,90,,LIST PART NO. 1 5 5  : Patra chawl No. 3 Badlu Rangari Road
BoothVoterList_A4_Ward_211_Booth_31.pdf,31,91,,LIST PART NO. 1 5 5  : Municipal House No. 7 A - Patra chawl No. 1 Badlu Rangari Road Byculla (W)
BoothVoterList_A4_Ward_211_Booth_31.pdf,32,92,,LIST PART NO. 1 5 5  : Municipal House No. 1 1 Gulab Manzil Badlu Rangari Road
BoothVoterList_A4_Ward_211_Booth_31.pdf,33,89,,LIST PART NO. 1 5 5  : Municipal House No. 7 Anwarsheth chawl No 1 Badlu Rangari Road
BoothVoterList_A4_Ward_211_Booth_31.pdf,34,91,,LIST PART NO. 1 5 5  : Municipal House No. 7 A - Patra chawl No. 1 Badlu Rangari Road Byculla (W)
BoothVoterList_A4_Ward_211_Booth_31.pdf,35,93,,LIST PART NO. 1 5 5  : Municipal House No. 1 1 Nawab chawl Badlu Rangari Road
BoothVoterList_A4_Ward_211_Booth_31.pdf,36,93,,LIST PART NO. 1 5 5  : Municipal House No. 7 Anwarsheth chawl No. 3 Badlu Rangari Road
BoothVoterList_A4_Ward_211_Booth_31.pdf,37,91,,"LIST PART NO. 1 5 5  : Bagh-e-Usman Heights, Baldu Rangari Street, Byculla,"
BoothVoterList_A4_Ward_211_Booth_31.pdf,38,91,,LIST PART NO. 1 5 5  : Municipal House No. 7 A - Patra chawl No. 1 Badlu Rangari Road Byculla (W)
BoothVoterList_A4_Ward_211_Booth_31.pdf,39,89,,LIST PART NO. 1 5 5  : Municipal House No. 7 Anwarsheth chawl No 1 Badlu Rangari Road
BoothVoterList_A4_Ward_211_Booth_31.pdf,40,91,,LIST PART NO. 1 5 5  : Municipal House No. 7 A - Patra chawl No. 1 Badlu Rangari Road Byculla (W)
BoothVoterList_A4_Ward_211_Booth_31.pdf,41,91,,LIST PART NO. 1 5 5  : Municipal House No. 1 5 Aminabi chawl Badlu Rangari Road
BoothVoterList_A4_Ward_211_Booth_31.pdf,42,91,,LIST PART NO. 1 5 5  : Municipal House No. 7 A - Patra chawl No. 1 Badlu Rangari Road Byculla (W)
BoothVoterList_A4_Ward_211_Booth_31.pdf,43,90,,LIST PART NO. 1 5 5  : Municipal House No. 7 Anwarsheth chawl No. 9 Badlu Rangari Road
BoothVoterList_A4_Ward_211_Booth_31.pdf,44,91,,LIST PART NO. 1 5 5  : Municipal House No. 1 5 Aminabi chawl Badlu Rangari Road
BoothVoterList_A4_Ward_211_Booth_31.pdf,45,90,,LIST PART NO. 1 5 5  : Municipal House No. 7 Anwarsheth chawl No. 9 Badlu Rangari Road
BoothVoterList_A4_Ward_211_Booth_31.pdf,46,91,,LIST PART NO. 1 5 5  : Municipal House No. 7 A - Patra chawl No. 1 Badlu Rangari Road Byculla (W)
BoothVoterList_A4_Ward_211_Booth_31.pdf,47,91,,LIST PART NO. 1 5 5  : Municipal House No. 1 5 Aminabi chawl Badlu Rangari Road
BoothVoterList_A4_Ward_211_Booth_31.pdf,48,89,,LIST PART NO. 1 5 5  : Municipal House No. 7 Anwarsheth chawl No 1 Badlu Rangari Road
BoothVoterList_A4_Ward_211_Booth_31.pdf,49,92,,LIST PART NO. 1 5 5  : Municipal House No. 7 Anwarsheth chawl No. 8 Badlu Rangari Road
BoothVoterList_A4_Ward_211_Booth_31.pdf,50,91,,LIST PART NO. 1 5 5  : Municipal House No. 1 5 Aminabi chawl Badlu Rangari Road
BoothVoterList_A4_Ward_211_Booth_31.pdf,51,90,,"LIST PART NO. 1 5 5  : Junaid AM, Badlu Rangari Street, Byculla,"
BoothVoterList_A4_Ward_211_Booth_31.pdf,52,91,,LIST PART NO. 1 5 5  : Municipal House No. 1 5 Aminabi chawl Badlu Rangari Road
BoothVoterList_A4_Ward_211_Booth_31.pdf,53,90,,"LIST PART NO. 1 5 5  : Junaid AM, Badlu Rangari Street, Byculla,"
BoothVoterList_A4_Ward_211_Booth_31.pdf,54,91,,"LIST PART NO. 1 5 5  : Bagh-e-Usman Heights, Baldu Rangari Street, Byculla,"
BoothVoterList_A4_Ward_211_Booth_31.pdf,55,91,,LIST PART NO. 1 5 5  : Municipal House No. 1 5 Aminabi chawl Badlu Rangari Road
BoothVoterList_A4_Ward_211_Booth_31.pdf,56,91,,"LIST PART NO. 1 5 5  : Bagh-e-Usman Heights, Baldu Rangari Street, Byculla,"
BoothVoterList_A4_Ward_211_Booth_31.pdf,57,92,,LIST PART NO. 1 5 5  : Municipal House No. 7 Anwarsheth chawl No. 8 Badlu Rangari Road
BoothVoterList_A4_Ward_211_Booth_31.pdf,58,91,,LIST PART NO. 1 5 5  : Municipal House No. 1 5 Aminabi chawl Badlu Rangari Road
BoothVoterList_A4_Ward_211_Booth_31.pdf,59,90,,"LIST PART NO. 1 5 5  : Junaid AM, Badlu Rangari Street, Byculla,"
BoothVoterList_A4_Ward_211_Booth_31.pdf,60,91,,LIST PART NO. 1 5 5  : Municipal House No. 7 Anwarsheth chawl 4.0 Badlu Rangari Road
BoothVoterList_A4_Ward_211_Booth_31.pdf,61,90,,"LIST PART NO. 1 5 5  : Junaid AM, Badlu Rangari Street, Byculla,"
BoothVoterList_A4_Ward_211_Booth_31.pdf,62,89,,LIST PART NO. 1 5 5  : Municipal House No. 7 Anwarsheth chawl No 1 Badlu Rangari Road
BoothVoterList_A4_Ward_211_Booth_31.pdf,63,93,,LIST PART NO. 1 5 5  : Municipal House No. 7 Anwarsheth chawl No. 6 Badlu Rangari Road
BoothVoterList_A4_Ward_211_Booth_31.pdf,64,91,,"LIST PART NO. 1 5 5  : Bagh-e-Usman Heights, Baldu Rangari Street, Byculla,"
BoothVoterList_A4_Ward_211_Booth_32.pdf,2,93,,LIST PART NO. 1 5 7  : Municipal House No. 1 5 1 Sugra Manzil Maulana Azad Road Madanpura Post Office
BoothVoterList_A4_Ward_211_Booth_32.pdf,3,87,,LIST PART NO. 1 5 7  : Municipal House No. 1 5 3-1 5 6 B - Fatima Bai Building-Fatma Manzil Maulana Azad
BoothVoterList_A4_Ward_211_Booth_32.pdf,6,93,,LIST PART NO. 1 5 7  : Municipal House No. 1 5 5 Karim Building Maulana Azad Road
BoothVoterList_A4_Ward_211_Booth_32.pdf,8,89,,LIST PART NO. 1 5 7  : Municipal House No. 1 59 Chakuwala Building Maulana Azad Road
BoothVoterList_A4_Ward_211_Booth_32.pdf,9,92,,LIST PART NO. 1 5 7  : Municipal House No. 1 6 5 Isa Sheth chawl Maulana Azad Road
BoothVoterList_A4_Ward_211_Booth_32.pdf,10,92,,LIST PART NO. 1 5 7  : Municipal House No. 1 6 5 Isa Sheth chawl (c) Maulana Azad WS
BoothVoterList_A4_Ward_211_Booth_32.pdf,17,91,,LIST PART NO. 1 5 7  : Municipal House No. 1 6 5 B Isa Sheth chawl (Horizontal) Maulana Azad Road
BoothVoterList_A4_Ward_211_Booth_32.pdf,22,92,,LIST PART NO. 1 5 7  : Municipal House No. 1 6 5 E Nurani chawl Maulana Azad Road
BoothVoterList_A4_Ward_211_Booth_32.pdf,27,88,,LIST PART NO. 1 5 7  : Municipal House No. 1 6 5 S Fy Muqadam chawl Maulana Azad Road
BoothVoterList_A4_Ward_211_Booth_32.pdf,28,92,,LIST PART NO. 1 5 7  : Municipal House No. 1 6 5 F Nurani chawl Maulana Azad Road
BoothVoterList_A4_Ward_211_Booth_32.pdf,31,93,,LIST PART NO. 1 5 7  : Municipal House No. 1 6 5 C Isa Sheth Building Maulana Azad Road
BoothVoterList_A4_Ward_211_Booth_32.pdf,34,91,,"LIST PART NO. 1 5 7  : Narayandas Building, Maulana Azad Road,"
BoothVoterList_A4_Ward_211_Booth_32.pdf,35,93,,LIST PART NO. 1 5 7  : Municipal House No. 1 5 5 Karim Building Maulana Azad Road
BoothVoterList_A4_Ward_211_Booth_32.pdf,36,93,,LIST PART NO. 1 5 7  : Municipal House No. 1 6 5 C Isa Sheth Building Maulana Azad Road
BoothVoterList_A4_Ward_211_Booth_32.pdf,37,91,,"LIST PART NO. 1 5 7  : Narayandas Building, Maulana Azad Road,"
BoothVoterList_A4_Ward_211_Booth_32.pdf,38,92,,LIST PART NO. 1 5 7  : Municipal House No. 1 6 5 E Nurani chawl Maulana Azad Road
BoothVoterList_A4_Ward_211_Booth_32.pdf,39,91,,LIST PART NO. 1 5 7  : Municipal House No. 1 6 5 B Isa Sheth chawl (Horizontal) Maulana Azad Road
BoothVoterList_A4_Ward_211_Booth_32.pdf,40,87,,LIST PART NO. 1 5 7  : Municipal House No. 1 5 3-1 5 6 B - Fatima Bai Building-Fatma Manzil Maulana Azad
BoothVoterList_A4_Ward_211_Booth_32.pdf,41,92,,LIST PART NO. 1 5 7  : Municipal House No. 1 6 5 E Nurani chawl Maulana Azad Road
BoothVoterList_A4_Ward_211_Booth_32.pdf,42,91,,LIST PART NO. 1 5 7  : Municipal House No. 1 6 5 B Isa Sheth chawl (Horizontal) Maulana Azad Road
BoothVoterList_A4_Ward_211_Booth_32.pdf,43,93,,LIST PART NO. 1 5 7  : Municipal House No. 1 6 5 C Isa Sheth Building Maulana Azad Road
BoothVoterList_A4_Ward_211_Booth_32.pdf,44,92,,LIST PART NO. 1 5 7  : Municipal House No. 1 6 5 E Nurani chawl Maulana Azad Road
BoothVoterList_A4_Ward_211_Booth_32.pdf,45,92,,LIST PART NO. 1 5 7  : Municipal House No. 1 6 5 Isa Sheth chawl (c) Maulana Azad WS
BoothVoterList_A4_Ward_211_Booth_32.pdf,46,92,,LIST PART NO. 1 5 7  : Municipal House No. 1 6 5 F Nurani chawl Maulana Azad Road
BoothVoterList_A4_Ward_211_Booth_32.pdf,47,92,,LIST PART NO. 1 5 7  : Municipal House No. 1 6 5 Isa Sheth chawl (c) Maulana Azad WS
BoothVoterList_A4_Ward_211_Booth_32.pdf,48,93,,LIST PART NO. 1 5 7  : Municipal House No. 1 6 5 C Isa Sheth Building Maulana Azad Road
BoothVoterList_A4_Ward_211_Booth_32.pdf,49,92,,LIST PART NO. 1 5 7  : Municipal House No. 1 6 5 E Nurani chawl Maulana Azad Road
BoothVoterList_A4_Ward_211_Booth_32.pdf,50,92,,LIST PART NO. 1 5 7  : Municipal House No. 1 6 5 Isa Sheth chawl (c) Maulana Azad WS
BoothVoterList_A4_Ward_211_Booth_32.pdf,51,89,,LIST PART NO. 1 5 7  : Municipal House No. 1 59 Chakuwala Building Maulana Azad Road
BoothVoterList_A4_Ward_211_Booth_32.pdf,52,92,,LIST PART NO. 1 5 7  : Municipal House No. 1 6 5 F Nurani chawl Maulana Azad Road
BoothVoterList_A4_Ward_211_Booth_32.pdf,53,93,,LIST PART NO. 1 5 7  : Municipal House No. 1 6 5 C Isa Sheth Building Maulana Azad Road
BoothVoterList_A4_Ward_211_Booth_32.pdf,54,92,,LIST PART NO. 1 5 7  : Municipal House No. 1 6 5 E Nurani chawl Maulana Azad Road
BoothVoterList_A4_Ward_211_Booth_33.pdf,2,90,,"LIST PART NO. 2 2 5  : Municipal Housing. 5, Khalil Mansion, Spence Road,"
BoothVoterList_A4_Ward_211_Booth_33.pdf,4,89,,"LIST PART NO. 2 2 5  : Atisha Apartment, Spence Road,"
BoothVoterList_A4_Ward_211_Booth_33.pdf,6,92,,"LIST PART NO. 2 2 5  : Municipal Housing. 7, Maimun Manzil, Spence Road,"
BoothVoterList_A4_Ward_211_Booth_33.pdf,8,93,,"LIST PART NO. 2 2 5  : Municipal Housing. 8, Rehanabad Ko. Op. hey So. , Spence Road,"
BoothVoterList_A4_Ward_211_Booth_33.pdf,10,85,,"LIST PART NO. 2 2 5  : Municipal Housing. 6, Bibibhai Terrace, Spence Road,"
BoothVoterList_A4_Ward_211_Booth_33.pdf,12,90,,"LIST PART NO. 2 2 5  : Municipal Housing. 8, Staff Quarters, Sabusiddik College. Spence Road"
BoothVoterList_A4_Ward_211_Booth_33.pdf,13,90,,"LIST PART NO. 2 2 5  : Municipal Housing. 332, Honda ASM, Sir Jamshedji Jijibhoy Road,"
BoothVoterList_A4_Ward_211_Booth_33.pdf,16,92,,"LIST PART NO. 2 2 5  : Municipal Housing. 3 1 0, Byculla House (A), Sir Jamshedji Jijibhoy Road,"
BoothVoterList_A4_Ward_211_Booth_33.pdf,19,83,,"LIST PART NO. 2 2 5  : Municipal Housing. 3 1 0, Byculla SHAS), Sir Jamshedji Jijibhoy Road,"
BoothVoterList_A4_Ward_211_Booth_33.pdf,22,93,,"LIST PART NO. 2 2 5  : Municipal Housing. 3 1 0, Byculla House (C), Sir Jamshedji Jijibhoy Road,"
BoothVoterList_A4_Ward_211_Booth_33.pdf,24,92,,"LIST PART NO. 2 2 5  : Municipal Housing. 3 1 4, Yusuf Manzil, Sir Jamshedji Jijibhoy Road"
BoothVoterList_A4_Ward_211_Booth_33.pdf,26,92,,"LIST PART NO. 2 2 5  : Municipal Housing. 3 1 6, Mohammadi Chamber, Sir Jamshedji Jijibhoy Road,"
BoothVoterList_A4_Ward_211_Booth_33.pdf,30,91,,"LIST PART NO. 2 2 5  : Municipal Housing. 320 D, Habib Plot, Sir Jamshedji Jijibhoy Road,"
BoothVoterList_A4_Ward_211_Booth_33.pdf,32,92,,"LIST PART NO. 2 2 5  : Municipal Housing. 332 D, FANCY PLOTS, SIR JAMSHEDJI JIGIBHOY ROAD,"
BoothVoterList_A4_Ward_211_Booth_33.pdf,34,93,,"LIST PART NO. 2 2 5  : Municipal Housing No. 3 1 8, Seva Niketan, Sir Jamshedji Jijibhoy Road,"
BoothVoterList_A4_Ward_211_Booth_33.pdf,35,92,,"LIST PART NO. 2 2 5  : Municipal Housing. 4, NOMAN VILLA, SHEPHERD ROAD,"
BoothVoterList_A4_Ward_211_Booth_33.pdf,37,89,,"LIST PART NO. 2 2 5  : Municipal Housing. 6, Ibrahim ARM, Shepherd Road,"
BoothVoterList_A4_Ward_211_Booth_34.pdf,2,91,,"LIST PART NO. 2 2 5  : Municipal Housing. 8, Sabusiddique Compound, Shepherd Road,"
BoothVoterList_A4_Ward_211_Booth_34.pdf,3,93,,"LIST PART NO. 2 2 5  : Municipal Gharan.3 2 4, Fine Palace, Shepherd Road,"
BoothVoterList_A4_Ward_211_Booth_34.pdf,5,90,,"LIST PART NO. 2 2 5  : Krishi Xerox Centre, Opposite Brihanmumbai Police Motor Parivahan,"
BoothVoterList_A4_Ward_211_Booth_34.pdf,6,89,,LIST PART NO. 2 2 5  : Ali Apartment Space Road
BoothVoterList_A4_Ward_211_Booth_34.pdf,7,88,,LIST PART NO. 2 2 5  : Alisha Apartment Space Road
BoothVoterList_A4_Ward_211_Booth_34.pdf,8,93,,"LIST PART NO. 2 2 5  : Municipal Housing. 8, Rehanabad Ko. Op. hey So. , Spence Road,"
BoothVoterList_A4_Ward_211_Booth_34.pdf,9,90,,"LIST PART NO. 2 2 5  : Municipal Housing. 332, Honda ASM, Sir Jamshedji Jijibhoy Road,"
BoothVoterList_A4_Ward_211_Booth_34.pdf,10,89,,LIST PART NO. 2 2 5  : Ali Apartment Space Road
BoothVoterList_A4_Ward_211_Booth_34.pdf,11,90,,"LIST PART NO. 2 2 5  : Municipal Housing. 332, Honda ASM, Sir Jamshedji Jijibhoy Road,"
BoothVoterList_A4_Ward_211_Booth_34.pdf,12,92,,"LIST PART NO. 2 2 5  : Municipal Housing. 7, Maimun Manzil, Spence Road,"
BoothVoterList_A4_Ward_211_Booth_34.pdf,13,90,,"LIST PART NO. 2 2 5  : Municipal Housing. 332, Honda ASM, Sir Jamshedji Jijibhoy Road,"
BoothVoterList_A4_Ward_211_Booth_34.pdf,14,92,,"LIST PART NO. 2 2 5  : Municipal Housing. 3 1 4, Yusuf Manzil, Sir Jamshedji Jijibhoy Road"
BoothVoterList_A4_Ward_211_Booth_34.pdf,15,92,,"LIST PART NO. 2 2 5  : Municipal Housing. 3 1 0, Byculla House (A), Sir Jamshedji Jijibhoy Road,"
BoothVoterList_A4_Ward_211_Booth_34.pdf,16,93,,"LIST PART NO. 2 2 5  : Municipal Housing. 8, Rehanabad Ko. Op. hey So. , Spence Road,"
BoothVoterList_A4_Ward_211_Booth_34.pdf,17,89,,LIST PART NO. 2 2 5  : Ali Apartment Space Road
BoothVoterList_A4_Ward_211_Booth_34.pdf,18,93,,"LIST PART NO. 2 2 5  : Municipal Housing. 8, Rehanabad Ko. Op. hey So. , Spence Road,"
BoothVoterList_A4_Ward_211_Booth_34.pdf,19,83,,"LIST PART NO. 2 2 5  : Municipal Housing. 3 1 0, Byculla SHAS), Sir Jamshedji Jijibhoy Road,"
BoothVoterList_A4_Ward_211_Booth_34.pdf,20,93,,"LIST PART NO. 2 2 5  : Municipal Housing. 8, Rehanabad Ko. Op. hey So. , Spence Road,"
BoothVoterList_A4_Ward_211_Booth_34.pdf,21,89,,LIST PART NO. 2 2 5  : Ali Apartment Space Road
BoothVoterList_A4_Ward_211_Booth_34.pdf,22,92,,"LIST PART NO. 2 2 5  : Municipal Housing. 3 1 6, Mohammadi Chamber, Sir Jamshedji Jijibhoy Road,"
BoothVoterList_A4_Ward_211_Booth_34.pdf,23,92,,"LIST PART NO. 2 2 5  : Municipal Housing. 7, Maimun Manzil, Spence Road,"
BoothVoterList_A4_Ward_211_Booth_34.pdf,24,92,,"LIST PART NO. 2 2 5  : Municipal Housing. 3 1 6, Mohammadi Chamber, Sir Jamshedji Jijibhoy Road,"
BoothVoterList_A4_Ward_211_Booth_34.pdf,25,92,,"LIST PART NO. 2 2 5  : Municipal Housing. 3 1 0, Byculla House (A), Sir Jamshedji Jijibhoy Road,"
BoothVoterList_A4_Ward_211_Booth_34.pdf,26,86,,"LIST PART NO. 2 2 6  : Municipal House No. 5, Lobo ARM, Clare Road,"
BoothVoterList_A4_Ward_211_Booth_34.pdf,28,90,,"LIST PART NO. 2 2 6  : Municipal House No. 7, COURT ROYAL FHA ROAD,"
BoothVoterList_A4_Ward_211_Booth_34.pdf,30,87,,"LIST PART NO. 2 2 6  : Municipal House No. 9, Star ASMA A, Clare Road,"
BoothVoterList_A4_Ward_211_Booth_34.pdf,32,82,,"LIST PART NO. 2 2 6  : Municipal House No. 9, STAR ASM Y CLARE ROAD,"
BoothVoterList_A4_Ward_211_Booth_34.pdf,34,86,,"LIST PART NO. 2 2 6  : Harun Court, Clare Road,"
BoothVoterList_A4_Ward_211_Booth_34.pdf,36,90,,LIST PART NO. 2 2 6  : HISKE CHURCH ROAD MUMBAI MUNICIPAL GHAR 6 HAVEN FLOOR OFF CLARE ROAD
BoothVoterList_A4_Ward_211_Booth_34.pdf,37,91,,"LIST PART NO. 2 2 6  : Municipal House No. 8, Kanchwala Chamber,"
BoothVoterList_A4_Ward_211_Booth_34.pdf,40,92,,"LIST PART NO. 2 2 6  : Star Menhan, B-Wing, Next to Christ Church, Mirza Ghalib Marg,"
BoothVoterList_A4_Ward_211_Booth_34.pdf,41,82,,"LIST PART NO. 2 2 6  : Municipal House No. 9, STAR ASM Y CLARE ROAD,"
BoothVoterList_A4_Ward_211_Booth_34.pdf,42,92,,"LIST PART NO. 2 2 6  : Star Menhan, B-Wing, Next to Christ Church, Mirza Ghalib Marg,"
BoothVoterList_A4_Ward_211_Booth_34.pdf,43,91,,"LIST PART NO. 2 2 6  : Municipal House No. 8, Kanchwala Chamber,"
BoothVoterList_A4_Ward_211_Booth_35.pdf,2,92,,"LIST PART NO. 2 2 7  : Municipal House No. 1 7-2 3 A Vin Villa, Mirza Ghalib Marg,"
BoothVoterList_A4_Ward_211_Booth_35.pdf,3,93,,"LIST PART NO. 2 2 7  : Municipal House No. 39 Croist Church Lodge, Mirza Ghalib Marg,"
BoothVoterList_A4_Ward_211_Booth_35.pdf,4,92,,"LIST PART NO. 2 2 7  : Municipal House No. 39 Croist Church Slum, Mirza Ghalib Marg,"
BoothVoterList_A4_Ward_211_Booth_35.pdf,5,88,,"LIST PART NO. 2 2 7  : Municipal House No. 39 Croist Church Staff gare, Mirza Ghalib Marg,"
BoothVoterList_A4_Ward_211_Booth_35.pdf,7,91,,"LIST PART NO. 2 2 7  : Municipal House No. 4 1-4 9 Croist Church Juice Centre, Mirza Ghalib Marg"
BoothVoterList_A4_Ward_211_Booth_35.pdf,8,90,,"LIST PART NO. 2 2 7  : Municipal House No. 39 Croist Church (Old Wo), Mirza Ghalib Marg,"
BoothVoterList_A4_Ward_211_Booth_35.pdf,9,92,,"LIST PART NO. 2 2 7  : Municipal House No. 5 3 C Pins Court, Mirza Ghalib Marg,"
BoothVoterList_A4_Ward_211_Booth_35.pdf,10,88,,"LIST PART NO. 2 2 7  : Municipal House No. 5 3 SSI House, Mirza Ghalib Marg,"
BoothVoterList_A4_Ward_211_Booth_35.pdf,11,93,,"LIST PART NO. 2 2 7  : Municipal House No. 5 1-5 1 B Haji Mohammad Court, Mirza Ghalib Marg,"
BoothVoterList_A4_Ward_211_Booth_35.pdf,13,93,,"LIST PART NO. 2 2 7  : Municipal House No. 59 Satnam Palace, Mirza Ghalib Marg,"
BoothVoterList_A4_Ward_211_Booth_35.pdf,14,91,,"LIST PART NO. 2 2 7  : Prison Building D'Souza Enterprises, Mirza Ghalib Marg,"
BoothVoterList_A4_Ward_211_Booth_35.pdf,15,91,,"LIST PART NO. 2 2 7  : Municipal House No. 6 3 League of Mercy (Holder), Mirza Ghalib Marg,"
BoothVoterList_A4_Ward_211_Booth_35.pdf,16,88,,"LIST PART NO. 2 2 7  : Municipal House No. 5 1-5 1 B Saifi Court, Mirza Ghalib Marg,"
BoothVoterList_A4_Ward_211_Booth_35.pdf,18,92,,"LIST PART NO. 2 2 7  : Municipal House No. 59 Satnam Palace, Mirza Ghalib Marg,"
BoothVoterList_A4_Ward_211_Booth_35.pdf,20,93,,"LIST PART NO. 2 2 7  : Municipal House No. 5 7 Pikki Dolly C, Mirza Ghalib Marg,"
BoothVoterList_A4_Ward_211_Booth_35.pdf,22,92,,"LIST PART NO. 2 2 7  : Municipal House No. 5 7 Pikki Dolly B, Mirza Ghalib Marg,"
BoothVoterList_A4_Ward_211_Booth_35.pdf,24,92,,"LIST PART NO. 2 2 7  : Municipal House No. 5 7 Pikki Doli A, Mirza Ghalib Marg,"
BoothVoterList_A4_Ward_211_Booth_35.pdf,26,90,,"LIST PART NO. 2 2 7  : Municipal House No. 5 5A Roshni Building, Mirza Ghalib Marg,"
BoothVoterList_A4_Ward_211_Booth_35.pdf,29,93,,"LIST PART NO. 2 2 7  : Municipal House No. 6 2 A Byculla Prison Building, Mirza Ghalib Marg,"
BoothVoterList_A4_Ward_211_Booth_35.pdf,30,91,,"LIST PART NO. 2 2 7  : Municipal House No. 4 1-49 B Habib Park, Mirza Ghalib Marg,"
BoothVoterList_A4_Ward_211_Booth_35.pdf,36,92,,"LIST PART NO. 2 2 7  : Municipal House No. 5 5 Oxford Chambers, Mirza Ghalib Marg"
BoothVoterList_A4_Ward_211_Booth_35.pdf,42,93,,"LIST PART NO. 2 2 7  : Jail Police Line, Mirza Ghalib Marg,"
BoothVoterList_A4_Ward_211_Booth_35.pdf,43,91,,"LIST PART NO. 2 2 7  : Modern Hair Cutting Salon (Habib Park), Mirza Ghalib Marg,"
BoothVoterList_A4_Ward_211_Booth_35.pdf,44,86,,"LIST PART NO. 2 2 7  : Pragati Building, Mirza Ghalib Marg, Clay Road, Byculla (FAA),"
BoothVoterList_A4_Ward_211_Booth_35.pdf,46,92,,"LIST PART NO. 2 2 7  : Municipal House No. 5 7 Pikki Doli A, Mirza Ghalib Marg,"
BoothVoterList_A4_Ward_211_Booth_35.pdf,47,91,,"LIST PART NO. 2 2 7  : Municipal House No. 4 1-49 B Habib Park, Mirza Ghalib Marg,"
BoothVoterList_A4_Ward_211_Booth_35.pdf,48,86,,"LIST PART NO. 2 2 7  : Pragati Building, Mirza Ghalib Marg, Clay Road, Byculla (FAA),"
BoothVoterList_A4_Ward_211_Booth_35.pdf,49,93,,"LIST PART NO. 2 2 7  : Municipal House No. 59 Satnam Palace, Mirza Ghalib Marg,"
BoothVoterList_A4_Ward_211_Booth_35.pdf,50,91,,"LIST PART NO. 2 2 7  : Municipal House No. 4 1-49 B Habib Park, Mirza Ghalib Marg,"
BoothVoterList_A4_Ward_211_Booth_35.pdf,51,92,,"LIST PART NO. 2 2 7  : Municipal House No. 5 3 C Pins Court, Mirza Ghalib Marg,"
BoothVoterList_A4_Ward_211_Booth_35.pdf,52,91,,"LIST PART NO. 2 2 7  : Municipal House No. 4 1-49 B Habib Park, Mirza Ghalib Marg,"
BoothVoterList_A4_Ward_211_Booth_35.pdf,53,92,,"LIST PART NO. 2 2 7  : Municipal House No. 5 5 Oxford Chambers, Mirza Ghalib Marg"
BoothVoterList_A4_Ward_211_Booth_35.pdf,54,91,,"LIST PART NO. 2 2 7  : Municipal House No. 4 1-49 B Habib Park, Mirza Ghalib Marg,"
BoothVoterList_A4_Ward_211_Booth_35.pdf,55,92,,"LIST PART NO. 2 2 7  : Municipal House No. 39 Croist Church Slum, Mirza Ghalib Marg,"
BoothVoterList_A4_Ward_211_Booth_35.pdf,56,91,,"LIST PART NO. 2 2 7  : Municipal House No. 4 1-49 B Habib Park, Mirza Ghalib Marg,"
BoothVoterList_A4_Ward_211_Booth_35.pdf,57,88,,"LIST PART NO. 2 2 7  : Municipal House No. 5 1-5 1 B Saifi Court, Mirza Ghalib Marg,"
BoothVoterList_A4_Ward_211_Booth_35.pdf,58,93,,"LIST PART NO. 2 2 7  : Jail Police Line, Mirza Ghalib Marg,"
BoothVoterList_A4_Ward_211_Booth_35.pdf,59,86,,"LIST PART NO. 2 2 7  : Pragati Building, Mirza Ghalib Marg, Clay Road, Byculla (FAA),"
BoothVoterList_A4_Ward_211_Booth_35.pdf,60,92,,"LIST PART NO. 2 2 7  : Municipal House No. 59 Satnam Palace, Mirza Ghalib Marg,"
BoothVoterList_A4_Ward_211_Booth_35.pdf,61,86,,"LIST PART NO. 2 2 7  : Pragati Building, Mirza Ghalib Marg, Clay Road, Byculla (FAA),"
BoothVoterList_A4_Ward_211_Booth_35.pdf,62,93,,"LIST PART NO. 2 2 7  : Municipal House No. 59 Satnam Palace, Mirza Ghalib Marg,"
BoothVoterList_A4_Ward_211_Booth_35.pdf,63,90,,"LIST PART NO. 2 2 7  : Municipal House No. 5 5A Roshni Building, Mirza Ghalib Marg,"
BoothVoterList_A4_Ward_211_Booth_35.pdf,64,92,,"LIST PART NO. 2 2 7  : Municipal House No. 5 5 Oxford Chambers, Mirza Ghalib Marg"
BoothVoterList_A4_Ward_211_Booth_35.pdf,65,90,,"LIST PART NO. 2 2 7  : Municipal House No. 5 5A Roshni Building, Mirza Ghalib Marg,"
BoothVoterList_A4_Ward_211_Booth_35.pdf,66,90,,"LIST PART NO. 2 2 7  : Municipal House No. 39 Croist Church (Old Wo), Mirza Ghalib Marg,"
BoothVoterList_A4_Ward_211_Booth_35.pdf,67,92,,"LIST PART NO. 2 2 7  : Municipal House No. 5 5 Oxford Chambers, Mirza Ghalib Marg"
BoothVoterList_A4_Ward_211_Booth_35.pdf,68,93,,"LIST PART NO. 2 2 7  : Jail Police Line, Mirza Ghalib Marg,"
BoothVoterList_A4_Ward_211_Booth_35.pdf,69,88,,"LIST PART NO. 2 2 7  : Municipal House No. 5 1-5 1 B Saifi Court, Mirza Ghalib Marg,"
BoothVoterList_A4_Ward_211_Booth_35.pdf,70,92,,"LIST PART NO. 2 2 7  : Municipal House No. 5 7 Pikki Doli A, Mirza Ghalib Marg,"
BoothVoterList_A4_Ward_211_Booth_36.pdf,2,82,,LIST PART NO. 2 5  : Municipal House No. 6 1 Raja Building AA Hafizuddin Marg Byculla
BoothVoterList_A4_Ward_211_Booth_36.pdf,4,87,,LIST PART NO. 2 5  : Municipal House No. 8 7 Kavarana Building Shokh Hafizuddin Marg Byculla
BoothVoterList_A4_Ward_211_Booth_36.pdf,10,86,,"LIST PART NO. 2 5  : Municipal House No. 8 7 Kanchwala Compound (New Dhobighat) Bay, Shokh Hafizuddin Marg,"
BoothVoterList_A4_Ward_211_Booth_36.pdf,14,89,,"LIST PART NO. 2 5  : Simla Bakery, Sheikh Hafizuddin Marg, Byculla"
BoothVoterList_A4_Ward_211_Booth_36.pdf,15,88,,"LIST PART NO. 2 5  : Beside Kavarana Building, Shokh Hafizuddin Marg, Byculla,"
BoothVoterList_A4_Ward_211_Booth_36.pdf,16,88,,"LIST PART NO. 2 5  : Municipal House No. 1 6 7 A Isaseth chawl, Maulana Azad Road, Byculla, (W)"
BoothVoterList_A4_Ward_211_Booth_36.pdf,19,91,,"LIST PART NO. 2 5  : Municipal House No. 1 6 7 B SSH chawl, Maulana Azad Road, Byculla, (W)"
BoothVoterList_A4_Ward_211_Booth_36.pdf,20,92,,"LIST PART NO. 2 5 : Municipal House No. 1 6 7 C Nurani chawl, Maulana Azad Road, Byculla (W)"
BoothVoterList_A4_Ward_211_Booth_36.pdf,24,89,,"LIST PART NO. 2 5  : Municipal House No. 1 6 7 D Nurani chawl, Maulana Azad Road, Byculla (W)"
BoothVoterList_A4_Ward_211_Booth_36.pdf,28,92,,"LIST PART NO. 2 5  : Municipal House No. 1 7 1 Nurani chawl, No 5, Maulana Azad Road, Byculla (W)"
BoothVoterList_A4_Ward_211_Booth_36.pdf,34,90,,"LIST PART NO. 2 5  : Municipal House No. 1 7 1 B Nurani chawl, Maulana Azad Road, Byculla (W)"
BoothVoterList_A4_Ward_211_Booth_36.pdf,35,90,,"LIST PART NO. 2 5  : Municipal House No. 1 7 1 B TAR, Maulana Azad Road, Byculla (W)"
BoothVoterList_A4_Ward_211_Booth_36.pdf,36,93,,"LIST PART NO. 2 5  : Municipal House No. 1 7 1 Habib Manzil, Maulana Azad Road, Byculla (W)"
BoothVoterList_A4_Ward_211_Booth_36.pdf,38,93,,"LIST PART NO. 2 5  : Municipal House No. 1 7 3 Haji Ismail Tin chawl, Maulana Azad Road, Byculla (W)"
BoothVoterList_A4_Ward_211_Booth_36.pdf,39,91,,"LIST PART NO. 2 5  : Municipal House No. 1 7 3 Sari Bazaar CARTS), Maulana Azad Road, Byculla (W)"
BoothVoterList_A4_Ward_211_Booth_36.pdf,41,93,,"LIST PART NO. 2 5  : Municipal House No. 1 7 3 Sari Bazar, Maulana Azad Road, Byculla (W)"
BoothVoterList_A4_Ward_211_Booth_36.pdf,45,90,,"LIST PART NO. 2 5  : Sadi Bazaar TARTS), Maulana Azad WS, Byculla (W)"
BoothVoterList_A4_Ward_211_Booth_36.pdf,46,86,,"LIST PART NO. 2 5  : Municipal House No. 8 7 Kanchwala Compound (New Dhobighat) Bay, Shokh Hafizuddin Marg,"
BoothVoterList_A4_Ward_211_Booth_36.pdf,47,82,,LIST PART NO. 2 5  : Municipal House No. 6 1 Raja Building AA Hafizuddin Marg Byculla
BoothVoterList_A4_Ward_211_Booth_36.pdf,48,92,,"LIST PART NO. 2 5  : Municipal House No. 1 7 1 Nurani chawl, No 5, Maulana Azad Road, Byculla (W)"
BoothVoterList_A4_Ward_211_Booth_36.pdf,49,90,,"LIST PART NO. 2 5  : Municipal House No. 1 7 1 B Nurani chawl, Maulana Azad Road, Byculla (W)"
BoothVoterList_A4_Ward_211_Booth_36.pdf,50,87,,LIST PART NO. 2 5  : Municipal House No. 8 7 Kavarana Building Shokh Hafizuddin Marg Byculla
BoothVoterList_A4_Ward_211_Booth_36.pdf,51,89,,"LIST PART NO. 2 5  : Municipal House No. 1 6 7 D Nurani chawl, Maulana Azad Road, Byculla (W)"
BoothVoterList_A4_Ward_211_Booth_36.pdf,52,91,,"LIST PART NO. 2 5  : Municipal House No. 1 7 3 Sari Bazaar CARTS), Maulana Azad Road, Byculla (W)"
BoothVoterList_A4_Ward_211_Booth_36.pdf,53,92,,"LIST PART NO. 2 5  : Municipal House No. 1 6 7 C Nurani chawl, Maulana Azad Road, Byculla (W)"
BoothVoterList_A4_Ward_211_Booth_36.pdf,54,93,,"LIST PART NO. 2 5  : Municipal House No. 1 7 1 Habib Manzil, Maulana Azad Road, Byculla (W)"
BoothVoterList_A4_Ward_211_Booth_36.pdf,55,86,,"LIST PART NO. 2 5  : Municipal House No. 8 7 Kanchwala Compound (New Dhobighat) Bay, Shokh Hafizuddin Marg,"
BoothVoterList_A4_Ward_211_Booth_36.pdf,56,93,,"LIST PART NO. 2 5  : Municipal House No. 1 7 3 Sari Bazar, Maulana Azad Road, Byculla (W)"
BoothVoterList_A4_Ward_211_Booth_36.pdf,57,93,,"LIST PART NO. 2 5  : Municipal House No. 1 7 1 Habib Manzil, Maulana Azad Road, Byculla (W)"
BoothVoterList_A4_Ward_211_Booth_36.pdf,58,86,,"LIST PART NO. 2 5  : Municipal House No. 8 7 Kanchwala Compound (New Dhobighat) Bay, Shokh Hafizuddin Marg,"
BoothVoterList_A4_Ward_211_Booth_36.pdf,59,89,,"LIST PART NO. 2 5  : Municipal House No. 1 6 7 D Nurani chawl, Maulana Azad Road, Byculla (W)"
BoothVoterList_A4_Ward_211_Booth_36.pdf,60,93,,"LIST PART NO. 2 5  : Municipal House No. 1 7 1 Habib Manzil, Maulana Azad Road, Byculla (W)"
BoothVoterList_A4_Ward_211_Booth_36.pdf,61,92,,"LIST PART NO. 2 5  : Municipal House No. 1 6 7 C Nurani chawl, Maulana Azad Road, Byculla (W)"
BoothVoterList_A4_Ward_211_Booth_36.pdf,62,86,,"LIST PART NO. 2 5  : Municipal House No. 8 7 Kanchwala Compound (New Dhobighat) Bay, Shokh Hafizuddin Marg,"
BoothVoterList_A4_Ward_211_Booth_36.pdf,63,82,,LIST PART NO. 2 5  : Municipal House No. 6 1 Raja Building AA Hafizuddin Marg Byculla
BoothVoterList_A4_Ward_211_Booth_36.pdf,64,86,,"LIST PART NO. 2 5  : Municipal House No. 8 7 Kanchwala Compound (New Dhobighat) Bay, Shokh Hafizuddin Marg,"
BoothVoterList_A4_Ward_211_Booth_36.pdf,65,87,,LIST PART NO. 2 5  : Municipal House No. 8 7 Kavarana Building Shokh Hafizuddin Marg Byculla
BoothVoterList_A4_Ward_211_Booth_36.pdf,66,86,,"LIST PART NO. 2 5  : Municipal House No. 8 7 Kanchwala Compound (New Dhobighat) Bay, Shokh Hafizuddin Marg,"
BoothVoterList_A4_Ward_211_Booth_36.pdf,67,82,,LIST PART NO. 2 5  : Municipal House No. 6 1 Raja Building AA Hafizuddin Marg Byculla
BoothVoterList_A4_Ward_211_Booth_36.pdf,68,92,,"LIST PART NO. 2 5  : Municipal House No. 1 7 1 Nurani chawl, No 5, Maulana Azad Road, Byculla (W)"
BoothVoterList_A4_Ward_211_Booth_36.pdf,69,86,,"LIST PART NO. 2 5  : Municipal House No. 8 7 Kanchwala Compound (New Dhobighat) Bay, Shokh Hafizuddin Marg,"
BoothVoterList_A4_Ward_211_Booth_36.pdf,70,89,,"LIST PART NO. 2 5  : Municipal House No. 1 6 7 D Nurani chawl, Maulana Azad Road, Byculla (W)"
BoothVoterList_A4_Ward_211_Booth_36.pdf,71,87,,LIST PART NO. 2 5  : Municipal House No. 8 7 Kavarana Building Shokh Hafizuddin Marg Byculla
BoothVoterList_A4_Ward_211_Booth_36.pdf,72,89,,"LIST PART NO. 2 5  : Municipal House No. 1 6 7 D Nurani chawl, Maulana Azad Road, Byculla (W)"
BoothVoterList_A4_Ward_211_Booth_37.pdf,2,88,,"LIST PART NO. 1 39  : Municipal House No. 5, Kali Building, Mohammad Umar Rajab Road,"
BoothVoterList_A4_Ward_211_Booth_37.pdf,6,89,,"LIST PART NO. 1 39  : Municipal House No. 9, Rahmani Tower, Mohammad Umar Rajab Road,"
BoothVoterList_A4_Ward_211_Booth_37.pdf,12,88,,"LIST PART NO. 139  : Municipal House No. 15, Chakkiwala chawl, Mohammad Umar Rajab Road,"
BoothVoterList_A4_Ward_211_Booth_37.pdf,14,86,,"LIST PART NO. 1 39  : Municipal House No. 1 7, Chashmawala chawl, Mohammad Umar Rajab Road,"
BoothVoterList_A4_Ward_211_Booth_37.pdf,19,87,,"LIST PART NO. 1 39  : Municipal House No. 19-A, BDwala chawl, Mohammad Umar Rajab Road,"
BoothVoterList_A4_Ward_211_Booth_37.pdf,23,89,,"LIST PART NO. 1 39  : Municipal House No. 2 1-A, Razia Building, Mohammad Umar Rajab Road,"
BoothVoterList_A4_Ward_211_Booth_37.pdf,28,91,,"LIST PART NO. 1 39  : Municipal House No. 2 3-A, Patel Building, Mohammad Umar Rajab Road,"
BoothVoterList_A4_Ward_211_Booth_37.pdf,30,91,,"LIST PART NO. 139  : Army Salvation chawl (Jubilee Hall), Sheikh Hafizuddin Marg,"
BoothVoterList_A4_Ward_211_Booth_37.pdf,33,90,,"LIST PART NO. 1 39  : Municipal House No. 8 4, Willingdon Compound, Shokh Hafizuddin Marg, Mumbai"
BoothVoterList_A4_Ward_211_Booth_37.pdf,34,83,,"LIST PART NO. 139  : Municipal House No. 70 to 84, Salvation Army SSR, Hafizuddin Marg,"
BoothVoterList_A4_Ward_211_Booth_37.pdf,35,87,,"LIST PART NO. 1 39  : Slum Opposite Salvation Army, Sheikh Hafizuddin Marg,"
BoothVoterList_A4_Ward_211_Booth_37.pdf,38,90,,"LIST PART NO. 139  : Salvation Army Bland Hostel, Sheikh Hafizuddin Marg,"
BoothVoterList_A4_Ward_211_Booth_37.pdf,39,87,,"LIST PART NO. 1 39  : Municipal House No. 19-A, BDwala chawl, Mohammad Umar Rajab Road,"
BoothVoterList_A4_Ward_211_Booth_37.pdf,40,89,,"LIST PART NO. 1 39  : Municipal House No. 2 1-A, Razia Building, Mohammad Umar Rajab Road,"
BoothVoterList_A4_Ward_211_Booth_37.pdf,41,88,,"LIST PART NO. 139  : Municipal House No. 15, Chakkiwala chawl, Mohammad Umar Rajab Road,"
BoothVoterList_A4_Ward_211_Booth_37.pdf,42,90,,"LIST PART NO. 139  : Salvation Army Bland Hostel, Sheikh Hafizuddin Marg,"
BoothVoterList_A4_Ward_211_Booth_37.pdf,43,88,,"LIST PART NO. 139  : Municipal House No. 15, Chakkiwala chawl, Mohammad Umar Rajab Road,"
BoothVoterList_A4_Ward_211_Booth_37.pdf,44,89,,"LIST PART NO. 1 39  : Municipal House No. 9, Rahmani Tower, Mohammad Umar Rajab Road,"
BoothVoterList_A4_Ward_211_Booth_37.pdf,45,86,,"LIST PART NO. 1 39  : Municipal House No. 1 7, Chashmawala chawl, Mohammad Umar Rajab Road,"
BoothVoterList_A4_Ward_211_Booth_37.pdf,46,89,,"LIST PART NO. 1 39  : Municipal House No. 9, Rahmani Tower, Mohammad Umar Rajab Road,"
BoothVoterList_A4_Ward_211_Booth_37.pdf,47,86,,"LIST PART NO. 1 39  : Municipal House No. 1 7, Chashmawala chawl, Mohammad Umar Rajab Road,"
BoothVoterList_A4_Ward_211_Booth_37.pdf,48,88,,"LIST PART NO. 139  : Municipal House No. 15, Chakkiwala chawl, Mohammad Umar Rajab Road,"
BoothVoterList_A4_Ward_211_Booth_37.pdf,49,87,,"LIST PART NO. 1 39  : Municipal House No. 19-A, BDwala chawl, Mohammad Umar Rajab Road,"
BoothVoterList_A4_Ward_211_Booth_37.pdf,50,89,,"LIST PART NO. 1 39  : Municipal House No. 9, Rahmani Tower, Mohammad Umar Rajab Road,"
BoothVoterList_A4_Ward_211_Booth_37.pdf,51,89,,"LIST PART NO. 1 39  : Municipal House No. 2 1-A, Razia Building, Mohammad Umar Rajab Road,"
BoothVoterList_A4_Ward_211_Booth_37.pdf,52,88,,"LIST PART NO. 139  : Municipal House No. 15, Chakkiwala chawl, Mohammad Umar Rajab Road,"
BoothVoterList_A4_Ward_211_Booth_37.pdf,53,86,,"LIST PART NO. 1 39  : Municipal House No. 1 7, Chashmawala chawl, Mohammad Umar Rajab Road,"
BoothVoterList_A4_Ward_211_Booth_37.pdf,54,88,,"LIST PART NO. 1 39  : Municipal House No. 5, Kali Building, Mohammad Umar Rajab Road,"
BoothVoterList_A4_Ward_211_Booth_37.pdf,55,89,,"LIST PART NO. 1 39  : Municipal House No. 9, Rahmani Tower, Mohammad Umar Rajab Road,"
BoothVoterList_A4_Ward_211_Booth_37.pdf,56,86,,"LIST PART NO. 1 39  : Municipal House No. 1 7, Chashmawala chawl, Mohammad Umar Rajab Road,"
BoothVoterList_A4_Ward_211_Booth_37.pdf,57,89,,"LIST PART NO. 1 39  : Municipal House No. 2 1-A, Razia Building, Mohammad Umar Rajab Road,"
BoothVoterList_A4_Ward_211_Booth_37.pdf,58,89,,"LIST PART NO. 1 39  : Municipal House No. 9, Rahmani Tower, Mohammad Umar Rajab Road,"
BoothVoterList_A4_Ward_211_Booth_37.pdf,59,88,,"LIST PART NO. 139  : Municipal House No. 15, Chakkiwala chawl, Mohammad Umar Rajab Road,"
BoothVoterList_A4_Ward_211_Booth_37.pdf,60,89,,"LIST PART NO. 1 39  : Municipal House No. 2 1-A, Razia Building, Mohammad Umar Rajab Road,"
BoothVoterList_A4_Ward_211_Booth_37.pdf,61,86,,"LIST PART NO. 1 39  : Municipal House No. 1 7, Chashmawala chawl, Mohammad Umar Rajab Road,"
BoothVoterList_A4_Ward_211_Booth_37.pdf,62,89,,"LIST PART NO. 1 39  : Municipal House No. 9, Rahmani Tower, Mohammad Umar Rajab Road,"
BoothVoterList_A4_Ward_211_Booth_38.pdf,2,88,,LIST PART NO. 1 1 8  : Municipal House No. 8 1-8 5 Dagad chawl Mohammad Shahid Marg ARS Road)
BoothVoterList_A4_Ward_211_Booth_38.pdf,23,82,,LIST PART NO. 1 1 8  : Arab Tabela Mohammad Shaheed Marg (Moreland Road)
BoothVoterList_A4_Ward_211_Booth_38.pdf,24,91,,LIST PART NO. 1 1 8  : Patni chawl Mohammad Shahid Marg (Moreland Road)
BoothVoterList_A4_Ward_211_Booth_38.pdf,27,92,,"LIST PART NO. 1 1 8  : Patni chawl Mohammad Shahid Marg (Moreland Road)"
BoothVoterList_A4_Ward_211_Booth_38.pdf,28,85,,"LIST PART NO. 1 1 8  : Shirinbai chawl, Mohammed Ales Marg, (Morland Road),"
BoothVoterList_A4_Ward_211_Booth_38.pdf,31,89,,"LIST PART NO. 1 1 8  : Shirinbai chawl No. 6, Mohammad Shahid Marg, (Moreland Road),"
BoothVoterList_A4_Ward_211_Booth_38.pdf,35,80,,"LIST PART NO. 1 1 8  : Shirinbai chawl 71.4, Mohammad Shahid Marg, (Moreland Road),"
BoothVoterList_A4_Ward_211_Booth_38.pdf,41,92,,"LIST PART NO. 1 1 8  : Shirinbai chawl No. 7, Mohammad Shahid Marg, (Moreland Road),"
BoothVoterList_A4_Ward_211_Booth_38.pdf,42,80,,"LIST PART NO. 1 1 8  : Shirinbai chawl 71.4, Mohammad Shahid Marg, (Moreland Road),"
BoothVoterList_A4_Ward_211_Booth_38.pdf,43,91,,LIST PART NO. 1 1 8  : Patni chawl Mohammad Shahid Marg (Moreland Road)
BoothVoterList_A4_Ward_211_Booth_38.pdf,44,80,,"LIST PART NO. 1 1 8  : Shirinbai chawl 71.4, Mohammad Shahid Marg, (Moreland Road),"
BoothVoterList_A4_Ward_211_Booth_38.pdf,45,88,,LIST PART NO. 1 1 8  : Municipal House No. 8 1-8 5 Dagad chawl Mohammad Shahid Marg ARS Road)
BoothVoterList_A4_Ward_211_Booth_38.pdf,46,85,,"LIST PART NO. 1 1 8  : Shirinbai chawl, Mohammed Ales Marg, (Morland Road),"
BoothVoterList_A4_Ward_211_Booth_38.pdf,47,88,,LIST PART NO. 1 1 8  : Municipal House No. 8 1-8 5 Dagad chawl Mohammad Shahid Marg ARS Road)
BoothVoterList_A4_Ward_211_Booth_38.pdf,48,91,,LIST PART NO. 1 1 8  : Patni chawl Mohammad Shahid Marg (Moreland Road)
BoothVoterList_A4_Ward_211_Booth_38.pdf,49,88,,LIST PART NO. 1 1 8  : Municipal House No. 8 1-8 5 Dagad chawl Mohammad Shahid Marg ARS Road)
BoothVoterList_A4_Ward_211_Booth_38.pdf,50,89,,"LIST PART NO. 1 1 8  : Shirinbai chawl No. 6, Mohammad Shahid Marg, (Moreland Road),"
BoothVoterList_A4_Ward_211_Booth_38.pdf,51,91,,LIST PART NO. 1 1 8  : Patni chawl Mohammad Shahid Marg (Moreland Road)
BoothVoterList_A4_Ward_211_Booth_38.pdf,52,80,,"LIST PART NO. 1 1 8  : Shirinbai chawl 71.4, Mohammad Shahid Marg, (Moreland Road),"
BoothVoterList_A4_Ward_211_Booth_38.pdf,53,88,,LIST PART NO. 1 1 8  : Municipal House No. 8 1-8 5 Dagad chawl Mohammad Shahid Marg ARS Road)
BoothVoterList_A4_Ward_211_Booth_38.pdf,54,89,,"LIST PART NO. 1 1 8  : Shirinbai chawl No. 6, Mohammad Shahid Marg, (Moreland Road),"
BoothVoterList_A4_Ward_211_Booth_38.pdf,55,80,,"LIST PART NO. 1 1 8  : Shirinbai chawl 71.4, Mohammad Shahid Marg, (Moreland Road),"
BoothVoterList_A4_Ward_211_Booth_38.pdf,56,85,,"LIST PART NO. 1 1 8  : Shirinbai chawl, Mohammed Ales Marg, (Morland Road),"
BoothVoterList_A4_Ward_211_Booth_38.pdf,57,80,,"LIST PART NO. 1 1 8  : Shirinbai chawl 71.4, Mohammad Shahid Marg, (Moreland Road),"
BoothVoterList_A4_Ward_211_Booth_38.pdf,58,88,,LIST PART NO. 1 1 8  : Municipal House No. 8 1-8 5 Dagad chawl Mohammad Shahid Marg ARS Road)
BoothVoterList_A4_Ward_211_Booth_38.pdf,59,80,,"LIST PART NO. 1 1 8  : Shirinbai chawl 71.4, Mohammad Shahid Marg, (Moreland Road),"
BoothVoterList_A4_Ward_211_Booth_38.pdf,60,89,,"LIST PART NO. 1 1 8  : Shirinbai chawl No. 6, Mohammad Shahid Marg, (Moreland Road),"
BoothVoterList_A4_Ward_211_Booth_38.pdf,61,80,,"LIST PART NO. 1 1 8  : Shirinbai chawl 71.4, Mohammad Shahid Marg, (Moreland Road),"
BoothVoterList_A4_Ward_211_Booth_38.pdf,62,89,,"LIST PART NO. 1 1 8  : Shirinbai chawl No. 6, Mohammad Shahid Marg, (Moreland Road),"
BoothVoterList_A4_Ward_211_Booth_38.pdf,63,80,,"LIST PART NO. 1 1 8  : Shirinbai chawl 71.4, Mohammad Shahid Marg, (Moreland Road),"
BoothVoterList_A4_Ward_211_Booth_38.pdf,64,89,,"LIST PART NO. 1 1 8  : Shirinbai chawl No. 6, Mohammad Shahid Marg, (Moreland Road),"
BoothVoterList_A4_Ward_211_Booth_38.pdf,65,88,,LIST PART NO. 1 1 8  : Municipal House No. 8 1-8 5 Dagad chawl Mohammad Shahid Marg ARS Road)
BoothVoterList_A4_Ward_211_Booth_38.pdf,66,92,,"LIST PART NO. 1 1 8  : Shirinbai chawl No. 7, Mohammad Shahid Marg, (Moreland Road),"
BoothVoterList_A4_Ward_211_Booth_38.pdf,67,88,,LIST PART NO. 1 1 8  : Municipal House No. 8 1-8 5 Dagad chawl Mohammad Shahid Marg ARS Road)
BoothVoterList_A4_Ward_211_Booth_38.pdf,68,91,,LIST PART NO. 1 1 8  : Patni chawl Mohammad Shahid Marg (Moreland Road)
BoothVoterList_A4_Ward_211_Booth_38.pdf,69,80,,"LIST PART NO. 1 1 8  : Shirinbai chawl 71.4, Mohammad Shahid Marg, (Moreland Road),"
BoothVoterList_A4_Ward_211_Booth_38.pdf,70,91,,LIST PART NO. 1 1 8  : Patni chawl Mohammad Shahid Marg (Moreland Road)
BoothVoterList_A4_Ward_211_Booth_38.pdf,71,80,,"LIST PART NO. 1 1 8  : Shirinbai chawl 71.4, Mohammad Shahid Marg, (Moreland Road),"
BoothVoterList_A4_Ward_211_Booth_38.pdf,72,85,,"LIST PART NO. 1 1 8  : Shirinbai chawl, Mohammed Ales Marg, (Morland Road),"
BoothVoterList_A4_Ward_211_Booth_38.pdf,73,80,,"LIST PART NO. 1 1 8  : Shirinbai chawl 71.4, Mohammad Shahid Marg, (Moreland Road),"
BoothVoterList_A4_Ward_211_Booth_38.pdf,74,88,,LIST PART NO. 1 1 8  : Municipal House No. 8 1-8 5 Dagad chawl Mohammad Shahid Marg ARS Road)
BoothVoterList_A4_Ward_211_Booth_38.pdf,75,85,,"LIST PART NO. 1 1 8  : Shirinbai chawl, Mohammed Ales Marg, (Morland Road),"
BoothVoterList_A4_Ward_211_Booth_38.pdf,76,91,,LIST PART NO. 1 1 8  : Patni chawl Mohammad Shahid Marg (Moreland Road)
BoothVoterList_A4_Ward_211_Booth_38.pdf,77,88,,LIST PART NO. 1 1 8  : Municipal House No. 8 1-8 5 Dagad chawl Mohammad Shahid Marg ARS Road)
BoothVoterList_A4_Ward_211_Booth_38.pdf,78,85,,"LIST PART NO. 1 1 8  : Shirinbai chawl, Mohammed Ales Marg, (Morland Road),"
BoothVoterList_A4_Ward_211_Booth_38.pdf,79,88,,LIST PART NO. 1 1 8  : Municipal House No. 8 1-8 5 Dagad chawl Mohammad Shahid Marg ARS Road)
BoothVoterList_A4_Ward_211_Booth_38.pdf,80,85,,"LIST PART NO. 1 1 8  : Shirinbai chawl, Mohammed Ales Marg, (Morland Road),"
BoothVoterList_A4_Ward_211_Booth_38.pdf,81,88,,LIST PART NO. 1 1 8  : Municipal House No. 8 1-8 5 Dagad chawl Mohammad Shahid Marg ARS Road)
BoothVoterList_A4_Ward_211_Booth_38.pdf,82,92,,"LIST PART NO. 1 1 8  : Shirinbai chawl No. 7, Mohammad Shahid Marg, (Moreland Road),"
BoothVoterList_A4_Ward_211_Booth_38.pdf,83,80,,"LIST PART NO. 1 1 8  : Shirinbai chawl 71.4, Mohammad Shahid Marg, (Moreland Road),"
BoothVoterList_A4_Ward_211_Booth_38.pdf,84,82,,LIST PART NO. 1 1 8  : Arab Tabela Mohammad Shaheed Marg (Moreland Road)
BoothVoterList_A4_Ward_211_Booth_38.pdf,85,80,,"LIST PART NO. 1 1 8  : Shirinbai chawl 71.4, Mohammad Shahid Marg, (Moreland Road),"
BoothVoterList_A4_Ward_211_Booth_38.pdf,86,85,,"LIST PART NO. 1 1 8  : Shirinbai chawl, Mohammed Ales Marg, (Morland Road),"
BoothVoterList_A4_Ward_211_Booth_39.pdf,2,90,,"LIST PART NO. 1 2 2  : Municipal House No. 6 5/7 5 New Patra Shed 4.9, Mohammad Shahid Marg,"
BoothVoterList_A4_Ward_211_Booth_39.pdf,3,86,,"LIST PART NO. 1 2 2  : Municipal House No. 6 5/7 5New. Letter Road No. 2, Mohammad Shaheed Marg,"
BoothVoterList_A4_Ward_211_Booth_39.pdf,4,89,,"LIST PART NO. 1 2 2  : Municipal House No. 6 5/7 5New. Patra Hod 41.3, Mohammad Shaheed Marg,"
BoothVoterList_A4_Ward_211_Booth_39.pdf,5,85,,"LIST PART NO. 1 2 2  : Municipal House No. 6 5/7 5New. Letter Road No. 5, Mohammad Shaheed Marg,"
BoothVoterList_A4_Ward_211_Booth_39.pdf,6,89,,"LIST PART NO. 1 2 2  : Municipal House No. 6 5/7 5New. Patra Shed No. 6, Mohammad Shaheed Marg,"
BoothVoterList_A4_Ward_211_Booth_39.pdf,7,89,,"LIST PART NO. 1 2 2  : Municipal House No. 6 5/7 5New. Patra Shed No 7, Mohammad Shaheed Marg,"
BoothVoterList_A4_Ward_211_Booth_39.pdf,8,87,,"LIST PART NO. 1 2 2  : Municipal House No. 6 5/7 5New. Patra Hod AC, Mohammad Shaheed Marg,"
BoothVoterList_A4_Ward_211_Booth_39.pdf,9,87,,"LIST PART NO. 1 2 2  : Municipal House No. 6 5/7 5New. Patra as No. 4, Mohammad Shaheed Marg,"
BoothVoterList_A4_Ward_211_Booth_39.pdf,10,91,,"LIST PART NO. 1 2 2  : New Post Office No. 6, Mohammad Shaheed Marg,"
BoothVoterList_A4_Ward_211_Booth_39.pdf,11,87,,"LIST PART NO. 1 2 2  : Municipal House No. 6 5/7 5New. Patra Hod AC, Mohammad Shaheed Marg,"
BoothVoterList_A4_Ward_211_Booth_39.pdf,12,87,,"LIST PART NO. 1 2 2  : Municipal House No. 6 5/7 5New. Patra as No. 4, Mohammad Shaheed Marg,"
BoothVoterList_A4_Ward_211_Booth_39.pdf,13,91,,"LIST PART NO. 1 2 2  : New Post Office No. 6, Mohammad Shaheed Marg,"
BoothVoterList_A4_Ward_211_Booth_39.pdf,14,87,,"LIST PART NO. 1 2 6  : Shirinbai chawl, Ibrahim Estate, Morland Road,"
BoothVoterList_A4_Ward_211_Booth_39.pdf,15,85,,"LIST PART NO. 1 29  : Municipal House No. 3 St. Vegas Church, Meghraj Sethi Marg,"
BoothVoterList_A4_Ward_211_Booth_39.pdf,18,88,,"LIST PART NO. 1 29  : Municipal House No. 2 Slum Near St. Andrews Church, Meghraj Sethi Marg,"
BoothVoterList_A4_Ward_211_Booth_39.pdf,20,86,,"LIST PART NO. 1 29  : Municipal House No. 2, St. Andrew's Church, Meghraj Sethi Marg,"
BoothVoterList_A4_Ward_211_Booth_39.pdf,21,83,,"LIST PART NO. 1 29  : St Andrews Church, Meghraj Sethi Marg,"
BoothVoterList_A4_Ward_211_Booth_39.pdf,22,91,,"LIST PART NO. 1 29  : Mukti Dawakhana (Women's Union) Marg, Meghraj Sethi Marg,"
BoothVoterList_A4_Ward_211_Booth_39.pdf,23,90,,"LIST PART NO. 1 2 9  : Abbas Manzil, 180/982, Maulana Azad Road,"
BoothVoterList_A4_Ward_211_Booth_39.pdf,24,93,,"LIST PART NO. 1 2 9  : Municipal House No. 9 7 c. Mamsa Estate, Mohammad Shahid Marg, (Moreland Road)"
BoothVoterList_A4_Ward_211_Booth_39.pdf,28,92,,"LIST PART NO. 1 29  : Municipal House No. 99 t. B. I College, Compound Huts, Mohammad Shahid Marg"
BoothVoterList_A4_Ward_211_Booth_39.pdf,30,88,,"LIST PART NO. 1 29  : Municipal House No. 2 Slum Near St. Andrews Church, Meghraj Sethi Marg,"
BoothVoterList_A4_Ward_211_Booth_39.pdf,31,92,,"LIST PART NO. 1 29  : Municipal House No. 99 t. B. I College, Compound Huts, Mohammad Shahid Marg"
BoothVoterList_A4_Ward_211_Booth_39.pdf,32,93,,"LIST PART NO. 1 2 9  : Municipal House No. 9 7 c. Mamsa Estate, Mohammad Shahid Marg, (Moreland Road)"
BoothVoterList_A4_Ward_211_Booth_39.pdf,33,92,,"LIST PART NO. 1 29  : Municipal House No. 99 t. B. I College, Compound Huts, Mohammad Shahid Marg"
BoothVoterList_A4_Ward_211_Booth_39.pdf,34,85,,"LIST PART NO. 1 29  : Municipal House No. 3 St. Vegas Church, Meghraj Sethi Marg,"
BoothVoterList_A4_Ward_211_Booth_39.pdf,35,92,,"LIST PART NO. 1 29  : Municipal House No. 99 t. B. I College, Compound Huts, Mohammad Shahid Marg"
BoothVoterList_A4_Ward_211_Booth_39.pdf,36,90,,"LIST PART NO. 1 2 9  : Abbas Manzil, 180/982, Maulana Azad Road,"
BoothVoterList_A4_Ward_211_Booth_39.pdf,37,93,,"LIST PART NO. 1 2 9  : Municipal House No. 9 7 c. Mamsa Estate, Mohammad Shahid Marg, (Moreland Road)"
BoothVoterList_A4_Ward_211_Booth_39.pdf,38,90,,"LIST PART NO. 1 2 9  : Abbas Manzil, 180/982, Maulana Azad Road,"
BoothVoterList_A4_Ward_211_Booth_39.pdf,39,83,,"LIST PART NO. 1 29  : St Andrews Church, Meghraj Sethi Marg,"
BoothVoterList_A4_Ward_211_Booth_39.pdf,40,90,,"LIST PART NO. 1 2 9  : Abbas Manzil, 180/982, Maulana Azad Road,"
BoothVoterList_A4_Ward_211_Booth_39.pdf,41,85,,"LIST PART NO. 1 29  : Municipal House No. 3 St. Vegas Church, Meghraj Sethi Marg,"
BoothVoterList_A4_Ward_211_Booth_39.pdf,42,92,,"LIST PART NO. 1 29  : Municipal House No. 99 t. B. I College, Compound Huts, Mohammad Shahid Marg"
BoothVoterList_A4_Ward_211_Booth_4.pdf,2,93,,"LIST PART NO. 2 0 6  : Mu. Block-2, Slum Near Pinto House, Meghraj Sethi Marg,"
BoothVoterList_A4_Ward_211_Booth_4.pdf,9,91,,"LIST PART NO. 2 0 6  : Slum Behind Khatav Mill, Meghraj Sethi Marg,"
BoothVoterList_A4_Ward_211_Booth_4.pdf,10,90,,"LIST PART NO. 2 0 6  : Sowter Road Byculla Fire Brigade Slum, Ganesh Hari Parundekar Marg,"
BoothVoterList_A4_Ward_211_Booth_4.pdf,11,87,,"LIST PART NO. 2 0 6  : Apna Slum, Islam Building Rear Slum, Meghraj eT AM,"
BoothVoterList_A4_Ward_211_Booth_4.pdf,12,91,,"LIST PART NO. 2 0 6  : Slum Behind Khatav Mill, Meghraj Sethi Marg,"
BoothVoterList_A4_Ward_211_Booth_4.pdf,13,90,,"LIST PART NO. 2 0 6  : Sowter Road Byculla Fire Brigade Slum, Ganesh Hari Parundekar Marg,"
BoothVoterList_A4_Ward_211_Booth_4.pdf,14,93,,"LIST PART NO. 2 0 6  : Mu. Block-2, Slum Near Pinto House, Meghraj Sethi Marg,"
BoothVoterList_A4_Ward_211_Booth_4.pdf,15,87,,"LIST PART NO. 2 0 6  : Apna Slum, Islam Building Rear Slum, Meghraj eT AM,"
BoothVoterList_A4_Ward_211_Booth_40.pdf,2,87,,LIST PART NO. 199  : Chhoti Kamal Building No. 2 Mohammad ASA Road (Gor-ta Bazar)
BoothVoterList_A4_Ward_211_Booth_40.pdf,5,84,,LIST PART NO. 199  : Municipal House No. 4.3 Aqsa Mazil e Mohammad ASA Road (Gor-ta Bazar)
BoothVoterList_A4_Ward_211_Booth_40.pdf,11,89,,LIST PART NO. 199  : Municipal House No. 4.3 Axa Manzil B Maulana Azad Road (Gor-ta Bazar)
BoothVoterList_A4_Ward_211_Booth_40.pdf,18,87,,LIST PART NO. 199  : Municipal House No. No. 7 Axa Manzil C Maulana Azad Road (Gor-ta Bazar)
BoothVoterList_A4_Ward_211_Booth_40.pdf,26,89,,LIST PART NO. 199  : Municipal House No. No. 7 Axa Manzil De Maulana Azad Road (Gost Bazar)
BoothVoterList_A4_Ward_211_Booth_40.pdf,34,90,,LIST PART NO. 199  : Aqsa Manzil-e Maulana Azad Road (Gost Bazar)
BoothVoterList_A4_Ward_211_Booth_40.pdf,35,75,,list part sh. 199  : Thamunicipal House No-7 Axa Manzil
BoothVoterList_A4_Ward_211_Booth_40.pdf,36,92,,LIST PART NO. 199  : Yusuf Bagh-K Maulana Azad Road (Gost Bazar)
BoothVoterList_A4_Ward_211_Booth_40.pdf,37,88,,"LIST PART NO. 199  : Latif Chamdewali chawl Maulana Azad WS, Madanpura"
BoothVoterList_A4_Ward_211_Booth_40.pdf,38,92,,"LIST PART NO. 199  : 16-18, Rabia Manzil, 2nd Ghelabhai Street, Byculla,"
BoothVoterList_A4_Ward_211_Booth_40.pdf,39,89,,LIST PART NO. 199  : Municipal House No. 4.3 Axa Manzil B Maulana Azad Road (Gor-ta Bazar)
BoothVoterList_A4_Ward_211_Booth_40.pdf,40,89,,LIST PART NO. 199  : Municipal House No. No. 7 Axa Manzil De Maulana Azad Road (Gost Bazar)
BoothVoterList_A4_Ward_211_Booth_40.pdf,41,87,,LIST PART NO. 199  : Chhoti Kamal Building No. 2 Mohammad ASA Road (Gor-ta Bazar)
BoothVoterList_A4_Ward_211_Booth_40.pdf,42,89,,LIST PART NO. 199  : Municipal House No. No. 7 Axa Manzil De Maulana Azad Road (Gost Bazar)
BoothVoterList_A4_Ward_211_Booth_40.pdf,43,84,,LIST PART NO. 199  : Municipal House No. 4.3 Aqsa Mazil e Mohammad ASA Road (Gor-ta Bazar)
BoothVoterList_A4_Ward_211_Booth_40.pdf,44,87,,LIST PART NO. 199  : Municipal House No. No. 7 Axa Manzil C Maulana Azad Road (Gor-ta Bazar)
BoothVoterList_A4_Ward_211_Booth_40.pdf,45,89,,LIST PART NO. 199  : Municipal House No. No. 7 Axa Manzil De Maulana Azad Road (Gost Bazar)
BoothVoterList_A4_Ward_211_Booth_40.pdf,46,92,,"LIST PART NO. 199  : 16-18, Rabia Manzil, 2nd Ghelabhai Street, Byculla,"
BoothVoterList_A4_Ward_211_Booth_40.pdf,47,87,,LIST PART NO. 199  : Municipal House No. No. 7 Axa Manzil C Maulana Azad Road (Gor-ta Bazar)
BoothVoterList_A4_Ward_211_Booth_40.pdf,48,84,,LIST PART NO. 199  : Municipal House No. 4.3 Aqsa Mazil e Mohammad ASA Road (Gor-ta Bazar)
BoothVoterList_A4_Ward_211_Booth_40.pdf,49,87,,LIST PART NO. 199  : Municipal House No. No. 7 Axa Manzil C Maulana Azad Road (Gor-ta Bazar)
BoothVoterList_A4_Ward_211_Booth_40.pdf,50,92,,"LIST PART NO. 199  : 16-18, Rabia Manzil, 2nd Ghelabhai Street, Byculla,"
BoothVoterList_A4_Ward_211_Booth_40.pdf,51,89,,LIST PART NO. 199  : Municipal House No. 4.3 Axa Manzil B Maulana Azad Road (Gor-ta Bazar)
BoothVoterList_A4_Ward_211_Booth_40.pdf,52,84,,LIST PART NO. 199  : Municipal House No. 4.3 Aqsa Mazil e Mohammad ASA Road (Gor-ta Bazar)
BoothVoterList_A4_Ward_211_Booth_40.pdf,53,89,,LIST PART NO. 199  : Municipal House No. No. 7 Axa Manzil De Maulana Azad Road (Gost Bazar)
BoothVoterList_A4_Ward_211_Booth_40.pdf,54,87,,LIST PART NO. 199  : Municipal House No. No. 7 Axa Manzil C Maulana Azad Road (Gor-ta Bazar)
BoothVoterList_A4_Ward_211_Booth_40.pdf,55,89,,LIST PART NO. 199  : Municipal House No. No. 7 Axa Manzil De Maulana Azad Road (Gost Bazar)
BoothVoterList_A4_Ward_211_Booth_40.pdf,56,87,,LIST PART NO. 199  : Municipal House No. No. 7 Axa Manzil C Maulana Azad Road (Gor-ta Bazar)
BoothVoterList_A4_Ward_211_Booth_40.pdf,57,89,,LIST PART NO. 199  : Municipal House No. 4.3 Axa Manzil B Maulana Azad Road (Gor-ta Bazar)
BoothVoterList_A4_Ward_211_Booth_40.pdf,58,87,,LIST PART NO. 199  : Municipal House No. No. 7 Axa Manzil C Maulana Azad Road (Gor-ta Bazar)
BoothVoterList_A4_Ward_211_Booth_40.pdf,59,89,,LIST PART NO. 199  : Municipal House No. No. 7 Axa Manzil De Maulana Azad Road (Gost Bazar)
BoothVoterList_A4_Ward_211_Booth_40.pdf,60,84,,LIST PART NO. 199  : Municipal House No. 4.3 Aqsa Mazil e Mohammad ASA Road (Gor-ta Bazar)
BoothVoterList_A4_Ward_211_Booth_40.pdf,61,89,,LIST PART NO. 199  : Municipal House No. No. 7 Axa Manzil De Maulana Azad Road (Gost Bazar)
BoothVoterList_A4_Ward_211_Booth_40.pdf,62,87,,LIST PART NO. 199  : Chhoti Kamal Building No. 2 Mohammad ASA Road (Gor-ta Bazar)
BoothVoterList_A4_Ward_211_Booth_40.pdf,63,89,,LIST PART NO. 199  : Municipal House No. No. 7 Axa Manzil De Maulana Azad Road (Gost Bazar)
BoothVoterList_A4_Ward_211_Booth_40.pdf,64,87,,LIST PART NO. 199  : Chhoti Kamal Building No. 2 Mohammad ASA Road (Gor-ta Bazar)
BoothVoterList_A4_Ward_211_Booth_40.pdf,65,84,,LIST PART NO. 199  : Municipal House No. 4.3 Aqsa Mazil e Mohammad ASA Road (Gor-ta Bazar)
BoothVoterList_A4_Ward_211_Booth_40.pdf,66,90,,LIST PART NO. 199  :  Aqsa Manzil-e Maulana Azad Road (Gost Bazar)
BoothVoterList_A4_Ward_211_Booth_40.pdf,67,89,,LIST PART NO. 199  : Municipal House No. 4.3 Axa Manzil B Maulana Azad Road (Gor-ta Bazar)
BoothVoterList_A4_Ward_211_Booth_40.pdf,68,89,,LIST PART NO. 199  : Municipal House No. No. 7 Axa Manzil De Maulana Azad Road (Gost Bazar)
BoothVoterList_A4_Ward_211_Booth_41.pdf,2,92,,"LIST PART NO. 2 0 0  : Mr. d. No. 3-4, Committee chawl, Ghelabhai Road, Byculla (W),"
BoothVoterList_A4_Ward_211_Booth_41.pdf,11,91,,"LIST PART NO. 2 0 0  : Municipal House No. 7, Khatija Tower Ghelabhai Road, Byculla (W),"
BoothVoterList_A4_Ward_211_Booth_41.pdf,14,93,,"LIST PART NO. 2 0 0  : Municipal House No. 9 (A), Karim chawl, Ghelabhai Road, Byculla (W),"
BoothVoterList_A4_Ward_211_Booth_41.pdf,19,91,,"LIST PART NO. 2 0 0  : Municipal House No. 1 4, Atlas Building, Ghelabhai Road, Byculla (W),"
BoothVoterList_A4_Ward_211_Booth_41.pdf,20,92,,"LIST PART NO. 2 0 0  : Municipal House No. 1 6 Ai,. Rehman Building, Maulana Azad Road, (Gose Bazar),"
BoothVoterList_A4_Ward_211_Booth_41.pdf,25,92,,"LIST PART NO. 2 0 0  : Municipal House No. 2 2, Nav Bahar Building, Maulana Azad Road, (Gos Ta Bazar),"
BoothVoterList_A4_Ward_211_Booth_41.pdf,31,89,,"LIST PART NO. 2 0 0  : Ai Saman chawl (Rasul Building), Maulana Azad Ws, (Gose Bazar),"
BoothVoterList_A4_Ward_211_Booth_41.pdf,33,89,,"LIST PART NO. 2 0 0  : HRA Manzil Building, Maulana Azad Road, (Gose Bazar),"
BoothVoterList_A4_Ward_211_Booth_41.pdf,34,91,,"LIST PART NO. 2 0 0  : Kachwala Building, Maulana Azad WS, (Gose Bazar),"
BoothVoterList_A4_Ward_211_Booth_41.pdf,35,91,,LIST PART NO. 2 0 0  : 1 1 0 5 Khadija Tower 3rd Ghelabai Street Moreland Road Maulana Azad
BoothVoterList_A4_Ward_211_Booth_41.pdf,44,89,,"LIST PART NO. 2 0 0  : HRA Manzil Building, Maulana Azad Road, (Gose Bazar),"
BoothVoterList_A4_Ward_211_Booth_41.pdf,45,91,,LIST PART NO. 2 0 0  : 1 1 0 5 Khadija Tower 3rd Ghelabai Street Moreland Road Maulana Azad
BoothVoterList_A4_Ward_211_Booth_41.pdf,46,92,,"LIST PART NO. 2 0 0  : Mr. d. No. 3-4, Committee chawl, Ghelabhai Road, Byculla (W),"
BoothVoterList_A4_Ward_211_Booth_41.pdf,47,93,,"LIST PART NO. 2 0 0  : Municipal House No. 9 (A), Karim chawl, Ghelabhai Road, Byculla (W),"
BoothVoterList_A4_Ward_211_Booth_41.pdf,48,92,,"LIST PART NO. 2 0 0  : Municipal House No. 2 2, Nav Bahar Building, Maulana Azad Road, (Gos Ta Bazar),"
BoothVoterList_A4_Ward_211_Booth_41.pdf,49,91,,LIST PART NO. 2 0 0  : 1 1 0 5 Khadija Tower 3rd Ghelabai Street Moreland Road Maulana Azad
BoothVoterList_A4_Ward_211_Booth_41.pdf,50,92,,"LIST PART NO. 2 0 0  : Municipal House No. 1 6 Ai,. Rehman Building, Maulana Azad Road, (Gose Bazar),"
BoothVoterList_A4_Ward_211_Booth_41.pdf,51,92,,"LIST PART NO. 2 0 0  : Municipal House No. 2 2, Nav Bahar Building, Maulana Azad Road, (Gos Ta Bazar),"
BoothVoterList_A4_Ward_211_Booth_41.pdf,52,93,,"LIST PART NO. 2 0 0  : Municipal House No. 9 (A), Karim chawl, Ghelabhai Road, Byculla (W),"
BoothVoterList_A4_Ward_211_Booth_41.pdf,53,92,,"LIST PART NO. 2 0 0  : Municipal House No. 2 2, Nav Bahar Building, Maulana Azad Road, (Gos Ta Bazar),"
BoothVoterList_A4_Ward_211_Booth_41.pdf,54,92,,"LIST PART NO. 2 0 0  : Municipal House No. 1 6 Ai,. Rehman Building, Maulana Azad Road, (Gose Bazar),"
BoothVoterList_A4_Ward_211_Booth_41.pdf,55,93,,"LIST PART NO. 2 0 0  : Municipal House No. 9 (A), Karim chawl, Ghelabhai Road, Byculla (W),"
BoothVoterList_A4_Ward_211_Booth_41.pdf,56,92,,"LIST PART NO. 2 0 0  : Mr. d. No. 3-4, Committee chawl, Ghelabhai Road, Byculla (W),"
BoothVoterList_A4_Ward_211_Booth_41.pdf,57,92,,"LIST PART NO. 2 0 0  : Municipal House No. 2 2, Nav Bahar Building, Maulana Azad Road, (Gos Ta Bazar),"
BoothVoterList_A4_Ward_211_Booth_41.pdf,58,92,,"LIST PART NO. 2 0 0  : Mr. d. No. 3-4, Committee chawl, Ghelabhai Road, Byculla (W),"
BoothVoterList_A4_Ward_211_Booth_41.pdf,59,91,,LIST PART NO. 2 0 0  : 1 1 0 5 Khadija Tower 3rd Ghelabai Street Moreland Road Maulana Azad
BoothVoterList_A4_Ward_211_Booth_41.pdf,60,92,,"LIST PART NO. 2 0 0  : Municipal House No. 1 6 Ai,. Rehman Building, Maulana Azad Road, (Gose Bazar),"
BoothVoterList_A4_Ward_211_Booth_41.pdf,61,91,,"LIST PART NO. 2 0 0  : Municipal House No. 7, Khatija Tower Ghelabhai Road, Byculla (W),"
BoothVoterList_A4_Ward_211_Booth_41.pdf,62,92,,"LIST PART NO. 2 0 0  : Municipal House No. 1 6 Ai,. Rehman Building, Maulana Azad Road, (Gose Bazar),"
BoothVoterList_A4_Ward_211_Booth_41.pdf,63,92,,"LIST PART NO. 2 0 0  : Municipal House No. 2 2, Nav Bahar Building, Maulana Azad Road, (Gos Ta Bazar),"
BoothVoterList_A4_Ward_211_Booth_41.pdf,64,89,,"LIST PART NO. 2 0 0  : HRA Manzil Building, Maulana Azad Road, (Gose Bazar),"
BoothVoterList_A4_Ward_211_Booth_42.pdf,2,91,,"LIST PART NO. 2 0 1  : Municipal House No. 2 Yusuf Manzil, Siddique Lane, Madanpura,"
BoothVoterList_A4_Ward_211_Booth_42.pdf,3,90,,"LIST PART NO. 2 0 1  : Municipal House No. 8 Yusuf Manzil, Siddique Lane, Madanpura,"
BoothVoterList_A4_Ward_211_Booth_42.pdf,5,86,,"LIST PART NO. 2 0 1  : RL TA. 8 C. Adam Siddiqui chawl, Siddiqui Lane, Madanpura,"
BoothVoterList_A4_Ward_211_Booth_42.pdf,9,90,,"LIST PART NO. 2 0 1  : Municipal House No. 8 Eadam Siddiqui chawl, Siddiqui Lane, Madanpura,"
BoothVoterList_A4_Ward_211_Booth_42.pdf,12,90,,"LIST PART NO. 2 0 1  : Municipal House No. 1 4 Junaid Manzil, Siddique Lane, Madanpura,"
BoothVoterList_A4_Ward_211_Booth_42.pdf,18,92,,"LIST PART NO. 2 0 1  : Municipal House No. 1 1 Anjuman Mukidullah Yatma Primary School, Siddique"
BoothVoterList_A4_Ward_211_Booth_42.pdf,19,91,,"LIST PART NO. 2 0 1  : Municipal House No. 92 Jamil Masjid Manzil, Siddique Lane, Madanpura,"
BoothVoterList_A4_Ward_211_Booth_42.pdf,20,90,,"LIST PART NO. 2 0 1  : Municipal House No. 2 to 8 ARR Building, Mohammad Umar Rajab US, Madanpura,"
BoothVoterList_A4_Ward_211_Booth_42.pdf,25,92,,"LIST PART NO. 2 0 1  : Municipal House No. 6 to 1 2 Mansoor Building, Mohammad Umar Rajab Road, Madanpura,"
BoothVoterList_A4_Ward_211_Booth_42.pdf,26,92,,"LIST PART NO. 2 0 1  : Municipal House No. 1 8 to 2 2 A Hussain Building, Mohammad Umar Rajab Road, Madanpura"
BoothVoterList_A4_Ward_211_Booth_42.pdf,33,90,,"LIST PART NO. 2 0 1  : Municipal House No. 22 B Hussain Building, Mohammad Umar Rajab Road, Madanpura"
BoothVoterList_A4_Ward_211_Booth_42.pdf,38,89,,"LIST PART NO. 2 0 1  : Municipal House No. 2 6 A Jariwala chawl, Mohammad Umar Rajab Road, Byculla (W),"
BoothVoterList_A4_Ward_211_Booth_42.pdf,46,92,,"LIST PART NO. 2 0 1  : Municipal House No. 6 to 1 2 Mansoor Building, Mohammad Umar Rajab Road, Madanpura,"
BoothVoterList_A4_Ward_211_Booth_42.pdf,47,90,,"LIST PART NO. 2 0 1  : Municipal House No. 8 Eadam Siddiqui chawl, Siddiqui Lane, Madanpura,"
BoothVoterList_A4_Ward_211_Booth_42.pdf,48,92,,"LIST PART NO. 2 0 1  : Municipal House No. 6 to 1 2 Mansoor Building, Mohammad Umar Rajab Road, Madanpura,"
BoothVoterList_A4_Ward_211_Booth_42.pdf,49,90,,"LIST PART NO. 2 0 1  : Municipal House No. 1 4 Junaid Manzil, Siddique Lane, Madanpura,"
BoothVoterList_A4_Ward_211_Booth_42.pdf,50,90,,"LIST PART NO. 2 0 1  : Municipal House No. 2 to 8 ARR Building, Mohammad Umar Rajab US, Madanpura,"
BoothVoterList_A4_Ward_211_Booth_42.pdf,51,90,,"LIST PART NO. 2 0 1  : Municipal House No. 22 B Hussain Building, Mohammad Umar Rajab Road, Madanpura"
BoothVoterList_A4_Ward_211_Booth_42.pdf,52,89,,"LIST PART NO. 2 0 1  : Municipal House No. 2 6 A Jariwala chawl, Mohammad Umar Rajab Road, Byculla (W),"
BoothVoterList_A4_Ward_211_Booth_42.pdf,53,91,,"LIST PART NO. 2 0 1  : Municipal House No. 2 Yusuf Manzil, Siddique Lane, Madanpura,"
BoothVoterList_A4_Ward_211_Booth_42.pdf,54,90,,"LIST PART NO. 2 0 1  : Municipal House No. 1 4 Junaid Manzil, Siddique Lane, Madanpura,"
BoothVoterList_A4_Ward_211_Booth_42.pdf,55,91,,"LIST PART NO. 2 0 1  : Municipal House No. 2 Yusuf Manzil, Siddique Lane, Madanpura,"
BoothVoterList_A4_Ward_211_Booth_42.pdf,56,89,,"LIST PART NO. 2 0 1  : Municipal House No. 2 6 A Jariwala chawl, Mohammad Umar Rajab Road, Byculla (W),"
BoothVoterList_A4_Ward_211_Booth_42.pdf,57,92,,"LIST PART NO. 2 0 1  : Municipal House No. 1 8 to 2 2 A Hussain Building, Mohammad Umar Rajab Road, Madanpura"
BoothVoterList_A4_Ward_211_Booth_42.pdf,58,89,,"LIST PART NO. 2 0 1  : Municipal House No. 2 6 A Jariwala chawl, Mohammad Umar Rajab Road, Byculla (W),"
BoothVoterList_A4_Ward_211_Booth_42.pdf,59,92,,"LIST PART NO. 2 0 1  : Municipal House No. 1 8 to 2 2 A Hussain Building, Mohammad Umar Rajab Road, Madanpura"
BoothVoterList_A4_Ward_211_Booth_42.pdf,60,90,,"LIST PART NO. 2 0 1  : Municipal House No. 22 B Hussain Building, Mohammad Umar Rajab Road, Madanpura"
BoothVoterList_A4_Ward_211_Booth_42.pdf,61,92,,"LIST PART NO. 2 0 1  : Municipal House No. 6 to 1 2 Mansoor Building, Mohammad Umar Rajab Road, Madanpura,"
BoothVoterList_A4_Ward_211_Booth_42.pdf,62,91,,"LIST PART NO. 2 0 1  : Municipal House No. 2 Yusuf Manzil, Siddique Lane, Madanpura,"
BoothVoterList_A4_Ward_211_Booth_42.pdf,63,86,,"LIST PART NO. 2 0 1  : RL TA. 8 C. Adam Siddiqui chawl, Siddiqui Lane, Madanpura,"
BoothVoterList_A4_Ward_211_Booth_42.pdf,64,92,,"LIST PART NO. 2 0 1  : Municipal House No. 1 8 to 2 2 A Hussain Building, Mohammad Umar Rajab Road, Madanpura"
BoothVoterList_A4_Ward_211_Booth_42.pdf,65,86,,"LIST PART NO. 2 0 1  : RL TA. 8 C. Adam Siddiqui chawl, Siddiqui Lane, Madanpura,"
BoothVoterList_A4_Ward_211_Booth_42.pdf,66,90,,"LIST PART NO. 2 0 1  : Municipal House No. 22 B Hussain Building, Mohammad Umar Rajab Road, Madanpura"
BoothVoterList_A4_Ward_211_Booth_42.pdf,67,90,,"LIST PART NO. 2 0 1  : Municipal House No. 2 to 8 ARR Building, Mohammad Umar Rajab US, Madanpura,"
BoothVoterList_A4_Ward_211_Booth_43.pdf,2,89,,"LIST PART NO. 204  : Municipal House No. 25-29, Safia Building, Mohammad Umar Rajab Road, Byculla (W),"
BoothVoterList_A4_Ward_211_Booth_43.pdf,3,91,,"LIST PART NO. 2 0 4  : Municipal House No. 34, Ratanji Nainsi Building, Mohammad Umar Rajab US, Byculla (W),"
BoothVoterList_A4_Ward_211_Booth_43.pdf,5,89,,"LIST PART NO. 2 0 4  : Municipal House No. 33, Safia Building, Mohammad Umar Rajab Road, Byculla (W),"
BoothVoterList_A4_Ward_211_Booth_43.pdf,8,88,,"LIST PART NO. 2 0 4  : Mu. D No. 4 3, Fatmabai chawl, Mohammad Umar Rajab Road, Byculla (5),"
BoothVoterList_A4_Ward_211_Booth_43.pdf,9,89,,"LIST PART NO. 2 0 4  : ALTA. 4 5-4 5, Mohammadi Palace, Mohammad Umar Rajab Road, Byculla (W)"
BoothVoterList_A4_Ward_211_Booth_43.pdf,12,90,,"LIST PART NO. 2 0 4  : Munshi Manzil, Mombattiwala chawl, Mohammad Umar Rajab Road, Byculla (W),"
BoothVoterList_A4_Ward_211_Booth_43.pdf,13,88,,"LIST PART NO. 2 0 4  : Municipal House No. 55, Qayyum Manzil, Mohammad Umar Rajab Road, Byculla (W),"
BoothVoterList_A4_Ward_211_Booth_43.pdf,16,88,,"LIST PART NO. 2 0 4  : Municipal House No. 4 7-49, FRM Manzil, Mombattiwala chawl, Mohammad Umar Rajab"
BoothVoterList_A4_Ward_211_Booth_43.pdf,24,85,,"LIST PART NO. 2 0 4  : Municipal House No. 3 0-32, MAI Akbar Aviles, Mohammad Umar Rajab WS, Byculla"
BoothVoterList_A4_Ward_211_Booth_43.pdf,29,93,,"LIST PART NO. 2 0 4  : Municipal House No. 4 0-4 6, Beg Mohammad chawl, Mohammad Umar Rajab US, Byculla"
BoothVoterList_A4_Ward_211_Booth_43.pdf,37,93,,"LIST PART NO. 2 0 4  : Municipal Urdu School, Mohammad Umar Rajab Road, Byculla (W),"
BoothVoterList_A4_Ward_211_Booth_43.pdf,38,87,,"LIST PART NO. 2 0 4  : Champa Compound chawl 71.4, Mohammad Umar Rajab Road, Byculla (W),"
BoothVoterList_A4_Ward_211_Booth_43.pdf,39,92,,"LIST PART NO. 2 0 4  : Patel Manzil, Mohammad Umar Rajab Road, Byculla (W)."
BoothVoterList_A4_Ward_211_Booth_43.pdf,40,92,,"LIST PART NO. 2 0 4  : Municipal House No. 4 3, Abbas Manzil, Mohammad Umar Rajab US, Byculla (W),"
BoothVoterList_A4_Ward_211_Booth_43.pdf,41,92,,"LIST PART NO. 2 0 4  : Municipal House No. 5 0-5 2, A Beg Mohammad chawl, Mohammad Umar Rajab Road, Byculla"
BoothVoterList_A4_Ward_211_Booth_43.pdf,43,93,,"LIST PART NO. 2 0 4  : Municipal House No. 4 0-4 6 Beg Mohammad chawl, Mohammad Umar Rajab Road, Byculla (W),"
BoothVoterList_A4_Ward_211_Booth_43.pdf,44,92,,"LIST PART NO. 2 0 4  : Mohammadi Palace, Mohammad Umar Rajab US, Byculla (W),"
BoothVoterList_A4_Ward_211_Booth_43.pdf,46,90,,"LIST PART NO. 2 0 4  : Champa Compound chawl, ARGS Road,"
BoothVoterList_A4_Ward_211_Booth_43.pdf,47,93,,"LIST PART NO. 2 04  : Beg Mohammad chawl, Mohammad Umar Rajab WS, Byculla (W),"
BoothVoterList_A4_Ward_211_Booth_43.pdf,48,92,,"LIST PART NO. 2 04  : Municipal House No. 2, Pinto House, Meghraj Sethi Marg, Byculla (W),"
BoothVoterList_A4_Ward_211_Booth_43.pdf,49,92,,"LIST PART NO. 2 0 4  : Municipal House No. 2, Slum near Pinto House, Meghraj Sethi Marg,."
BoothVoterList_A4_Ward_211_Booth_43.pdf,55,92,,"LIST PART NO. 2 0 4  : Municipal House No. 5 0-5 2, A Beg Mohammad chawl, Mohammad Umar Rajab Road, Byculla"
BoothVoterList_A4_Ward_211_Booth_43.pdf,56,89,,"LIST PART NO. 2 0 4  : Municipal House No. 33, Safia Building, Mohammad Umar Rajab Road, Byculla (W),"
BoothVoterList_A4_Ward_211_Booth_43.pdf,57,93,,"LIST PART NO. 2 0 4  : Municipal House No. 4 0-4 6 Beg Mohammad chawl, Mohammad Umar Rajab Road, Byculla (W),"
BoothVoterList_A4_Ward_211_Booth_43.pdf,58,89,,"LIST PART NO. 2 0 4  : Municipal House No. 33, Safia Building, Mohammad Umar Rajab Road, Byculla (W),"
BoothVoterList_A4_Ward_211_Booth_43.pdf,59,93,,"LIST PART NO. 2 0 4  : Municipal House No. 4 0-4 6, Beg Mohammad chawl, Mohammad Umar Rajab US, Byculla"
BoothVoterList_A4_Ward_211_Booth_43.pdf,60,88,,"LIST PART NO. 2 0 4  : Municipal House No. 4 7-49, FRM Manzil, Mombattiwala chawl, Mohammad Umar Rajab"
BoothVoterList_A4_Ward_211_Booth_43.pdf,61,92,,"LIST PART NO. 2 0 4  : Municipal House No. 5 0-5 2, A Beg Mohammad chawl, Mohammad Umar Rajab Road, Byculla"
BoothVoterList_A4_Ward_211_Booth_43.pdf,62,92,,"LIST PART NO. 2 0 4  : Municipal House No. 2, Slum near Pinto House, Meghraj Sethi Marg,."
BoothVoterList_A4_Ward_211_Booth_43.pdf,63,93,,"LIST PART NO. 2 0 4  : Municipal House No. 4 0-4 6, Beg Mohammad chawl, Mohammad Umar Rajab US, Byculla"
BoothVoterList_A4_Ward_211_Booth_43.pdf,64,93,,"LIST PART NO. 2 0 4  : Municipal House No. 4 0-4 6 Beg Mohammad chawl, Mohammad Umar Rajab Road, Byculla (W),"
BoothVoterList_A4_Ward_211_Booth_43.pdf,65,93,,"LIST PART NO. 2 0 4  : Municipal Urdu School, Mohammad Umar Rajab Road, Byculla (W),"
BoothVoterList_A4_Ward_211_Booth_43.pdf,66,93,,"LIST PART NO. 2 0 4  : Municipal House No. 4 0-4 6, Beg Mohammad chawl, Mohammad Umar Rajab US, Byculla"
BoothVoterList_A4_Ward_211_Booth_43.pdf,67,93,,"LIST PART NO. 2 0 4  : Municipal Urdu School, Mohammad Umar Rajab Road, Byculla (W),"
BoothVoterList_A4_Ward_211_Booth_43.pdf,68,85,,"LIST PART NO. 2 0 4  : Municipal House No. 3 0-32, MAI Akbar Aviles, Mohammad Umar Rajab WS, Byculla"
BoothVoterList_A4_Ward_211_Booth_43.pdf,69,88,,"LIST PART NO. 2 0 4  : Municipal House No. 4 7-49, FRM Manzil, Mombattiwala chawl, Mohammad Umar Rajab"
BoothVoterList_A4_Ward_211_Booth_43.pdf,70,89,,"LIST PART NO. 2 0 4  : Municipal House No. 33, Safia Building, Mohammad Umar Rajab Road, Byculla (W),"
BoothVoterList_A4_Ward_211_Booth_43.pdf,71,88,,"LIST PART NO. 2 0 4  : Municipal House No. 4 7-49, FRM Manzil, Mombattiwala chawl, Mohammad Umar Rajab"
BoothVoterList_A4_Ward_211_Booth_43.pdf,72,92,,"LIST PART NO. 2 0 4  : Mohammadi Palace, Mohammad Umar Rajab US, Byculla (W),"
BoothVoterList_A4_Ward_211_Booth_43.pdf,73,90,,"LIST PART NO. 2 0 4  : Champa Compound chawl, ARGS Road,"
BoothVoterList_A4_Ward_211_Booth_43.pdf,74,91,,"LIST PART NO. 2 0 4  : Municipal House No. 34, Ratanji Nainsi Building, Mohammad Umar Rajab US, Byculla (W),"
BoothVoterList_A4_Ward_211_Booth_43.pdf,75,92,,"LIST PART NO. 2 0 4  : Patel Manzil, Mohammad Umar Rajab Road, Byculla (W)."
BoothVoterList_A4_Ward_211_Booth_43.pdf,76,88,,"LIST PART NO. 2 0 4  : Municipal House No. 4 7-49, FRM Manzil, Mombattiwala chawl, Mohammad Umar Rajab"
BoothVoterList_A4_Ward_211_Booth_43.pdf,77,92,,"LIST PART NO. 2 0 4  : Mohammadi Palace, Mohammad Umar Rajab US, Byculla (W),"
BoothVoterList_A4_Ward_211_Booth_43.pdf,78,89,,"LIST PART NO. 2 0 4  : ALTA. 4 5-4 5, Mohammadi Palace, Mohammad Umar Rajab Road, Byculla (W)"
BoothVoterList_A4_Ward_211_Booth_43.pdf,79,92,,"LIST PART NO. 2 0 4  : Municipal House No. 5 0-5 2, A Beg Mohammad chawl, Mohammad Umar Rajab Road, Byculla"
BoothVoterList_A4_Ward_211_Booth_44.pdf,2,87,,"LIST PART NO. 189  : Municipal House No. 69-73, Fanuswala Building), Hokh Hafizuddin Marg Byculla -"
BoothVoterList_A4_Ward_211_Booth_44.pdf,9,88,,"LIST PART NO. 189  : Municipal House No. 5 5-7 6C, Fanuswala chawl-B, Sheikh Hafizuddin Marg, Byculla -"
BoothVoterList_A4_Ward_211_Booth_44.pdf,13,85,,"LIST PART NO. 189 : Municipal House No. 2 3 4, Nagri Compound CARTS), Maulana Azad Road (Chain Street)"
BoothVoterList_A4_Ward_211_Booth_44.pdf,21,92,,"LIST PART NO. 189  : Municipal House No. 2 2 6, Wagari Building, Maulana Azad Road (Chain Street),"
BoothVoterList_A4_Ward_211_Booth_44.pdf,25,91,,"LIST PART NO. 189  : Municipal House No. 2 3 4, Nagri Compound, Maulana Azad Road (Chain Street) Byculla-"
BoothVoterList_A4_Ward_211_Booth_44.pdf,26,91,,"LIST PART NO. 189  : Municipal House No. 2 3 4-A, Nagri Building, Maulana Azad Road (Chain Street)"
BoothVoterList_A4_Ward_211_Booth_44.pdf,28,89,,LIST PART NO. 1 89  : Phanaswala chawl (A) Sheikh Hafizuddin Road Cheesha Street Byculla - W.
BoothVoterList_A4_Ward_211_Booth_44.pdf,29,92,,LIST PART NO. 1 89  : Municipal Gharan.2 3 6(d) - Ahmed Building Maulana Azad Road
BoothVoterList_A4_Ward_211_Booth_44.pdf,30,88,,LIST PART NO. 1 89  : Municipal Gharan.2 3 6(A) - Ahmad Building Maulana Azad Road
BoothVoterList_A4_Ward_211_Booth_44.pdf,35,93,,LIST PART NO. 1 89  : Municipal Gharan.2 3 6-2 4 0 Bismila Hotel Maulana Azad Road
BoothVoterList_A4_Ward_211_Booth_44.pdf,36,92,,LIST PART NO. 1 89  : Municipal Gharan.2 4 6 Hawabai Building Maulana Azad Road
BoothVoterList_A4_Ward_211_Booth_44.pdf,37,84,,LIST PART NO. 1 89  : K. D. Building Co. and hey Society Maulana Azad Road
BoothVoterList_A4_Ward_211_Booth_44.pdf,39,93,,LIST PART NO. 1 89  : Municipal House No. 2 5 2 F Sajan Building Maulana Azad Road
BoothVoterList_A4_Ward_211_Booth_44.pdf,40,93,,LIST PART NO. 189  : Municipal House No. 25 2G Sajan Building Maulana Azad Road
BoothVoterList_A4_Ward_211_Booth_44.pdf,41,86,,LIST PART NO. 189  : Hotel Vashir (Sajan Compound) Maulana Azad Road
BoothVoterList_A4_Ward_211_Booth_44.pdf,42,84,,LIST PART NO. 189  : Patel and Soni Architect Maulana Azad Road
BoothVoterList_A4_Ward_211_Booth_44.pdf,43,91,,LIST PART NO. 189  : Arab Masjid Maulana Azad Road
BoothVoterList_A4_Ward_211_Booth_44.pdf,44,94,,LIST PART NO. 1 89  : Shacks Opposite Agakhan chawl Maulana Azad Road
BoothVoterList_A4_Ward_211_Booth_44.pdf,45,92,,"LIST PART NO. 189  : Moise Residency, Maulana Azad Road, Nagpada,"
BoothVoterList_A4_Ward_211_Booth_44.pdf,46,91,,"LIST PART NO. 189  : Al-Rayyan Building, Maulana Azad Road, Madanpura, Mumbai, Mumbai"
BoothVoterList_A4_Ward_211_Booth_44.pdf,51,91,,"LIST PART NO. 189  : Municipal House No. 2 3 4-A, Nagri Building, Maulana Azad Road (Chain Street)"
BoothVoterList_A4_Ward_211_Booth_44.pdf,52,87,,"LIST PART NO. 189  : Municipal House No. 69-73, Fanuswala Building), Hokh Hafizuddin Marg Byculla -"
BoothVoterList_A4_Ward_211_Booth_44.pdf,53,91,,"LIST PART NO. 189  : Al-Rayyan Building, Maulana Azad Road, Madanpura, Mumbai, Mumbai"
BoothVoterList_A4_Ward_211_Booth_44.pdf,54,92,,"LIST PART NO. 189  : Moise Residency, Maulana Azad Road, Nagpada,"
BoothVoterList_A4_Ward_211_Booth_44.pdf,55,91,,"LIST PART NO. 189  : Municipal House No. 2 3 4-A, Nagri Building, Maulana Azad Road (Chain Street)"
BoothVoterList_A4_Ward_211_Booth_44.pdf,56,92,,"LIST PART NO. 189  : Moise Residency, Maulana Azad Road, Nagpada,"
BoothVoterList_A4_Ward_211_Booth_44.pdf,57,88,,LIST PART NO. 1 89  :  Municipal Gharan.2 3 6(A) - Ahmad Building Maulana Azad Road
BoothVoterList_A4_Ward_211_Booth_44.pdf,58,91,,"LIST PART NO. 189  : Municipal House No. 2 3 4-A, Nagri Building, Maulana Azad Road (Chain Street)"
BoothVoterList_A4_Ward_211_Booth_44.pdf,59,91,,"LIST PART NO. 189  : Al-Rayyan Building, Maulana Azad Road, Madanpura, Mumbai, Mumbai"
BoothVoterList_A4_Ward_211_Booth_44.pdf,60,87,,"LIST PART NO. 189  : Municipal House No. 69-73, Fanuswala Building), Hokh Hafizuddin Marg Byculla -"
BoothVoterList_A4_Ward_211_Booth_44.pdf,61,92,,LIST PART NO. 1 89  : Municipal Gharan.2 4 6 Hawabai Building Maulana Azad Road
BoothVoterList_A4_Ward_211_Booth_44.pdf,62,92,,"LIST PART NO. 189  : Moise Residency, Maulana Azad Road, Nagpada,"
BoothVoterList_A4_Ward_211_Booth_44.pdf,63,87,,"LIST PART NO. 189  : Municipal House No. 69-73, Fanuswala Building), Hokh Hafizuddin Marg Byculla -"
BoothVoterList_A4_Ward_211_Booth_44.pdf,64,91,,"LIST PART NO. 189  : Al-Rayyan Building, Maulana Azad Road, Madanpura, Mumbai, Mumbai"
BoothVoterList_A4_Ward_211_Booth_44.pdf,65,87,,"LIST PART NO. 189  : Municipal House No. 69-73, Fanuswala Building), Hokh Hafizuddin Marg Byculla -"
BoothVoterList_A4_Ward_211_Booth_44.pdf,66,91,,"LIST PART NO. 189  : Al-Rayyan Building, Maulana Azad Road, Madanpura, Mumbai, Mumbai"
BoothVoterList_A4_Ward_211_Booth_44.pdf,67,87,,"LIST PART NO. 189  : Municipal House No. 69-73, Fanuswala Building), Hokh Hafizuddin Marg Byculla -"
BoothVoterList_A4_Ward_211_Booth_44.pdf,68,92,,"LIST PART NO. 189  : Moise Residency, Maulana Azad Road, Nagpada,"
BoothVoterList_A4_Ward_211_Booth_44.pdf,69,91,,"LIST PART NO. 189  : Municipal House No. 2 3 4-A, Nagri Building, Maulana Azad Road (Chain Street)"
BoothVoterList_A4_Ward_211_Booth_44.pdf,70,91,,"LIST PART NO. 189  : Al-Rayyan Building, Maulana Azad Road, Madanpura, Mumbai, Mumbai"
BoothVoterList_A4_Ward_211_Booth_44.pdf,71,89,,LIST PART NO. 1 89  : Phanaswala chawl (A) Sheikh Hafizuddin Road Cheesha Street Byculla - W.
BoothVoterList_A4_Ward_211_Booth_44.pdf,72,91,,"LIST PART NO. 189  : Municipal House No. 2 3 4-A, Nagri Building, Maulana Azad Road (Chain Street)"
BoothVoterList_A4_Ward_211_Booth_44.pdf,73,91,,"LIST PART NO. 189  : Al-Rayyan Building, Maulana Azad Road, Madanpura, Mumbai, Mumbai"
BoothVoterList_A4_Ward_211_Booth_44.pdf,74,87,,"LIST PART NO. 189  : Municipal House No. 69-73, Fanuswala Building), Hokh Hafizuddin Marg Byculla -"
BoothVoterList_A4_Ward_211_Booth_44.pdf,75,92,,"LIST PART NO. 189  : Moise Residency, Maulana Azad Road, Nagpada,"
BoothVoterList_A4_Ward_211_Booth_44.pdf,76,91,,"LIST PART NO. 189  : Al-Rayyan Building, Maulana Azad Road, Madanpura, Mumbai, Mumbai"
BoothVoterList_A4_Ward_211_Booth_44.pdf,77,91,,"LIST PART NO. 189  : Municipal House No. 2 3 4-A, Nagri Building, Maulana Azad Road (Chain Street)"
BoothVoterList_A4_Ward_211_Booth_44.pdf,78,92,,"LIST PART NO. 189  : Moise Residency, Maulana Azad Road, Nagpada,"
BoothVoterList_A4_Ward_211_Booth_44.pdf,79,91,,"LIST PART NO. 189  : Al-Rayyan Building, Maulana Azad Road, Madanpura, Mumbai, Mumbai"
BoothVoterList_A4_Ward_211_Booth_44.pdf,80,84,,LIST PART NO. 1 89  : K. D. Building Co. and hey Society Maulana Azad Road
BoothVoterList_A4_Ward_211_Booth_44.pdf,81,91,,"LIST PART NO. 189  : Al-Rayyan Building, Maulana Azad Road, Madanpura, Mumbai, Mumbai"
BoothVoterList_A4_Ward_211_Booth_44.pdf,82,92,,"LIST PART NO. 189  : Moise Residency, Maulana Azad Road, Nagpada,"
BoothVoterList_A4_Ward_211_Booth_44.pdf,83,91,,"LIST PART NO. 189  : Al-Rayyan Building, Maulana Azad Road, Madanpura, Mumbai, Mumbai"
BoothVoterList_A4_Ward_211_Booth_44.pdf,84,85,,"LIST PART NO. 189  : Municipal House No. 2 3 4, Nagri Compound CARTS), Maulana Azad Road (Chain Street)"
BoothVoterList_A4_Ward_211_Booth_45.pdf,2,93,,LIST PART NO. 209  : Municipal House No. 9 Khudabaksh chawl Hussaini Bagh Ripon Road 2nd Cross Lane Madanpura
BoothVoterList_A4_Ward_211_Booth_45.pdf,7,92,,LIST PART NO. 2 09  : Municipal House No. 7B Khudabaksh Wadi Saifuddin Manzil Hussaini Bagh Ripon Road 2nd Cross
BoothVoterList_A4_Ward_211_Booth_45.pdf,10,92,,LIST PART NO. 2 09  : Municipal House No. 1 1 Masalawala Building Hussaini Bagh Ripon Road 2nd Cross Lane
BoothVoterList_A4_Ward_211_Booth_45.pdf,14,92,,LIST PART NO. 208  : Municipal House No. 1 3 Noor Manzil Hussaini Bagh Ripon Road 2nd Cross Lane
BoothVoterList_A4_Ward_211_Booth_45.pdf,16,89,,LIST PART NO. 2 09  : Municipal House No. 6 (Asma Manzil) SAA Bagh Ripon Road 2nd Cross Lane
BoothVoterList_A4_Ward_211_Booth_45.pdf,21,93,,LIST PART NO. 2 09  : Municipal House No. 8 Hakeem Manzil Hussaini Bagh Ripon Road 2nd Cross Lane
BoothVoterList_A4_Ward_211_Booth_45.pdf,23,93,,LIST PART NO. 2 09  : Municipal House No. 1 7 Mariambai chawl Hussaini Bagh Ripon Road 2nd Cross Lane
BoothVoterList_A4_Ward_211_Booth_45.pdf,26,92,,LIST PART NO. 2 09  : Municipal House No. 1 2 Chhatriwala chawl Hussaini Bagh Ripon Road 2nd Cross Lane
BoothVoterList_A4_Ward_211_Booth_45.pdf,27,92,,LIST PART NO. 2 09  : MUNICIPAL GHAR 1 5 ELECTORAL chawl (ZAHIRA MANZIL) HUSSENI BAGH RIPN ROAD 2ND CROSS
BoothVoterList_A4_Ward_211_Booth_45.pdf,28,90,,LIST PART NO. 2 09  : Dalal chawl SAA Bagh Ripon Road 2nd Cross Lane
BoothVoterList_A4_Ward_211_Booth_45.pdf,29,90,,LIST PART NO. 2 09  : MUNICIPAL GHAR 9 KHUDABIT chawl HUSSENI BAGH RIPN ROAD 2ND CROSS LANE
BoothVoterList_A4_Ward_211_Booth_45.pdf,30,92,,LIST PART NO. 2 09  : Baldiwala Apartment Maulana Azad Road. Ripon Road 2nd Cross Lane
BoothVoterList_A4_Ward_211_Booth_45.pdf,32,84,,"LIST PART NO. 2 0 9  : KSA Building, Hussain Bagh, Ripon Road, Mumbai-4 0 0 0 0 8"
BoothVoterList_A4_Ward_211_Booth_45.pdf,33,91,,"LIST PART NO. 2 09  : Municipal House No. 1 4, Jafarbori chawl, (Chhatriwala chawl), SAAT Bagh, Ripon Road,"
BoothVoterList_A4_Ward_211_Booth_45.pdf,39,92,,"LIST PART NO. 2 09  : MUNICIPAL GHAR 1 8, JAFARBORI chawl, HUSSENI BAGH, SECOND CROSS LANE, REAPON ROAD,"
BoothVoterList_A4_Ward_211_Booth_45.pdf,46,92,,LIST PART NO. 2 09  : Municipal House No. 1 3 Noor Manzil Hussaini Bagh Ripon Road 2nd Cross Lane
BoothVoterList_A4_Ward_211_Booth_45.pdf,47,93,,LIST PART NO. 209  : Municipal House No. 9 Khudabaksh chawl Hussaini Bagh Ripon Road 2nd Cross Lane Madanpura
BoothVoterList_A4_Ward_211_Booth_45.pdf,48,92,,LIST PART NO. 2 09  : Municipal House No. 1 1 Masalawala Building Hussaini Bagh Ripon Road 2nd Cross Lane
BoothVoterList_A4_Ward_211_Booth_45.pdf,49,92,,LIST PART NO. 2 09  : Municipal House No. 7B Khudabaksh Wadi Saifuddin Manzil Hussaini Bagh Ripon Road 2nd Cross
BoothVoterList_A4_Ward_211_Booth_45.pdf,50,92,,LIST PART NO. 2 09  : Municipal House No. 1 3 Noor Manzil Hussaini Bagh Ripon Road 2nd Cross Lane
BoothVoterList_A4_Ward_211_Booth_45.pdf,51,93,,LIST PART NO. 209  : Municipal House No. 9 Khudabaksh chawl Hussaini Bagh Ripon Road 2nd Cross Lane Madanpura
BoothVoterList_A4_Ward_211_Booth_45.pdf,52,92,,LIST PART NO. 2 09  : Baldiwala Apartment Maulana Azad Road. Ripon Road 2nd Cross Lane
BoothVoterList_A4_Ward_211_Booth_45.pdf,53,92,,"LIST PART NO. 2 09  : MUNICIPAL GHAR 1 8, JAFARBORI chawl, HUSSENI BAGH, SECOND CROSS LANE, REAPON ROAD,"
BoothVoterList_A4_Ward_211_Booth_45.pdf,54,92,,LIST PART NO. 2 09  : Municipal House No. 1 1 Masalawala Building Hussaini Bagh Ripon Road 2nd Cross Lane
BoothVoterList_A4_Ward_211_Booth_45.pdf,55,93,,LIST PART NO. 2 09  : Municipal House No. 1 7 Mariambai chawl Hussaini Bagh Ripon Road 2nd Cross Lane
BoothVoterList_A4_Ward_211_Booth_45.pdf,56,92,,LIST PART NO. 2 09  : Baldiwala Apartment Maulana Azad Road. Ripon Road 2nd Cross Lane
BoothVoterList_A4_Ward_211_Booth_45.pdf,57,92,,LIST PART NO. 2 09  : Municipal House No. 1 3 Noor Manzil Hussaini Bagh Ripon Road 2nd Cross Lane
BoothVoterList_A4_Ward_211_Booth_45.pdf,58,92,,"LIST PART NO. 2 09  : MUNICIPAL GHAR 1 8, JAFARBORI chawl, HUSSENI BAGH, SECOND CROSS LANE, REAPON ROAD,"
BoothVoterList_A4_Ward_211_Booth_45.pdf,59,93,,LIST PART NO. 209  : Municipal House No. 9 Khudabaksh chawl Hussaini Bagh Ripon Road 2nd Cross Lane Madanpura
BoothVoterList_A4_Ward_211_Booth_46.pdf,2,90,,"LIST PART NO. 2 1 0  : Municipal House No. 2 0, Nurmanzil - 1, Hussaini Bagh, 2nd Cross Lane, Ripon Road,"
BoothVoterList_A4_Ward_211_Booth_46.pdf,6,90,,"LIST PART NO. 2 1 0  : Municipal House No. 2 4 5 B, Nurmanzil, Maulana Azad Road, Madanpura,"
BoothVoterList_A4_Ward_211_Booth_46.pdf,11,93,,"LIST PART NO. 2 1 0  : Municipal House No. 2 4 3 E, Jubilee Building, Maulana Azad Road,"
BoothVoterList_A4_Ward_211_Booth_46.pdf,16,92,,"LIST PART NO. 2 1 0  : Municipal House No. 2 4 5, Inclab Manzil, (Imperial Menhan), Maulana Azad Road,"
BoothVoterList_A4_Ward_211_Booth_46.pdf,20,91,,"LIST PART NO. 2 1 0  : 2 4 3 Rizvi Kaliaranas Gujaria Manzil, Maulana Azad Road,"
BoothVoterList_A4_Ward_211_Booth_46.pdf,21,91,,"LIST PART NO. 2 1 0  : Gujaria Manzil, Maulana Azad Road,"
BoothVoterList_A4_Ward_211_Booth_46.pdf,22,93,,"LIST PART NO. 2 1 0  : Municipal House No. 2 4 7, Taz Manzil, Maulana Azad Road"
BoothVoterList_A4_Ward_211_Booth_46.pdf,24,94,,"LIST PART NO. 290  : Municipal House No. 2 49, Ripon House, Maulana Azad Road,"
BoothVoterList_A4_Ward_211_Booth_46.pdf,25,92,,"LIST PART NO. 2 1 0  : Municipal House No. 2 5 3, Lakshmi Building - A, Maulana Azad Road,"
BoothVoterList_A4_Ward_211_Booth_46.pdf,26,94,,"LIST PART NO. 2 1 0  : Municipal House No. 2 5 3 (B), Lakshmi Building, Maulana Azad Road"
BoothVoterList_A4_Ward_211_Booth_46.pdf,27,93,,"LIST PART NO. 2 1 0  : Municipal House No. 2 5 4 (C), Lakshmi Building, Maulana Azad Road,"
BoothVoterList_A4_Ward_211_Booth_46.pdf,28,94,,"LIST PART NO. 2 1 0  : Municipal House No. 2 5 1, Mohammad Raoji Building, (Amin Manzil), Maulana Azad"
BoothVoterList_A4_Ward_211_Booth_46.pdf,30,90,,"LIST PART NO. 2 1 0  : United ANY, Madanpura, Hussainibagh, 2nd Crosslane Road, Maulana"
BoothVoterList_A4_Ward_211_Booth_46.pdf,34,92,,LIST PART NO. 2 1 0  : Municipal House No. 2 4 3 E - Jubilee Building Cross Lane Nasrat Tullah Abbasi Road
BoothVoterList_A4_Ward_211_Booth_46.pdf,35,89,,LIST PART NO. 2 1 0  : K. S. A. Regency Hussaini Bagh Maulana Azad Road
BoothVoterList_A4_Ward_211_Booth_46.pdf,43,89,,LIST PART NO. 2 1 0  : MAT Tower Maulana Azad Road
BoothVoterList_A4_Ward_211_Booth_46.pdf,48,89,,"LIST PART NO. 2 1 0  : Jabbar Manzil, Hasaini Bagh, Maulana Azad Road,"
BoothVoterList_A4_Ward_211_Booth_46.pdf,49,92,,"LIST PART NO. 2 1 0  : Abdul Razak Miyadeen chawl, 1 8, Hussaini Bagh, Maulana Azad Road, Mumbai"
BoothVoterList_A4_Ward_211_Booth_46.pdf,50,90,,"LIST PART NO. 2 1 0  : 2 4 3-E, Rahmat Manzil, Nasratullah AAR Road, Batak Galli,"
BoothVoterList_A4_Ward_211_Booth_46.pdf,51,89,,LIST PART NO. 2 1 0  : MAT Tower Maulana Azad Road
BoothVoterList_A4_Ward_211_Booth_46.pdf,52,92,,"LIST PART NO. 2 1 0  : Municipal House No. 2 4 5, Inclab Manzil, (Imperial Menhan), Maulana Azad Road,"
BoothVoterList_A4_Ward_211_Booth_46.pdf,53,89,,LIST PART NO. 2 1 0  : MAT Tower Maulana Azad Road
BoothVoterList_A4_Ward_211_Booth_46.pdf,54,92,,"LIST PART NO. 2 1 0  : Municipal House No. 2 4 5, Inclab Manzil, (Imperial Menhan), Maulana Azad Road,"
BoothVoterList_A4_Ward_211_Booth_46.pdf,55,92,,"LIST PART NO. 2 1 0  : Abdul Razak Miyadeen chawl, 1 8, Hussaini Bagh, Maulana Azad Road, Mumbai"
BoothVoterList_A4_Ward_211_Booth_46.pdf,56,90,,"LIST PART NO. 2 1 0  : United ANY, Madanpura, Hussainibagh, 2nd Crosslane Road, Maulana"
BoothVoterList_A4_Ward_211_Booth_46.pdf,57,92,,"LIST PART NO. 2 1 0  : Municipal House No. 2 4 5, Inclab Manzil, (Imperial Menhan), Maulana Azad Road,"
BoothVoterList_A4_Ward_211_Booth_46.pdf,58,93,,"LIST PART NO. 2 1 0  : Municipal House No. 2 4 3 E, Jubilee Building, Maulana Azad Road,"
BoothVoterList_A4_Ward_211_Booth_46.pdf,59,89,,LIST PART NO. 2 1 0  : K. S. A. Regency Hussaini Bagh Maulana Azad Road
BoothVoterList_A4_Ward_211_Booth_46.pdf,60,89,,LIST PART NO. 2 1 0  : MAT Tower Maulana Azad Road
BoothVoterList_A4_Ward_211_Booth_46.pdf,61,89,,LIST PART NO. 2 1 0  : K. S. A. Regency Hussaini Bagh Maulana Azad Road
BoothVoterList_A4_Ward_211_Booth_46.pdf,62,90,,"LIST PART NO. 2 1 0  : United ANY, Madanpura, Hussainibagh, 2nd Crosslane Road, Maulana"
BoothVoterList_A4_Ward_211_Booth_46.pdf,63,92,,"LIST PART NO. 2 1 0  : Municipal House No. 2 4 5, Inclab Manzil, (Imperial Menhan), Maulana Azad Road,"
BoothVoterList_A4_Ward_211_Booth_46.pdf,64,90,,"LIST PART NO. 2 1 0  : Municipal House No. 2 0, Nurmanzil - 1, Hussaini Bagh, 2nd Cross Lane, Ripon Road,"
BoothVoterList_A4_Ward_211_Booth_46.pdf,65,92,,"LIST PART NO. 2 1 0  : Municipal House No. 2 4 5, Inclab Manzil, (Imperial Menhan), Maulana Azad Road,"
BoothVoterList_A4_Ward_211_Booth_46.pdf,66,89,,LIST PART NO. 2 1 0  : K. S. A. Regency Hussaini Bagh Maulana Azad Road
BoothVoterList_A4_Ward_211_Booth_46.pdf,67,89,,LIST PART NO. 2 1 0  : MAT Tower Maulana Azad Road
BoothVoterList_A4_Ward_211_Booth_46.pdf,68,92,,"LIST PART NO. 2 1 0  : Abdul Razak Miyadeen chawl, 1 8, Hussaini Bagh, Maulana Azad Road, Mumbai"
BoothVoterList_A4_Ward_211_Booth_46.pdf,69,89,,LIST PART NO. 2 1 0  : MAT Tower Maulana Azad Road
BoothVoterList_A4_Ward_211_Booth_46.pdf,70,91,,"LIST PART NO. 2 1 0  : Gujaria Manzil, Maulana Azad Road,"
BoothVoterList_A4_Ward_211_Booth_46.pdf,71,89,,LIST PART NO. 2 1 0  : MAT Tower Maulana Azad Road
BoothVoterList_A4_Ward_211_Booth_46.pdf,72,89,,LIST PART NO. 2 1 0  : K. S. A. Regency Hussaini Bagh Maulana Azad Road
BoothVoterList_A4_Ward_211_Booth_46.pdf,73,90,,"LIST PART NO. 2 1 0  : United ANY, Madanpura, Hussainibagh, 2nd Crosslane Road, Maulana"
BoothVoterList_A4_Ward_211_Booth_46.pdf,74,93,,"LIST PART NO. 2 1 0  : Municipal House No. 2 4 3 E, Jubilee Building, Maulana Azad Road,"
BoothVoterList_A4_Ward_211_Booth_46.pdf,75,89,,LIST PART NO. 2 1 0  : MAT Tower Maulana Azad Road
BoothVoterList_A4_Ward_211_Booth_46.pdf,76,90,,"LIST PART NO. 2 1 0  : United ANY, Madanpura, Hussainibagh, 2nd Crosslane Road, Maulana"
BoothVoterList_A4_Ward_211_Booth_46.pdf,77,89,,LIST PART NO. 2 1 0  : K. S. A. Regency Hussaini Bagh Maulana Azad Road
BoothVoterList_A4_Ward_211_Booth_46.pdf,78,89,,LIST PART NO. 2 1 0  : MAT Tower Maulana Azad Road
BoothVoterList_A4_Ward_211_Booth_47.pdf,2,88,,"LIST PART NO. 2 1 1  : Municipal House No. 2-2 2, Readymoney Building, Mirza Ghalib Road, - Clare Road, Byculla"
BoothVoterList_A4_Ward_211_Booth_47.pdf,5,89,,"LIST PART NO. 2 1 1  : Municipal House No. 1 4-2 4, Readymoney Building, Mirza Ghalib Road, Clare Road,"
BoothVoterList_A4_Ward_211_Booth_47.pdf,8,90,,"LIST PART NO. 2 1 1  : Municipal House No. 2 2-3 0, Readymoney Building, Mirza Ghalib Road, Clare Road,"
BoothVoterList_A4_Ward_211_Booth_47.pdf,11,88,,"LIST PART NO. 2 1 1  : Municipal House No. 1 2-A, Readymoney Building, Mirza Ghalib Road, Clare Road,"
BoothVoterList_A4_Ward_211_Booth_47.pdf,16,90,,"LIST PART NO. 2 1 1  : Municipal House No. 3 2-3 6, Baig Muhammad Ali Building, Mirza Ghalib Road, Clare Road,"
BoothVoterList_A4_Ward_211_Booth_47.pdf,18,92,,"LIST PART NO. 2 1 1  : Municipal House No. 3 8, Taylor Memorial Church Compound, Mirza Ghalib Road, Clare Road,"
BoothVoterList_A4_Ward_211_Booth_47.pdf,19,90,,"LIST PART NO. 2 1 1  : Municipal House No. 4 4, Aga Khan Building, Mirza Ghalib Road, Clare Road,"
BoothVoterList_A4_Ward_211_Booth_47.pdf,21,91,,"LIST PART NO. 2 1 1  : Municipal House No. 4 4, Navroz Monor, Mirza Ghalib Road, Clare Road,"
BoothVoterList_A4_Ward_211_Booth_47.pdf,26,91,,"LIST PART NO. 2 1 1  : Islamia Ko. Op. Sosa. , Mirza Ghalib Road, Clare Road,"
BoothVoterList_A4_Ward_211_Booth_47.pdf,27,91,,"LIST PART NO. 2 1 1  : Municipal House No. 4 4-G, Adelphi Chamber, Mirza Ghalib Road, Clare Road,"
BoothVoterList_A4_Ward_211_Booth_47.pdf,30,91,,"LIST PART NO. 2 1 1  : Municipal House No. 4 4-E, Adelphi Chambers, Mirza Ghalib Road, Clare Road"
BoothVoterList_A4_Ward_211_Booth_47.pdf,33,88,,"LIST PART NO. 2 1 1  : Municipal House No. 4 4, Silver Tower 44M, Mirza Ghalib Road, Clare Road,"
BoothVoterList_A4_Ward_211_Booth_47.pdf,37,91,,"LIST PART NO. 2 1 1  : St. Angenus High School, Mirza Ghalib Road, Clare Road,"
BoothVoterList_A4_Ward_211_Booth_47.pdf,38,90,,"LIST PART NO. 2 1 1  : Readymoney Compound, Mirza Ghalib Road, Clare Road,"
BoothVoterList_A4_Ward_211_Booth_47.pdf,39,90,,"LIST PART NO. 2 1 1  : Readymoney Compound (Hafizamanzil), Mirza Ghalib Road, Clare Road,"
BoothVoterList_A4_Ward_211_Booth_47.pdf,40,88,,"LIST PART NO. 2 1 1  : Opposite Readymoney Building No-4 Building 4.9, Mirza Ghalib Road, Clare Road,"
BoothVoterList_A4_Ward_211_Booth_47.pdf,41,91,,"LIST PART NO. 2 1 1  : Is Lamia Co-op. Society, Mirza Ghalib Road, Clare Road,"
BoothVoterList_A4_Ward_211_Booth_47.pdf,42,92,,"LIST PART NO. 2 1 1  : Is Lamia Co-op. Society, Mirza Ghalib Road, Clare Road,"
BoothVoterList_A4_Ward_211_Booth_47.pdf,43,91,,"LIST PART NO. 2 1 1  : Navi Readymoney Building, Mirza Ghalib Road, Clare Road,"
BoothVoterList_A4_Ward_211_Booth_47.pdf,44,90,,"LIST PART NO. 2 1 1  : Al Hafiza Manzil, Mirza Ghalib Road, Clare Road,"
BoothVoterList_A4_Ward_211_Booth_47.pdf,47,87,,"LIST PART NO. 2 1 1  : Municipal House No. 1 2A, New Readymoney Building 4, Mirza Ghalib Road, Clare Road,"
BoothVoterList_A4_Ward_211_Booth_47.pdf,48,91,,"LIST PART NO. 2 1 1  : Municipal House No. 1 7, Nurani chawl No. 6,. Maulana Azad Road"
BoothVoterList_A4_Ward_211_Booth_47.pdf,51,90,,"LIST PART NO. 2 1 1  : Municipal House No. 4 4, TRIG Tower, Mirza Ghalib Road, Clare Road,"
BoothVoterList_A4_Ward_211_Booth_47.pdf,52,92,,"LIST PART NO. 2 1 1  : 3 2-3 6, Yusuf Manor, Mirza Ghalib Road, Clare Road, Baikal,"
BoothVoterList_A4_Ward_211_Booth_47.pdf,53,91,,"LIST PART NO. 2 1 1  : St. Angenus High School, Mirza Ghalib Road, Clare Road,"
BoothVoterList_A4_Ward_211_Booth_47.pdf,54,90,,"LIST PART NO. 2 1 1  : Al Hafiza Manzil, Mirza Ghalib Road, Clare Road,"
BoothVoterList_A4_Ward_211_Booth_47.pdf,55,91,,"LIST PART NO. 2 1 1  : Islamia Ko. Op. Sosa. , Mirza Ghalib Road, Clare Road,"
BoothVoterList_A4_Ward_211_Booth_47.pdf,56,91,,"LIST PART NO. 2 1 1  : Municipal House No. 1 7, Nurani chawl No. 6,. Maulana Azad Road"
BoothVoterList_A4_Ward_211_Booth_47.pdf,57,90,,"LIST PART NO. 2 1 1  : Readymoney Compound, Mirza Ghalib Road, Clare Road,"
BoothVoterList_A4_Ward_211_Booth_47.pdf,58,88,,"LIST PART NO. 2 1 1  : Municipal House No. 4 4, Silver Tower 44M, Mirza Ghalib Road, Clare Road,"
BoothVoterList_A4_Ward_211_Booth_47.pdf,59,90,,"LIST PART NO. 2 1 1  : Readymoney Compound, Mirza Ghalib Road, Clare Road,"
BoothVoterList_A4_Ward_211_Booth_47.pdf,60,88,,"LIST PART NO. 2 1 1  : Municipal House No. 1 2-A, Readymoney Building, Mirza Ghalib Road, Clare Road,"
BoothVoterList_A4_Ward_211_Booth_47.pdf,61,88,,"LIST PART NO. 2 1 1  : Municipal House No. 2-2 2, Readymoney Building, Mirza Ghalib Road, - Clare Road, Byculla"
BoothVoterList_A4_Ward_211_Booth_47.pdf,62,92,,"LIST PART NO. 2 1 1  : Municipal House No. 3 8, Taylor Memorial Church Compound, Mirza Ghalib Road, Clare Road,"
BoothVoterList_A4_Ward_211_Booth_47.pdf,63,91,,"LIST PART NO. 2 1 1  : Municipal House No. 4 4-G, Adelphi Chamber, Mirza Ghalib Road, Clare Road,"
BoothVoterList_A4_Ward_211_Booth_47.pdf,64,88,,"LIST PART NO. 299  : Municipal House No. 1 2-A, Readymoney Building, Mirza Ghalib Road, Clare Road,"
BoothVoterList_A4_Ward_211_Booth_47.pdf,65,91,,"LIST PART NO. 2 1 1  : Municipal House No. 1 7, Nurani chawl No. 6,. Maulana Azad Road"
BoothVoterList_A4_Ward_211_Booth_47.pdf,66,91,,"LIST PART NO. 2 1 1  : Islamia Ko. Op. Sosa. , Mirza Ghalib Road, Clare Road,"
BoothVoterList_A4_Ward_211_Booth_47.pdf,67,91,,"LIST PART NO. 2 1 1  : Municipal House No. 4 4, Navroz Monor, Mirza Ghalib Road, Clare Road,"
BoothVoterList_A4_Ward_211_Booth_47.pdf,68,91,,"LIST PART NO. 2 1 1  : Islamia Ko. Op. Sosa. , Mirza Ghalib Road, Clare Road,"
BoothVoterList_A4_Ward_211_Booth_47.pdf,69,91,,"LIST PART NO. 2 1 1  : Municipal House No. 1 7, Nurani chawl No. 6,. Maulana Azad Road"
BoothVoterList_A4_Ward_211_Booth_47.pdf,70,90,,"LIST PART NO. 2 1 1  : Readymoney Compound (Hafizamanzil), Mirza Ghalib Road, Clare Road,"
BoothVoterList_A4_Ward_211_Booth_47.pdf,71,91,,"LIST PART NO. 2 1 1  : Municipal House No. 1 7, Nurani chawl No. 6,. Maulana Azad Road"
BoothVoterList_A4_Ward_211_Booth_47.pdf,72,90,,"LIST PART NO. 2 1 1  : Al Hafiza Manzil, Mirza Ghalib Road, Clare Road,"
BoothVoterList_A4_Ward_211_Booth_47.pdf,73,89,,"LIST PART NO. 2 1 1  : Municipal House No. 1 4-2 4, Readymoney Building, Mirza Ghalib Road, Clare Road,"
BoothVoterList_A4_Ward_211_Booth_47.pdf,74,88,,"LIST PART NO. 2 1 1  : Municipal House No. 4 4, Silver Tower 44M, Mirza Ghalib Road, Clare Road,"
BoothVoterList_A4_Ward_211_Booth_48.pdf,2,90,,"LIST PART NO. 2 1 2  : Municipal House No. 199B, Yusuf FAS, Maulana Azad Road, Byculla (W),"
BoothVoterList_A4_Ward_211_Booth_48.pdf,3,93,,"LIST PART NO. 2 1 2  : Municipal House No. 2 0 1, Qurban Building, Maulana Azad Road,"
BoothVoterList_A4_Ward_211_Booth_48.pdf,4,91,,"LIST PART NO. 2 1 2  : Municipal House No. 209, GIN Compound, Maulana Azad Road,"
BoothVoterList_A4_Ward_211_Booth_48.pdf,5,88,,"LIST PART NO. 2 1 2  : ALTA. 203, Kachwala Building, Maulana Azad Road,"
BoothVoterList_A4_Ward_211_Booth_48.pdf,7,89,,"LIST PART NO. 2 1 2  : ALTA, 204, Havaldar Compound, Maulana Azad Road,"
BoothVoterList_A4_Ward_211_Booth_48.pdf,11,93,,"LIST PART NO. 2 1 2  : Municipal House No. 2 1 1 to 2 1 3, Hussaini Building, Maulana Azad Road,"
BoothVoterList_A4_Ward_211_Booth_48.pdf,12,93,,"LIST PART NO. 2 1 2  : Municipal House No. 2 09, Hussaini Masjid chawl, Maulana Azad Road,"
BoothVoterList_A4_Ward_211_Booth_48.pdf,13,93,,"LIST PART NO. 2 1 2  : Municipal House No. 2 1 7, Fidvi Manzil, Maulana Azad Road,"
BoothVoterList_A4_Ward_211_Booth_48.pdf,15,93,,"LIST PART NO. 2 1 2  : Municipal House No. 2 2 1 B, Shipra Manzil, Maulana Azad Road,"
BoothVoterList_A4_Ward_211_Booth_48.pdf,17,92,,"LIST PART NO. 2 1 2  : Municipal House No. 2 2 3-2 2 5, Ghulam Rasul Building (Lal Bawra), Maulana Azad"
BoothVoterList_A4_Ward_211_Booth_48.pdf,21,92,,"LIST PART NO. 2 1 2  : Municipal House No. 2 2 7-239, Society Building, Maulana Azad Road,"
BoothVoterList_A4_Ward_211_Booth_48.pdf,27,89,,"LIST PART NO. 2 1 2  : Municipal House No. 2 2 7-239, Karim Building, Maulana Azad Road,"
BoothVoterList_A4_Ward_211_Booth_48.pdf,33,93,,"LIST PART NO. 2 1 2  : Municipal House No. 2 4 1, Jojaria Building, Maulana Azad Road,"
BoothVoterList_A4_Ward_211_Booth_48.pdf,36,91,,"LIST PART NO. 2 1 2  : Municipal House No. 2 0 1, HATA Compound, Maulana Azad Road,"
BoothVoterList_A4_Ward_211_Booth_48.pdf,37,93,,"LIST PART NO. 2 1 2  : Municipal House No. 2 2 7, Madina Restaurant, Maulana Azad Road,"
BoothVoterList_A4_Ward_211_Booth_48.pdf,38,89,,"LIST PART NO. 2 1 2  : Small Bungalow, Maulana Azad Road, Byculla (7),"
BoothVoterList_A4_Ward_211_Booth_48.pdf,39,91,,"LIST PART NO. 2 1 2  : Plot No. 2 4 4 Maulana Azad US, Madanpura, Mumbai Central, Mumbai -4 0 0 0 0 8"
BoothVoterList_A4_Ward_211_Booth_48.pdf,40,91,,"LIST PART NO. 2 1 2  : Bombay City Viv c. H. S, Maulana Azad Road, Madanpura, Mumbai Central,"
BoothVoterList_A4_Ward_211_Booth_48.pdf,42,89,,"LIST PART NO. 2 1 2  : ALTA, 204, Havaldar Compound, Maulana Azad Road,"
BoothVoterList_A4_Ward_211_Booth_48.pdf,43,92,,"LIST PART NO. 292  : Municipal House No. 2 2 7-239, Society Building, Maulana Azad Road,"
BoothVoterList_A4_Ward_211_Booth_48.pdf,44,92,,"LIST PART NO. 2 1 2  : Municipal House No. 2 2 3-2 2 5, Ghulam Rasul Building (Lal Bawra), Maulana Azad"
BoothVoterList_A4_Ward_211_Booth_48.pdf,45,89,,"LIST PART NO. 2 1 2  : ALTA, 204, Havaldar Compound, Maulana Azad Road,"
BoothVoterList_A4_Ward_211_Booth_48.pdf,46,92,,"LIST PART NO. 2 1 2  : Municipal House No. 2 2 3-2 2 5, Ghulam Rasul Building (Lal Bawra), Maulana Azad"
BoothVoterList_A4_Ward_211_Booth_48.pdf,47,92,,"LIST PART NO. 2 1 2  : Municipal House No. 2 2 7-239, Society Building, Maulana Azad Road,"
BoothVoterList_A4_Ward_211_Booth_48.pdf,48,92,,"LIST PART NO. 2 1 2  : Municipal House No. 2 2 3-2 2 5, Ghulam Rasul Building (Lal Bawra), Maulana Azad"
BoothVoterList_A4_Ward_211_Booth_48.pdf,49,89,,"LIST PART NO. 2 1 2  : ALTA, 204, Havaldar Compound, Maulana Azad Road,"
BoothVoterList_A4_Ward_211_Booth_48.pdf,50,92,,"LIST PART NO. 292  : Municipal House No. 2 2 7-239, Society Building, Maulana Azad Road,"
BoothVoterList_A4_Ward_211_Booth_48.pdf,51,93,,"LIST PART NO. 292  : Municipal House No. 2 1 7, Fidvi Manzil, Maulana Azad Road,"
BoothVoterList_A4_Ward_211_Booth_48.pdf,52,93,,"LIST PART NO. 292  : Municipal House No. 2 2 1 B, Shipra Manzil, Maulana Azad Road,"
BoothVoterList_A4_Ward_211_Booth_48.pdf,53,91,,"LIST PART NO. 2 1 2  : Bombay City Viv c. H. S, Maulana Azad Road, Madanpura, Mumbai Central,"
BoothVoterList_A4_Ward_211_Booth_48.pdf,54,93,,"LIST PART NO. 292  : Municipal House No. 2 2 1 B, Shipra Manzil, Maulana Azad Road,"
BoothVoterList_A4_Ward_211_Booth_48.pdf,55,91,,"LIST PART NO. 2 1 2  : Bombay City Viv c. H. S, Maulana Azad Road, Madanpura, Mumbai Central,"
BoothVoterList_A4_Ward_211_Booth_48.pdf,56,88,,"LIST PART NO. 292  : ALTA. 203, Kachwala Building, Maulana Azad Road,"
BoothVoterList_A4_Ward_211_Booth_49.pdf,2,88,,LIST PART NO. 2 1 3  : M Yu. d. No.3 3C Jubilee Building Shokh Hafizuddin Marg
BoothVoterList_A4_Ward_211_Booth_49.pdf,3,90,,LIST PART NO. 2 1 3  : Municipal House No. 5-5 D Ready Money Building Sheikh Hafizuddin Marg
BoothVoterList_A4_Ward_211_Booth_49.pdf,4,90,,LIST PART NO. 2 1 3  : Municipal House No. 7D Ready Money Building Sheikh Hafizuddin Marg
BoothVoterList_A4_Ward_211_Booth_49.pdf,5,88,,LIST PART NO. 2 1 3  : Municipal House No. 9 Readymoney Building Sheikh Hafizuddin Marg
BoothVoterList_A4_Ward_211_Booth_49.pdf,6,84,,LIST PART NO. 2 1 3  : Municipal House No. 1 3 b. K. Hall Sheikh Hafizuddin Marg
BoothVoterList_A4_Ward_211_Booth_49.pdf,7,91,,LIST PART NO. 2 1 3  : Robinson Church Shokh Hafizuddin Marg
BoothVoterList_A4_Ward_211_Booth_49.pdf,9,90,,LIST PART NO. 2 1 3  : Municipal House No. 3 3 A Jubilee Building Sheikh Hafizuddin Marg
BoothVoterList_A4_Ward_211_Booth_49.pdf,11,91,,LIST PART NO. 2 1 3  : Municipal House No. 3 3 B Jubilee Building Shokh Hafizuddin Marg
BoothVoterList_A4_Ward_211_Booth_49.pdf,13,90,,LIST PART NO. 2 1 3  : Municipal House No. 3 3 C Jubilee Building Sheikh Hafizuddin Marg
BoothVoterList_A4_Ward_211_Booth_49.pdf,16,91,,LIST PART NO. 2 1 3  : Municipal House No. 3 7 Saifi Building Shokh Hafizuddin Marg
BoothVoterList_A4_Ward_211_Booth_49.pdf,17,92,,LIST PART NO. 2 1 3  : Municipal House No. 8 1 Hindustan Liver Compound Sheikh Hafizuddin Marg
BoothVoterList_A4_Ward_211_Booth_49.pdf,18,89,,LIST PART NO. 2 1 3  : Kanchwala Ind. New. Dhobighat Sheikh Hafizuddin Marg
BoothVoterList_A4_Ward_211_Booth_49.pdf,22,85,,LIST PART NO. 2 1 3  : Municipal House No. 5 7 A Isaseth chawl Sheikh Hafizuddin Marg
BoothVoterList_A4_Ward_211_Booth_49.pdf,24,91,,LIST PART NO. 2 1 3  : Municipal House No. 5 7 B Isasheth chawl Sheikh Hafizuddin Marg
BoothVoterList_A4_Ward_211_Booth_49.pdf,25,86,,LIST PART NO. 2 1 3  : Municipal House No. 5 7 D Isasheth chawl Sheikh Hafizuddin Marg
BoothVoterList_A4_Ward_211_Booth_49.pdf,26,89,,LIST PART NO. 2 1 3  : Municipal House No. 5 7 E Isasheth chawl E Sheikh Hafizuddin Marg
BoothVoterList_A4_Ward_211_Booth_49.pdf,27,92,,LIST PART NO. 2 1 3  : Municipal House No. 5 7 F Isasheth chawl Sheikh Hafizuddin Marg
BoothVoterList_A4_Ward_211_Booth_49.pdf,29,90,,LIST PART NO. 2 1 3  : m u. d. No. 59 A Isa Sheth chawl Sheikh Hafizuddin Marg
BoothVoterList_A4_Ward_211_Booth_49.pdf,30,91,,LIST PART NO. 2 1 3  : Municipal House No. 59 D Isasheth chawl Masjid chawl Sheikh Hafizuddin Marg
BoothVoterList_A4_Ward_211_Booth_49.pdf,31,90,,LIST PART NO. 2 1 3  : Municipal House No. 59 E Isasheth chawl Sheikh Hafizuddin Marg
BoothVoterList_A4_Ward_211_Booth_49.pdf,32,91,,LIST PART NO. 2 1 3  : Municipal House No. 59 F Isasheth chawl Sheikh Hafizuddin Marg
BoothVoterList_A4_Ward_211_Booth_49.pdf,34,90,,LIST PART NO. 2 1 3  : Municipal House No. 59 G Isasheth chawl Sheikh Hafizuddin Marg
BoothVoterList_A4_Ward_211_Booth_49.pdf,37,89,,LIST PART NO. 2 1 3  : Municipal House No. 3-3A Readymoney Building Shokh Hafizuddin Marg
BoothVoterList_A4_Ward_211_Booth_49.pdf,38,91,,LIST PART NO. 2 1 3  : Readymoney Compound Sheikh Hafizuddin Marg
BoothVoterList_A4_Ward_211_Booth_49.pdf,39,87,,LIST PART NO. 2 1 3  : M Yu. d. No. 9 3 Robis Church Sheikh Hafizuddin Marg
BoothVoterList_A4_Ward_211_Booth_49.pdf,40,89,,LIST PART NO. 2 1 3  : m u. d. No.3 3B J Jubilee Building Shokh Hafizuddin Marg
BoothVoterList_A4_Ward_211_Booth_49.pdf,41,86,,LIST PART NO. 2 1 3  : M Yu. d. No. 8 7-8 9 Kachwala SA U Dhobi Ghat Sheikh SHRM Marg
BoothVoterList_A4_Ward_211_Booth_49.pdf,42,89,,LIST PART NO. 2 1 3  : Robinson Memorial Church Sheikh Hafizuddin Marg
BoothVoterList_A4_Ward_211_Booth_49.pdf,43,92,,LIST PART NO. 2 1 3  : Old Masjid Compound Sheikh Hafizuddin Marg
BoothVoterList_A4_Ward_211_Booth_49.pdf,44,92,,"List Part sh, 293  : Karuna Building Sheikh Hafizuddin Marg"
BoothVoterList_A4_Ward_211_Booth_49.pdf,45,92,,LIST PART NO. 2 1 3  : Paddawala Compound Sheikh Hafizuddin Marg
BoothVoterList_A4_Ward_211_Booth_49.pdf,46,90,,LIST PART NO. 2 1 3  : Readiness b. C Sheikh Hafizuddin Marg
BoothVoterList_A4_Ward_211_Booth_49.pdf,47,88,,LIST PART NO. 2 1 3  : Jubilee Compound Sheikh Hafizuddin Marg
BoothVoterList_A4_Ward_211_Booth_49.pdf,48,92,,LIST PART NO. 2 1 3  : 5 9 Old Masjid chawl Sheikh Hafizuddin Marg
BoothVoterList_A4_Ward_211_Booth_49.pdf,49,90,,LIST PART NO. 2 1 3  : Kachwala In. Na U Dhobighat Sheikh Hafizuddin Marg
BoothVoterList_A4_Ward_211_Booth_49.pdf,50,93,,LIST PART NO. 2 1 3  : 5 9 G Ansar Manzil Old Masjid Compound Sankhli Street Madanpura
BoothVoterList_A4_Ward_211_Booth_49.pdf,52,89,,LIST PART NO. 2 1 3  : Kanchwala Ind. New. Dhobighat Sheikh Hafizuddin Marg
BoothVoterList_A4_Ward_211_Booth_49.pdf,53,92,,"List Part sh, 2 1 3  : Karuna Building Sheikh Hafizuddin Marg"
BoothVoterList_A4_Ward_211_Booth_49.pdf,54,88,,LIST PART NO. 2 1 3  : M Yu. d. No.3 3C Jubilee Building Shokh Hafizuddin Marg
BoothVoterList_A4_Ward_211_Booth_49.pdf,55,91,,LIST PART NO. 2 1 3  : Robinson Church Shokh Hafizuddin Marg
BoothVoterList_A4_Ward_211_Booth_49.pdf,56,88,,LIST PART NO. 2 1 3  : Jubilee Compound Sheikh Hafizuddin Marg
BoothVoterList_A4_Ward_211_Booth_49.pdf,57,89,,LIST PART NO. 2 1 3  : Kanchwala Ind. New. Dhobighat Sheikh Hafizuddin Marg
BoothVoterList_A4_Ward_211_Booth_49.pdf,58,90,,LIST PART NO. 2 1 3  : Municipal House No. 5-5 D Ready Money Building Sheikh Hafizuddin Marg
BoothVoterList_A4_Ward_211_Booth_49.pdf,59,89,,LIST PART NO. 2 1 3  : Kanchwala Ind. New. Dhobighat Sheikh Hafizuddin Marg
BoothVoterList_A4_Ward_211_Booth_49.pdf,60,91,,LIST PART NO. 2 1 3  : Robinson Church Shokh Hafizuddin Marg
BoothVoterList_A4_Ward_211_Booth_49.pdf,61,89,,LIST PART NO. 2 1 3  : Kanchwala Ind. New. Dhobighat Sheikh Hafizuddin Marg
BoothVoterList_A4_Ward_211_Booth_49.pdf,62,85,,LIST PART NO. 2 1 3  : Municipal House No. 5 7 A Isaseth chawl Sheikh Hafizuddin Marg
BoothVoterList_A4_Ward_211_Booth_49.pdf,63,93,,LIST PART NO. 2 1 3  : 5 9 G Ansar Manzil Old Masjid Compound Sankhli Street Madanpura
BoothVoterList_A4_Ward_211_Booth_49.pdf,64,91,,LIST PART NO. 2 1 3  : Municipal House No. 3 3 B Jubilee Building Shokh Hafizuddin Marg
BoothVoterList_A4_Ward_211_Booth_49.pdf,65,85,,LIST PART NO. 2 1 3  : Municipal House No. 5 7 A Isaseth chawl Sheikh Hafizuddin Marg
BoothVoterList_A4_Ward_211_Booth_49.pdf,66,91,,LIST PART NO. 2 1 3  : Municipal House No. 3 3 B Jubilee Building Shokh Hafizuddin Marg
BoothVoterList_A4_Ward_211_Booth_49.pdf,67,92,,"List Part sh, 293  : Karuna Building Sheikh Hafizuddin Marg"
BoothVoterList_A4_Ward_211_Booth_49.pdf,68,91,,LIST PART NO. 2 1 3  : Robinson Church Shokh Hafizuddin Marg
BoothVoterList_A4_Ward_211_Booth_49.pdf,69,92,,LIST PART NO. 2 1 3  : Paddawala Compound Sheikh Hafizuddin Marg
BoothVoterList_A4_Ward_211_Booth_49.pdf,70,89,,LIST PART NO. 2 1 3  : Municipal House No. 5 7 E Isasheth chawl E Sheikh Hafizuddin Marg
BoothVoterList_A4_Ward_211_Booth_49.pdf,71,92,,LIST PART NO. 2 1 3  : Paddawala Compound Sheikh Hafizuddin Marg
BoothVoterList_A4_Ward_211_Booth_49.pdf,72,85,,LIST PART NO. 2 1 3  : Municipal House No. 5 7 A Isaseth chawl Sheikh Hafizuddin Marg
BoothVoterList_A4_Ward_211_Booth_49.pdf,73,91,,LIST PART NO. 2 1 3  : Municipal House No. 3 3 B Jubilee Building Shokh Hafizuddin Marg
BoothVoterList_A4_Ward_211_Booth_49.pdf,74,89,,LIST PART NO. 2 1 3  : Kanchwala Ind. New. Dhobighat Sheikh Hafizuddin Marg
BoothVoterList_A4_Ward_211_Booth_5.pdf,2,91,,"LIST PART NO. 1 3 8  : Municipal House No. 2-4, Isai Sumarsheth chawl, 2nd Ghelabhai Road,"
BoothVoterList_A4_Ward_211_Booth_5.pdf,5,86,,"LIST PART NO. 1 3 8  : Municipal House No. 1 2, Safinabai chawl, Second Ghelabhai Road,"
BoothVoterList_A4_Ward_211_Booth_5.pdf,9,89,,"LIST PART NO. 1 3 8  : Municipal House No. 2 4-4 2, Pre chawl, Second Ghelabhai Road,"
BoothVoterList_A4_Ward_211_Booth_5.pdf,23,92,,"LIST PART NO. 1 3 8  : Municipal House No. 7, Karim Building, 3rd Ghelabhai Street,"
BoothVoterList_A4_Ward_211_Booth_5.pdf,25,86,,"LIST PART NO. 1 3 8  : Municipal House No. 19-2 1, Hanif NS chawl, 2nd Ghelabhai Road,"
BoothVoterList_A4_Ward_211_Booth_5.pdf,27,92,,"LIST PART NO. 1 3 8  : Municipal House No. 2 0, Subhedar Building, 2nd Ghelabhai Road,"
BoothVoterList_A4_Ward_211_Booth_5.pdf,30,90,,"LIST PART NO. 1 3 8  : Municipal House No. 2 0 A, Subhedar Building, 2nd Ghelabhai Road,"
BoothVoterList_A4_Ward_211_Booth_5.pdf,32,91,,"LIST PART NO. 1 3 8  : Ajmal Heights, 2 Ghelabhai Street, Madanpura, Mumbai Central, Mumbai -4 0 0 0 0 8"
BoothVoterList_A4_Ward_211_Booth_5.pdf,35,86,,"LIST PART NO. 1 3 8  : Municipal House No. 1 2, Safinabai chawl, Second Ghelabhai Road,"
BoothVoterList_A4_Ward_211_Booth_5.pdf,36,91,,"LIST PART NO. 1 3 8  : Ajmal Heights, 2 Ghelabhai Street, Madanpura, Mumbai Central, Mumbai -4 0 0 0 0 8"
BoothVoterList_A4_Ward_211_Booth_5.pdf,37,89,,"LIST PART NO. 1 3 8  : Municipal House No. 2 4-4 2, Pre chawl, Second Ghelabhai Road,"
BoothVoterList_A4_Ward_211_Booth_5.pdf,38,91,,"LIST PART NO. 1 3 8  : Ajmal Heights, 2 Ghelabhai Street, Madanpura, Mumbai Central, Mumbai -4 0 0 0 0 8"
BoothVoterList_A4_Ward_211_Booth_5.pdf,39,89,,"LIST PART NO. 1 3 8  : Municipal House No. 2 4-4 2, Pre chawl, Second Ghelabhai Road,"
BoothVoterList_A4_Ward_211_Booth_5.pdf,40,91,,"LIST PART NO. 1 3 8  : Ajmal Heights, 2 Ghelabhai Street, Madanpura, Mumbai Central, Mumbai -4 0 0 0 0 8"
BoothVoterList_A4_Ward_211_Booth_5.pdf,41,92,,"LIST PART NO. 1 3 8  : Municipal House No. 7, Karim Building, 3rd Ghelabhai Street,"
BoothVoterList_A4_Ward_211_Booth_5.pdf,42,91,,"LIST PART NO. 1 3 8  : Ajmal Heights, 2 Ghelabhai Street, Madanpura, Mumbai Central, Mumbai -4 0 0 0 0 8"
BoothVoterList_A4_Ward_211_Booth_5.pdf,43,89,,"LIST PART NO. 1 3 8  : Municipal House No. 2 4-4 2, Pre chawl, Second Ghelabhai Road,"
BoothVoterList_A4_Ward_211_Booth_5.pdf,44,92,,"LIST PART NO. 1 3 8  : Municipal House No. 2 0, Subhedar Building, 2nd Ghelabhai Road,"
BoothVoterList_A4_Ward_211_Booth_5.pdf,45,91,,"LIST PART NO. 1 3 8  : Ajmal Heights, 2 Ghelabhai Street, Madanpura, Mumbai Central, Mumbai -4 0 0 0 0 8"
BoothVoterList_A4_Ward_211_Booth_5.pdf,46,90,,"LIST PART NO. 1 3 8  : Municipal House No. 2 0 A, Subhedar Building, 2nd Ghelabhai Road,"
BoothVoterList_A4_Ward_211_Booth_5.pdf,47,92,,"LIST PART NO. 1 3 8  : Municipal House No. 2 0, Subhedar Building, 2nd Ghelabhai Road,"
BoothVoterList_A4_Ward_211_Booth_5.pdf,48,91,,"LIST PART NO. 1 3 8  : Ajmal Heights, 2 Ghelabhai Street, Madanpura, Mumbai Central, Mumbai -4 0 0 0 0 8"
BoothVoterList_A4_Ward_211_Booth_5.pdf,49,89,,"LIST PART NO. 1 3 8  : Municipal House No. 2 4-4 2, Pre chawl, Second Ghelabhai Road,"
BoothVoterList_A4_Ward_211_Booth_5.pdf,50,91,,"LIST PART NO. 1 3 8  : Ajmal Heights, 2 Ghelabhai Street, Madanpura, Mumbai Central, Mumbai -4 0 0 0 0 8"
BoothVoterList_A4_Ward_211_Booth_5.pdf,51,92,,"LIST PART NO. 1 3 8  : Municipal House No. 7, Karim Building, 3rd Ghelabhai Street,"
BoothVoterList_A4_Ward_211_Booth_5.pdf,52,91,,"LIST PART NO. 1 3 8  : Ajmal Heights, 2 Ghelabhai Street, Madanpura, Mumbai Central, Mumbai -4 0 0 0 0 8"
BoothVoterList_A4_Ward_211_Booth_5.pdf,53,92,,"LIST PART NO. 1 3 8  : Municipal House No. 2 0, Subhedar Building, 2nd Ghelabhai Road,"
BoothVoterList_A4_Ward_211_Booth_50.pdf,2,89,,"LIST PART NO. 1 0  : Municipal House No. 1 0 8 Sultan Manzil, Sophia Zubair Road Municipal House No. 5 0 to 1 1 0, Volume 1,"
BoothVoterList_A4_Ward_211_Booth_50.pdf,4,84,,"LIST PART NO. 1 0  : Municipal House No. 1 1 0 New Nagpada Po. LINE OFFICE FATEH, SOFIA FAX ROAD,"
BoothVoterList_A4_Ward_211_Booth_50.pdf,9,72,,"LIST PART NO. 1 0  : Municipal Home 3 0 Nurses EACH, Sophia Wax Ws, 30 to 4 8 (Municipal 3 1) Volume 2,"
BoothVoterList_A4_Ward_211_Booth_50.pdf,10,77,,"LIST PART NO. 1 0 : Municipal House No. 3 0 Doctors FATA, Sofia Fax Us, 30 to 4 8 (Municipal 3 1) Volume 2,"
BoothVoterList_A4_Ward_211_Booth_50.pdf,11,82,,"LIST PART NO. 1 0  : Municipal House No. 3 0 Pharmacist Quartus, Sofia Fax Ww, 30 to 4 8 (Municipal 3 1) Vol."
BoothVoterList_A4_Ward_211_Booth_50.pdf,12,78,,"LIST PART NO. 1 0  : Municipal House No. 3 0 Police Hospital EACH, Sophia Zuber Ws, 30 to 4 8 (Municipal 3 1)"
BoothVoterList_A4_Ward_211_Booth_50.pdf,13,80,,"LIST PART NO. 1 0  : Municipal House No. 3 0B Doctors FACT, Sophia Zuber Ws, 30 to 4 8 (Municipal 3 1) Volume 2,"
BoothVoterList_A4_Ward_211_Booth_50.pdf,14,83,,"LIST PART NO. 1 0  : Municipal House No. 3 0 B SAVERHANT QUARTUS, SOFIA ZUBER ROAD, 30 TO 4 8 (MUNICIPALITY 3 1) BLOCK"
BoothVoterList_A4_Ward_211_Booth_50.pdf,16,90,,"LIST PART NO. 1 0  : Municipal House No. 4 8 Hirji Govindji Building A. B. C. , Sophia Zuber Road 30 to 4 8"
BoothVoterList_A4_Ward_211_Booth_50.pdf,20,88,,"LIST PART NO. 1 0  : Municipal House No. 4 8B Hirji Govindji Building, Sophia Zuber Ws, 30 to 4 8"
BoothVoterList_A4_Ward_211_Booth_50.pdf,23,90,,"LIST PART NO. 1 0  : Municipal House No. 4 8C Hirji Govindji Building C, Sophia Zuber Road, 30 to 4 8"
BoothVoterList_A4_Ward_211_Booth_50.pdf,26,86,,"LIST PART NO. 1 0  : Municipal House No. 1 1 1-1 1 9 Maryam Manzil, Sophia Zuber Road, 9990998 (Municipality 3 1)"
BoothVoterList_A4_Ward_211_Booth_50.pdf,30,91,,"LIST PART NO. 1 0  : 2 0 A 5 2 Gordon Hall Apartment, Sophia Zuber Road, 1 1 1 to 1 1 9 (Municipality 3 1)"
BoothVoterList_A4_Ward_211_Booth_50.pdf,31,87,,"LIST PART NO. 1 0  : Municipal House No. 9B Police Line, Shepherd Road, Municipal House No. 9 to 2 1 (Municipality 3 1) Volume 1,"
BoothVoterList_A4_Ward_211_Booth_50.pdf,38,90,,"LIST PART NO. 1 0  : Municipal House No. 19 C POLICE LINE, SHEPHERD ROAD Municipal House No. 9 TO 2 1 (MUNICIPALITY 3 1) VOLUME 1,"
BoothVoterList_A4_Ward_211_Booth_50.pdf,43,89,,"LIST PART NO. 1 0  : Municipal House No. 9 TO 2 1 POLICE LINE, SHEPHERD ROAD, (MUNICIPALITY 3 1) BLOCK 9,"
BoothVoterList_A4_Ward_211_Booth_50.pdf,44,87,,"LIST PART NO. 1 0  : Municipal House No. 9B Police Line, Shepherd Road, Municipal House No. 9 to 2 1 (Municipality 3 1) Volume 1,"
BoothVoterList_A4_Ward_211_Booth_50.pdf,45,89,,"LIST PART NO. 1 0  : Municipal House No. 1 0 8 Sultan Manzil, Sophia Zubair Road Municipal House No. 5 0 to 1 1 0, Volume 1,"
BoothVoterList_A4_Ward_211_Booth_50.pdf,46,90,,"LIST PART NO. 1 0  : Municipal House No. 4 8 Hirji Govindji Building A. B. C. , Sophia Zuber Road 30 to 4 8"
BoothVoterList_A4_Ward_211_Booth_50.pdf,47,84,,"LIST PART NO. 1 0  : Municipal House No. 1 1 0 New Nagpada Po. LINE OFFICE FATEH, SOFIA FAX ROAD,"
BoothVoterList_A4_Ward_211_Booth_50.pdf,48,90,,"LIST PART NO. 1 0  : Municipal House No. 19 C POLICE LINE, SHEPHERD ROAD Municipal House No. 9 TO 2 1 (MUNICIPALITY 3 1) VOLUME 1,"
BoothVoterList_A4_Ward_211_Booth_50.pdf,49,84,,"LIST PART NO. 1 0  : Municipal House No. 1 1 0 New Nagpada Po. LINE OFFICE FATEH, SOFIA FAX ROAD,"
BoothVoterList_A4_Ward_211_Booth_50.pdf,50,83,,"LIST PART NO. 1 0  : Municipal House No. 3 0 B SAVERHANT QUARTUS, SOFIA ZUBER ROAD, 30 TO 4 8 (MUNICIPALITY 3 1) BLOCK"
BoothVoterList_A4_Ward_211_Booth_50.pdf,51,88,,"LIST PART NO. 1 0  : Municipal House No. 4 8B Hirji Govindji Building, Sophia Zuber Ws, 30 to 4 8"
BoothVoterList_A4_Ward_211_Booth_51.pdf,2,92,,"LIST PART NO. 1 1  : GORDON HALL APARTMENT A, SOFIA ZUBEER ROAD, 3 TO 1 0 9 ARES HOUSE GS 4,"
BoothVoterList_A4_Ward_211_Booth_51.pdf,5,92,,"LIST PART NO. 1 1  : Gordon Hall Apartment B, Sophia Zuber Road, 3 to 1 0 9 Neighborhood House 4,"
BoothVoterList_A4_Ward_211_Booth_51.pdf,9,86,,"LIST PART NO. 1 1  : GORDON HALL APARTMENT C, SOFIA ZUBER ROAD, 3 TO 1 0 9 AMES HOUSE 4,"
BoothVoterList_A4_Ward_211_Booth_51.pdf,12,90,,"LIST PART NO. 1 1  : Slum Opposite Garden Hall, Sophia Zuber Road, 3 to 1 09 AES House"
BoothVoterList_A4_Ward_211_Booth_51.pdf,14,85,,"LIST PART NO. 1 1  : Municipal House No. 1 0 7 Neighborhood House, Sophia Zuber Road, 3 to 1 0 9 AES House"
BoothVoterList_A4_Ward_211_Booth_51.pdf,15,84,,"LIST PART NO. 1 1  : Municipal House No. 1 0 9 ARES HOUSE MAIN HOUSE, SOFIA YX ROAD, 3 TO 1 0 9 NEIGHBORHOOD"
BoothVoterList_A4_Ward_211_Booth_51.pdf,17,86,,"LIST PART NO. 1 1  : Municipal House No. 1 09 ARES HOUSE GSN HOSTEL, SOFIA ZUBER ROAD, 3 TO 1 09"
BoothVoterList_A4_Ward_211_Booth_51.pdf,18,93,,"LIST PART NO. 1 1  : Municipal House No. 1 09 Neighborhood House Men's Hostel, Sophia Zuber Road, 3 to 1 09"
BoothVoterList_A4_Ward_211_Booth_51.pdf,19,88,,"LIST PART NO. 1 1  : Municipal House No. Hanuman Mandir, Sophia Zubair Road, 3 to 1 0 9 ARES House Vol.4,"
BoothVoterList_A4_Ward_211_Booth_51.pdf,20,91,,"LIST PART NO. 1 1  : Municipal House No. 3 3 (1 7-19), La Vision (Madraswala Building), Shepherd Road,"
BoothVoterList_A4_Ward_211_Booth_51.pdf,25,88,,"LIST PART NO. 1 1  : Municipal House No. Baiti chawl, Shepherd Road, Municipal House No. 9 to 2 1 (Municipality 3 1) Volume 1,"
BoothVoterList_A4_Ward_211_Booth_51.pdf,27,80,,"LIST PART NO. 1 1  : 1 5A SHEPHERD APARTMENT, SHEPHERD ROAD, Municipal House No. 9 TO 2 1 (MUNICIPALITY 3 1) VOLUME 1,"
BoothVoterList_A4_Ward_211_Booth_51.pdf,30,77,,"LIST PART NO. 1 1  : 1 8TH POLICE LINE, SHEPHERD ROAD, MUNICIPAL GHAR 9 TO 2 1 (MUNICIPALITY 3 1) VOLUME 1,"
BoothVoterList_A4_Ward_211_Booth_51.pdf,37,85,,"LIST PART NO. 1 1  : Municipal House No. 1 8 C Police Line, Shepherd Road, Municipal House No. 9 to 2 1 (Municipality 3 1) Vol."
BoothVoterList_A4_Ward_211_Booth_51.pdf,38,91,,"LIST PART NO. 1 1  : Municipal Gharmoti Masjid, Near MT Section, Shepherd Road, Municipal Ghar 9 to 2 1"
BoothVoterList_A4_Ward_211_Booth_51.pdf,39,91,,"LIST PART NO. 1 1  : Municipal House No. 3 3 (1 7-19), La Vision (Madraswala Building), Shepherd Road,"
BoothVoterList_A4_Ward_211_Booth_51.pdf,40,92,,"LIST PART NO. 1 1  : Gordon Hall Apartment B, Sophia Zuber Road, 3 to 1 0 9 Neighborhood House 4,"
BoothVoterList_A4_Ward_211_Booth_51.pdf,41,91,,"LIST PART NO. 1 1  : Municipal House No. 3 3 (1 7-19), La Vision (Madraswala Building), Shepherd Road,"
BoothVoterList_A4_Ward_211_Booth_51.pdf,42,80,,"LIST PART NO. 1 1  : Mths Widows Home, Ws Road, Mumbai Central, Mumbai"
BoothVoterList_A4_Ward_211_Booth_51.pdf,43,84,,"LIST PART NO. 1 1  : Municipal House No. 1 0 9 ARES HOUSE MAIN HOUSE, SOFIA YX ROAD, 3 TO 1 0 9 NEIGHBORHOOD"
BoothVoterList_A4_Ward_211_Booth_52.pdf,2,85,,"LIST PART NO. 1 2  : Municipal House No. 5 0 ART MANSION, SOFIA ZUBAIR ROAD Municipal House No. 5 0 TO 1 1 0, BLOCK 1,"
BoothVoterList_A4_Ward_211_Booth_52.pdf,4,86,,"LIST PART NO. 1 2  : Municipal House No. 6 4-8 4 Ayashabi (Aishabai) Chamber, Sophia Juber Road, Municipal House No. 5 0"
BoothVoterList_A4_Ward_211_Booth_52.pdf,12,86,,"LIST PART NO. 1 2  : Municipal House No. 8 6-9 0 Green Chamber, Sophia Zubair Road Municipal House No. 5 0 to 1 1 0, Volume 1,"
BoothVoterList_A4_Ward_211_Booth_52.pdf,14,88,,"LIST PART NO. 1 2  : Municipal House No. 9 2-1 0 2, Elijah Manzil (9 6, Dilaram Manzil), Sophia Zuber Road,"
BoothVoterList_A4_Ward_211_Booth_52.pdf,17,87,,"LIST PART NO. 1 2  : Municipal House No. 1 0 4 Hazrat Pirani Building, Sophia Zubair Road Municipal House No. 5 0 To"
BoothVoterList_A4_Ward_211_Booth_52.pdf,19,89,,"LIST PART NO. 1 2  : Municipal House No. 1 0 6 Tayyab Building, Sophia Zubair Road Municipal House No. 5 0 to 1 1 0, Vol.1,"
BoothVoterList_A4_Ward_211_Booth_52.pdf,21,88,,"LIST PART NO. 1 2  : Municipal House No. 1 Lahari House (Isaac Building), Sophia Zubair Road, 3 to 1 0 9 Neighborhood"
BoothVoterList_A4_Ward_211_Booth_52.pdf,25,89,,"LIST PART NO. 1 2  : Municipal House No. 3 1 to 4 1 Devji Dharshi Building, Sophia Fax Road, 3 to 1 0 9 Neighborhood"
BoothVoterList_A4_Ward_211_Booth_52.pdf,29,88,,"LIST PART NO. 92  : Municipal House No. 4 3 to 5 1 Tejukaya Building, Sofia Zuber Road, 3 to 1 0 9 AES"
BoothVoterList_A4_Ward_211_Booth_52.pdf,32,92,,"LIST PART NO. 1 2  : Municipal House No. 5 3 to 6 5 Jamnadas Prabhudas chawl, Sophia Zuber Road, 3 to 1 0 9,"
BoothVoterList_A4_Ward_211_Booth_52.pdf,37,80,,"LIST PART NO. 1 2  : Municipal House No. 6 7 to 7 1 Appaji Khanderao chawl, Soufia Fae Ws, 3 to 1 0 9"
BoothVoterList_A4_Ward_211_Booth_52.pdf,40,88,,"LIST PART NO. 1 2  : Municipal House No. 8 5 Asma Manzil, Sophia Zubair Road, 3 to 1 0 9 ARES House Vol."
BoothVoterList_A4_Ward_211_Booth_52.pdf,45,86,,"LIST PART NO. 92  : Municipal House No. 6 4-8 4 Ayashabi (Aishabai) Chamber, Sophia Juber Road, Municipal House No. 5 0"
BoothVoterList_A4_Ward_211_Booth_52.pdf,46,88,,"LIST PART NO. 1 2  : Municipal House No. 9 2-1 0 2, Elijah Manzil (9 6, Dilaram Manzil), Sophia Zuber Road,"
BoothVoterList_A4_Ward_211_Booth_52.pdf,47,88,,"LIST PART NO. 1 2  : Municipal House No. 8 5 Asma Manzil, Sophia Zubair Road, 3 to 1 0 9 ARES House Vol."
BoothVoterList_A4_Ward_211_Booth_52.pdf,48,80,,"LIST PART NO. 1 2  : Municipal House No. 6 7 to 7 1 Appaji Khanderao chawl, Soufia Fae Ws, 3 to 1 0 9"
BoothVoterList_A4_Ward_211_Booth_52.pdf,49,89,,"LIST PART NO. 1 2  : Municipal House No. 1 0 6 Tayyab Building, Sophia Zubair Road Municipal House No. 5 0 to 1 1 0, Vol.1,"
BoothVoterList_A4_Ward_211_Booth_52.pdf,50,88,,"LIST PART NO. 1 2  : Municipal House No. 1 Lahari House (Isaac Building), Sophia Zubair Road, 3 to 1 0 9 Neighborhood"
BoothVoterList_A4_Ward_211_Booth_52.pdf,51,80,,"LIST PART NO. 1 2  : Municipal House No. 6 7 to 7 1 Appaji Khanderao chawl, Soufia Fae Ws, 3 to 1 0 9"
BoothVoterList_A4_Ward_211_Booth_52.pdf,52,86,,"LIST PART NO. 92  : Municipal House No. 6 4-8 4 Ayashabi (Aishabai) Chamber, Sophia Juber Road, Municipal House No. 5 0"
BoothVoterList_A4_Ward_211_Booth_52.pdf,53,88,,"LIST PART NO. 1 2  : Municipal House No. 9 2-1 0 2, Elijah Manzil (9 6, Dilaram Manzil), Sophia Zuber Road,"
BoothVoterList_A4_Ward_211_Booth_52.pdf,54,80,,"LIST PART NO. 1 2  : Municipal House No. 6 7 to 7 1 Appaji Khanderao chawl, Soufia Fae Ws, 3 to 1 0 9"
BoothVoterList_A4_Ward_211_Booth_52.pdf,55,92,,"LIST PART NO. 1 2  : Municipal House No. 5 3 to 6 5 Jamnadas Prabhudas chawl, Sophia Zuber Road, 3 to 1 0 9,"
BoothVoterList_A4_Ward_211_Booth_52.pdf,56,85,,"LIST PART NO. 92  : Municipal House No. 5 0 ART MANSION, SOFIA ZUBAIR ROAD Municipal House No. 5 0 TO 1 1 0, BLOCK 1,"
BoothVoterList_A4_Ward_211_Booth_52.pdf,57,86,,"LIST PART NO. 92  : Municipal House No. 6 4-8 4 Ayashabi (Aishabai) Chamber, Sophia Juber Road, Municipal House No. 5 0"
BoothVoterList_A4_Ward_211_Booth_52.pdf,58,80,,"LIST PART NO. 1 2  : Municipal House No. 6 7 to 7 1 Appaji Khanderao chawl, Soufia Fae Ws, 3 to 1 0 9"
BoothVoterList_A4_Ward_211_Booth_52.pdf,59,88,,"LIST PART NO. 1 2  : Municipal House No. 8 5 Asma Manzil, Sophia Zubair Road, 3 to 1 0 9 ARES House Vol."
BoothVoterList_A4_Ward_211_Booth_53.pdf,2,89,,"LIST PART NO. 1 3  : Municipal House No. 1 TO 19 ISAAC BUILDING, 3RD PIRKHAN STEET, (MUNICIPALITY 3 0) VOLUME 1,"
BoothVoterList_A4_Ward_211_Booth_53.pdf,6,87,,"LIST PART NO. 1 3  : Municipal House No. 1 3 to 1 4 Ismail Building, 3rd Pirkhan Kile, (Municipality 3 0) Volume 1,"
BoothVoterList_A4_Ward_211_Booth_53.pdf,8,86,,"LIST PART NO. 1 3  : Hut near Municipal House No. Ismail Building (Municipal Compound), 3rd Pirkhan"
BoothVoterList_A4_Ward_211_Booth_53.pdf,9,83,,"LIST PART NO. 1 3  : Municipal House No. 3 1 SITARAM BUILDING, 3RD PIRKHAN STEET, (MUNICIPALITY 3 0) BLOCK 1,"
BoothVoterList_A4_Ward_211_Booth_53.pdf,12,89,,"LIST PART NO. 1 3  : Municipal House No. 3 1 Slum near Sitaram Building, 3rd Peerkhan Street,"
BoothVoterList_A4_Ward_211_Booth_53.pdf,13,90,,"LIST PART NO. 1 3  : Municipal House No. 4 5-4 7 RCWALA BUILDING, 3RD PIRKHAN STEET (MUNICIPALITY 3 0) BLOCK 9,"
BoothVoterList_A4_Ward_211_Booth_53.pdf,19,81,,"LIST PART NO. 1 3  : Municipal House No. 2-1 0 Yusuf Manzil, 3rd Pirkhan Kc, (Municipality 3 0) Volume 1,"
BoothVoterList_A4_Ward_211_Booth_53.pdf,25,88,,"LIST PART NO. 1 3  : Municipal House No. 1 6 to 2 4 Mohammadi Building, 3rd Pirkhan Street, (Municipality 3 0) Volume 1,"
BoothVoterList_A4_Ward_211_Booth_53.pdf,30,81,,"LIST PART NO. 1 3  : Municipal House No. 3 6 to 4 4 Almehrwan Society, 3rd Pirkhan Kc, (Municipality 3 0) Vol."
BoothVoterList_A4_Ward_211_Booth_53.pdf,32,86,,"LIST PART NO. 1 3  : Beside Almehrwan Society (Female Milan Zo. ), 3rd Pirkhan St.,"
BoothVoterList_A4_Ward_211_Booth_53.pdf,37,90,,"LIST PART NO. 1 3  : Municipal House No. 4 5-4 7 RCWALA BUILDING, 3RD PIRKHAN STEET (MUNICIPALITY 3 0) BLOCK 9,"
BoothVoterList_A4_Ward_211_Booth_53.pdf,38,88,,"LIST PART NO. 1 3  : Municipal House No. 1 6 to 2 4 Mohammadi Building, 3rd Pirkhan Street, (Municipality 3 0) Volume 1,"
BoothVoterList_A4_Ward_211_Booth_53.pdf,39,90,,"LIST PART NO. 1 3  : Municipal House No. 4 5-4 7 RCWALA BUILDING, 3RD PIRKHAN STEET (MUNICIPALITY 3 0) BLOCK 9,"
BoothVoterList_A4_Ward_211_Booth_53.pdf,40,88,,"LIST PART NO. 1 3  : Municipal House No. 1 6 to 2 4 Mohammadi Building, 3rd Pirkhan Street, (Municipality 3 0) Volume 1,"
BoothVoterList_A4_Ward_211_Booth_53.pdf,41,81,,"LIST PART NO. 1 3  : Municipal House No. 2-1 0 Yusuf Manzil, 3rd Pirkhan Kc, (Municipality 3 0) Volume 1,"
BoothVoterList_A4_Ward_211_Booth_53.pdf,42,90,,"LIST PART NO. 1 3  : Municipal House No. 4 5-4 7 RCWALA BUILDING, 3RD PIRKHAN STEET (MUNICIPALITY 3 0) BLOCK 9,"
BoothVoterList_A4_Ward_211_Booth_53.pdf,43,88,,"LIST PART NO. 1 3  : Municipal House No. 1 6 to 2 4 Mohammadi Building, 3rd Pirkhan Street, (Municipality 3 0) Volume 1,"
BoothVoterList_A4_Ward_211_Booth_53.pdf,44,90,,"LIST PART NO. 1 3  : Municipal House No. 4 5-4 7 RCWALA BUILDING, 3RD PIRKHAN STEET (MUNICIPALITY 3 0) BLOCK 9,"
BoothVoterList_A4_Ward_211_Booth_53.pdf,45,81,,"LIST PART NO. 1 3  : Municipal House No. 3 6 to 4 4 Almehrwan Society, 3rd Pirkhan Kc, (Municipality 3 0) Vol."
BoothVoterList_A4_Ward_211_Booth_53.pdf,46,83,,"LIST PART NO. 1 3  : Municipal House No. 3 1 SITARAM BUILDING, 3RD PIRKHAN STEET, (MUNICIPALITY 3 0) BLOCK 1,"
BoothVoterList_A4_Ward_211_Booth_53.pdf,47,89,,"LIST PART NO. 1 3  : Municipal House No. 3 1 Slum near Sitaram Building, 3rd Peerkhan Street,"
BoothVoterList_A4_Ward_211_Booth_53.pdf,48,83,,"LIST PART NO. 1 3  : Municipal House No. 3 1 SITARAM BUILDING, 3RD PIRKHAN STEET, (MUNICIPALITY 3 0) BLOCK 1,"
BoothVoterList_A4_Ward_211_Booth_53.pdf,49,81,,"LIST PART NO. 1 3  : Municipal House No. 2-1 0 Yusuf Manzil, 3rd Pirkhan Kc, (Municipality 3 0) Volume 1,"
BoothVoterList_A4_Ward_211_Booth_53.pdf,50,90,,"LIST PART NO. 1 3  : Municipal House No. 4 5-4 7 RCWALA BUILDING, 3RD PIRKHAN STEET (MUNICIPALITY 3 0) BLOCK 9,"
BoothVoterList_A4_Ward_211_Booth_53.pdf,51,88,,"LIST PART NO. 1 3  : Municipal House No. 1 6 to 2 4 Mohammadi Building, 3rd Pirkhan Street, (Municipality 3 0) Volume 1,"
BoothVoterList_A4_Ward_211_Booth_54.pdf,2,86,,"LIST PART NO. 1 4  : Municipal House No. 1 TO 19 ISAAC BUILDING, 3RD PIRKHAN STEET, (MUNICIPALITY 3 0) VOLUME 1,"
BoothVoterList_A4_Ward_211_Booth_54.pdf,3,88,,"LIST PART NO. 1 4  : Shack Near Municipal House No. Ismail Building (Municipal Compound), 3rd Pirkhan"
BoothVoterList_A4_Ward_211_Booth_54.pdf,4,79,,"LIST PART NO. 1 4  : Municipal House No. 3 1 Sitaram Building, 38 Pirkhan ee, (Municipality 3 0) Volume 1,"
BoothVoterList_A4_Ward_211_Booth_54.pdf,5,86,,"LIST PART NO. 1 4  : Municipal House No. 4 6 TO 5 0 AGAKHAN BUILDING, 3RD PIRKHAN STEET, (MUNICIPALITY 3 0) BLOCK 1,"
BoothVoterList_A4_Ward_211_Booth_54.pdf,6,88,,"LIST PART NO. 1 4  : Municipal House No. 5 4 SAJAN BUILDING, 2ND PIRKHAN GALLI, (MUNICIPALITY 3 1) BLOCK 1,"
BoothVoterList_A4_Ward_211_Booth_54.pdf,7,88,,"LIST PART NO. 1 4  : Municipal House No. 5 6 Diamond Lodge Building, 2nd Pirkhan Galli, (Municipality 3 1) Volume 1,"
BoothVoterList_A4_Ward_211_Booth_54.pdf,16,87,,"LIST PART NO. 1 4  : Diamond Lodge Back Slum, 2nd Pirkhan Galli, APfa39) Volume 1,"
BoothVoterList_A4_Ward_211_Booth_54.pdf,18,88,,"LIST PART NO. 1 4  : Municipal House No. 5 8 Mustafa Manzil, WT Pirkhan Galli, (Municipal 3 1) Volume 9,"
BoothVoterList_A4_Ward_211_Booth_54.pdf,23,81,,"LIST PART NO. 1 4  : Wl Pirkhan Galli, (Municipal | 1) Volume 1,"
BoothVoterList_A4_Ward_211_Booth_54.pdf,24,88,,"LIST PART NO. 1 4  : Municipal House No. 5 8 Mustafa Manzil, WT Pirkhan Galli, (Municipal 3 1) Volume 9,"
BoothVoterList_A4_Ward_211_Booth_54.pdf,25,87,,"LIST PART NO. 1 4 : Diamond Lodge Back Slum, 2nd Pirkhan Galli, APfa39) Volume 1,"
BoothVoterList_A4_Ward_211_Booth_54.pdf,26,88,,"LIST PART NO. 1 4  : Municipal House No. 5 8 Mustafa Manzil, WT Pirkhan Galli, (Municipal 3 1) Volume 9,"
BoothVoterList_A4_Ward_211_Booth_54.pdf,27,88,,"LIST PART NO. 1 4  : Municipal House No. 5 6 Diamond Lodge Building, 2nd Pirkhan Galli, (Municipality 3 1) Volume 1,"
BoothVoterList_A4_Ward_211_Booth_54.pdf,28,87,,"LIST PART NO. 1 4  : Diamond Lodge Back Slum, 2nd Pirkhan Galli, APfa39) Volume 1,"
BoothVoterList_A4_Ward_211_Booth_54.pdf,29,88,,"LIST PART NO. 1 4  : Municipal House No. 5 8 Mustafa Manzil, WT Pirkhan Galli, (Municipal 3 1) Volume 9,"
BoothVoterList_A4_Ward_211_Booth_54.pdf,30,88,,"LIST PART NO. 1 4  : Municipal House No. 5 6 Diamond Lodge Building, 2nd Pirkhan Galli, (Municipality 3 1) Volume 1,"
BoothVoterList_A4_Ward_211_Booth_54.pdf,31,79,,"LIST PART NO. 1 4  : Municipal House No. 3 1 Sitaram Building, 38 Pirkhan ee, (Municipality 3 0) Volume 1,"
BoothVoterList_A4_Ward_211_Booth_54.pdf,32,88,,"LIST PART NO. 1 4  : Municipal House No. 5 8 Mustafa Manzil, WT Pirkhan Galli, (Municipal 3 1) Volume 9,"
BoothVoterList_A4_Ward_211_Booth_54.pdf,33,87,,"LIST PART NO. 1 4  : Diamond Lodge Back Slum, 2nd Pirkhan Galli, APfa39) Volume 1,"
BoothVoterList_A4_Ward_211_Booth_54.pdf,34,88,,"LIST PART NO. 1 4  : Municipal House No. 5 6 Diamond Lodge Building, 2nd Pirkhan Galli, (Municipality 3 1) Volume 1,"
BoothVoterList_A4_Ward_211_Booth_54.pdf,35,88,,"LIST PART NO. 1 4  : Municipal House No. 5 4 SAJAN BUILDING, 2ND PIRKHAN GALLI, (MUNICIPALITY 3 1) BLOCK 1,"
BoothVoterList_A4_Ward_211_Booth_54.pdf,36,88,,"LIST PART NO. 1 4  : Municipal House No. 5 6 Diamond Lodge Building, 2nd Pirkhan Galli, (Municipality 3 1) Volume 1,"
BoothVoterList_A4_Ward_211_Booth_54.pdf,37,88,,"LIST PART NO. 1 4  : Shack Near Municipal House No. Ismail Building (Municipal Compound), 3rd Pirkhan"
BoothVoterList_A4_Ward_211_Booth_54.pdf,38,86,,"LIST PART NO. 1 5  : Municipal House No. Undria Mun. School, W Pirkhan Galli, (Municipality 3 1) Block 9,"
BoothVoterList_A4_Ward_211_Booth_55.pdf,2,90,,"LIST PART NO. 1 6 : Municipal House No. 1 to 7 Kagalwala Building, 2nd Pirkhan Galli, (Municipality 3 1) Block 9,"
BoothVoterList_A4_Ward_211_Booth_55.pdf,6,84,,"LIST PART NO. 1 6  : Slum near Kagalwala Building, 2nd Peerkhan Galli, (Municipality 3 1)"
BoothVoterList_A4_Ward_211_Booth_55.pdf,7,81,,"LIST PART NO. 1 6  : Municipal House No. 9 Jummashrif Building, 2nd Pirkhan Galli, (Municipality 3 1) Volume 1,"
BoothVoterList_A4_Ward_211_Booth_55.pdf,15,91,,"LIST PART NO. 1 6  : Municipal House No. 6 0 Mustafa Manzil, WT Pirkhan Galli, (Municipal 3 1) Volume 1,"
BoothVoterList_A4_Ward_211_Booth_55.pdf,16,88,,"LIST PART NO. 1 6  : Municipal House No. 6 2-6 6, Hussaini Building (Mustafa Palace), 2nd Pirkhan Lane, (Manivi 3 1"
BoothVoterList_A4_Ward_211_Booth_55.pdf,19,89,,"LIST PART NO. 1 6  : Women's Milan Slum, W Pirkhan Galli, (Municipality 3 1) Block 1,"
BoothVoterList_A4_Ward_211_Booth_55.pdf,22,82,,"LIST PART NO. 1 6  : Municipal House No. 9 to 1 1 Dilwar Manzil, 1st Pirkhan Road, (Municipality 1) Block 9,"
BoothVoterList_A4_Ward_211_Booth_55.pdf,26,89,,"LIST PART NO. 1 6  : Municipal House No. 9 to 1 1 Patra chawl Slum, 1st Pirkhan Road, (Municipality 3 1) Block 1,"
BoothVoterList_A4_Ward_211_Booth_55.pdf,32,81,,"LIST PART NO. 1 6  : Municipal House No. 9 Jummashrif Building, 2nd Pirkhan Galli, (Municipality 3 1) Volume 1,"
BoothVoterList_A4_Ward_211_Booth_55.pdf,33,90,,"LIST PART NO. 1 6  : Municipal House No. 1 to 7 Kagalwala Building, 2nd Pirkhan Galli, (Municipality 3 1) Block 9,"
BoothVoterList_A4_Ward_211_Booth_55.pdf,34,89,,"LIST PART NO. 1 6  : Municipal House No. 9 to 1 1 Patra chawl Slum, 1st Pirkhan Road, (Municipality 3 1) Block 1,"
BoothVoterList_A4_Ward_211_Booth_55.pdf,35,90,,"LIST PART NO. 1 6  : Municipal House No. 1 to 7 Kagalwala Building, 2nd Pirkhan Galli, (Municipality 3 1) Block 9,"
BoothVoterList_A4_Ward_211_Booth_55.pdf,36,81,,"LIST PART NO. 1 6  : Municipal House No. 9 Jummashrif Building, 2nd Pirkhan Galli, (Municipality 3 1) Volume 1,"
BoothVoterList_A4_Ward_211_Booth_55.pdf,37,90,,"LIST PART NO. 1 6  : Municipal House No. 1 to 7 Kagalwala Building, 2nd Pirkhan Galli, (Municipality 3 1) Block 9,"
BoothVoterList_A4_Ward_211_Booth_55.pdf,38,89,,"LIST PART NO. 1 6  : Municipal House No. 9 to 1 1 Patra chawl Slum, 1st Pirkhan Road, (Municipality 3 1) Block 1,"
BoothVoterList_A4_Ward_211_Booth_55.pdf,39,81,,"LIST PART NO. 1 6  : Municipal House No. 9 Jummashrif Building, 2nd Pirkhan Galli, (Municipality 3 1) Volume 1,"
BoothVoterList_A4_Ward_211_Booth_55.pdf,40,91,,"LIST PART NO. 1 6  : Municipal House No. 6 0 Mustafa Manzil, WT Pirkhan Galli, (Municipal 3 1) Volume 1,"
BoothVoterList_A4_Ward_211_Booth_55.pdf,41,89,,"LIST PART NO. 1 6  : Municipal House No. 9 to 1 1 Patra chawl Slum, 1st Pirkhan Road, (Municipality 3 1) Block 1,"
BoothVoterList_A4_Ward_211_Booth_55.pdf,42,81,,"LIST PART NO. 1 6  : Municipal House No. 9 Jummashrif Building, 2nd Pirkhan Galli, (Municipality 3 1) Volume 1,"
BoothVoterList_A4_Ward_211_Booth_56.pdf,2,91,,"LIST PART NO. 2 0  : Municipal House No. 8 2-8 4 Majjid Sankatdham, Dimtimkar Road, 8 2 to 1 4 4 (Municipality 39)"
BoothVoterList_A4_Ward_211_Booth_56.pdf,3,89,,"LIST PART NO. 2 0  : Municipal House No. 9 6 Haji Building, Dimtimkar Us, 8 2 to 1 4 4 (Municipality 39) Volume 4,"
BoothVoterList_A4_Ward_211_Booth_56.pdf,15,93,,"LIST PART NO. 2 0  : Hut near Municipal Gharhaji Building, Dimtimkar Road, 8 2 to 1 4 4"
BoothVoterList_A4_Ward_211_Booth_56.pdf,16,93,,"LIST PART NO. 2 0  : Municipal House No. 1 0 2-1 1 6 Nurani Patel Building, Dimtimkar Road, 8 2 to 1 4 4"
BoothVoterList_A4_Ward_211_Booth_56.pdf,23,90,,"LIST PART NO. 2 0  : Slum near Municipal House No. 1 0 2 to 1 0 6 Noorani Patel Building, Dimtimkar"
BoothVoterList_A4_Ward_211_Booth_56.pdf,24,84,,"LIST PART NO. 2 0  : Municipal Ghar 1 1 8-1 4 2 Razak Manzil, Dimtimkar Us, 8 2 to 1 4 4 (Municipality 3 9) Vol."
BoothVoterList_A4_Ward_211_Booth_56.pdf,39,87,,"LIST PART NO. 20  : Municipal House No. 1 4 4 Bootwala Building, Dimtimkar Road, 8 2 to 1 4 4 (Municipality 39) Vol."
BoothVoterList_A4_Ward_211_Booth_56.pdf,43,92,,"LIST PART NO. 2 0  : Huts Opposite Municipal House No. Bombay Restaurant, Dimtimkar Road, 8 2 to 1 4 4"
BoothVoterList_A4_Ward_211_Booth_56.pdf,45,93,,"LIST PART NO. 2 0  : Huts Opposite Municipal House No. Bombay Restaurant, Dimtimkar Road, 8 2 to 1 4 4"
BoothVoterList_A4_Ward_211_Booth_56.pdf,46,93,,"LIST PART NO. 2 0  : Municipal House No. 1 0 2-1 1 6 Nurani Patel Building, Dimtimkar Road, 8 2 to 1 4 4"
BoothVoterList_A4_Ward_211_Booth_56.pdf,47,93,,"LIST PART NO. 2 0  : Hut near Municipal Gharhaji Building, Dimtimkar Road, 8 2 to 1 4 4"
BoothVoterList_A4_Ward_211_Booth_56.pdf,48,89,,"LIST PART NO. 2 0  : Municipal House No. 9 6 Haji Building, Dimtimkar Us, 8 2 to 1 4 4 (Municipality 39) Volume 4,"
BoothVoterList_A4_Ward_211_Booth_56.pdf,49,93,,"LIST PART NO. 2 0  : Municipal House No. 1 0 2-1 1 6 Nurani Patel Building, Dimtimkar Road, 8 2 to 1 4 4"
BoothVoterList_A4_Ward_211_Booth_56.pdf,50,89,,"LIST PART NO. 2 0  : Municipal House No. 9 6 Haji Building, Dimtimkar Us, 8 2 to 1 4 4 (Municipality 39) Volume 4,"
BoothVoterList_A4_Ward_211_Booth_56.pdf,51,87,,"LIST PART NO. 20  : Municipal House No. 1 4 4 Bootwala Building, Dimtimkar Road, 8 2 to 1 4 4 (Municipality 39) Vol."
BoothVoterList_A4_Ward_211_Booth_56.pdf,52,93,,"LIST PART NO. 2 0  : Municipal House No. 1 0 2-1 1 6 Nurani Patel Building, Dimtimkar Road, 8 2 to 1 4 4"
BoothVoterList_A4_Ward_211_Booth_56.pdf,53,89,,"LIST PART NO. 2 0  : Municipal House No. 9 6 Haji Building, Dimtimkar Us, 8 2 to 1 4 4 (Municipality 39) Volume 4,"
BoothVoterList_A4_Ward_211_Booth_56.pdf,54,87,,"LIST PART NO. 20  : Municipal House No. 1 4 4 Bootwala Building, Dimtimkar Road, 8 2 to 1 4 4 (Municipality 39) Vol."
BoothVoterList_A4_Ward_211_Booth_56.pdf,55,93,,"LIST PART NO. 2 0  : Municipal House No. 1 0 2-1 1 6 Nurani Patel Building, Dimtimkar Road, 8 2 to 1 4 4"
BoothVoterList_A4_Ward_211_Booth_56.pdf,56,84,,"LIST PART NO. 2 0  : Municipal Ghar 1 1 8-1 4 2 Razak Manzil, Dimtimkar Us, 8 2 to 1 4 4 (Municipality 3 9) Vol."
BoothVoterList_A4_Ward_211_Booth_56.pdf,57,93,,"LIST PART NO. 2 0  : Municipal House No. 1 0 2-1 1 6 Nurani Patel Building, Dimtimkar Road, 8 2 to 1 4 4"
BoothVoterList_A4_Ward_211_Booth_56.pdf,58,84,,"LIST PART NO. 2 0  : Municipal Ghar 1 1 8-1 4 2 Razak Manzil, Dimtimkar Us, 8 2 to 1 4 4 (Municipality 3 9) Vol."
BoothVoterList_A4_Ward_211_Booth_56.pdf,59,89,,"LIST PART NO. 2 0  : Municipal House No. 9 6 Haji Building, Dimtimkar Us, 8 2 to 1 4 4 (Municipality 39) Volume 4,"
BoothVoterList_A4_Ward_211_Booth_56.pdf,60,93,,"LIST PART NO. 2 0  : Municipal House No. 1 0 2-1 1 6 Nurani Patel Building, Dimtimkar Road, 8 2 to 1 4 4"
BoothVoterList_A4_Ward_211_Booth_56.pdf,61,84,,"LIST PART NO. 2 0  : Municipal Ghar 1 1 8-1 4 2 Razak Manzil, Dimtimkar Us, 8 2 to 1 4 4 (Municipality 3 9) Vol."
BoothVoterList_A4_Ward_211_Booth_57.pdf,2,91,,"LIST PART NO. 3 7  : Municipal House No. 3 4 6 Hirani Govindji Building No. 2, Sir Jamshedji Jijibhoy Road,"
BoothVoterList_A4_Ward_211_Booth_57.pdf,11,86,,"LIST PART NO. 7 6  : Dawoodi Bohra Trust (Patrashed B), Sir J. J. Road, 368-830 (M. Ni. V. 3 1),"
BoothVoterList_A4_Ward_211_Booth_57.pdf,19,86,,"LIST PART NO. 7 6  : Municipal House No. 396 Akredia Building, Sir J. J. Road, 3 8 4-4 3 0 (M. No. V 3 1)"
BoothVoterList_A4_Ward_211_Booth_57.pdf,23,86,,"LIST PART NO. 7 6  : Municipal House No. 396 Acredia Building B. Block, Sir J. J. Road, 3 8 4-4 3 0"
BoothVoterList_A4_Ward_211_Booth_57.pdf,25,92,,"LIST PART NO. 7 6  : Municipal House No. 4 1 2 Adil House, Sir J. J. Road, 3 8 4-4 3 0 (M. N. V. 3 1) Volume 9,"
BoothVoterList_A4_Ward_211_Booth_57.pdf,27,91,,"LIST PART NO. 7 6  : Municipal House No. 4 2 0 to 4 2 2 Mary Mahal, Sir J. J. Road, 3 8 4-4 3 0 (M. Ni. V. 3 1) Vol"
BoothVoterList_A4_Ward_211_Booth_57.pdf,30,93,,"LIST PART NO. 7 6  : Municipal Gharan.4 2 4 to 4 3 0 Diamond Cutter Building, Sir J. J. Road, 3 8 4-4 3 0"
BoothVoterList_A4_Ward_211_Booth_57.pdf,34,87,,"LIST PART NO. 7 6  : Municipal House No. 2 8-2 9 Diamond Cutter, Temkar Street, Municipal House No. 4 to 42 (M.N.V.3 0)"
BoothVoterList_A4_Ward_211_Booth_57.pdf,35,91,,"LIST PART NO. 7 6  : 382-382 d. United Apartments, Sir J. J. Road, New Nagpada, Mumbai"
BoothVoterList_A4_Ward_211_Booth_57.pdf,39,93,,"LIST PART NO. 7 6  : Municipal Gharan.4 2 4 to 4 3 0 Diamond Cutter Building, Sir J. J. Road, 3 8 4-4 3 0"
BoothVoterList_A4_Ward_211_Booth_57.pdf,40,86,,"LIST PART NO. 7 6  : Municipal House No. 396 Akredia Building, Sir J. J. Road, 3 8 4-4 3 0 (M. No. V 3 1)"
BoothVoterList_A4_Ward_211_Booth_57.pdf,41,92,,"LIST PART NO. 7 6  : Municipal House No. 4 1 2 Adil House, Sir J. J. Road, 3 8 4-4 3 0 (M. N. V. 3 1) Volume 9,"
BoothVoterList_A4_Ward_211_Booth_57.pdf,42,86,,"LIST PART NO. 7 6  : Municipal House No. 396 Akredia Building, Sir J. J. Road, 3 8 4-4 3 0 (M. No. V 3 1)"
BoothVoterList_A4_Ward_211_Booth_57.pdf,43,86,,"LIST PART NO. 7 6  : Dawoodi Bohra Trust (Patrashed B), Sir J. J. Road, 368-830 (M. Ni. V. 3 1),"
BoothVoterList_A4_Ward_211_Booth_57.pdf,44,91,,"LIST PART NO. 7 6  : 382-382 d. United Apartments, Sir J. J. Road, New Nagpada, Mumbai"
BoothVoterList_A4_Ward_211_Booth_57.pdf,45,92,,"LIST PART NO. 7 6  : Municipal House No. 4 1 2 Adil House, Sir J. J. Road, 3 8 4-4 3 0 (M. N. V. 3 1) Volume 9,"
BoothVoterList_A4_Ward_211_Booth_57.pdf,46,86,,"LIST PART NO. 7 6  : Municipal House No. 396 Akredia Building, Sir J. J. Road, 3 8 4-4 3 0 (M. No. V 3 1)"
BoothVoterList_A4_Ward_211_Booth_57.pdf,47,91,,"LIST PART NO. 7 6  : 382-382 d. United Apartments, Sir J. J. Road, New Nagpada, Mumbai"
BoothVoterList_A4_Ward_211_Booth_57.pdf,48,86,,"LIST PART NO. 7 6  : M unicipal House No. 396 Akredia Building, Sir J. J. Road, 3 8 4-4 3 0 (M. No. V 3 1)"
BoothVoterList_A4_Ward_211_Booth_57.pdf,49,91,,"LIST PART NO. 7 6 : 1 6 -382-382 d. United Apartments, Sir J. J. Road, New Nagpada, Mumbai"
BoothVoterList_A4_Ward_211_Booth_57.pdf,50,91,,"LIST PART NO. 7 6  : Municipal House No. 4 2 0 to 4 2 2 Mary Mahal, Sir J. J. Road, 3 8 4-4 3 0 (M. Ni. V. 3 1) Vol"
BoothVoterList_A4_Ward_211_Booth_57.pdf,51,92,,"LIST PART NO. 7 6  : Municipal House No. 4 1 2 Adil House, Sir J. J. Road, 3 8 4-4 3 0 (M. N. V. 3 1) Volume 9,"
BoothVoterList_A4_Ward_211_Booth_57.pdf,52,86,,"LIST PART NO. 7 6  : Municipal House No. 396 Akredia Building, Sir J. J. Road, 3 8 4-4 3 0 (M. No. V 3 1)"
BoothVoterList_A4_Ward_211_Booth_57.pdf,53,93,,"LIST PART NO. 7 6  : Municipal Gharan.4 2 4 to 4 3 0 Diamond Cutter Building, Sir J. J. Road, 3 8 4-4 3 0"
BoothVoterList_A4_Ward_211_Booth_57.pdf,54,86,,"LIST PART NO. 7 6  : Dawoodi Bohra Trust (Patrashed B), Sir J. J. Road, 368-830 (M. Ni. V. 3 1),"
BoothVoterList_A4_Ward_211_Booth_57.pdf,55,91,,"LIST PART NO. 7 6  : 382-382 d. United Apartments, Sir J. J. Road, New Nagpada, Mumbai"
BoothVoterList_A4_Ward_211_Booth_57.pdf,56,93,,"LIST PART NO. 7 6  : Municipal Gharan.4 2 4 to 4 3 0 Diamond Cutter Building, Sir J. J. Road, 3 8 4-4 3 0"
BoothVoterList_A4_Ward_211_Booth_57.pdf,57,86,,"LIST PART NO. 7 6  : Dawoodi Bohra Trust (Patrashed B), Sir J. J. Road, 368-830 (M. Ni. V. 3 1),"
BoothVoterList_A4_Ward_211_Booth_57.pdf,58,92,,"LIST PART NO. 7 6  : Municipal House No. 4 1 2 Adil House, Sir J. J. Road, 3 8 4-4 3 0 (M. N. V. 3 1) Volume 9,"
BoothVoterList_A4_Ward_211_Booth_57.pdf,59,86,,"LIST PART NO. 7 6  : Dawoodi Bohra Trust (Patrashed B), Sir J. J. Road, 368-830 (M. Ni. V. 3 1),"
BoothVoterList_A4_Ward_211_Booth_57.pdf,60,86,,"LIST PART NO. 7 6  : Municipal House No. 396 Akredia Building, Sir J. J. Road, 3 8 4-4 3 0 (M. No. V 3 1)"
BoothVoterList_A4_Ward_211_Booth_57.pdf,61,92,,"LIST PART NO. 7 7  : Municipal House No. 3 4 0 Yehudi chawl, Sir Jamshedji Jijibhoy Road, 3 4 0 to 3 4 6 (Municipal"
BoothVoterList_A4_Ward_211_Booth_57.pdf,62,90,,"LIST PART NO. 7 7  : Municipal House No. 3 4 0 Yehudi chawl TAR, Sir Jamshedji Jijibhoy Road, 3 4 0 to 3 4 6"
BoothVoterList_A4_Ward_211_Booth_57.pdf,63,92,,"LIST PART NO. 7 7  : Municipal House No. 3 4 4 Hirani Building No. 1, Sir Jamshedji Jijibhoy Ws, 3 4 0 to 3 4 6"
BoothVoterList_A4_Ward_211_Booth_57.pdf,64,93,,"LIST PART NO. 7 7  : Slum near Hirji Nagori Govindji Building, Sir Jamshedji"
BoothVoterList_A4_Ward_211_Booth_57.pdf,65,90,,"LIST PART NO. 7 7  : Sir Jacob Sassoon High School, Sir Jamshedji Jijibhoy Road, 3 4 0 to 3 4 6 (Municipality"
BoothVoterList_A4_Ward_211_Booth_57.pdf,66,92,,"LIST PART NO. 7 7  : MUNICIPAL GHAR 1 3-19 PETHA PARUVALA BUILDING, 4TH PIRKHAN ROAD, (MUNICIPALITY 3 1) BLOCK 9,"
BoothVoterList_A4_Ward_211_Booth_57.pdf,72,89,,"LIST PART NO. 7 7  : Municipal House No. 19 Devji Dharji Building, 4th Pirkhan Road, (Municipality 39) Block 1,"
BoothVoterList_A4_Ward_211_Booth_57.pdf,76,89,,"LIST PART NO. 7 7  : Municipal House No. 3 1-3 5 Johra 4AM, 4th Pirkhan Road, (Municipality 39) Block 1, Mumbai"
BoothVoterList_A4_Ward_211_Booth_57.pdf,79,88,,"LIST PART NO. 7 7  : 1 4-2 6 loses Slum near Temple, 4th Pirkhan Road, (Municipality 3 1)"
BoothVoterList_A4_Ward_211_Booth_57.pdf,80,93,,"LIST PART NO. 7 7  : J. J. Road Shop Alley (Juice Centre), 4th Pirkhan Road, (Municipality 3 1) Block 1,"
BoothVoterList_A4_Ward_211_Booth_57.pdf,81,92,,"LIST PART NO. 7 7  : MUNICIPAL GHAR 1 3-19 PETHA PARUVALA BUILDING, 4TH PIRKHAN ROAD, (MUNICIPALITY 3 1) BLOCK 9,"
BoothVoterList_A4_Ward_211_Booth_57.pdf,82,89,,"LIST PART NO. 7 7  : Municipal House No. 3 1-3 5 Johra 4AM, 4th Pirkhan Road, (Municipality 39) Block 1, Mumbai"
BoothVoterList_A4_Ward_211_Booth_57.pdf,83,92,,"LIST PART NO. 7 7  : MUNICIPAL GHAR 1 3-19 PETHA PARUVALA BUILDING, 4TH PIRKHAN ROAD, (MUNICIPALITY 3 1) BLOCK 9,"
BoothVoterList_A4_Ward_211_Booth_58.pdf,2,75,,"LIST PART NO. 8 6  : 9 0-B. B. i. T. chawl 4.99 (Sankalpa-1 7 Housing Institution Marya), Aa"
BoothVoterList_A4_Ward_211_Booth_58.pdf,12,89,,"LIST PART NO. 8 6  : Municipal House No. 9 0-B. B. i. T. chawl NO 1 8, SOFIA FN ROAD, 90B TO 90C"
BoothVoterList_A4_Ward_211_Booth_58.pdf,26,91,,"LIST PART NO. 8 6  : Municipal House No. 9 0 A B . i. T chawl No. 1 7 & 1 8 Magal Slum, Sophia Zuber"
BoothVoterList_A4_Ward_211_Booth_58.pdf,27,91,,"LIST PART NO. 8 6  : Rajkamal Pride, Ganesh Manch Marg, Sophia Wax Road, Mumbai Central, Mumbai"
BoothVoterList_A4_Ward_211_Booth_58.pdf,28,75,,"LIST PART NO. 8 6  : 9 0-B. B. i. T. chawl 4.99 (Sankalpa-1 7 Housing Institution Marya), Aa"
BoothVoterList_A4_Ward_211_Booth_58.pdf,29,89,,"LIST PART NO. 8 6  : Municipal House No. 9 0-B. B. i. T. chawl NO 1 8, SOFIA FN ROAD, 90B TO 90C"
BoothVoterList_A4_Ward_211_Booth_58.pdf,30,75,,"LIST PART NO. 8 6  : 9 0-B. B. i. T. chawl 4.99 (Sankalpa-1 7 Housing Institution Marya), Aa"
BoothVoterList_A4_Ward_211_Booth_58.pdf,31,91,,"LIST PART NO. 8 6  : Rajkamal Pride, Ganesh Manch Marg, Sophia Wax Road, Mumbai Central, Mumbai"
BoothVoterList_A4_Ward_211_Booth_58.pdf,32,89,,"LIST PART NO. 8 6  : Municipal House No. 9 0-B. B. i. T. chawl NO 1 8, SOFIA FN ROAD, 90B TO 90C"
BoothVoterList_A4_Ward_211_Booth_58.pdf,33,75,,"LIST PART NO. 8 6  : 9 0-B. B. i. T. chawl   (Sankalpa-1 7 Housing Institution Marya), Aa"
BoothVoterList_A4_Ward_211_Booth_58.pdf,34,89,,"LIST PART NO. 8 6  : Municipal House No. 9 0-B. B. i. T. chawl NO 1 8, SOFIA FN ROAD, 90B TO 90C"
BoothVoterList_A4_Ward_211_Booth_58.pdf,35,75,,"LIST PART NO. 8 6  : 9 0-B. B. i. T. chawl 4.99 (Sankalpa-1 7 Housing Institution Marya), Aa"
BoothVoterList_A4_Ward_211_Booth_58.pdf,36,89,,"LIST PART NO. 8 6  : Municipal House No. 9 0-B. B. i. T. chawl NO 1 8, SOFIA FN ROAD, 90B TO 90C"
BoothVoterList_A4_Ward_211_Booth_58.pdf,37,91,,"LIST PART NO. 8 6  : Rajkamal Pride, Ganesh Manch Marg, Sophia Wax Road, Mumbai Central, Mumbai"
BoothVoterList_A4_Ward_211_Booth_58.pdf,38,89,,"LIST PART NO. 8 6  : Municipal House No. 9 0-B. B. i. T. chawl NO 1 8, SOFIA FN ROAD, 90B TO 90C"
BoothVoterList_A4_Ward_211_Booth_58.pdf,39,91,,"LIST PART NO. 8 6  : Rajkamal Pride, Ganesh Manch Marg, Sophia Wax Road, Mumbai Central, Mumbai"
BoothVoterList_A4_Ward_211_Booth_58.pdf,40,89,,"LIST PART NO. 8 6  : Municipal House No. 9 0-B. B. i. T. chawl NO 1 8, SOFIA FN ROAD, 90B TO 90C"
BoothVoterList_A4_Ward_211_Booth_58.pdf,41,91,,"LIST PART NO. 8 6  : Rajkamal Pride, Ganesh Manch Marg, Sophia Wax Road, Mumbai Central, Mumbai"
BoothVoterList_A4_Ward_211_Booth_58.pdf,42,89,,"LIST PART NO. 8 6  : Municipal House No. 9 0-B. B. i. T. chawl NO 1 8, SOFIA FN ROAD, 90B TO 90C"
BoothVoterList_A4_Ward_211_Booth_58.pdf,43,91,,"LIST PART NO. 8 6  : Rajkamal Pride, Ganesh Manch Marg, Sophia Wax Road, Mumbai Central, Mumbai"
BoothVoterList_A4_Ward_211_Booth_58.pdf,44,75,,"LIST PART NO. 8 6  : 9 0-B. B. i. T. chawl 4.99 (Sankalpa-1 7 Housing Institution Marya), Aa"
BoothVoterList_A4_Ward_211_Booth_58.pdf,45,91,,"LIST PART NO. 8 6  : Rajkamal Pride, Ganesh Manch Marg, Sophia Wax Road, Mumbai Central, Mumbai"
BoothVoterList_A4_Ward_211_Booth_58.pdf,46,75,,"LIST PART NO. 8 6  : 9 0-B. B. i. T. chawl 4.99 (Sankalpa-1 7 Housing Institution Marya), Aa"
BoothVoterList_A4_Ward_211_Booth_58.pdf,47,91,,"LIST PART NO. 8 6  : Rajkamal Pride, Ganesh Manch Marg, Sophia Wax Road, Mumbai Central, Mumbai"
BoothVoterList_A4_Ward_211_Booth_59.pdf,2,90,,"LIST PART NO. 8 7  : Municipal House No. 9 0 A B I . T. chawl 4.92, Sophia Zuber Road, 90A to S. P. Road"
BoothVoterList_A4_Ward_211_Booth_59.pdf,23,89,,"LIST PART NO. 8 7  : Municipal House No. 2 2 Khan Manzil, Dimtimkar Road, 2 2 to 6 2 (Municipal 3 1) Block 1, Mumbai"
BoothVoterList_A4_Ward_211_Booth_59.pdf,30,80,,"LIST PART NO. 8 7  : Municipal House No. 3 6-4 8 Nurjahau AM, Dimtimkar Road, 2 2 to 6 2 (Municipality 39) Vol."
BoothVoterList_A4_Ward_211_Booth_59.pdf,36,90,,"LIST PART NO. 8 7  : Municipal House No. 4 2 Roshan Building, Dimtimkar Road, 2 2 to 6 2 (Municipality 39) Block 1,"
BoothVoterList_A4_Ward_211_Booth_59.pdf,37,89,,"LIST PART NO. 8 7  : Municipal House No. 5 0-6 2 Habib Manzil, Dimtimkar Road, 22 to 6 2 (Municipality 39) Block 1,"
BoothVoterList_A4_Ward_211_Booth_59.pdf,41,87,,"LIST PART NO. 8 7  : Municipal House No. 3 6-4 8 Afiyah Heights Co-op. ERAT Society, Dimtimkar"
BoothVoterList_A4_Ward_211_Booth_59.pdf,47,90,,"LIST PART NO. 8 7  : Municipal House No. 9 0 A B I . T. chawl 4.92, Sophia Zuber Road, 90A to S. P. Road"
BoothVoterList_A4_Ward_211_Booth_59.pdf,48,87,,"LIST PART NO. 8 7  : Municipal House No. 3 6-4 8 Afiyah Heights Co-op. ERAT Society, Dimtimkar"
BoothVoterList_A4_Ward_211_Booth_59.pdf,49,90,,"LIST PART NO. 8 7  : Municipal House No. 9 0 A B I . T. chawl 4.92, Sophia Zuber Road, 90A to S. P. Road"
BoothVoterList_A4_Ward_211_Booth_59.pdf,50,87,,"LIST PART NO. 8 7  : Municipal House No. 3 6-4 8 Afiyah Heights Co-op. ERAT Society, Dimtimkar"
BoothVoterList_A4_Ward_211_Booth_59.pdf,51,89,,"LIST PART NO. 8 7  : Municipal House No. 2 2 Khan Manzil, Dimtimkar Road, 2 2 to 6 2 (Municipal 3 1) Block 1, Mumbai"
BoothVoterList_A4_Ward_211_Booth_59.pdf,52,87,,"LIST PART NO. 8 7  : Municipal House No. 3 6-4 8 Afiyah Heights Co-op. ERAT Society, Dimtimkar"
BoothVoterList_A4_Ward_211_Booth_59.pdf,53,90,,"LIST PART NO. 8 7  : Municipal House No. 9 0 A B I . T. chawl 4.92, Sophia Zuber Road, 90A to S. P. Road"
BoothVoterList_A4_Ward_211_Booth_59.pdf,54,87,,"LIST PART NO. 8 7  : Municipal House No. 3 6-4 8 Afiyah Heights Co-op. ERAT Society, Dimtimkar"
BoothVoterList_A4_Ward_211_Booth_59.pdf,55,90,,"LIST PART NO. 8 7  : Municipal House No. 9 0 A B I . T. chawl 4.92, Sophia Zuber Road, 90A to S. P. Road"
BoothVoterList_A4_Ward_211_Booth_59.pdf,56,87,,"LIST PART NO. 8 7  : Municipal House No. 3 6-4 8 Afiyah Heights Co-op. ERAT Society, Dimtimkar"
BoothVoterList_A4_Ward_211_Booth_59.pdf,57,90,,"LIST PART NO. 8 7  : Municipal House No. 9 0 A B I . T. chawl 4.92, Sophia Zuber Road, 90A to S. P. Road"
BoothVoterList_A4_Ward_211_Booth_59.pdf,58,87,,"LIST PART NO. 8 7  : Municipal House No. 3 6-4 8 Afiyah Heights Co-op. ERAT Society, Dimtimkar"
BoothVoterList_A4_Ward_211_Booth_59.pdf,59,90,,"LIST PART NO. 8 7  : Municipal House No. 9 0 A B I . T. chawl 4.92, Sophia Zuber Road, 90A to S. P. Road"
BoothVoterList_A4_Ward_211_Booth_59.pdf,60,87,,"LIST PART NO. 8 7  : Municipal House No. 3 6-4 8 Afiyah Heights Co-op. ERAT Society, Dimtimkar"
BoothVoterList_A4_Ward_211_Booth_59.pdf,61,90,,"LIST PART NO. 8 7  : Municipal House No. 9 0 A B I . T. chawl 4.92, Sophia Zuber Road, 90A to S. P. Road"
BoothVoterList_A4_Ward_211_Booth_59.pdf,62,89,,"LIST PART NO. 8 7  : Municipal House No. 5 0-6 2 Habib Manzil, Dimtimkar Road, 22 to 6 2 (Municipality 39) Block 1,"
BoothVoterList_A4_Ward_211_Booth_59.pdf,63,87,,"LIST PART NO. 8 7  : Municipal House No. 3 6-4 8 Afiyah Heights Co-op. ERAT Society, Dimtimkar"
BoothVoterList_A4_Ward_211_Booth_6.pdf,2,92,,"LIST PART NO. 1 4 0  : Adam Siddiqui chawl 9, 1st Ghelabhai Road,"
BoothVoterList_A4_Ward_211_Booth_6.pdf,7,91,,"LIST PART NO. 1 4 0  : Maulana Salim chawl 9, 1st Ghelabhai Road,"
BoothVoterList_A4_Ward_211_Booth_6.pdf,9,88,,"LIST PART NO. 1 4 0  : Bakhar chawl 1, 1st Ghelabhai Road,"
BoothVoterList_A4_Ward_211_Booth_6.pdf,21,91,,"LIST PART NO. 1 4 0  : Qazi chawl 4, 1st Ghelabhai Road,"
BoothVoterList_A4_Ward_211_Booth_6.pdf,28,90,,"LIST PART NO. 1 4 0  : TAR chawl 1-9 B 1, 1st GHELABHAI ROAD,"
BoothVoterList_A4_Ward_211_Booth_6.pdf,29,92,,"LIST PART NO. 1 4 0  : Bakhar chawl, 1st Ghelabhai Road,"
BoothVoterList_A4_Ward_211_Booth_6.pdf,30,93,,"LIST PART NO. 1 4 0  : Rehmani Tower, Mohammad Umar Rajab Road,"
BoothVoterList_A4_Ward_211_Booth_7.pdf,2,92,,"LIST PART NO. 1 4 0  : Ismail Palace, 1st Ghelabhai Road,"
BoothVoterList_A4_Ward_211_Booth_7.pdf,6,89,,"LIST PART NO. 1 4 0  : Municipal House No. 2 1 2-2 1 4, Suratwala Building, Maulana Azad Road,"
BoothVoterList_A4_Ward_211_Booth_7.pdf,9,89,,"LIST PART NO. 1 4 0  : Municipal House No. 2 1 6, a. C. Lohe Ki chawl, Maulana Azad Road, ARRAS Road),"
BoothVoterList_A4_Ward_211_Booth_7.pdf,13,92,,"LIST PART NO. 1 4 0  : Adam Siddiqui chawl 9, 1st Ghelabhai Road,"
BoothVoterList_A4_Ward_211_Booth_7.pdf,14,88,,"LIST PART NO. 1 4 0  : Bakhar chawl 1, 1st Ghelabhai Road,"
BoothVoterList_A4_Ward_211_Booth_7.pdf,15,89,,"LIST PART NO. 1 4 0  : Municipal House No. 2 1 6, a. C. Lohe Ki chawl, Maulana Azad Road, ARRAS Road),"
BoothVoterList_A4_Ward_211_Booth_7.pdf,16,92,,"LIST PART NO. 1 4 0  : Ismail Palace, 1st Ghelabhai Road,"
BoothVoterList_A4_Ward_211_Booth_7.pdf,17,88,,"LIST PART NO. 1 4 0  : Bakhar chawl 1, 1st Ghelabhai Road,"
BoothVoterList_A4_Ward_211_Booth_7.pdf,18,93,,"LIST PART NO. 1 4 0  : Rehmani Tower, Mohammad Umar Rajab Road,"
BoothVoterList_A4_Ward_211_Booth_7.pdf,19,92,,"LIST PART NO. 1 4 0  : Ismail Palace, 1st Ghelabhai Road,"
BoothVoterList_A4_Ward_211_Booth_7.pdf,20,89,,"LIST PART NO. 1 4 0  : Municipal House No. 2 1 6, a. C. Lohe Ki chawl, Maulana Azad Road, ARRAS Road),"
BoothVoterList_A4_Ward_211_Booth_7.pdf,21,92,,"LIST PART NO. 1 4 0  : Ismail Palace, 1st Ghelabhai Road,"
BoothVoterList_A4_Ward_211_Booth_7.pdf,22,90,,"LIST PART NO. 1 4 0  : TAR chawl 1-9 B 1, 1st GHELABHAI ROAD,"
BoothVoterList_A4_Ward_211_Booth_7.pdf,23,92,,"LIST PART NO. 1 4 0  : Ismail Palace, 1st Ghelabhai Road,"
BoothVoterList_A4_Ward_211_Booth_7.pdf,24,92,,"LIST PART NO. 1 4 0  : Adam Siddiqui chawl 9, 1st Ghelabhai Road,"
BoothVoterList_A4_Ward_211_Booth_7.pdf,25,91,,"LIST PART NO. 1 4 0  : Qazi chawl 4, 1st Ghelabhai Road,"
BoothVoterList_A4_Ward_211_Booth_7.pdf,26,90,,"LIST PART NO. 1 4 0  : TAR chawl 1-9 B 1, 1st GHELABHAI ROAD,"
BoothVoterList_A4_Ward_211_Booth_7.pdf,27,88,,"LIST PART NO. 1 4 0  : Bakhar chawl 1, 1st Ghelabhai Road,"
BoothVoterList_A4_Ward_211_Booth_7.pdf,28,91,,"LIST PART NO. 1 4 0  : Qazi chawl 4, 1st Ghelabhai Road,"
BoothVoterList_A4_Ward_211_Booth_7.pdf,29,92,,"LIST PART NO. 1 4 0  : Bakhar chawl, 1st Ghelabhai Road,"
BoothVoterList_A4_Ward_211_Booth_7.pdf,30,91,,"LIST PART NO. 1 4 0  : Qazi chawl 4, 1st Ghelabhai Road,"
BoothVoterList_A4_Ward_211_Booth_7.pdf,31,89,,"LIST PART NO. 1 4 0  : Municipal House No. 2 1 2-2 1 4, Suratwala Building, Maulana Azad Road,"
BoothVoterList_A4_Ward_211_Booth_7.pdf,32,92,,"LIST PART NO. 1 4 0  : Adam Siddiqui chawl 9, 1st Ghelabhai Road,"
BoothVoterList_A4_Ward_211_Booth_7.pdf,33,91,,"LIST PART NO. 1 4 0  : Maulana Salim chawl 9, 1st Ghelabhai Road,"
BoothVoterList_A4_Ward_211_Booth_7.pdf,34,92,,"LIST PART NO. 1 4 0  : Adam Siddiqui chawl 9, 1st Ghelabhai Road,"
BoothVoterList_A4_Ward_211_Booth_7.pdf,35,91,,"LIST PART NO. 1 4 0  : Maulana Salim chawl 9, 1st Ghelabhai Road,"
BoothVoterList_A4_Ward_211_Booth_7.pdf,36,92,,"LIST PART NO. 1 4 0  : Adam Siddiqui chawl 9, 1st Ghelabhai Road,"
BoothVoterList_A4_Ward_211_Booth_7.pdf,37,88,,"LIST PART NO. 1 4 0  : Bakhar chawl 1, 1st Ghelabhai Road,"
BoothVoterList_A4_Ward_211_Booth_7.pdf,38,92,,"LIST PART NO. 1 4 0  : Adam Siddiqui chawl 9, 1st Ghelabhai Road,"
BoothVoterList_A4_Ward_211_Booth_7.pdf,39,90,,"LIST PART NO. 1 4 0  : TAR chawl 1-9 B 1, 1st GHELABHAI ROAD,"
BoothVoterList_A4_Ward_211_Booth_7.pdf,40,91,,"LIST PART NO. 1 4 0  : Qazi chawl 4, 1st Ghelabhai Road,"
BoothVoterList_A4_Ward_211_Booth_7.pdf,41,90,,"LIST PART NO. 1 4 0  : TAR chawl 1-9 B 1, 1st GHELABHAI ROAD,"
BoothVoterList_A4_Ward_211_Booth_7.pdf,42,88,,"LIST PART NO. 1 4 0  : Bakhar chawl 1, 1st Ghelabhai Road,"
BoothVoterList_A4_Ward_211_Booth_7.pdf,43,92,,"LIST PART NO. 1 4 0  : Adam Siddiqui chawl 9, 1st Ghelabhai Road,"
BoothVoterList_A4_Ward_211_Booth_7.pdf,44,91,,"LIST PART NO. 1 4 0  : Qazi chawl 4, 1st Ghelabhai Road,"
BoothVoterList_A4_Ward_211_Booth_7.pdf,45,92,,"LIST PART NO. 1 4 0  : Adam Siddiqui chawl 9, 1st Ghelabhai Road,"
BoothVoterList_A4_Ward_211_Booth_7.pdf,46,88,,"LIST PART NO. 1 4 0  : Bakhar chawl 1, 1st Ghelabhai Road,"
BoothVoterList_A4_Ward_211_Booth_7.pdf,47,91,,"LIST PART NO. 1 4 0  : Maulana Salim chawl 9, 1st Ghelabhai Road,"
BoothVoterList_A4_Ward_211_Booth_7.pdf,48,91,,"LIST PART NO. 1 4 0  : Qazi chawl 4, 1st Ghelabhai Road,"
BoothVoterList_A4_Ward_211_Booth_7.pdf,49,92,,"LIST PART NO. 1 4 0  : Ismail Palace, 1st Ghelabhai Road,"
BoothVoterList_A4_Ward_211_Booth_7.pdf,50,92,,"LIST PART NO. 1 4 1  : Municipal House No. 93D, Sattar Mazeel Mohammad Shahid Marg, (Moreland Road),"
BoothVoterList_A4_Ward_211_Booth_7.pdf,51,87,,"LIST PART NO. 1 4 1  : Shireen Manzil 9 3-E, Mohammad Shahid Marg, ARGS Road),"
BoothVoterList_A4_Ward_211_Booth_8.pdf,2,91,,"LIST PART NO. 1 4 1  : Halima Apartment A, Mohammad Shahid Marg, (Moreland Road),"
BoothVoterList_A4_Ward_211_Booth_8.pdf,6,92,,"LIST PART NO. 1 4 1  : Halima Apartment B, Mohammad Shahid Marg, (Moreland Road),"
BoothVoterList_A4_Ward_211_Booth_8.pdf,11,89,,"LIST PART NO. 1 4 1  : Halima Apartment C, Mohammad Shahid Marg, ARGS Road),"
BoothVoterList_A4_Ward_211_Booth_8.pdf,14,90,,"LIST PART NO. 1 4 1  : Municipal House No. 9 7, MAMSA ESTATE chawl, MOHAMMED SHAHID MARG, (MORLAND ROAD),"
BoothVoterList_A4_Ward_211_Booth_8.pdf,22,92,,"LIST PART NO. 1 4 1  : Municipal House No. 9 7, Mamsa Estate chawl H-3 (New Nagar), Mohammad Shahid Marg"
BoothVoterList_A4_Ward_211_Booth_8.pdf,32,93,,"LIST PART NO. 1 4 1  : Municipal House No. 2 0 0-A, Daruwala Building, Maulana Azad Road,"
BoothVoterList_A4_Ward_211_Booth_8.pdf,34,87,,"LIST PART NO. 1 4 1  : 2o B Dagda chawl, BENT BAGH, MOHAMMED SHAHID MARG, (MORELAND ROAD),"
BoothVoterList_A4_Ward_211_Booth_8.pdf,36,92,,LIST PART NO. 1 4 1  : Municipal House No. 93 Arab Tabela Mohammad Shahid Marg - Moreland Road
BoothVoterList_A4_Ward_211_Booth_8.pdf,37,91,,LIST PART NO. 1 4 1  : Ottawala Hotel Mohammed Shahid Marg - Moreland Road
BoothVoterList_A4_Ward_211_Booth_8.pdf,38,92,,"LIST PART NO. 1 4 1  : Municipal House No. 2 1 0, Koyta Estate, Maulana Azad Road,"
BoothVoterList_A4_Ward_211_Booth_8.pdf,39,92,,"LIST PART NO. 1 4 1  : Municipal House No. 2 1 0, Maulana Azad Road,"
BoothVoterList_A4_Ward_211_Booth_8.pdf,40,94,,"LIST PART NO. 1 4 1  : Municipal House No. 2 1 0, Koyta Estate 3-4, Maulana Azad Road,"
BoothVoterList_A4_Ward_211_Booth_8.pdf,41,93,,"LIST PART NO. 1 4 1  : Municipal House No. 2 0 4, Ghoghari Bagh, Maulana Azad Road,"
BoothVoterList_A4_Ward_211_Booth_8.pdf,42,89,,"LIST PART NO. 1 4 1  : 2 1 0 Ghoghari Bagh (Hashmi Dairy Farm), Maulana Azad Road,"
BoothVoterList_A4_Ward_211_Booth_8.pdf,43,88,,"LIST PART NO. 1 4 1  : Municipal House No. 9 7, Hod 4-4, Mohammad Shahid Marg, (Moreland Road),"
BoothVoterList_A4_Ward_211_Booth_8.pdf,44,93,,LIST PART NO. 1 4 1  : Fatima Menhan Maulana Azad Road Cross Lane Mumbai -4 0 0 0 0 8
BoothVoterList_A4_Ward_211_Booth_8.pdf,45,92,,"LIST PART NO. 1 4 1  : Majidia Manzil, Plot No. 292-298 Maulana Azad Road, Mumbai Central,"
BoothVoterList_A4_Ward_211_Booth_8.pdf,46,92,,"LIST PART NO. 1 4 1  : Municipal House No. 9 7, Mamsa Estate chawl H-3 (New Nagar), Mohammad Shahid Marg"
BoothVoterList_A4_Ward_211_Booth_8.pdf,47,90,,"LIST PART NO. 1 4 1  : Municipal House No. 9 7, MAMSA ESTATE chawl, MOHAMMED SHAHID MARG, (MORLAND ROAD),"
BoothVoterList_A4_Ward_211_Booth_8.pdf,48,91,,"LIST PART NO. 1 4 1  : Halima Apartment A, Mohammad Shahid Marg, (Moreland Road),"
BoothVoterList_A4_Ward_211_Booth_8.pdf,49,92,,"LIST PART NO. 1 4 1  : Halima Apartment B, Mohammad Shahid Marg, (Moreland Road),"
BoothVoterList_A4_Ward_211_Booth_8.pdf,50,92,,"LIST PART NO. 1 4 1  : Municipal House No. 9 7, Mamsa Estate chawl H-3 (New Nagar), Mohammad Shahid Marg"
BoothVoterList_A4_Ward_211_Booth_8.pdf,51,90,,"LIST PART NO. 1 4 1  : Municipal House No. 9 7, MAMSA ESTATE chawl, MOHAMMED SHAHID MARG, (MORLAND ROAD),"
BoothVoterList_A4_Ward_211_Booth_8.pdf,52,92,,"LIST PART NO. 1 4 1  : Municipal House No. 9 7, Mamsa Estate chawl H-3 (New Nagar), Mohammad Shahid Marg"
BoothVoterList_A4_Ward_211_Booth_8.pdf,53,91,,"LIST PART NO. 1 4 1  : Halima Apartment A, Mohammad Shahid Marg, (Moreland Road),"
BoothVoterList_A4_Ward_211_Booth_8.pdf,54,92,,"LIST PART NO. 1 4 1  : Municipal House No. 9 7, Mamsa Estate chawl H-3 (New Nagar), Mohammad Shahid Marg"
BoothVoterList_A4_Ward_211_Booth_8.pdf,55,87,,"LIST PART NO. 1 4 1  : Shireen Manzil 9 3-E, Mohammad Shahid Marg, ARGS Road),"
BoothVoterList_A4_Ward_211_Booth_8.pdf,56,91,,"LIST PART NO. 1 4 1  : Halima Apartment A, Mohammad Shahid Marg, (Moreland Road),"
BoothVoterList_A4_Ward_211_Booth_8.pdf,57,92,,"LIST PART NO. 1 4 1  : Halima Apartment B, Mohammad Shahid Marg, (Moreland Road),"
BoothVoterList_A4_Ward_211_Booth_8.pdf,58,90,,"LIST PART NO. 1 4 1  : Municipal House No. 9 7, MAMSA ESTATE chawl, MOHAMMED SHAHID MARG, (MORLAND ROAD),"
BoothVoterList_A4_Ward_211_Booth_8.pdf,59,92,,"LIST PART NO. 1 4 1  : Municipal House No. 9 7, Mamsa Estate chawl H-3 (New Nagar), Mohammad Shahid Marg"
BoothVoterList_A4_Ward_211_Booth_8.pdf,60,92,,"LIST PART NO. 1 4 1  : Majidia Manzil, Plot No. 292-298 Maulana Azad Road, Mumbai Central,"
BoothVoterList_A4_Ward_211_Booth_8.pdf,61,87,,"LIST PART NO. 1 4 1  : Shireen Manzil 9 3-E, Mohammad Shahid Marg, ARGS Road),"
BoothVoterList_A4_Ward_211_Booth_8.pdf,62,90,,"LIST PART NO. 1 4 1  : Municipal House No. 9 7, MAMSA ESTATE chawl, MOHAMMED SHAHID MARG, (MORLAND ROAD),"
BoothVoterList_A4_Ward_211_Booth_8.pdf,63,92,,"LIST PART NO. 1 4 1  : Halima Apartment B, Mohammad Shahid Marg, (Moreland Road),"
BoothVoterList_A4_Ward_211_Booth_8.pdf,64,92,,"LIST PART NO. 1 4 1  : Municipal House No. 9 7, Mamsa Estate chawl H-3 (New Nagar), Mohammad Shahid Marg"
BoothVoterList_A4_Ward_211_Booth_8.pdf,65,93,,"LIST PART NO. 1 4 1  : Municipal House No. 2 0 0-A, Daruwala Building, Maulana Azad Road,"
BoothVoterList_A4_Ward_211_Booth_8.pdf,66,92,,"LIST PART NO. 1 4 1  : Municipal House No. 9 7, Mamsa Estate chawl H-3 (New Nagar), Mohammad Shahid Marg"
BoothVoterList_A4_Ward_211_Booth_8.pdf,67,90,,"LIST PART NO. 1 4 1  : Municipal House No. 9 7, MAMSA ESTATE chawl, MOHAMMED SHAHID MARG, (MORLAND ROAD),"
BoothVoterList_A4_Ward_211_Booth_8.pdf,68,89,,"LIST PART NO. 1 4 1  : Halima Apartment C, Mohammad Shahid Marg, ARGS Road),"
BoothVoterList_A4_Ward_211_Booth_9.pdf,2,86,,"LIST PART NO. 1 3 7  : Municipal House No. 9 7 C MAMSA ESTATE (C), MOHAMMED SHAHID AM ARGS ROAD)"
BoothVoterList_A4_Ward_211_Booth_9.pdf,9,88,,"LIST PART NO. 1 3 7  : Municipal House No. 9 7 C Mamsa Estate (B), Mohammad Ales Marg ARGS Road)"
BoothVoterList_A4_Ward_211_Booth_9.pdf,13,89,,"LIST PART NO. 1 3 0  : Municipal House No. 1 0 9 Fatima Apartment, B Wing, Mohammad Shahid Marg ARGS Road)"
BoothVoterList_A4_Ward_211_Booth_9.pdf,18,90,,"LIST PART NO. 1 3 0  : 1 0 1 Jumma Majid, Mohammad Shahid Marg (Morland Road)"
BoothVoterList_A4_Ward_211_Booth_9.pdf,21,88,,"LIST PART NO. 1 3 7  : 999 Jumma Majid chawl, Mohammad Shahid Marg (Moreland Road)"
BoothVoterList_A4_Ward_211_Booth_9.pdf,23,82,,"LIST PART NO. 1 3 7  : Yusuf Adam chawl, Mohammad Shahid Marg, (Morland Road)"
BoothVoterList_A4_Ward_211_Booth_9.pdf,24,89,,"LIST PART NO. 1 3 0  : MAMSA ESTATE A (MORLAND ROAD) MOHAMMED SHAHID MARG,"
BoothVoterList_A4_Ward_211_Booth_9.pdf,27,89,,"LIST PART NO. 1 3 7  : Fatima Apartment A, Cyrus Vary Road,"
BoothVoterList_A4_Ward_211_Booth_9.pdf,29,89,,"LIST PART NO. 1 3 0  : Municipal House No. 1 0 9 Fatima Apartment, B Wing, Mohammad Shahid Marg ARGS Road)"
BoothVoterList_A4_Ward_211_Booth_9.pdf,32,89,,"LIST PART NO. 1 3 0  : MAMSA ESTATE A (MORLAND ROAD) MOHAMMED SHAHID MARG,"
BoothVoterList_A4_Ward_211_Booth_9.pdf,33,86,,"LIST PART NO. 1 3 7  : Municipal House No. 9 7 C MAMSA ESTATE (C), MOHAMMED SHAHID AM ARGS ROAD)"
BoothVoterList_A4_Ward_211_Booth_9.pdf,34,90,,"LIST PART NO. 1 3 0  : 1 0 1 Jumma Majid, Mohammad Shahid Marg (Morland Road)"
BoothVoterList_A4_Ward_211_Booth_9.pdf,35,88,,"LIST PART NO. 1 3 7  : 999 Jumma Majid chawl, Mohammad Shahid Marg (Moreland Road)"
BoothVoterList_A4_Ward_211_Booth_9.pdf,36,86,,"LIST PART NO. 1 3 7  : Municipal House No. 9 7 C MAMSA ESTATE (C), MOHAMMED SHAHID AM ARGS ROAD)"
BoothVoterList_A4_Ward_211_Booth_9.pdf,37,89,,"LIST PART NO. 1 3 7  : Fatima Apartment A, Cyrus Vary Road,"
