filename,page,content,confidence
BoothVoterList_A4_Ward_211_Booth_1.pdf,2,"यादी भाग क्र. १३७  :  म्यु.घ.नं.२१ए, गनी अत्तरवाला चाळ, घेलाबाई रोड,",85
BoothVoterList_A4_Ward_211_Booth_1.pdf,7,"यादी भाग क्र. १३७  :  म्यु.घ.नं.२१, गनी अत्तरवाला चाळ, घेलाबाई रोड,",89
BoothVoterList_A4_Ward_211_Booth_1.pdf,12,"यादी भाग क्र. १३७ : म्यु.घ.नं.१९, नवी चाळ, घेलाबाई रोड,",87
BoothVoterList_A4_Ward_211_Booth_1.pdf,18,"यादी भाग क्र. १३७  :  म्यु.घ.नं.२१, आखाडे की चाळ, घेलाबाई रोड,",92
BoothVoterList_A4_Ward_211_Booth_1.pdf,20,"यादी भाग क्र. १३७  :  म्यु.घ.नं.२१, आखाडे की चाल, दुसरा घेलाभाई रोड",89
BoothVoterList_A4_Ward_211_Booth_1.pdf,21,"यादी भाग क्र. १३७  :  घेलाबाई मदन पुरा, दुसरा घेलाभाई रोड,",89
BoothVoterList_A4_Ward_211_Booth_1.pdf,22,"यादी भाग क्र. १३७  :  दानिश विला, तिसरा घेलाभाई रोड, मदनपुरा",91
BoothVoterList_A4_Ward_211_Booth_1.pdf,27,"यादी भाग क्र. १३७ : म्यु.घ.नं.१९, नवी चाळ, घेलाबाई रोड,",87
BoothVoterList_A4_Ward_211_Booth_1.pdf,28,"यादी भाग क्र. १३७  :  दानिश विला, तिसरा घेलाभाई रोड, मदनपुरा",91
BoothVoterList_A4_Ward_211_Booth_1.pdf,29,"यादी भाग क्र. १३७ : म्यु.घ.नं.१९, नवी चाळ, घेलाबाई रोड,",87
BoothVoterList_A4_Ward_211_Booth_1.pdf,30,"यादी भाग क्र. १३७  :  म्यु.घ.नं.२१ए, गनी अत्तरवाला चाळ, घेलाबाई रोड,",85
BoothVoterList_A4_Ward_211_Booth_1.pdf,31,"यादी भाग क्र. १३७  :  दानिश विला, तिसरा घेलाभाई रोड, मदनपुरा",91
BoothVoterList_A4_Ward_211_Booth_1.pdf,32,"यादी भाग क्र. १३७  :  म्यु.घ.नं.२१, गनी अत्तरवाला चाळ, घेलाबाई रोड,",89
BoothVoterList_A4_Ward_211_Booth_1.pdf,33,"यादी भाग क्र. १३७  :  म्यु.घ.नं.२१, आखाडे की चाळ, घेलाबाई रोड,",92
BoothVoterList_A4_Ward_211_Booth_1.pdf,34,"यादी भाग क्र. १३७  :  दानिश विला, तिसरा घेलाभाई रोड, मदनपुरा",91
BoothVoterList_A4_Ward_211_Booth_1.pdf,35,"यादी भाग क्र. १३७  :  म्यु.घ.नं.२१, गनी अत्तरवाला चाळ, घेलाबाई रोड,",89
BoothVoterList_A4_Ward_211_Booth_1.pdf,36,"यादी भाग क्र. १३७  :  दानिश विला, तिसरा घेलाभाई रोड, मदनपुरा",91
BoothVoterList_A4_Ward_211_Booth_1.pdf,37,"यादी भाग क्र. १३७ : म्यु.घ.नं.१९, नवी चाळ, घेलाबाई रोड,",87
BoothVoterList_A4_Ward_211_Booth_1.pdf,38,"यादी भाग क्र. १३७  :  दानिश विला, तिसरा घेलाभाई रोड, मदनपुरा",91
BoothVoterList_A4_Ward_211_Booth_1.pdf,39,"यादी भाग क्र. १३७ : म्यु.घ.नं.१९, नवी चाळ, घेलाबाई रोड,",87
BoothVoterList_A4_Ward_211_Booth_1.pdf,40,"यादी भाग क्र. १३७  :  दानिश विला, तिसरा घेलाभाई रोड, मदनपुरा",91
BoothVoterList_A4_Ward_211_Booth_1.pdf,41,"यादी भाग क्र. १३७ : म्यु.घ.नं.१९, नवी चाळ, घेलाबाई रोड,",87
BoothVoterList_A4_Ward_211_Booth_10.pdf,2,"यादी भाग क्र. १९८  :  SATS चाळ, २री घेलाबाई रोड,",87
BoothVoterList_A4_Ward_211_Booth_10.pdf,6,"यादी भाग क्र. १९८  :  PRAMS चाळ, २री घेलाबाई रोड,",82
BoothVoterList_A4_Ward_211_Booth_10.pdf,8,"यादी भाग क्र. १९८  :  म्यु.घ.नं.५, भीवंडीवाली चाळ, २री घेलाबाई रोड,",92
BoothVoterList_A4_Ward_211_Booth_10.pdf,10,"यादी भाग क्र. १९८  :  म्यु.घ.नं.७, दुखी शेठ चाळ, २री घेलाबाई रोड,",93
BoothVoterList_A4_Ward_211_Booth_10.pdf,13,"यादी भाग क्र. १९८  :  म्यु.घ.नं.१३-१५, रंगारी हसन चाळ, २री घेलाबाई रोड,",92
BoothVoterList_A4_Ward_211_Booth_10.pdf,14,"यादी भाग क्र. १९८  :  म्यु.घ.नं.१७-१९, रहीमशेठ चाळ, WT घेलाबाई रोड,",91
BoothVoterList_A4_Ward_211_Booth_10.pdf,17,"यादी भाग क्र. १९८  :  म्यु.घ.नं.२१ (अ), इसासुमार चाळ, २री घेलाबाई रोड,",92
BoothVoterList_A4_Ward_211_Booth_10.pdf,21,"यादी भाग क्र. १९८  :  म्यु.घ.नं.८ बोरी चाळ, २री घेलाबाई रोड,",92
BoothVoterList_A4_Ward_211_Booth_10.pdf,25,"यादी भाग क्र. १९८  :  म्यु.घ.नं.९, मोहसीन चाळ, २री घेलाबाई रोड,",93
BoothVoterList_A4_Ward_211_Booth_10.pdf,26,"यादी भाग क्र. १९८  :  म्यु.घ.नं.१० युसुफ मंझिल, W घेलाबाई रोड,",90
BoothVoterList_A4_Ward_211_Booth_10.pdf,27,"यादी भाग क्र. १९८  :  म्यु.घ.नं.११, याकुब मंझील, २री घेलाबाई रोड,",92
BoothVoterList_A4_Ward_211_Booth_10.pdf,30,"यादी भाग क्र. १९८  :  म्यु.घ.नं.२२ सी, हुसैन बिल्डींग, मोहम मद उमर रजब रोड,",92
BoothVoterList_A4_Ward_211_Booth_10.pdf,34,"यादी भाग क्र. १९८  :  हुसैन बिल्डींग डी ब्लॉक, मोहम्मद उमर रजब रोड,",90
BoothVoterList_A4_Ward_211_Booth_10.pdf,35,"यादी भाग क्र. १९८  :  हुसैन बिल्डींग, मोहम्मद उमर रजब रोड,",93
BoothVoterList_A4_Ward_211_Booth_10.pdf,36,"यादी भाग क्र. १९८  :  केएसए हरीस, 2 घेलाभाई स्ट्रीट, मदनपुरा, मुंबई - ४००००८",91
BoothVoterList_A4_Ward_211_Booth_10.pdf,37,"यादी भाग क्र. १९८  :  म्यु.घ.नं.८ बोरी चाळ, २री घेलाबाई रोड,",92
BoothVoterList_A4_Ward_211_Booth_10.pdf,38,"यादी भाग क्र. १९८  :  म्यु.घ.नं.११, याकुब मंझील, २री घेलाबाई रोड,",92
BoothVoterList_A4_Ward_211_Booth_10.pdf,39,"यादी भाग क्र. १९८  :  SATS चाळ, २री घेलाबाई रोड,",87
BoothVoterList_A4_Ward_211_Booth_10.pdf,40,"यादी भाग क्र. १९८  :  म्यु.घ.नं.१७-१९, रहीमशेठ चाळ, WT घेलाबाई रोड,",91
BoothVoterList_A4_Ward_211_Booth_10.pdf,41,"यादी भाग क्र. १९८  :  म्यु.घ.नं.८ बोरी चाळ, २री घेलाबाई रोड,",92
BoothVoterList_A4_Ward_211_Booth_10.pdf,42,"यादी भाग क्र. १९८  :  म्यु.घ.नं.२१ (अ), इसासुमार चाळ, २री घेलाबाई रोड,",92
BoothVoterList_A4_Ward_211_Booth_10.pdf,43,"यादी भाग क्र. १९८  :  केएसए हरीस, 2 घेलाभाई स्ट्रीट, मदनपुरा, मुंबई - ४००००८",91
BoothVoterList_A4_Ward_211_Booth_10.pdf,44,"यादी भाग क्र. १९८  :  म्यु.घ.नं.१७-१९, रहीमशेठ चाळ, WT घेलाबाई रोड,",91
BoothVoterList_A4_Ward_211_Booth_10.pdf,45,"यादी भाग क्र. १९८  :  म्यु.घ.नं.५, भीवंडीवाली चाळ, २री घेलाबाई रोड,",92
BoothVoterList_A4_Ward_211_Booth_10.pdf,46,"यादी भाग क्र. १९८  :  म्यु.घ.नं.२२ सी, हुसैन बिल्डींग, मोहम मद उमर रजब रोड,",92
BoothVoterList_A4_Ward_211_Booth_10.pdf,47,"यादी भाग क्र. १९८  :  म्यु.घ.नं.५, भीवंडीवाली चाळ, २री घेलाबाई रोड,",92
BoothVoterList_A4_Ward_211_Booth_10.pdf,48,"यादी भाग क्र. १९८  :  म्यु.घ.नं.१७-१९, रहीमशेठ चाळ, WT घेलाबाई रोड,",91
BoothVoterList_A4_Ward_211_Booth_10.pdf,49,"यादी भाग क्र. १९८  :  म्यु.घ.नं.५, भीवंडीवाली चाळ, २री घेलाबाई रोड,",92
BoothVoterList_A4_Ward_211_Booth_10.pdf,50,"यादी भाग क्र. १९८  :  केएसए हरीस, 2 घेलाभाई स्ट्रीट, मदनपुरा, मुंबई - ४००००८",91
BoothVoterList_A4_Ward_211_Booth_10.pdf,51,"यादी भाग क्र. १९८  :  ४०००११, हुसैन बिल्डींग, मोहम्मद उमर रजब रोड,",93
BoothVoterList_A4_Ward_211_Booth_10.pdf,52,"यादी भाग क्र. १९८  :  हुसैन बिल्डींग डी ब्लॉक, मोहम्मद उमर रजब रोड,",90
BoothVoterList_A4_Ward_211_Booth_10.pdf,53,"यादी भाग क्र. १९८  :  म्यु.घ.नं.२२ सी, हुसैन बिल्डींग, मोहम मद उमर रजब रोड,",92
BoothVoterList_A4_Ward_211_Booth_10.pdf,54,"यादी भाग क्र. १९८  :  PRAMS चाळ, २री घेलाबाई रोड,",82
BoothVoterList_A4_Ward_211_Booth_10.pdf,55,"यादी भाग क्र. १९८  :  SATS चाळ, २री घेलाबाई रोड,",87
BoothVoterList_A4_Ward_211_Booth_10.pdf,56,"यादी भाग क्र. १९८  :  म्यु.घ.नं.५, भीवंडीवाली चाळ, २री घेलाबाई रोड,",92
BoothVoterList_A4_Ward_211_Booth_10.pdf,57,"यादी भाग क्र. १९८  :  ४०००११, हुसैन बिल्डींग, मोहम्मद उमर रजब रोड,",93
BoothVoterList_A4_Ward_211_Booth_10.pdf,58,"यादी भाग क्र. १९८  :  PRAMS चाळ, २री घेलाबाई रोड,",82
BoothVoterList_A4_Ward_211_Booth_11.pdf,2,"यादी भाग क्र. २०३  :  म्यु.घ.नं.७८, आगाखान बिल्डींग, मौलाना आझाद रोड,",93
BoothVoterList_A4_Ward_211_Booth_11.pdf,5,"यादी भाग क्र. २०३  :  म्यु.घ.नं.२३२, राज ऑईल मिल्स, जहाँगीर बोमन बेहराम मार्ग,",91
BoothVoterList_A4_Ward_211_Booth_11.pdf,7,"यादी भाग क्र. २०३  :  म्यु.घ.नं.२४९, चिराग अरब, जहाँगीर बोमन बेहराम मार्ग",93
BoothVoterList_A4_Ward_211_Booth_11.pdf,8,"यादी भाग क्र. २०३  :  म्यु.घ.नं. २५४, CESS गॅरेज, जहाँगीर बोमन बेहराम मार्ग,",88
BoothVoterList_A4_Ward_211_Booth_11.pdf,9,"यादी भाग क्र. २०३  :  Hl टॉवर, जहाँगीर बोमन बेहराम मार्ग,",83
BoothVoterList_A4_Ward_211_Booth_11.pdf,15,"यादी भाग क्र. २०३  :  म्यु.घ.नं.२२४-२४०, शास्त्री (सुसती) बिल्डींग, जहाँगीर बोमन बेहराम, मार्ग",93
BoothVoterList_A4_Ward_211_Booth_11.pdf,16,"यादी भाग क्र. २०३  :  २४८ अ, चिरा-ए-अरब, जहाँगीर बोमन बेहराम मार्ग,",86
BoothVoterList_A4_Ward_211_Booth_11.pdf,18,"यादी भाग क्र. २०३  : म्यु.घ.न.२५२ ई, बी.एम.सी. स्टाफ FATE, जहागीर बोमन बेहराम मार्ग,",88
BoothVoterList_A4_Ward_211_Booth_11.pdf,19,"यादी भाग क्र. २०३  :  पटेल अपार्टमेंट, मौलाना आझाद रोड, समुंदर हॉटेल समोर, जहागीर बोमन",92
BoothVoterList_A4_Ward_211_Booth_11.pdf,27,"यादी भाग क्र. २०३  :  आयशा अपार्टमेंट (सी.एस.१६९२), मौलाना आझाद रोड,",92
BoothVoterList_A4_Ward_211_Booth_11.pdf,30,"यादी भाग क्र. २०३  :  आयशा अपार्ट., मौलाना आझाद WS, मुंबई क्र.२६",90
BoothVoterList_A4_Ward_211_Booth_11.pdf,31,"यादी भाग क्र. २०३  :  रमझान मंझिल, मौलाना आझाद रोड, आग्रीपाडा,",91
BoothVoterList_A4_Ward_211_Booth_11.pdf,32,"यादी भाग क्र. २०३  :  Yooo 94, रमझान मंझिल, मौलाना आझाद रोड, आग्रीपाडा,",86
BoothVoterList_A4_Ward_211_Booth_11.pdf,33,"यादी भाग क्र. २०३  :  युसुफ मंझील, मौलाना आझाद रोड,",92
BoothVoterList_A4_Ward_211_Booth_11.pdf,34,"यादी भाग क्र. २०३  :  अर AIM, मौलाना आझाद रोड,",90
BoothVoterList_A4_Ward_211_Booth_11.pdf,36,"यादी भाग क्र. २०३  :  हुसेनी लकडा बाजार, जहांगीर बोमन बेहराम मार्ग, राज ऑइल मिल्स जवळ,",92
BoothVoterList_A4_Ward_211_Booth_11.pdf,37,"यादी भाग क्र. २०३  :  228/282, अव्वल AVM, बेलासिस WS, नागपाडा, मुंबई-४००००८",90
BoothVoterList_A4_Ward_211_Booth_11.pdf,38,"यादी भाग क्र. २०३  :  आयशा अपार्टमेंट (सी.एस.१६९२), मौलाना आझाद रोड,",92
BoothVoterList_A4_Ward_211_Booth_11.pdf,39,"यादी भाग क्र. २०३  :  पटेल अपार्टमेंट, मौलाना आझाद रोड, समुंदर हॉटेल समोर, जहागीर बोमन",92
BoothVoterList_A4_Ward_211_Booth_11.pdf,40,"यादी भाग क्र. २०३  :  अर AIM, मौलाना आझाद रोड,",90
BoothVoterList_A4_Ward_211_Booth_11.pdf,41,"यादी भाग क्र. २०३  :  पटेल अपार्टमेंट, मौलाना आझाद रोड, समुंदर हॉटेल समोर, जहागीर बोमन",92
BoothVoterList_A4_Ward_211_Booth_11.pdf,42,"यादी भाग क्र. २०३  :  Hl टॉवर, जहाँगीर बोमन बेहराम मार्ग,",83
BoothVoterList_A4_Ward_211_Booth_11.pdf,43,"यादी भाग क्र. २०३  :  रमझान मंझिल, मौलाना आझाद रोड, आग्रीपाडा,",91
BoothVoterList_A4_Ward_211_Booth_11.pdf,44,"यादी भाग क्र. २०३  :  म्यु.घ.नं.७८, आगाखान बिल्डींग, मौलाना आझाद रोड,",93
BoothVoterList_A4_Ward_211_Booth_11.pdf,45,"यादी भाग क्र. २०३  :  रमझान मंझिल, मौलाना आझाद रोड, आग्रीपाडा,",91
BoothVoterList_A4_Ward_211_Booth_11.pdf,46,"यादी भाग क्र. २०३  :  पटेल अपार्टमेंट, मौलाना आझाद रोड, समुंदर हॉटेल समोर, जहागीर बोमन",92
BoothVoterList_A4_Ward_211_Booth_11.pdf,47,"यादी भाग क्र. २०३  :  Hl टॉवर, जहाँगीर बोमन बेहराम मार्ग,",83
BoothVoterList_A4_Ward_211_Booth_11.pdf,48,"यादी भाग क्र. २०३  :  आयशा अपार्टमेंट (सी.एस.१६९२), मौलाना आझाद रोड,",92
BoothVoterList_A4_Ward_211_Booth_11.pdf,49,"यादी भाग क्र. २०३  :  म्यु.घ.नं.७८, आगाखान बिल्डींग, मौलाना आझाद रोड,",93
BoothVoterList_A4_Ward_211_Booth_11.pdf,50,"यादी भाग क्र. २०३  :  Hl टॉवर, जहाँगीर बोमन बेहराम मार्ग,",83
BoothVoterList_A4_Ward_211_Booth_11.pdf,51,"यादी भाग क्र. २०३  :  आयशा अपार्टमेंट (सी.एस.१६९२), मौलाना आझाद रोड,",92
BoothVoterList_A4_Ward_211_Booth_11.pdf,52,"यादी भाग क्र. २०३  :  अर AIM, मौलाना आझाद रोड,",90
BoothVoterList_A4_Ward_211_Booth_11.pdf,53,"यादी भाग क्र. २०३  :  Hl टॉवर, जहाँगीर बोमन बेहराम मार्ग,",83
BoothVoterList_A4_Ward_211_Booth_11.pdf,54,"यादी भाग क्र. २०३  :  Yooo 94, रमझान मंझिल, मौलाना आझाद रोड, आग्रीपाडा,",86
BoothVoterList_A4_Ward_211_Booth_11.pdf,55,"यादी भाग क्र. २०३  :  Hl टॉवर, जहाँगीर बोमन बेहराम मार्ग,",83
BoothVoterList_A4_Ward_211_Booth_11.pdf,56,"यादी भाग क्र. २०३  :  रमझान मंझिल, मौलाना आझाद रोड, आग्रीपाडा,",91
BoothVoterList_A4_Ward_211_Booth_11.pdf,57,"यादी भाग क्र. २०३  :  पटेल अपार्टमेंट, मौलाना आझाद रोड, समुंदर हॉटेल समोर, जहागीर बोमन",92
BoothVoterList_A4_Ward_211_Booth_11.pdf,58,"यादी भाग क्र. २०३  :  म्यु.घ.नं.७८, आगाखान बिल्डींग, मौलाना आझाद रोड,",93
BoothVoterList_A4_Ward_211_Booth_11.pdf,59,"यादी भाग क्र. २०३  :  पटेल अपार्टमेंट, मौलाना आझाद रोड, समुंदर हॉटेल समोर, जहागीर बोमन",92
BoothVoterList_A4_Ward_211_Booth_11.pdf,60,"यादी भाग क्र. २०३  :  अर AIM, मौलाना आझाद रोड,",90
BoothVoterList_A4_Ward_211_Booth_12.pdf,2,"यादी भाग क्र. २३३  :  म्यु.घ.नं.५९-अ, रंगवाला चाळ, मोहम्मद शहिद मार्ग (मॉरलॅन्ड रोड),",89
BoothVoterList_A4_Ward_211_Booth_12.pdf,3,"यादी भाग क्र. २३३  :  म्यु.घ.नं.५९-ब, रंगवाला चाळ, मोहम्मद शहिद मार्ग ANS रोड),",88
BoothVoterList_A4_Ward_211_Booth_12.pdf,4,"यादी भाग क्र. २३३  :  म्यु.घ.नं.६१, शौकत अली सुलेमान बंगला, मोहम्मद शहिद मार्ग ARGS",92
BoothVoterList_A4_Ward_211_Booth_12.pdf,5,"यादी भाग क्र. २३३  :  अवल को. हौसींग सोसायटी, मोहम्मद शहिद मार्ग (मॉरलॅन्ड रोड),",84
BoothVoterList_A4_Ward_211_Booth_12.pdf,6,"यादी भाग क्र. २३३  :  म्यु.घ.नं.६३-अ, आदमजी पीराभाई बिल्डींग, मोहम्मद शहिद मार्ग ARIS",86
BoothVoterList_A4_Ward_211_Booth_12.pdf,10,"यादी भाग क्र. २३३  :  म्यु.घ.नं.६१-बी, आदमजी पीराभाई बिल्डींग 4-2, मोहम्मद शहिद मार्ग",89
BoothVoterList_A4_Ward_211_Booth_12.pdf,11,"यादी भाग क्र. २३३  :  म्यु.घ.नं.६३-बी, आदमजी पीराभाई बिल्डींग 4-3, मोहम्मद ales मार्ग",88
BoothVoterList_A4_Ward_211_Booth_12.pdf,15,"यादी भाग क्र. २३३  :  म्यु.घ.नं.६५-७५, हाजी चाळ, मोहम्मद शहिद मार्ग (मॉरलॅन्ड रोड),",91
BoothVoterList_A4_Ward_211_Booth_12.pdf,25,"यादी भाग क्र. २३३  :  म्युनिसिपल चाळ (हाजी चाळच्या बाजूल), मोहम्मद शहिद मार्ग ARIS",86
BoothVoterList_A4_Ward_211_Booth_12.pdf,26,"यादी भाग क्र. २३३  :  म्यु.घ.नं.२५८-ए, Role कंपाउंड-ए, जहांगीर बोमन बेहराम मार्ग,",90
BoothVoterList_A4_Ward_211_Booth_12.pdf,27,"यादी भाग क्र. २३३  :  म्यु.घ.नं.२५८-बी, Rele कंपाउंड-बी, जहांगीर बोमन बेहराम मार्ग,",89
BoothVoterList_A4_Ward_211_Booth_12.pdf,28,"यादी भाग क्र. २३३  :  म्यु.घ.नं.२५८-सी, Rete कंपाउंड-सी, जहांगीर बोमन बेहराम मार्ग,",89
BoothVoterList_A4_Ward_211_Booth_12.pdf,29,"यादी भाग क्र. २३३  :  म्यु.घ.नं.२५८ डी, Role कंपाउंड-डी, जहांगीर बोमन बेहराम मार्ग,",88
BoothVoterList_A4_Ward_211_Booth_12.pdf,30,"यादी भाग क्र. २३३  :  म्यु.घ.नं.२५८-सी, Rete कंपाउंड-सी, जहांगीर बोमन बेहराम मार्ग,",88
BoothVoterList_A4_Ward_211_Booth_12.pdf,31,"यादी भाग क्र. २३३  :  म्यु.घ.नं.२५८-जी, Role कंपाउंड-जी, जहांगीर बोमन बेहराम मार्ग,",87
BoothVoterList_A4_Ward_211_Booth_12.pdf,33,"यादी भाग क्र. २३३  :  म्यु.घ.नं.२६४, झिया अपार्टमेंट-अ, जहांगीर बोमन बेहराम मार्ग,",91
BoothVoterList_A4_Ward_211_Booth_12.pdf,36,"यादी भाग क्र. २३३  :  म्यु.घ.नं.२६४, झिया अपार्टमेंट-ब, जहांगीर बोमन बेहराम मार्ग,",92
BoothVoterList_A4_Ward_211_Booth_12.pdf,41,"यादी भाग क्र. २३३  :  म्यु.घ.नं.२(७२-ए, जुम्मा मशिद चाळ, जहांगीर बोमन बेहराम मार्ग,",83
BoothVoterList_A4_Ward_211_Booth_12.pdf,47,"यादी भाग क्र. २३३  :  म्यु.घ.नं.२६८-२७२, जुम्मा मशिद चाळ, जहांगीर बोमन बेहराम मार्ग,",91
BoothVoterList_A4_Ward_211_Booth_12.pdf,48,"यादी भाग क्र. २३३  :  ट्रस्ट बिल्डिंग, जहांगीर बोमन बेहराम मार्ग,",92
BoothVoterList_A4_Ward_211_Booth_12.pdf,49,"यादी भाग क्र. २३३  :  के.डी.सोसायटी, जहांगीर बोमन बेहराम मार्ग,",92
BoothVoterList_A4_Ward_211_Booth_12.pdf,50,"यादी भाग क्र. २३३  :  म्यु.घ.नं.२५४, पटेल वाडी, जहांगीर बोमन बेहराम मार्ग,",92
BoothVoterList_A4_Ward_211_Booth_12.pdf,51,"यादी भाग क्र. २३३  :  दुधवाला ASTI बिल्डींग न.२. बी-विंग,जहाँगिर बोमन बेहराम मार्ग,",85
BoothVoterList_A4_Ward_211_Booth_12.pdf,54,"यादी भाग क्र. २३३  :  म्यु.घ.नं.२(७२-ए, जुम्मा मशिद चाळ, जहांगीर बोमन बेहराम मार्ग,",83
BoothVoterList_A4_Ward_211_Booth_12.pdf,55,"यादी भाग क्र. २३३  :  म्यु.घ.नं.२६८-२७२, जुम्मा मशिद चाळ, जहांगीर बोमन बेहराम मार्ग,",91
BoothVoterList_A4_Ward_211_Booth_12.pdf,56,"यादी भाग क्र. २३३  :  म्यु.घ.नं.६५-७५, हाजी चाळ, मोहम्मद शहिद मार्ग (मॉरलॅन्ड रोड),",91
BoothVoterList_A4_Ward_211_Booth_12.pdf,57,"यादी भाग क्र. २३३  :  म्यु.घ.नं.२(७२-ए, जुम्मा मशिद चाळ, जहांगीर बोमन बेहराम मार्ग,",83
BoothVoterList_A4_Ward_211_Booth_12.pdf,58,"यादी भाग क्र. २३३  :  म्यु.घ.नं.२६८-२७२, जुम्मा मशिद चाळ, जहांगीर बोमन बेहराम मार्ग,",91
BoothVoterList_A4_Ward_211_Booth_12.pdf,59,"यादी भाग क्र. २३३  :  म्यु.घ.नं.२६४, झिया अपार्टमेंट-अ, जहांगीर बोमन बेहराम मार्ग,",91
BoothVoterList_A4_Ward_211_Booth_12.pdf,60,"यादी भाग क्र. २३३  :  म्यु.घ.नं.६३-बी, आदमजी पीराभाई बिल्डींग 4-3, मोहम्मद ales मार्ग",88
BoothVoterList_A4_Ward_211_Booth_12.pdf,61,"यादी भाग क्र. २३३  :  दुधवाला ASTI बिल्डींग न.२. बी-विंग,जहाँगिर बोमन बेहराम मार्ग,",85
BoothVoterList_A4_Ward_211_Booth_12.pdf,62,"यादी भाग क्र. २३३  :  म्यु.घ.नं.६३-अ, आदमजी पीराभाई बिल्डींग, मोहम्मद शहिद मार्ग ARIS",86
BoothVoterList_A4_Ward_211_Booth_12.pdf,63,"यादी भाग क्र. २३३  :  म्यु.घ.नं.६३-बी, आदमजी पीराभाई बिल्डींग 4-3, मोहम्मद ales मार्ग",88
BoothVoterList_A4_Ward_211_Booth_12.pdf,64,"यादी भाग क्र. २३३  :  म्यु.घ.नं.२६८-२७२, जुम्मा मशिद चाळ, जहांगीर बोमन बेहराम मार्ग,",91
BoothVoterList_A4_Ward_211_Booth_12.pdf,65,"यादी भाग क्र. २३३  :  म्यु.घ.नं.६३-बी, आदमजी पीराभाई बिल्डींग 4-3, मोहम्मद ales मार्ग",88
BoothVoterList_A4_Ward_211_Booth_12.pdf,66,"यादी भाग क्र. २३३  :  म्यु.घ.नं.६५-७५, हाजी चाळ, मोहम्मद शहिद मार्ग (मॉरलॅन्ड रोड),",91
BoothVoterList_A4_Ward_211_Booth_12.pdf,67,"यादी भाग क्र. २३३  :  म्यु.घ.नं.२(७२-ए, जुम्मा मशिद चाळ, जहांगीर बोमन बेहराम मार्ग,",83
BoothVoterList_A4_Ward_211_Booth_13.pdf,2,"यादी भाग क्र. ८०  :  न्यु खटाऊ माखानजी बिल्डिंग 4.4, हाफिजअली बहादुरखान मार्ग,",83
BoothVoterList_A4_Ward_211_Booth_13.pdf,13,"यादी भाग क्र. ८०  :  खटाव बिल्डींग जवळील झोपडपट्टी, हाफिजअली बहादुरखान मार्ग,",92
BoothVoterList_A4_Ward_211_Booth_13.pdf,14,"यादी भाग क्र. ८०  :  न्यु खटाऊ माखानजी बिल्डिंग 4.4, हाफिजअली बहादुरखान मार्ग,",83
BoothVoterList_A4_Ward_211_Booth_13.pdf,15,"यादी भाग क्र. ८०  :  खटाव बिल्डींग जवळील झोपडपट्टी, हाफिजअली बहादुरखान मार्ग,",92
BoothVoterList_A4_Ward_211_Booth_13.pdf,16,"यादी भाग क्र. ८०  :  न्यु खटाऊ माखानजी बिल्डिंग 4.4, हाफिजअली बहादुरखान मार्ग,",83
BoothVoterList_A4_Ward_211_Booth_13.pdf,17,"यादी भाग क्र. ८०  :  खटाव बिल्डींग जवळील झोपडपट्टी, हाफिजअली बहादुरखान मार्ग,",92
BoothVoterList_A4_Ward_211_Booth_13.pdf,18,"यादी भाग क्र. ८०  :  न्यु खटाऊ माखानजी बिल्डिंग 4.4, हाफिजअली बहादुरखान मार्ग,",83
BoothVoterList_A4_Ward_211_Booth_14.pdf,2,"यादी भाग क्र. १०६  :  म्यु.घ.नं.७ बी मेहता चाळ, चौथी क्रॉस लेन, साखळी स्ट्रीट",94
BoothVoterList_A4_Ward_211_Booth_14.pdf,8,"यादी भाग क्र. १०६  :  म्यु.घ.नं.९ ए पडदावाला चाळ, चौथी क्रॉस लेन, साखळी स्ट्रीट,",93
BoothVoterList_A4_Ward_211_Booth_15.pdf,2,"यादी भाग क्र. १०६  :  म्यु.घ.नं.१५ मोगलानी चाळ, चौथी क्रॉस लेन, साखळी स्ट्रीट,",90
BoothVoterList_A4_Ward_211_Booth_15.pdf,6,"यादी भाग क्र. १०६  :  म्यु.घ.नं.२३-२७ धोबी चाळ, चौथी क्रॉस लेन, साखळी स्ट्रीट",94
BoothVoterList_A4_Ward_211_Booth_15.pdf,10,"यादी भाग क्र. १०६  :  चुनावाला कॉटेज, चौथी क्रॉस लेन, साखळी स्ट्रीट,",92
BoothVoterList_A4_Ward_211_Booth_15.pdf,11,"यादी भाग क्र. १०६  :  दारूल thar, ४ सांखळी स्ट्रीट, she हफिझुद्दिन मार्ग, मदनपुरा, मुंबई ४००००८",89
BoothVoterList_A4_Ward_211_Booth_15.pdf,13,"यादी भाग क्र. १०६  :  म्यु.घ.नं.७ बी मेहता चाळ, चौथी क्रॉस लेन, साखळी स्ट्रीट",94
BoothVoterList_A4_Ward_211_Booth_15.pdf,14,"यादी भाग क्र. १०६  :  म्यु.घ.नं.२३-२७ धोबी चाळ, चौथी क्रॉस लेन, साखळी स्ट्रीट",94
BoothVoterList_A4_Ward_211_Booth_15.pdf,15,"यादी भाग क्र. १०६  :  दारूल thar, ४ सांखळी स्ट्रीट, she हफिझुद्दिन मार्ग, मदनपुरा, मुंबई ४००००८",89
BoothVoterList_A4_Ward_211_Booth_15.pdf,16,"यादी भाग क्र. १०६  :  म्यु.घ.नं.९ ए पडदावाला चाळ, चौथी क्रॉस लेन, साखळी स्ट्रीट,",93
BoothVoterList_A4_Ward_211_Booth_15.pdf,17,"यादी भाग क्र. १०६  :  म्यु.घ.नं.२३-२७ धोबी चाळ, चौथी क्रॉस लेन, साखळी स्ट्रीट",94
BoothVoterList_A4_Ward_211_Booth_15.pdf,18,"यादी भाग क्र. १०६  :  दारूल thar, ४ सांखळी स्ट्रीट, she हफिझुद्दिन मार्ग, मदनपुरा, मुंबई ४००००८",89
BoothVoterList_A4_Ward_211_Booth_15.pdf,19,"यादी भाग क्र. १०६  :  म्यु.घ.नं.९ ए पडदावाला चाळ, चौथी क्रॉस लेन, साखळी स्ट्रीट,",93
BoothVoterList_A4_Ward_211_Booth_15.pdf,20,"यादी भाग क्र. १०६  :  दारूल thar, ४ सांखळी स्ट्रीट, she हफिझुद्दिन मार्ग, मदनपुरा, मुंबई ४००००८",89
BoothVoterList_A4_Ward_211_Booth_16.pdf,2,"यादी भाग क्र. १४३  :  वॉटर स्ट्रीट खटाव मिल्स झोपडपट्टी वॉटर स्ट्रीट भायखळा पश्चिम",91
BoothVoterList_A4_Ward_211_Booth_17.pdf,2,"यादी भाग क्र. १४५  :  म्यु.घ.नं. ४, याकुब शेड बिल्डींग, साखळी रोड,",90
BoothVoterList_A4_Ward_211_Booth_17.pdf,5,"यादी भाग क्र. १४५  :  म्यु.घ.नं. ६, अब्दुला ARM, तिसरी गल्ली साखळी रोड ,",88
BoothVoterList_A4_Ward_211_Booth_17.pdf,10,"यादी भाग क्र. १४५  :  हाजी युसूफ मंझिल, तिसरी साकळी स्ट्रीट, भायखळा,",94
BoothVoterList_A4_Ward_211_Booth_18.pdf,2,"यादी भाग क्र. १४४  :  म्यु.घ.नं.१७, उमरनथुळी चाळ (बोरी चाळ), बदलू रंगारी रोड,",90
BoothVoterList_A4_Ward_211_Booth_18.pdf,7,"यादी भाग क्र. १४४  :  म्यु.घ.नं.१९/२१, बंदुकवाला हाऊस, बदलू रंगारी रोड,",93
BoothVoterList_A4_Ward_211_Booth_18.pdf,17,"यादी भाग क्र. १४४  :  उमर शेठ बैठी चाळ, बदलू रंगारी रोड,",93
BoothVoterList_A4_Ward_211_Booth_18.pdf,18,"यादी भाग क्र. १४४  :  ५९ जी, जुनी मस्जिद कंपाऊंड, arg हाफीजुद्दीन रोड,",88
BoothVoterList_A4_Ward_211_Booth_18.pdf,19,"यादी भाग क्र. १४४  :  म्यु.घ.नं.१९/२१, बंदुकवाला हाऊस, बदलू रंगारी रोड,",93
BoothVoterList_A4_Ward_211_Booth_18.pdf,20,"यादी भाग क्र. १४४  :  म्यु.घ.नं.१७, उमरनथुळी चाळ (बोरी चाळ), बदलू रंगारी रोड,",90
BoothVoterList_A4_Ward_211_Booth_18.pdf,21,"यादी भाग क्र. १४४  :  म्यु.घ.नं.१९/२१, बंदुकवाला हाऊस, बदलू रंगारी रोड,",93
BoothVoterList_A4_Ward_211_Booth_18.pdf,22,"यादी भाग क्र. १४४  :  म्यु.घ.नं.१७, उमरनथुळी चाळ (बोरी चाळ), बदलू रंगारी रोड,",90
BoothVoterList_A4_Ward_211_Booth_19.pdf,2,"यादी भाग क्र. १५८  :  न्यु इंडिया बेकरी, ५वी साखळी क्रॉस मार्ग,",91
BoothVoterList_A4_Ward_211_Booth_19.pdf,3,"यादी भाग क्र. १५८  :  म्यु.घ.नं. ७ स्टोन बिल्डींग, साखळी मार्ग, ५वी क्रॉस लेन,",89
BoothVoterList_A4_Ward_211_Booth_19.pdf,6,"यादी भाग क्र. १५८  :  म्यु.घ.नं. 99 KEM बिल्डींग, साखळी मार्ग, ५वी क्रॉस लेन,",90
BoothVoterList_A4_Ward_211_Booth_19.pdf,9,"यादी भाग क्र. १५८  :  म्यु.घ.नं. १३ स्टोन बिल्डींग, साखळी मार्ग, ५वी क्रॉस लेन,",93
BoothVoterList_A4_Ward_211_Booth_19.pdf,13,"यादी भाग क्र. १५८  :  म्यु.घ.नं. 94 - १७, सकरवाला बिल्डींग, ५वी साखळी क्रॉस मार्ग,",92
BoothVoterList_A4_Ward_211_Booth_19.pdf,17,"यादी भाग क्र. १५८  :  फिरोज साडी फोलेडींग शेड, ५वी साखळी क्रॉस मार्ग,",91
BoothVoterList_A4_Ward_211_Booth_19.pdf,18,"यादी भाग क्र. १५८  :  म्यु.घ.नं.१२-१४, रसीवाला बिल्डींग, ५वी साखळी क्रॉस मार्ग,",88
BoothVoterList_A4_Ward_211_Booth_19.pdf,20,"यादी भाग क्र. १५८  :  स्टोन बिल्डींग, पवी साखळी क्रॉस मार्ग,",91
BoothVoterList_A4_Ward_211_Booth_2.pdf,2,"यादी भाग क्र. 928  :  म्यु.घ.नं.४७ ए सराफ बिल्डिंग, मोहम्मद शहिद मार्ग, (मॉरलॅन्ड रोड),",86
BoothVoterList_A4_Ward_211_Booth_2.pdf,5,"यादी भाग क्र. 928  :  म्यु.घ.नं.४७ सी सराफ बिल्डिंग, मोहम्मद शहिद मार्ग, (मॉरलॅन्ड रोड),",90
BoothVoterList_A4_Ward_211_Booth_2.pdf,7,"यादी भाग क्र. 928  :  म्यु.घ.नं.४७ सी सुतारवाला बिल्डिंग, मोहम्मद शहिद मार्ग, (मॉरलॅन्ड रोड),",91
BoothVoterList_A4_Ward_211_Booth_2.pdf,8,"यादी भाग क्र. १२४  :  म्यु.घ.नं.४३ सुतारवाला बिल्डिंग, मोहम्मद शहिद मार्ग, (मॉरलॅन्ड रोड),",89
BoothVoterList_A4_Ward_211_Booth_2.pdf,12,"यादी भाग क्र. १२४  :  म्यु.घ.नं.५१- इब्राहिम बिल्डिंग, मोहम्मद शहिद मार्ग, (मॉरलॅन्ड रोड),",91
BoothVoterList_A4_Ward_211_Booth_2.pdf,17,"यादी भाग क्र. १२४  :  म्यु.घ.नं.४३ सुतारवाला चाळ, मोहम्मद शहिद मार्ग, (मॉरलॅन्ड रोड),",92
BoothVoterList_A4_Ward_211_Booth_2.pdf,23,"यादी भाग क्र. १२४  :  म्यु.घ.नं.५५ सिंधी बिल्डींग, मोहम्मद शहिद मार्ग, (मॉरलॅन्ड रोड),",90
BoothVoterList_A4_Ward_211_Booth_2.pdf,24,"यादी भाग क्र. 928  :  म्यु.घ.नं.५७कांचवाला बिल्डिंग, मोहम्मद शहिद मार्ग, (मॉरलॅन्ड रोड),",91
BoothVoterList_A4_Ward_211_Booth_2.pdf,27,"यादी भाग क्र. १२४  :  म्यु.घ.नं.५५ भगवानदास बिल्डिंग, मोहम्मद शहिद मार्ग, (मॉरलॅन्ड रोड),",88
BoothVoterList_A4_Ward_211_Booth_2.pdf,29,"यादी भाग क्र. १२४  :  म्यु.घ.नं.४७ बी सराफ बिल्डिंग, मोहम्मद शहिद मार्ग, (मॉरलॅन्ड रोड),",91
BoothVoterList_A4_Ward_211_Booth_2.pdf,30,"यादी भाग क्र. 928  : म्यु..घ.नं.४३ डी.सुतारवाला बिल्डिंग, एशियन आर्ट प्रिंटर्स, मोहम्मद शहिद",91
BoothVoterList_A4_Ward_211_Booth_2.pdf,31,"यादी भाग क्र. १२४  :  इलेवन स्टार अपार्टमेंट, मोहम्मद शहिद मार्ग, (मॉरलॅन्ड रोड),",90
BoothVoterList_A4_Ward_211_Booth_2.pdf,32,"यादी भाग क्र. १२४  :  इलेव्हन स्टार अपार्टमेंट (भगवानदास बिल्डींग), मौहम्मद शहिद मार्ग,",93
BoothVoterList_A4_Ward_211_Booth_2.pdf,33,"यादी भाग क्र. १२४  :  म्यु.घ.नं.४३ सुतारवाला बिल्डिंग, मोहम्मद शहिद मार्ग, (मॉरलॅन्ड रोड),",89
BoothVoterList_A4_Ward_211_Booth_2.pdf,34,"यादी भाग क्र. 928  :  म्यु.घ.नं.४७ सी सराफ बिल्डिंग, मोहम्मद शहिद मार्ग, (मॉरलॅन्ड रोड),",90
BoothVoterList_A4_Ward_211_Booth_2.pdf,35,"यादी भाग क्र. १२४  :  इलेवन स्टार अपार्टमेंट, मोहम्मद शहिद मार्ग, (मॉरलॅन्ड रोड),",90
BoothVoterList_A4_Ward_211_Booth_2.pdf,36,"यादी भाग क्र. १२४  :  म्यु.घ.नं.४३ सुतारवाला चाळ, मोहम्मद शहिद मार्ग, (मॉरलॅन्ड रोड),",92
BoothVoterList_A4_Ward_211_Booth_2.pdf,37,"यादी भाग क्र. १२४  :  म्यु.घ.नं.४३ सुतारवाला बिल्डिंग, मोहम्मद शहिद मार्ग, (मॉरलॅन्ड रोड),",89
BoothVoterList_A4_Ward_211_Booth_2.pdf,38,"यादी भाग क्र. १२४  :  म्यु.घ.नं.४३ सुतारवाला चाळ, मोहम्मद शहिद मार्ग, (मॉरलॅन्ड रोड),",92
BoothVoterList_A4_Ward_211_Booth_2.pdf,39,"यादी भाग क्र. १२४  :  म्यु.घ.नं.४३ सुतारवाला बिल्डिंग, मोहम्मद शहिद मार्ग, (मॉरलॅन्ड रोड),",89
BoothVoterList_A4_Ward_211_Booth_2.pdf,40,"यादी भाग क्र. १२४  :  म्यु.घ.नं.५१- इब्राहिम बिल्डिंग, मोहम्मद शहिद मार्ग, (मॉरलॅन्ड रोड),",91
BoothVoterList_A4_Ward_211_Booth_2.pdf,41,"यादी भाग क्र. १२५  :  सेंट एन्ड्र्युज चर्च को.ऑप.सोसायटी, मोहम्मद शहिद मार्ग, (मॉरलॅन्ड रोड),",87
BoothVoterList_A4_Ward_211_Booth_2.pdf,42,"यादी भाग क्र. १२५  :  पत्थरवाला स्कुल, मोहम्मद शहिद मार्ग, (मॉरलॅन्ड रोड),",88
BoothVoterList_A4_Ward_211_Booth_2.pdf,43,"यादी भाग क्र. १२५  :  सेंट एन्ड््युज को.ऑप.सो, मोहम्मद शहिद मार्ग, (मॉरलॅन्ड रोड),",88
BoothVoterList_A4_Ward_211_Booth_2.pdf,44,"यादी भाग क्र. १२५  :  पत्थरवाला स्कुल, मोहम्मद शहिद मार्ग, (मॉरलॅन्ड रोड),",88
BoothVoterList_A4_Ward_211_Booth_2.pdf,45,"यादी भाग क्र. १२५  :  सेंट एन्ड्र्युज चर्च को.ऑप.सोसायटी, मोहम्मद शहिद मार्ग, (मॉरलॅन्ड रोड),",87
BoothVoterList_A4_Ward_211_Booth_20.pdf,2,"यादी भाग क्र. १५८  :  म्यु.घ.नं. १७७ ते १८७, ताहेर मंझिल, मौलाना आझाद रोड,",92
BoothVoterList_A4_Ward_211_Booth_20.pdf,7,"यादी भाग क्र. १५८  :  म्यु.घ.नं. 993-908, मदीना मंझील, मौलाना आझाद रोड,",84
BoothVoterList_A4_Ward_211_Booth_20.pdf,13,"यादी भाग क्र. १५८  :  म्यु.घ.नं.१८७, झुबेदा मंझील, मौलाना आझाद रोड,",93
BoothVoterList_A4_Ward_211_Booth_20.pdf,21,"यादी भाग क्र. १५८  :  म्यु.घ.नं.१८७, वारियावा मंझिल, मौलाना आझाद रोड,",92
BoothVoterList_A4_Ward_211_Booth_20.pdf,22,"यादी भाग क्र. १५८  :  अरफत ARM, मौलाना आझाद रोड,",89
BoothVoterList_A4_Ward_211_Booth_20.pdf,24,"यादी भाग क्र. १५८  :  म्यु.घ.नं.१८७, झुबेदा मंझील, मौलाना आझाद रोड,",93
BoothVoterList_A4_Ward_211_Booth_20.pdf,25,"यादी भाग क्र. १५८  :  म्यु.घ.नं. १३ स्टोन बिल्डींग, साखळी मार्ग, ५वी क्रॉस लेन,",93
BoothVoterList_A4_Ward_211_Booth_20.pdf,26,"यादी भाग क्र. १५८  :  अरफत ARM, मौलाना आझाद रोड,",89
BoothVoterList_A4_Ward_211_Booth_20.pdf,27,"यादी भाग क्र. १५८  :  म्यु.घ.नं. 993-908, मदीना मंझील, मौलाना आझाद रोड,",84
BoothVoterList_A4_Ward_211_Booth_20.pdf,28,"यादी भाग क्र. १५८  :  म्यु.घ.नं.१८७, झुबेदा मंझील, मौलाना आझाद रोड,",93
BoothVoterList_A4_Ward_211_Booth_20.pdf,29,"यादी भाग क्र. १५८  :  म्यु.घ.नं. 993-908, मदीना मंझील, मौलाना आझाद रोड,",84
BoothVoterList_A4_Ward_211_Booth_20.pdf,30,"यादी भाग क्र. १५८  :  म्यु.घ.नं.१८७, झुबेदा मंझील, मौलाना आझाद रोड,",93
BoothVoterList_A4_Ward_211_Booth_20.pdf,31,"यादी भाग क्र. १५८  :  स्टोन बिल्डींग, पवी साखळी क्रॉस मार्ग,",91
BoothVoterList_A4_Ward_211_Booth_20.pdf,32,"यादी भाग क्र. १५८  :  म्यु.घ.नं.१८७, झुबेदा मंझील, मौलाना आझाद रोड,",93
BoothVoterList_A4_Ward_211_Booth_20.pdf,33,"यादी भाग क्र. १५८  :  म्यु.घ.नं. 993-908, मदीना मंझील, मौलाना आझाद रोड,",84
BoothVoterList_A4_Ward_211_Booth_20.pdf,34,"यादी भाग क्र. १५८  :  म्यु.घ.नं. ७ स्टोन बिल्डींग, साखळी मार्ग, ५वी क्रॉस लेन,",89
BoothVoterList_A4_Ward_211_Booth_20.pdf,35,"यादी भाग क्र. १५८  :  म्यु.घ.नं.१८७, झुबेदा मंझील, मौलाना आझाद रोड,",93
BoothVoterList_A4_Ward_211_Booth_20.pdf,36,"यादी भाग क्र. १५८  :  म्यु.घ.नं. ७ स्टोन बिल्डींग, साखळी मार्ग, ५वी क्रॉस लेन,",89
BoothVoterList_A4_Ward_211_Booth_20.pdf,37,"यादी भाग क्र. १५८  :  अरफत ARM, मौलाना आझाद रोड,",89
BoothVoterList_A4_Ward_211_Booth_20.pdf,38,"यादी भाग क्र. १५८  :  म्यु.घ.नं.१८७, झुबेदा मंझील, मौलाना आझाद रोड,",93
BoothVoterList_A4_Ward_211_Booth_20.pdf,39,"यादी भाग क्र. १५८  :  म्यु.घ.नं. १७७ ते १८७, ताहेर मंझिल, मौलाना आझाद रोड,",92
BoothVoterList_A4_Ward_211_Booth_20.pdf,40,"यादी भाग क्र. १५८  :  म्यु.घ.नं.१८७, झुबेदा मंझील, मौलाना आझाद रोड,",93
BoothVoterList_A4_Ward_211_Booth_20.pdf,41,"यादी भाग क्र. १५८  :  स्टोन बिल्डींग, पवी साखळी क्रॉस मार्ग,",91
BoothVoterList_A4_Ward_211_Booth_20.pdf,42,"यादी भाग क्र. १५८  :  अरफत ARM, मौलाना आझाद रोड,",89
BoothVoterList_A4_Ward_211_Booth_20.pdf,43,"यादी भाग क्र. १५८  :  म्यु.घ.नं. 993-908, मदीना मंझील, मौलाना आझाद रोड,",84
BoothVoterList_A4_Ward_211_Booth_20.pdf,44,"यादी भाग क्र. १५८  :  म्यु.घ.नं. 94 - १७, सकरवाला बिल्डींग, ५वी साखळी क्रॉस मार्ग,",92
BoothVoterList_A4_Ward_211_Booth_20.pdf,45,"यादी भाग क्र. १५८  :  म्यु.घ.नं. 99 KEM बिल्डींग, साखळी मार्ग, ५वी क्रॉस लेन,",90
BoothVoterList_A4_Ward_211_Booth_20.pdf,46,"यादी भाग क्र. १५८  :  म्यु.घ.नं. 993-908, मदीना मंझील, मौलाना आझाद रोड,",84
BoothVoterList_A4_Ward_211_Booth_20.pdf,47,"यादी भाग क्र. १५८  :  म्यु.घ.नं. १७७ ते १८७, ताहेर मंझिल, मौलाना आझाद रोड,",92
BoothVoterList_A4_Ward_211_Booth_20.pdf,48,"यादी भाग क्र. १५८  :  म्यु.घ.नं. 993-908, मदीना मंझील, मौलाना आझाद रोड,",84
BoothVoterList_A4_Ward_211_Booth_20.pdf,49,"यादी भाग क्र. १५८  :  म्यु.घ.नं.१८७, झुबेदा मंझील, मौलाना आझाद रोड,",93
BoothVoterList_A4_Ward_211_Booth_20.pdf,50,"यादी भाग क्र. १५८  :  म्यु.घ.नं. 94 - १७, सकरवाला बिल्डींग, ५वी साखळी क्रॉस मार्ग,",92
BoothVoterList_A4_Ward_211_Booth_21.pdf,2,"यादी भाग क्र. १४६  :  म्यु.घ.नं.२, पत्राचाळ नं.४, बदलू रंगारी रोड,",90
BoothVoterList_A4_Ward_211_Booth_21.pdf,4,"यादी भाग क्र. १४६  :  म्यु.घ.नं.२, पत्राचाळ 41.4, बदलू रंगारी रोड,",88
BoothVoterList_A4_Ward_211_Booth_21.pdf,5,"यादी भाग क्र. १४६  :  म्यु.घ.नं. २, पत्राचाळ नं.६, बदलू रंगारी रोड,",92
BoothVoterList_A4_Ward_211_Booth_21.pdf,7,"यादी भाग क्र. १४६  :  बाबुद्दीन मोहम्मद पत्राचाळ नं ५, बदलू रंगारी रोड,",93
BoothVoterList_A4_Ward_211_Booth_21.pdf,8,"यादी भाग क्र. १४६  : म्युनिसिपल पत्राचाळ नं.५, बदलू रंगारी रोड,",91
BoothVoterList_A4_Ward_211_Booth_21.pdf,10,"यादी भाग क्र. १४६  :  म्यु.घ.नं.८-१२, अशरफी मंझील, बदलू रंगारी रोड,",91
BoothVoterList_A4_Ward_211_Booth_21.pdf,33,"यादी भाग क्र. १४६  :  शर्मा प्लॉट नं-७२, स्कॉटर स्ट्रीट, मेघराज सेठी मार्ग,",86
BoothVoterList_A4_Ward_211_Booth_21.pdf,36,"यादी भाग क्र. १४६  :  पत्रा चाळ 1.4, बदलू रंगारी रोड,",90
BoothVoterList_A4_Ward_211_Booth_21.pdf,37,"यादी भाग क्र. १४६  :  पत्रा चाळ नं. 32, बदलू रंगारी रोड,",92
BoothVoterList_A4_Ward_211_Booth_21.pdf,38,"यादी भाग क्र. १४६  :  साराह VST, ३री सांखळी स्ट्रीट भायखळा,",87
BoothVoterList_A4_Ward_211_Booth_21.pdf,40,"यादी भाग क्र. १४६  :  बिस्मिल्लाह आर्केड, 3 री सांखळी स्ट्रीट, arg हफिजुद्दिन मार्ग,",88
BoothVoterList_A4_Ward_211_Booth_21.pdf,44,"यादी भाग क्र. १४६  :  म्यु.घ.नं.८-१२, अशरफी मंझील, बदलू रंगारी रोड,",91
BoothVoterList_A4_Ward_211_Booth_21.pdf,45,"यादी भाग क्र. १४६  :  म्यु.घ.नं.२, पत्राचाळ 41.4, बदलू रंगारी रोड,",88
BoothVoterList_A4_Ward_211_Booth_21.pdf,46,"यादी भाग क्र. १४६  :  बिस्मिल्लाह आर्केड, 3 री सांखळी स्ट्रीट, arg हफिजुद्दिन मार्ग,",88
BoothVoterList_A4_Ward_211_Booth_21.pdf,47,"यादी भाग क्र. १४६  :  म्यु.घ.नं.८-१२, अशरफी मंझील, बदलू रंगारी रोड,",91
BoothVoterList_A4_Ward_211_Booth_21.pdf,48,"यादी भाग क्र. १४६  :  पत्रा चाळ 1.4, बदलू रंगारी रोड,",90
BoothVoterList_A4_Ward_211_Booth_21.pdf,49,"यादी भाग क्र. १४६  :  बाबुद्दीन मोहम्मद पत्राचाळ नं ५, बदलू रंगारी रोड,",93
BoothVoterList_A4_Ward_211_Booth_21.pdf,50,"यादी भाग क्र. १४६  :  म्यु.घ.नं.८-१२, अशरफी मंझील, बदलू रंगारी रोड,",91
BoothVoterList_A4_Ward_211_Booth_21.pdf,51,"यादी भाग क्र. १४६  :  बिस्मिल्लाह आर्केड, 3 री सांखळी स्ट्रीट, arg हफिजुद्दिन मार्ग,",88
BoothVoterList_A4_Ward_211_Booth_21.pdf,52,"यादी भाग क्र. १४६  :  म्यु.घ.नं.८-१२, अशरफी मंझील, बदलू रंगारी रोड,",91
BoothVoterList_A4_Ward_211_Booth_21.pdf,53,"यादी भाग क्र. १४६  :  साराह VST, ३री सांखळी स्ट्रीट भायखळा,",87
BoothVoterList_A4_Ward_211_Booth_21.pdf,54,"यादी भाग क्र. १४६  :  म्यु.घ.नं.८-१२, अशरफी मंझील, बदलू रंगारी रोड,",91
BoothVoterList_A4_Ward_211_Booth_21.pdf,55,"यादी भाग क्र. १४६  :  म्यु.घ.नं. २, पत्राचाळ नं.६, बदलू रंगारी रोड,",92
BoothVoterList_A4_Ward_211_Booth_21.pdf,56,"यादी भाग क्र. १४६  :  म्यु.घ.नं.८-१२, अशरफी मंझील, बदलू रंगारी रोड,",91
BoothVoterList_A4_Ward_211_Booth_21.pdf,57,"यादी भाग क्र. १४६  :  म्यु.घ.नं.२, पत्राचाळ 41.4, बदलू रंगारी रोड,",88
BoothVoterList_A4_Ward_211_Booth_21.pdf,58,"यादी भाग क्र. १४६  :  म्यु.घ.नं.८-१२, अशरफी मंझील, बदलू रंगारी रोड,",91
BoothVoterList_A4_Ward_211_Booth_21.pdf,59,"यादी भाग क्र. १४६  : म्युनिसिपल पत्राचाळ नं.५, बदलू रंगारी रोड,",91
BoothVoterList_A4_Ward_211_Booth_21.pdf,60,"यादी भाग क्र. १४६  :  म्यु.घ.नं.८-१२, अशरफी मंझील, बदलू रंगारी रोड,",91
BoothVoterList_A4_Ward_211_Booth_21.pdf,61,"यादी भाग क्र. १४६  :  शर्मा प्लॉट नं-७२, स्कॉटर स्ट्रीट, मेघराज सेठी मार्ग,",86
BoothVoterList_A4_Ward_211_Booth_21.pdf,62,"यादी भाग क्र. १४६  :  म्यु.घ.नं.८-१२, अशरफी मंझील, बदलू रंगारी रोड,",91
BoothVoterList_A4_Ward_211_Booth_21.pdf,63,"यादी भाग क्र. १४६  :  बिस्मिल्लाह आर्केड, 3 री सांखळी स्ट्रीट, arg हफिजुद्दिन मार्ग,",88
BoothVoterList_A4_Ward_211_Booth_21.pdf,64,"यादी भाग क्र. १४६  :  म्यु.घ.नं.८-१२, अशरफी मंझील, बदलू रंगारी रोड,",91
BoothVoterList_A4_Ward_211_Booth_21.pdf,65,"यादी भाग क्र. १४६  : म्युनिसिपल पत्राचाळ नं.५, बदलू रंगारी रोड,",91
BoothVoterList_A4_Ward_211_Booth_21.pdf,66,"यादी भाग क्र. १४६  :  म्यु.घ.नं.२, पत्राचाळ 41.4, बदलू रंगारी रोड,",88
BoothVoterList_A4_Ward_211_Booth_21.pdf,67,"यादी भाग क्र. १४६  :  साराह VST, ३री सांखळी स्ट्रीट भायखळा,",87
BoothVoterList_A4_Ward_211_Booth_21.pdf,68,"यादी भाग क्र. १४६  :  म्यु.घ.नं.८-१२, अशरफी मंझील, बदलू रंगारी रोड,",91
BoothVoterList_A4_Ward_211_Booth_21.pdf,69,"यादी भाग क्र. १४६  :  शर्मा प्लॉट नं-७२, स्कॉटर स्ट्रीट, मेघराज सेठी मार्ग,",86
BoothVoterList_A4_Ward_211_Booth_21.pdf,70,"यादी भाग क्र. १४६  :  बिस्मिल्लाह आर्केड, 3 री सांखळी स्ट्रीट, arg हफिजुद्दिन मार्ग,",88
BoothVoterList_A4_Ward_211_Booth_21.pdf,71,"यादी भाग क्र. १४६  :  म्यु.घ.नं.८-१२, अशरफी मंझील, बदलू रंगारी रोड,",91
BoothVoterList_A4_Ward_211_Booth_21.pdf,72,"यादी भाग क्र. १४६  :  बिस्मिल्लाह आर्केड, 3 री सांखळी स्ट्रीट, arg हफिजुद्दिन मार्ग,",88
BoothVoterList_A4_Ward_211_Booth_21.pdf,73,"यादी भाग क्र. १४६  :  म्यु.घ.नं. २, पत्राचाळ नं.६, बदलू रंगारी रोड,",92
BoothVoterList_A4_Ward_211_Booth_21.pdf,74,"यादी भाग क्र. १४६  :  बिस्मिल्लाह आर्केड, 3 री सांखळी स्ट्रीट, arg हफिजुद्दिन मार्ग,",88
BoothVoterList_A4_Ward_211_Booth_21.pdf,75,"यादी भाग क्र. १४६  :  म्यु.घ.नं.८-१२, अशरफी मंझील, बदलू रंगारी रोड,",91
BoothVoterList_A4_Ward_211_Booth_21.pdf,76,"यादी भाग क्र. १४६  :  बिस्मिल्लाह आर्केड, 3 री सांखळी स्ट्रीट, arg हफिजुद्दिन मार्ग,",88
BoothVoterList_A4_Ward_211_Booth_21.pdf,77,"यादी भाग क्र. १४६  :  म्यु.घ.नं.८-१२, अशरफी मंझील, बदलू रंगारी रोड,",91
BoothVoterList_A4_Ward_211_Booth_21.pdf,78,"यादी भाग क्र. १४६  :  म्यु.घ.नं. २, पत्राचाळ नं.६, बदलू रंगारी रोड,",92
BoothVoterList_A4_Ward_211_Booth_21.pdf,79,"यादी भाग क्र. १४६  :  म्यु.घ.नं.८-१२, अशरफी मंझील, बदलू रंगारी रोड,",91
BoothVoterList_A4_Ward_211_Booth_21.pdf,80,"यादी भाग क्र. १४६  :  बिस्मिल्लाह आर्केड, 3 री सांखळी स्ट्रीट, arg हफिजुद्दिन मार्ग,",88
BoothVoterList_A4_Ward_211_Booth_21.pdf,81,"यादी भाग क्र. १४६  :  म्यु.घ.नं.८-१२, अशरफी मंझील, बदलू रंगारी रोड,",91
BoothVoterList_A4_Ward_211_Booth_21.pdf,82,"यादी भाग क्र. १४६  :  बिस्मिल्लाह आर्केड, 3 री सांखळी स्ट्रीट, arg हफिजुद्दिन मार्ग,",88
BoothVoterList_A4_Ward_211_Booth_21.pdf,83,"यादी भाग क्र. १४६  :  म्यु.घ.नं. २, पत्राचाळ नं.६, बदलू रंगारी रोड,",92
BoothVoterList_A4_Ward_211_Booth_21.pdf,84,"यादी भाग क्र. १४६  :  म्यु.घ.नं.८-१२, अशरफी मंझील, बदलू रंगारी रोड,",91
BoothVoterList_A4_Ward_211_Booth_21.pdf,85,"यादी भाग क्र. १४६  :  बिस्मिल्लाह आर्केड, 3 री सांखळी स्ट्रीट, arg हफिजुद्दिन मार्ग,",88
BoothVoterList_A4_Ward_211_Booth_21.pdf,86,"यादी भाग क्र. १४६  :  म्यु.घ.नं.८-१२, अशरफी मंझील, बदलू रंगारी रोड,",91
BoothVoterList_A4_Ward_211_Booth_21.pdf,87,"यादी भाग क्र. १४६  :  बिस्मिल्लाह आर्केड, 3 री सांखळी स्ट्रीट, arg हफिजुद्दिन मार्ग,",88
BoothVoterList_A4_Ward_211_Booth_22.pdf,2,"यादी भाग क्र. १४७  :  बंबखान्याजवळील झोपडपट्टी, मेघराज सेठी मार्ग,",90
BoothVoterList_A4_Ward_211_Booth_22.pdf,9,"यादी भाग क्र. १४७  :  म्यु.घ.नं.११ ई, म्युनि.वॉटर dR स्टाफ जवळील चाळ, मेघराज सेठी मार्ग,",88
BoothVoterList_A4_Ward_211_Booth_22.pdf,10,"यादी भाग क्र. १४७  :  विठ्ठल मंदिर जवळील चाळ, संतोष भुवन, मेघराज सेठी मार्ग,",91
BoothVoterList_A4_Ward_211_Booth_22.pdf,13,"यादी भाग क्र. १४७  :  नमकवाला चाळ, मेघराज सेठी मार्ग,",92
BoothVoterList_A4_Ward_211_Booth_22.pdf,17,"यादी भाग क्र. १४७  :  विठ्ठल मंदिर झोपडपट्टी, मेघराज सेठी मार्ग,",90
BoothVoterList_A4_Ward_211_Booth_22.pdf,20,"यादी भाग क्र. १४७  :  एप्रिल शॉवर बिल्डिंग, मेघराज सेठी मार्ग,",91
BoothVoterList_A4_Ward_211_Booth_22.pdf,23,"यादी भाग क्र. १४७  :  आगाखान चाळ, मेघराज सेठी मार्ग,",90
BoothVoterList_A4_Ward_211_Booth_22.pdf,26,"यादी भाग क्र. १४७  :  WAS इराणी चाळ, मेघराज सेठी मार्ग,",87
BoothVoterList_A4_Ward_211_Booth_22.pdf,29,"यादी भाग क्र. १४७  :  म्यु.घ.नं. ८, मकबा FM, साखळी रोड तिसरी गल्ली,",90
BoothVoterList_A4_Ward_211_Booth_22.pdf,35,"यादी भाग क्र. १४७  :  म्यु.घ.नं. ८, एसियन पॅलेस, साखळी रोड तिसरी गल्ली,",93
BoothVoterList_A4_Ward_211_Booth_22.pdf,38,"यादी भाग क्र. १४७  :  म्यु.घ.नं. 92, कुरेशी मंझिल, साखळी रोड तिसरी गल्ली,",92
BoothVoterList_A4_Ward_211_Booth_22.pdf,41,"यादी भाग क्र. १४७  :  नमकवाला चाळ, मेघराज सेठी मार्ग,",92
BoothVoterList_A4_Ward_211_Booth_22.pdf,42,"यादी भाग क्र. १४७  :  विठ्ठल मंदिर जवळील चाळ, संतोष भुवन, मेघराज सेठी मार्ग,",91
BoothVoterList_A4_Ward_211_Booth_22.pdf,43,"यादी भाग क्र. १४७  :  म्यु.घ.नं. ८, मकबा FM, साखळी रोड तिसरी गल्ली,",90
BoothVoterList_A4_Ward_211_Booth_22.pdf,44,"यादी भाग क्र. १४७  :  नमकवाला चाळ, मेघराज सेठी मार्ग,",92
BoothVoterList_A4_Ward_211_Booth_22.pdf,45,"यादी भाग क्र. १४७  :  म्यु.घ.नं. ८, एसियन पॅलेस, साखळी रोड तिसरी गल्ली,",93
BoothVoterList_A4_Ward_211_Booth_22.pdf,46,"यादी भाग क्र. १४७  :  म्यु.घ.नं.११ ई, म्युनि.वॉटर dR स्टाफ जवळील चाळ, मेघराज सेठी मार्ग,",88
BoothVoterList_A4_Ward_211_Booth_22.pdf,47,"यादी भाग क्र. १४७  :  विठ्ठल मंदिर जवळील चाळ, संतोष भुवन, मेघराज सेठी मार्ग,",91
BoothVoterList_A4_Ward_211_Booth_22.pdf,48,"यादी भाग क्र. १४७  :  एप्रिल शॉवर बिल्डिंग, मेघराज सेठी मार्ग,",91
BoothVoterList_A4_Ward_211_Booth_22.pdf,49,"यादी भाग क्र. १४७  :  WAS इराणी चाळ, मेघराज सेठी मार्ग,",87
BoothVoterList_A4_Ward_211_Booth_22.pdf,50,"यादी भाग क्र. १४७  :  म्यु.घ.नं.११ ई, म्युनि.वॉटर dR स्टाफ जवळील चाळ, मेघराज सेठी मार्ग,",88
BoothVoterList_A4_Ward_211_Booth_22.pdf,51,"यादी भाग क्र. १४७  :  एप्रिल शॉवर बिल्डिंग, मेघराज सेठी मार्ग,",91
BoothVoterList_A4_Ward_211_Booth_22.pdf,52,"यादी भाग क्र. १४७  :  विठ्ठल मंदिर झोपडपट्टी, मेघराज सेठी मार्ग,",90
BoothVoterList_A4_Ward_211_Booth_22.pdf,53,"यादी भाग क्र. १४७  :  बंबखान्याजवळील झोपडपट्टी, मेघराज सेठी मार्ग,",90
BoothVoterList_A4_Ward_211_Booth_22.pdf,54,"यादी भाग क्र. १४७  :  म्यु.घ.नं. ८, मकबा FM, साखळी रोड तिसरी गल्ली,",90
BoothVoterList_A4_Ward_211_Booth_22.pdf,55,"यादी भाग क्र. १४७  :  विठ्ठल मंदिर जवळील चाळ, संतोष भुवन, मेघराज सेठी मार्ग,",91
BoothVoterList_A4_Ward_211_Booth_22.pdf,56,"यादी भाग क्र. १४७  :  बंबखान्याजवळील झोपडपट्टी, मेघराज सेठी मार्ग,",90
BoothVoterList_A4_Ward_211_Booth_22.pdf,57,"यादी भाग क्र. १४७  :  विठ्ठल मंदिर जवळील चाळ, संतोष भुवन, मेघराज सेठी मार्ग,",91
BoothVoterList_A4_Ward_211_Booth_22.pdf,58,"यादी भाग क्र. १४७  :  एप्रिल शॉवर बिल्डिंग, मेघराज सेठी मार्ग,",91
BoothVoterList_A4_Ward_211_Booth_22.pdf,59,"यादी भाग क्र. १४७  :  म्यु.घ.नं. ८, एसियन पॅलेस, साखळी रोड तिसरी गल्ली,",93
BoothVoterList_A4_Ward_211_Booth_23.pdf,2,"यादी भाग क्र. १४८  :  अपना झोपडपट्टी, मेघराज सेठी मार्ग,",88
BoothVoterList_A4_Ward_211_Booth_23.pdf,9,"यादी भाग क्र. १४८  :  हनुमान कंपाऊड, दुसरी साखळीस्ट्रीट मेघराज सेठी मार्ग,",90
BoothVoterList_A4_Ward_211_Booth_23.pdf,10,"यादी भाग क्र. १४८  :  अपना झोपडपट्टी, मेघराज सेठी मार्ग,",88
BoothVoterList_A4_Ward_211_Booth_23.pdf,11,"यादी भाग क्र. १४८  :  हनुमान कंपाऊड, दुसरी साखळीस्ट्रीट मेघराज सेठी मार्ग,",90
BoothVoterList_A4_Ward_211_Booth_23.pdf,12,"यादी भाग क्र. १६७  :  म्यु.घ.नं.५० बी, धनकॅसल बिल्डींग, मिर्झा गालिब मार्ग,",88
BoothVoterList_A4_Ward_211_Booth_23.pdf,13,"यादी भाग क्र. १६७  : म्यु.घ.क्रं.९०, लक्ष्मी बिल्डिंग, मिर्झा गालिब मार्ग,",91
BoothVoterList_A4_Ward_211_Booth_23.pdf,15,"यादी भाग क्र. १६७  :  सागर क्लासिक, मिर्झा गालिब मार्ग,",93
BoothVoterList_A4_Ward_211_Booth_23.pdf,21,"यादी भाग क्र. १६७  :  म्यु.घ.नं.५० लाईट ऑफ इंडीया रेस्टॉरंट, मिर्झा गालिब मार्ग,",93
BoothVoterList_A4_Ward_211_Booth_23.pdf,22,"यादी भाग क्र. १६७  :  लकी ARM, क्लेअर रोड,",88
BoothVoterList_A4_Ward_211_Booth_23.pdf,23,"यादी भाग क्र. १६७  :  सागर क्लासिक, मिर्झा गालिब मार्ग,",93
BoothVoterList_A4_Ward_211_Booth_23.pdf,24,"यादी भाग क्र. १६७  :  तस्लीमा हाइट्स, मिर्जा गालिब मार्ग, नागपाडा, मुंबई सेंट्रल, मुंबई",92
BoothVoterList_A4_Ward_211_Booth_23.pdf,25,"यादी भाग क्र. १६७  :  म्यु.घ.नं.५० बी, धनकॅसल बिल्डींग, मिर्झा गालिब मार्ग,",88
BoothVoterList_A4_Ward_211_Booth_24.pdf,2,"यादी भाग क्र. १४९  :  म्यु.घ.नं.१८, ईस्लामिया मंझील, बदलू रंगारी रोड,",86
BoothVoterList_A4_Ward_211_Booth_24.pdf,23,"यादी भाग क्र. १४९  :  म्यु.घ.नं २०, किस्मत मंझील, बदलू रंगारी रोड,",81
BoothVoterList_A4_Ward_211_Booth_24.pdf,28,"यादी भाग क्र. १४९  :  म्यु.घ.नं.११७ -११९, अरब मस्जिद चाळ, मौलाना आझाद रोड,",93
BoothVoterList_A4_Ward_211_Booth_24.pdf,29,"यादी भाग क्र. १४९  :  म्यु.घ.नं.१२३, साबुनवाला बिल्डींग, मौलाना आझाद रोड,",88
BoothVoterList_A4_Ward_211_Booth_24.pdf,30,"यादी भाग क्र. १४९  :  म्यु.घ.नं.१२७, मारवाडी चाळ, मौलाना आझाद रोड,",92
BoothVoterList_A4_Ward_211_Booth_24.pdf,34,"यादी भाग क्र. १४९  :  म्यु.घ.नं.१३३, इंडियन बेकरी, मौलाना आझाद रोड, मुंबई",93
BoothVoterList_A4_Ward_211_Booth_24.pdf,37,"यादी भाग क्र. १४९  :  190-993, अरब मस्जिद चाळ, मौलाना आझाद रोड,",91
BoothVoterList_A4_Ward_211_Booth_24.pdf,38,"यादी भाग क्र. १४९  :  के एस ए एल्फ,४ थी सांखळी स्ट्रीट, मौलाना आझाद रोड मुंबई- ४००००८",90
BoothVoterList_A4_Ward_211_Booth_24.pdf,40,"यादी भाग क्र. १४९  :  म्यु.घ.नं २०, किस्मत मंझील, बदलू रंगारी रोड,",81
BoothVoterList_A4_Ward_211_Booth_24.pdf,41,"यादी भाग क्र. १४९  :  म्यु.घ.नं.१८, ईस्लामिया मंझील, बदलू रंगारी रोड,",86
BoothVoterList_A4_Ward_211_Booth_24.pdf,42,"यादी भाग क्र. १४९  :  म्यु.घ.नं २०, किस्मत मंझील, बदलू रंगारी रोड,",81
BoothVoterList_A4_Ward_211_Booth_24.pdf,43,"यादी भाग क्र. १४९  :  के एस ए एल्फ,४ थी सांखळी स्ट्रीट, मौलाना आझाद रोड मुंबई- ४००००८",90
BoothVoterList_A4_Ward_211_Booth_24.pdf,44,"यादी भाग क्र. १४९  :  म्यु.घ.नं.१८, ईस्लामिया मंझील, बदलू रंगारी रोड,",86
BoothVoterList_A4_Ward_211_Booth_24.pdf,45,"यादी भाग क्र. १४९  :  के एस ए एल्फ,४ थी सांखळी स्ट्रीट, मौलाना आझाद रोड मुंबई- ४००००८",90
BoothVoterList_A4_Ward_211_Booth_24.pdf,46,"यादी भाग क्र. १४९  :  म्यु.घ.नं.१८, ईस्लामिया मंझील, बदलू रंगारी रोड,",86
BoothVoterList_A4_Ward_211_Booth_24.pdf,47,"यादी भाग क्र. १४९  :  म्यु.घ.नं.१३३, इंडियन बेकरी, मौलाना आझाद रोड, मुंबई",93
BoothVoterList_A4_Ward_211_Booth_24.pdf,48,"यादी भाग क्र. १४९  :  म्यु.घ.नं.१८, ईस्लामिया मंझील, बदलू रंगारी रोड,",86
BoothVoterList_A4_Ward_211_Booth_24.pdf,49,"यादी भाग क्र. १४९  :  के एस ए एल्फ,४ थी सांखळी स्ट्रीट, मौलाना आझाद रोड मुंबई- ४००००८",90
BoothVoterList_A4_Ward_211_Booth_24.pdf,50,"यादी भाग क्र. १४९  :  म्यु.घ.नं.१८, ईस्लामिया मंझील, बदलू रंगारी रोड,",86
BoothVoterList_A4_Ward_211_Booth_24.pdf,51,"यादी भाग क्र. १४९  :  म्यु.घ.नं २०, किस्मत मंझील, बदलू रंगारी रोड,",81
BoothVoterList_A4_Ward_211_Booth_24.pdf,52,"यादी भाग क्र. १४९  :  म्यु.घ.नं.१८, ईस्लामिया मंझील, बदलू रंगारी रोड,",86
BoothVoterList_A4_Ward_211_Booth_24.pdf,53,"यादी भाग क्र. १४९  :  के एस ए एल्फ,४ थी सांखळी स्ट्रीट, मौलाना आझाद रोड मुंबई- ४००००८",90
BoothVoterList_A4_Ward_211_Booth_24.pdf,54,"यादी भाग क्र. १४९  :  म्यु.घ.नं.१८, ईस्लामिया मंझील, बदलू रंगारी रोड,",86
BoothVoterList_A4_Ward_211_Booth_24.pdf,55,"यादी भाग क्र. १४९  :  के एस ए एल्फ,४ थी सांखळी स्ट्रीट, मौलाना आझाद रोड मुंबई- ४००००८",90
BoothVoterList_A4_Ward_211_Booth_25.pdf,2,"यादी भाग क्र. १६८  :  म्यु.घ.नं..२ भायखळा फायर ब्रीगेड ऑफिसर saree, होख हफिजुद्दीन मार्ग,",88
BoothVoterList_A4_Ward_211_Booth_25.pdf,3,"यादी भाग क्र. १६८  :  म्यु.घ.नं.-२१ भायखळा फायर ब्रीगेड स्टाफ क्वार्टर्स, शोख हफिजुद्दीन मार्ग,",80
BoothVoterList_A4_Ward_211_Booth_25.pdf,5,"यादी भाग क्र. १६८  :  भायखळा फायर ब्रिगेड न्यू स्टाफ कवार्टर्स, शेख हफिजुद्दीन मार्ग,",90
BoothVoterList_A4_Ward_211_Booth_25.pdf,9,"यादी भाग क्र. १६८  :  भायखळा,फायर ब्रिगेड कुंभार चाळ, शोख हफिजुद्दीन मार्ग,",88
BoothVoterList_A4_Ward_211_Booth_25.pdf,10,"यादी भाग क्र. १६८  :  भायखळा, फायर ब्रिगेड वॉटर डिपार्टमेंट, होख हफिजुद्दीन मार्ग,",90
BoothVoterList_A4_Ward_211_Booth_25.pdf,11,"यादी भाग क्र. १६८  :  म्यु.घ.नं.८ हजरत टेरेस, शेख हफिजुद्दीन मार्ग, भायखळा,",92
BoothVoterList_A4_Ward_211_Booth_25.pdf,13,"यादी भाग क्र. १६८  :  म्यु.घ.नं.१६ गुलवाला (गोवावाला)चाळ, शेख हफिजुद्दीन मार्ग, भायखळा,",83
BoothVoterList_A4_Ward_211_Booth_25.pdf,14,"यादी भाग क्र. १६८  :  म्यु.घ.नं.२४ सुंदरदास बिल्डिंग, शोख हफिजुद्दीन मार्ग, भायखळा,",87
BoothVoterList_A4_Ward_211_Booth_25.pdf,16,"यादी भाग क्र. १६८  :  म्यु.घ.नं.३२ अपना घर बिल्डिंग, शोख हफिजुद्दीन मार्ग, दुसरी साखळी स्ट्रीट,",88
BoothVoterList_A4_Ward_211_Booth_25.pdf,20,"यादी भाग क्र. १६८  :  म्यु.घ.नं.४२, Ade बिल्डिंग-अ, sre हफिजुद्दीन मार्ग, २री साखळी स्ट्रीट,",89
BoothVoterList_A4_Ward_211_Booth_25.pdf,24,"यादी भाग क्र. १६८  :  म्यु.घ.नं.४२, मर्चंट बिल्डिंग-बी, ake हफिजुद्दीन मार्ग, दुसरी साखळी स्ट्रीट,",87
BoothVoterList_A4_Ward_211_Booth_25.pdf,25,"यादी भाग क्र. १६८  :  म्यु.घ.नं.६२, फतवात मंझील, शेख हफिजुद्दीन मार्ग, दुसरी साखळी स्ट्रीट,",91
BoothVoterList_A4_Ward_211_Booth_25.pdf,27,"यादी भाग क्र. १६८  :  बी.एम.सी.ई वार्ड ऑफीस GEM, ई म्युन्सिपल वार्ड कार्यालय, शेख",87
BoothVoterList_A4_Ward_211_Booth_25.pdf,28,"यादी भाग क्र. १६८  :  म्यु.घ.नं.४८, खैरुन्नीसा We इमारत (लकी ARM), मिर्झा गालिब मार्ग,",89
BoothVoterList_A4_Ward_211_Booth_25.pdf,30,"यादी भाग क्र. १६८  :  म्यु.घ.नं.५८, श्रॉफ बिल्डिंग (हालीमा मंझील), मिर्झा गालिब मार्ग,",92
BoothVoterList_A4_Ward_211_Booth_25.pdf,33,"यादी भाग क्र. १६८  :  म्यु.घ.नं.६८, मसिना इमारत, मिर्झा गालिब मार्ग,",93
BoothVoterList_A4_Ward_211_Booth_25.pdf,36,"यादी भाग क्र. १६८  :  म्यु.घ.नं.८२, क्लेअर हाऊस, मिर्झा गालिब मार्ग,",93
BoothVoterList_A4_Ward_211_Booth_25.pdf,38,"यादी भाग क्र. १६८  :  धन Heo, मिर्झा गालिब मार्ग,",90
BoothVoterList_A4_Ward_211_Booth_25.pdf,42,"यादी भाग क्र. १६८  :  म्यु.घ.नं.४६-५०बी, लकी मेन्हान, मिर्झा गालिब मार्ग,",92
BoothVoterList_A4_Ward_211_Booth_25.pdf,43,"यादी भाग क्र. १६८  :  आशादान, साकळी स्ट्रीट,",92
BoothVoterList_A4_Ward_211_Booth_25.pdf,46,"यादी भाग क्र. १६८  :  G/6-CA, लकी अठनेक्स, साकळी स्ट्रीट, भायखळा,",87
BoothVoterList_A4_Ward_211_Booth_25.pdf,47,"यादी भाग क्र. १६८  :  भायखळा अग्निशमन केंद्र, कमांड सेंटर बिल्डिंग, भायखळा",83
BoothVoterList_A4_Ward_211_Booth_25.pdf,48,"यादी भाग क्र. १६८  :  म्यु.घ.नं.६८, मसिना इमारत, मिर्झा गालिब मार्ग,",93
BoothVoterList_A4_Ward_211_Booth_25.pdf,49,"यादी भाग क्र. १६८  :  म्यु.घ.नं.५८, श्रॉफ बिल्डिंग (हालीमा मंझील), मिर्झा गालिब मार्ग,",92
BoothVoterList_A4_Ward_211_Booth_25.pdf,50,"यादी भाग क्र. १६८  :  म्यु.घ.नं.-२१ भायखळा फायर ब्रीगेड स्टाफ क्वार्टर्स, शोख हफिजुद्दीन मार्ग,",80
BoothVoterList_A4_Ward_211_Booth_25.pdf,51,"यादी भाग क्र. १६८  :  म्यु.घ.नं.४२, Ade बिल्डिंग-अ, sre हफिजुद्दीन मार्ग, २री साखळी स्ट्रीट,",89
BoothVoterList_A4_Ward_211_Booth_25.pdf,52,"यादी भाग क्र. १६८  :  म्यु.घ.नं.४२, मर्चंट बिल्डिंग-बी, ake हफिजुद्दीन मार्ग, दुसरी साखळी स्ट्रीट,",87
BoothVoterList_A4_Ward_211_Booth_25.pdf,53,"यादी भाग क्र. १६८  :  म्यु.घ.नं.६८, मसिना इमारत, मिर्झा गालिब मार्ग,",93
BoothVoterList_A4_Ward_211_Booth_25.pdf,54,"यादी भाग क्र. १६८  :  म्यु.घ.नं.४२, Ade बिल्डिंग-अ, sre हफिजुद्दीन मार्ग, २री साखळी स्ट्रीट,",89
BoothVoterList_A4_Ward_211_Booth_25.pdf,55,"यादी भाग क्र. १६८  :  म्यु.घ.नं.४२, मर्चंट बिल्डिंग-बी, ake हफिजुद्दीन मार्ग, दुसरी साखळी स्ट्रीट,",87
BoothVoterList_A4_Ward_211_Booth_25.pdf,56,"यादी भाग क्र. १६८  :  म्यु.घ.नं.४२, Ade बिल्डिंग-अ, sre हफिजुद्दीन मार्ग, २री साखळी स्ट्रीट,",89
BoothVoterList_A4_Ward_211_Booth_25.pdf,57,"यादी भाग क्र. १६८  :  धन Heo, मिर्झा गालिब मार्ग,",90
BoothVoterList_A4_Ward_211_Booth_25.pdf,58,"यादी भाग क्र. १६८  :  म्यु.घ.नं.४२, Ade बिल्डिंग-अ, sre हफिजुद्दीन मार्ग, २री साखळी स्ट्रीट,",89
BoothVoterList_A4_Ward_211_Booth_25.pdf,59,"यादी भाग क्र. १६८  :  भायखळा फायर ब्रिगेड न्यू स्टाफ कवार्टर्स, शेख हफिजुद्दीन मार्ग,",90
BoothVoterList_A4_Ward_211_Booth_25.pdf,60,"यादी भाग क्र. १६८  :  म्यु.घ.नं.२४ सुंदरदास बिल्डिंग, शोख हफिजुद्दीन मार्ग, भायखळा,",87
BoothVoterList_A4_Ward_211_Booth_26.pdf,2,"यादी भाग क्र. १५१  :  म्यु.घ.नं.१, बावला बिल्डींग, १ली क्रॉस साखळी लेन,",90
BoothVoterList_A4_Ward_211_Booth_26.pdf,8,"यादी भाग क्र. १५१  :  म्यु.घ.नं.३, फातिमाबाई बिल्डींग (हवा बिल्डिंग), १ली क्रॉस साखळी लेन",93
BoothVoterList_A4_Ward_211_Booth_26.pdf,12,"यादी भाग क्र. १५१  :  म्यु.घ.नं.५, हाजी इस्माईल बिल्डींग, १ली क्रॉस साखळी लेन,",91
BoothVoterList_A4_Ward_211_Booth_26.pdf,15,"यादी भाग क्र. १५१  :  म्यु.घ.नं.६, ताजमेन्शन, १ली क्रॉस साखळी लेन,",91
BoothVoterList_A4_Ward_211_Booth_26.pdf,20,"यादी भाग क्र. १५१  :  म्यु.घ.नं.२, राज बिल्डींग, १ली क्रॉस साखळी लेन,",89
BoothVoterList_A4_Ward_211_Booth_26.pdf,25,"यादी भाग क्र. १५१  :  म्यु.घ.नं.४, अलाविया बिल्डींग, २री क्रॉस साखळी लेन,",90
BoothVoterList_A4_Ward_211_Booth_26.pdf,26,"यादी भाग क्र. १५१  :  के.एस.ए रॉयल Me हफिझुद्दिन मार्ग १ आणि २ सांखळी स्ट्रीट मुंबई -",87
BoothVoterList_A4_Ward_211_Booth_26.pdf,30,"यादी भाग क्र. १५१  :  म्यु.घ.नं.५, महमदी मंझील, तिसरी साखळी स्ट्रीट, क्रॉस लेन,",82
BoothVoterList_A4_Ward_211_Booth_26.pdf,35,"यादी भाग क्र. १५१  :  आयडीयल अपार्टमेंट(ए), तिसरी साखळी स्ट्रीट, क्रॉस लेन,",93
BoothVoterList_A4_Ward_211_Booth_26.pdf,38,"यादी भाग क्र. १५१  :  आयडीयल अपार्टमेंट(बी), तिसरी साखळी स्ट्रीट, क्रॉस लेन,",91
BoothVoterList_A4_Ward_211_Booth_26.pdf,43,"यादी भाग क्र. १५१  :  म्यु.घ.नं.२, राज बिल्डींग, १ली क्रॉस साखळी लेन,",89
BoothVoterList_A4_Ward_211_Booth_26.pdf,44,"यादी भाग क्र. १५१  :  के.एस.ए रॉयल Me हफिझुद्दिन मार्ग १ आणि २ सांखळी स्ट्रीट मुंबई -",87
BoothVoterList_A4_Ward_211_Booth_26.pdf,45,"यादी भाग क्र. १५१  :  आयडीयल अपार्टमेंट(बी), तिसरी साखळी स्ट्रीट, क्रॉस लेन,",91
BoothVoterList_A4_Ward_211_Booth_26.pdf,46,"यादी भाग क्र. १५१  :  म्यु.घ.नं.२, राज बिल्डींग, १ली क्रॉस साखळी लेन,",89
BoothVoterList_A4_Ward_211_Booth_26.pdf,47,"यादी भाग क्र. १५१  :  म्यु.घ.नं.६, ताजमेन्शन, १ली क्रॉस साखळी लेन,",91
BoothVoterList_A4_Ward_211_Booth_26.pdf,48,"यादी भाग क्र. १५१  :  के.एस.ए रॉयल Me हफिझुद्दिन मार्ग १ आणि २ सांखळी स्ट्रीट मुंबई -",87
BoothVoterList_A4_Ward_211_Booth_26.pdf,49,"यादी भाग क्र. १५१  :  म्यु.घ.नं.६, ताजमेन्शन, १ली क्रॉस साखळी लेन,",91
BoothVoterList_A4_Ward_211_Booth_26.pdf,50,"यादी भाग क्र. १५१  :  म्यु.घ.नं.५, महमदी मंझील, तिसरी साखळी स्ट्रीट, क्रॉस लेन,",82
BoothVoterList_A4_Ward_211_Booth_26.pdf,51,"यादी भाग क्र. १५१  :  के.एस.ए रॉयल Me हफिझुद्दिन मार्ग १ आणि २ सांखळी स्ट्रीट मुंबई -",87
BoothVoterList_A4_Ward_211_Booth_26.pdf,52,"यादी भाग क्र. १५१ :  म्यु.घ.नं.४, अलाविया बिल्डींग, २री क्रॉस साखळी लेन,",90
BoothVoterList_A4_Ward_211_Booth_26.pdf,53,"यादी भाग क्र. १५१  :  म्यु.घ.नं.५, महमदी मंझील, तिसरी साखळी स्ट्रीट, क्रॉस लेन,",82
BoothVoterList_A4_Ward_211_Booth_26.pdf,54,"यादी भाग क्र. १५१  :  म्यु.घ.नं.६, ताजमेन्शन, १ली क्रॉस साखळी लेन,",91
BoothVoterList_A4_Ward_211_Booth_26.pdf,55,"यादी भाग क्र. १५१ :  म्यु.घ.नं.१, बावला बिल्डींग, १ली क्रॉस साखळी लेन,",90
BoothVoterList_A4_Ward_211_Booth_26.pdf,56,"यादी भाग क्र. १५१  :  के.एस.ए रॉयल Me हफिझुद्दिन मार्ग १ आणि २ सांखळी स्ट्रीट मुंबई -",87
BoothVoterList_A4_Ward_211_Booth_26.pdf,57,"यादी भाग क्र. १५१  :  म्यु.घ.नं.२, राज बिल्डींग, १ली क्रॉस साखळी लेन,",89
BoothVoterList_A4_Ward_211_Booth_26.pdf,58,"यादी भाग क्र. १५१  :  के.एस.ए रॉयल Me हफिझुद्दिन मार्ग १ आणि २ सांखळी स्ट्रीट मुंबई -",87
BoothVoterList_A4_Ward_211_Booth_26.pdf,59,"यादी भाग क्र. १५१  :  आयडीयल अपार्टमेंट(बी), तिसरी साखळी स्ट्रीट, क्रॉस लेन,",91
BoothVoterList_A4_Ward_211_Booth_26.pdf,60,"यादी भाग क्र. १५१  :  म्यु.घ.नं.५, महमदी मंझील, तिसरी साखळी स्ट्रीट, क्रॉस लेन,",82
BoothVoterList_A4_Ward_211_Booth_26.pdf,61,"यादी भाग क्र. १५१  :  के.एस.ए रॉयल Me हफिझुद्दिन मार्ग १ आणि २ सांखळी स्ट्रीट मुंबई -",87
BoothVoterList_A4_Ward_211_Booth_26.pdf,62,"यादी भाग क्र. १५१ :  म्यु.घ.नं.१, बावला बिल्डींग, १ली क्रॉस साखळी लेन,",90
BoothVoterList_A4_Ward_211_Booth_26.pdf,63,"यादी भाग क्र. १५१  :  म्यु.घ.नं.२, राज बिल्डींग, १ली क्रॉस साखळी लेन,",89
BoothVoterList_A4_Ward_211_Booth_26.pdf,64,"यादी भाग क्र. १५१  :  म्यु.घ.नं.५, महमदी मंझील, तिसरी साखळी स्ट्रीट, क्रॉस लेन,",82
BoothVoterList_A4_Ward_211_Booth_26.pdf,65,"यादी भाग क्र. १५१  :  के.एस.ए रॉयल Me हफिझुद्दिन मार्ग १ आणि २ सांखळी स्ट्रीट मुंबई -",87
BoothVoterList_A4_Ward_211_Booth_27.pdf,2,"यादी भाग क्र. १५२ :  म्यु.घ.नं.४, अलाविया बिल्डींग, २री क्रॉस साखळी लेन,",83
BoothVoterList_A4_Ward_211_Booth_27.pdf,6,"यादी भाग क्र. १५२  :  म्यु.घ.नं.७, हबीब पेलेस, २री क्रॉस साखळी लेन,",89
BoothVoterList_A4_Ward_211_Booth_27.pdf,10,"यादी भाग क्र. १५२  :  म्यु.घ.नं.११, मोहसीन मंझिल, W क्रॉस साखळी लेन,",90
BoothVoterList_A4_Ward_211_Booth_27.pdf,11,"यादी भाग क्र. १५२  :  म्यु.घ.नं.६, मुबारक मंझिल, २री क्रॉस साखळी लेन,",89
BoothVoterList_A4_Ward_211_Booth_27.pdf,16,"यादी भाग क्र. १५२  :  म्यु.घ.नं.८, सारा मंझिल, २री क्रॉस साखळी लेन,",92
BoothVoterList_A4_Ward_211_Booth_27.pdf,21,"यादी भाग क्र. १५२  :  हबीब पॅलेस -बी- विंग, २री क्रॉस साखळी लेन,",92
BoothVoterList_A4_Ward_211_Booth_27.pdf,24,"यादी भाग क्र. १५२  :  इरफान पॅलेस, Wl क्रॉस साखळी लेन,",89
BoothVoterList_A4_Ward_211_Booth_27.pdf,27,"यादी भाग क्र. १५२  :  इरफान पॅलेस, शेख हाफिझुद्दिन मार्ग,",84
BoothVoterList_A4_Ward_211_Booth_27.pdf,30,"यादी भाग क्र. १५२  :  हबीब पॅलेस, V विंग, २री क्रॉस साखळी लेन,",87
BoothVoterList_A4_Ward_211_Booth_27.pdf,33,"यादी भाग क्र. १५२  :  Ht अपार्टमेंट, बदलु रंगारी स्ट्रीट, भायखळा, मुंबई",87
BoothVoterList_A4_Ward_211_Booth_27.pdf,35,"यादी भाग क्र. १५२  :  डी के रेसिडेन्सी शैख हफिझुद्दिन मार्ग २ सांखळी स्ट्रीट मुंबई - ४००००८",92
BoothVoterList_A4_Ward_211_Booth_27.pdf,37,"यादी भाग क्र. १५२  :  म्यु.घ.नं.१०,पांडरोवाला महल, दुसरी साखळी स्ट्रीट क्रॉस लेन,",92
BoothVoterList_A4_Ward_211_Booth_27.pdf,41,"यादी भाग क्र. १५२  :  म्यु.घ.नं.१२, स्वदेशी मंझिल, दुसरी साखळी स्ट्रीट क्रॉस लेन,",93
BoothVoterList_A4_Ward_211_Booth_27.pdf,44,"यादी भाग क्र. १५२  :  म्यु.घ.नं.१, जमनादास बिल्डींग (परदा पॅलेस), दुसरी साखळी स्ट्रीट क्रॉस",93
BoothVoterList_A4_Ward_211_Booth_27.pdf,47,"यादी भाग क्र. १५२  :  Ht अपार्टमेंट, बदलु रंगारी स्ट्रीट, भायखळा, मुंबई",87
BoothVoterList_A4_Ward_211_Booth_27.pdf,48,"यादी भाग क्र. १५२  :  डी के रेसिडेन्सी शैख हफिझुद्दिन मार्ग २ सांखळी स्ट्रीट मुंबई - ४००००८",92
BoothVoterList_A4_Ward_211_Booth_27.pdf,49,"यादी भाग क्र. १५२  :  म्यु.घ.नं.६, मुबारक मंझिल, २री क्रॉस साखळी लेन,",89
BoothVoterList_A4_Ward_211_Booth_27.pdf,50,"यादी भाग क्र. १५२  :  म्यु.घ.नं.१२, स्वदेशी मंझिल, दुसरी साखळी स्ट्रीट क्रॉस लेन,",93
BoothVoterList_A4_Ward_211_Booth_27.pdf,51,"यादी भाग क्र. १५२  :  म्यु.घ.नं.६, मुबारक मंझिल, २री क्रॉस साखळी लेन,",89
BoothVoterList_A4_Ward_211_Booth_27.pdf,52,"यादी भाग क्र. १५२  :  डी के रेसिडेन्सी शैख हफिझुद्दिन मार्ग २ सांखळी स्ट्रीट मुंबई - ४००००८",92
BoothVoterList_A4_Ward_211_Booth_27.pdf,53,"यादी भाग क्र. १५२  :  म्यु.घ.नं.७, हबीब पेलेस, २री क्रॉस साखळी लेन,",89
BoothVoterList_A4_Ward_211_Booth_27.pdf,54,"यादी भाग क्र. १५२  :  Ht अपार्टमेंट, बदलु रंगारी स्ट्रीट, भायखळा, मुंबई",87
BoothVoterList_A4_Ward_211_Booth_27.pdf,55,"यादी भाग क्र. १५२  :  हबीब पॅलेस, V विंग, २री क्रॉस साखळी लेन,",87
BoothVoterList_A4_Ward_211_Booth_27.pdf,56,"यादी भाग क्र. १५२  :  म्यु.घ.नं.१, जमनादास बिल्डींग (परदा पॅलेस), दुसरी साखळी स्ट्रीट क्रॉस",93
BoothVoterList_A4_Ward_211_Booth_27.pdf,57,"यादी भाग क्र. १५२ :  म्यु.घ.नं.४, अलाविया बिल्डींग, २री क्रॉस साखळी लेन,",83
BoothVoterList_A4_Ward_211_Booth_27.pdf,58,"यादी भाग क्र. १५२  :  हबीब पॅलेस, V विंग, २री क्रॉस साखळी लेन,",87
BoothVoterList_A4_Ward_211_Booth_27.pdf,59,"यादी भाग क्र. १५२  :  Ht अपार्टमेंट, बदलु रंगारी स्ट्रीट, भायखळा, मुंबई",87
BoothVoterList_A4_Ward_211_Booth_27.pdf,60,"यादी भाग क्र. १५२  :  म्यु.घ.नं.१, जमनादास बिल्डींग (परदा पॅलेस), दुसरी साखळी स्ट्रीट क्रॉस",93
BoothVoterList_A4_Ward_211_Booth_27.pdf,61,"यादी भाग क्र. १५२  :  हबीब पॅलेस, V विंग, २री क्रॉस साखळी लेन,",87
BoothVoterList_A4_Ward_211_Booth_27.pdf,62,"यादी भाग क्र. १५२  :  डी के रेसिडेन्सी शैख हफिझुद्दिन मार्ग २ सांखळी स्ट्रीट मुंबई - ४००००८",92
BoothVoterList_A4_Ward_211_Booth_27.pdf,63,"यादी भाग क्र. १५२  :  इरफान पॅलेस, शेख हाफिझुद्दिन मार्ग,",84
BoothVoterList_A4_Ward_211_Booth_27.pdf,64,"यादी भाग क्र. १५२  :  हबीब पॅलेस, V विंग, २री क्रॉस साखळी लेन,",87
BoothVoterList_A4_Ward_211_Booth_27.pdf,65,"यादी भाग क्र. १५२  :  डी के रेसिडेन्सी शैख हफिझुद्दिन मार्ग २ सांखळी स्ट्रीट मुंबई - ४००००८",92
BoothVoterList_A4_Ward_211_Booth_27.pdf,66,"यादी भाग क्र. १५२  :  म्यु.घ.नं.७, हबीब पेलेस, २री क्रॉस साखळी लेन,",89
BoothVoterList_A4_Ward_211_Booth_27.pdf,67,"यादी भाग क्र. १५२  :  इरफान पॅलेस, Wl क्रॉस साखळी लेन,",89
BoothVoterList_A4_Ward_211_Booth_27.pdf,68,"यादी भाग क्र. १५२  :  डी के रेसिडेन्सी शैख हफिझुद्दिन मार्ग २ सांखळी स्ट्रीट मुंबई - ४००००८",92
BoothVoterList_A4_Ward_211_Booth_27.pdf,69,"यादी भाग क्र. १५२  :  Ht अपार्टमेंट, बदलु रंगारी स्ट्रीट, भायखळा, मुंबई",87
BoothVoterList_A4_Ward_211_Booth_27.pdf,70,"यादी भाग क्र. १५२  :  म्यु.घ.नं.१०,पांडरोवाला महल, दुसरी साखळी स्ट्रीट क्रॉस लेन,",92
BoothVoterList_A4_Ward_211_Booth_27.pdf,71,"यादी भाग क्र. १५२  :  म्यु.घ.नं.७, हबीब पेलेस, २री क्रॉस साखळी लेन,",89
BoothVoterList_A4_Ward_211_Booth_27.pdf,72,"यादी भाग क्र. १५२  :  Ht अपार्टमेंट, बदलु रंगारी स्ट्रीट, भायखळा, मुंबई",87
BoothVoterList_A4_Ward_211_Booth_27.pdf,73,"यादी भाग क्र. १५२  :  इरफान पॅलेस, Wl क्रॉस साखळी लेन,",89
BoothVoterList_A4_Ward_211_Booth_27.pdf,74,"यादी भाग क्र. १५२  :  डी के रेसिडेन्सी शैख हफिझुद्दिन मार्ग २ सांखळी स्ट्रीट मुंबई - ४००००८",92
BoothVoterList_A4_Ward_211_Booth_27.pdf,75,"यादी भाग क्र. १५२  :  Ht अपार्टमेंट, बदलु रंगारी स्ट्रीट, भायखळा, मुंबई",87
BoothVoterList_A4_Ward_211_Booth_27.pdf,76,"यादी भाग क्र. १५२  :  हबीब पॅलेस, V विंग, २री क्रॉस साखळी लेन,",87
BoothVoterList_A4_Ward_211_Booth_27.pdf,77,"यादी भाग क्र. १५२  :  Ht अपार्टमेंट, बदलु रंगारी स्ट्रीट, भायखळा, मुंबई",87
BoothVoterList_A4_Ward_211_Booth_28.pdf,2,"यादी भाग क्र. १५३  :  म्यु.घ.नं.७, तेहसीन टॉवर, तिसरी साखळी स्ट्रीट, क्रॉस लेन,",90
BoothVoterList_A4_Ward_211_Booth_28.pdf,5,"यादी भाग क्र. १५३  :  म्यु.घ.नं.११, अलफत्तेह बिल्डींग, तिसरी साखळी स्ट्रीट, क्रॉस लेन,",92
BoothVoterList_A4_Ward_211_Booth_28.pdf,10,"यादी भाग क्र. १५३  :  म्यु.घ.नं.१३, रतलाम बिल्डींग-अ, तिसरी साखळी स्ट्रीट, क्रॉस लेन,",92
BoothVoterList_A4_Ward_211_Booth_28.pdf,15,"यादी भाग क्र. १५३  :  म्यु.घ.नं.१३, रतलाम बिल्डींग-ब, तिसरी साखळी स्ट्रीट, क्रॉस लेन,",92
BoothVoterList_A4_Ward_211_Booth_28.pdf,18,"यादी भाग क्र. १५३  :  म्यु.घ.नं.१५, फारुख मेन्शन, तिसरी साखळी स्ट्रीट, क्रॉस लेन,",91
BoothVoterList_A4_Ward_211_Booth_28.pdf,19,"यादी भाग क्र. १५३  :  विठ्ठल मंदिर जवळील झोपड्या, तिसरी साखळी स्ट्रीट, क्रॉस लेन,",90
BoothVoterList_A4_Ward_211_Booth_28.pdf,21,"यादी भाग क्र. १५३  :  म्यु.घ.नं.१५, रतलाम बिल्डींग,तिसरी साखळी स्ट्रीट, क्रॉस लेन,",92
BoothVoterList_A4_Ward_211_Booth_28.pdf,22,"यादी भाग क्र. १५३  :  रेहमानी टॉवर, तिसरी साखळी स्ट्रीट, क्रॉस लेन,",92
BoothVoterList_A4_Ward_211_Booth_28.pdf,23,"यादी भाग क्र. १५३  :  तेहसिन टॉवर, तिसरी साखळी स्ट्रीट, क्रॉस लेन,",93
BoothVoterList_A4_Ward_211_Booth_28.pdf,27,"यादी भाग क्र. १५३  :  म्यु.घ.नं. १०, पंद्रोवाला महल, दुसरी साखळी स्ट्रीट, भायखळा,",92
BoothVoterList_A4_Ward_211_Booth_28.pdf,28,"यादी भाग क्र. १५३  :  म्यु.घ.नं.१५, केएसए. Tow, frat क्रॉस लेन, साखळी स्ट्रीट, भायखळा,",86
BoothVoterList_A4_Ward_211_Booth_28.pdf,33,"यादी भाग क्र. १५३  :  के. एस. ए. हाइटस, दुसरी साकळी स्ट्रीट, भायखळा,",92
BoothVoterList_A4_Ward_211_Booth_28.pdf,37,"यादी भाग क्र. १५३  : के एस ए ग्रॅन्ड , ३ री सांखळी स्ट्रीट, मुंबई- ४००००८",90
BoothVoterList_A4_Ward_211_Booth_29.pdf,2,"यादी भाग क्र. १५३  : के एस ए ग्रॅन्ड , ३ री सांखळी स्ट्रीट, मुंबई- ४००००८",90
BoothVoterList_A4_Ward_211_Booth_29.pdf,7,"यादी भाग क्र. १५३  :  रॉयल टच अल फतेह सी.एच.एस लिमिटेड, शेख हफ़ीज़ुद्दीन मार्ग, मदनपुरा",89
BoothVoterList_A4_Ward_211_Booth_29.pdf,9,"यादी भाग क्र. १५३  :  म्यु.घ.नं.१५, केएसए. Tow, frat क्रॉस लेन, साखळी स्ट्रीट, भायखळा,",86
BoothVoterList_A4_Ward_211_Booth_29.pdf,10,"यादी भाग क्र. १५३  :  के. एस. ए. हाइटस, दुसरी साकळी स्ट्रीट, भायखळा,",92
BoothVoterList_A4_Ward_211_Booth_29.pdf,11,"यादी भाग क्र. १५३  :  तेहसिन टॉवर, तिसरी साखळी स्ट्रीट, क्रॉस लेन,",93
BoothVoterList_A4_Ward_211_Booth_29.pdf,12,"यादी भाग क्र. १५३  :  म्यु.घ.नं.७, तेहसीन टॉवर, तिसरी साखळी स्ट्रीट, क्रॉस लेन,",90
BoothVoterList_A4_Ward_211_Booth_29.pdf,13,"यादी भाग क्र. १५३  :  म्यु.घ.नं.१५, केएसए. Tow, frat क्रॉस लेन, साखळी स्ट्रीट, भायखळा,",86
BoothVoterList_A4_Ward_211_Booth_29.pdf,14,"यादी भाग क्र. १५३  : के एस ए ग्रॅन्ड , ३ री सांखळी स्ट्रीट, मुंबई- ४००००८",90
BoothVoterList_A4_Ward_211_Booth_29.pdf,15,"यादी भाग क्र. १५३  :  रॉयल टच अल फतेह सी.एच.एस लिमिटेड, शेख हफ़ीज़ुद्दीन मार्ग, मदनपुरा",89
BoothVoterList_A4_Ward_211_Booth_29.pdf,16,"यादी भाग क्र. १५३  : के एस ए ग्रॅन्ड , ३ री सांखळी स्ट्रीट, मुंबई- ४००००८",90
BoothVoterList_A4_Ward_211_Booth_29.pdf,17,"यादी भाग क्र. १५३  :  म्यु.घ.नं.१५, केएसए. Tow, frat क्रॉस लेन, साखळी स्ट्रीट, भायखळा,",86
BoothVoterList_A4_Ward_211_Booth_29.pdf,18,"यादी भाग क्र. १५३  :  म्यु.घ.नं. १०, पंद्रोवाला महल, दुसरी साखळी स्ट्रीट, भायखळा,",92
BoothVoterList_A4_Ward_211_Booth_29.pdf,19,"यादी भाग क्र. १५३  :  के. एस. ए. हाइटस, दुसरी साकळी स्ट्रीट, भायखळा,",92
BoothVoterList_A4_Ward_211_Booth_29.pdf,20,"यादी भाग क्र. १५३  :  म्यु.घ.नं.१५, केएसए. Tow, frat क्रॉस लेन, साखळी स्ट्रीट, भायखळा,",86
BoothVoterList_A4_Ward_211_Booth_29.pdf,21,"यादी भाग क्र. १५३  :  तेहसिन टॉवर, तिसरी साखळी स्ट्रीट, क्रॉस लेन,",93
BoothVoterList_A4_Ward_211_Booth_29.pdf,22,"यादी भाग क्र. १५३  :  रॉयल टच अल फतेह सी.एच.एस लिमिटेड, शेख हफ़ीज़ुद्दीन मार्ग, मदनपुरा",89
BoothVoterList_A4_Ward_211_Booth_29.pdf,23,"यादी भाग क्र. १५३  :  म्यु.घ.नं.१५, केएसए. Tow, frat क्रॉस लेन, साखळी स्ट्रीट, भायखळा,",86
BoothVoterList_A4_Ward_211_Booth_29.pdf,24,"यादी भाग क्र. १५३  :  म्यु.घ.नं.११, अलफत्तेह बिल्डींग, तिसरी साखळी स्ट्रीट, क्रॉस लेन,",92
BoothVoterList_A4_Ward_211_Booth_29.pdf,25,"यादी भाग क्र. १५३  :  म्यु.घ.नं.७, तेहसीन टॉवर, तिसरी साखळी स्ट्रीट, क्रॉस लेन,",90
BoothVoterList_A4_Ward_211_Booth_29.pdf,26,"यादी भाग क्र. १५३  :  के. एस. ए. हाइटस, दुसरी साकळी स्ट्रीट, भायखळा,",92
BoothVoterList_A4_Ward_211_Booth_29.pdf,27,"यादी भाग क्र. १५३  :  रॉयल टच अल फतेह सी.एच.एस लिमिटेड, शेख हफ़ीज़ुद्दीन मार्ग, मदनपुरा",89
BoothVoterList_A4_Ward_211_Booth_29.pdf,28,"यादी भाग क्र. १५३  :  म्यु.घ.नं.११, अलफत्तेह बिल्डींग, तिसरी साखळी स्ट्रीट, क्रॉस लेन,",92
BoothVoterList_A4_Ward_211_Booth_29.pdf,29,"यादी भाग क्र. १५३  :  के. एस. ए. हाइटस, दुसरी साकळी स्ट्रीट, भायखळा,",92
BoothVoterList_A4_Ward_211_Booth_29.pdf,30,"यादी भाग क्र. १५३  : के एस ए ग्रॅन्ड , ३ री सांखळी स्ट्रीट, मुंबई- ४००००८",90
BoothVoterList_A4_Ward_211_Booth_29.pdf,31,"यादी भाग क्र. १५३  :  म्यु.घ.नं.७, तेहसीन टॉवर, तिसरी साखळी स्ट्रीट, क्रॉस लेन,",90
BoothVoterList_A4_Ward_211_Booth_29.pdf,32,"यादी भाग क्र. १५३  :  तेहसिन टॉवर, तिसरी साखळी स्ट्रीट, क्रॉस लेन,",93
BoothVoterList_A4_Ward_211_Booth_29.pdf,33,"यादी भाग क्र. १५३  :  के. एस. ए. हाइटस, दुसरी साकळी स्ट्रीट, भायखळा,",92
BoothVoterList_A4_Ward_211_Booth_29.pdf,34,"यादी भाग क्र. १५३  :  रॉयल टच अल फतेह सी.एच.एस लिमिटेड, शेख हफ़ीज़ुद्दीन मार्ग, मदनपुरा",89
BoothVoterList_A4_Ward_211_Booth_29.pdf,35,"यादी भाग क्र. १५३  :  के. एस. ए. हाइटस, दुसरी साकळी स्ट्रीट, भायखळा,",92
BoothVoterList_A4_Ward_211_Booth_29.pdf,36,"यादी भाग क्र. १५३  :  रॉयल टच अल फतेह सी.एच.एस लिमिटेड, शेख हफ़ीज़ुद्दीन मार्ग, मदनपुरा",89
BoothVoterList_A4_Ward_211_Booth_29.pdf,37,"यादी भाग क्र. १५३  :  के. एस. ए. हाइटस, दुसरी साकळी स्ट्रीट, भायखळा,",92
BoothVoterList_A4_Ward_211_Booth_29.pdf,38,"यादी भाग क्र. १५३  :  म्यु.घ.नं.१५, केएसए. Tow, frat क्रॉस लेन, साखळी स्ट्रीट, भायखळा,",86
BoothVoterList_A4_Ward_211_Booth_29.pdf,39,"यादी भाग क्र. १५३  :  के. एस. ए. हाइटस, दुसरी साकळी स्ट्रीट, भायखळा,",92
BoothVoterList_A4_Ward_211_Booth_29.pdf,40,"यादी भाग क्र. १५३  :  तेहसिन टॉवर, तिसरी साखळी स्ट्रीट, क्रॉस लेन,",93
BoothVoterList_A4_Ward_211_Booth_29.pdf,41,"यादी भाग क्र. १५३  :  रॉयल टच अल फतेह सी.एच.एस लिमिटेड, शेख हफ़ीज़ुद्दीन मार्ग, मदनपुरा",89
BoothVoterList_A4_Ward_211_Booth_29.pdf,42,"यादी भाग क्र. १५३  :  के. एस. ए. हाइटस, दुसरी साकळी स्ट्रीट, भायखळा,",92
BoothVoterList_A4_Ward_211_Booth_29.pdf,43,"यादी भाग क्र. १५४  :  म्यु.घ.नं. ८६८ -८९८, खटाव मकनजी चाळ नं.२, बापुराव जगताप रोड,",92
BoothVoterList_A4_Ward_211_Booth_29.pdf,46,"यादी भाग क्र. १५४  :  म्यु.घ.नं. 902-828, खटाव मिल चाळ 4.9, बापुराव जगताप रोड,",88
BoothVoterList_A4_Ward_211_Booth_29.pdf,49,"यादी भाग क्र. १५४  :  म्यु.घ.नं.९००, खटाव मिल चाळ नं.४, बापुराव जगताप रोड,",91
BoothVoterList_A4_Ward_211_Booth_29.pdf,50,"यादी भाग क्र. १५४  :  म्यु.घ.नं.९००, खटाव मिल चाळ 4.3, बापुराव जगताप रोड,",91
BoothVoterList_A4_Ward_211_Booth_29.pdf,51,"यादी भाग क्र. १५४  :  खटाव मिल चाळ न-.४, बापुराव जगताप रोड,",92
BoothVoterList_A4_Ward_211_Booth_29.pdf,52,"यादी भाग क्र. १५४  :  ४०००११, खटाव मिल चाळ न, बापुराव जगताप रोड,",92
BoothVoterList_A4_Ward_211_Booth_29.pdf,53,"यादी भाग क्र. १५४  :  टितलिस माँटी साउथ, टॉवर-ए, बापूराव जगताप मार्ग, भायखळा फायर",88
BoothVoterList_A4_Ward_211_Booth_29.pdf,56,"यादी भाग क्र. १५४  :  म्यु.घ.नं. 902-828, खटाव मिल चाळ 4.9, बापुराव जगताप रोड,",88
BoothVoterList_A4_Ward_211_Booth_29.pdf,57,"यादी भाग क्र. १५४  :  टितलिस माँटी साउथ, टॉवर-ए, बापूराव जगताप मार्ग, भायखळा फायर",88
BoothVoterList_A4_Ward_211_Booth_29.pdf,58,"यादी भाग क्र. १५४  :  खटाव मिल चाळ न-.४, बापुराव जगताप रोड,",92
BoothVoterList_A4_Ward_211_Booth_29.pdf,59,"यादी भाग क्र. १५४  :  म्यु.घ.नं. 902-828, खटाव मिल चाळ 4.9, बापुराव जगताप रोड,",88
BoothVoterList_A4_Ward_211_Booth_29.pdf,60,"यादी भाग क्र. १५४  :  टितलिस माँटी साउथ, टॉवर-ए, बापूराव जगताप मार्ग, भायखळा फायर",88
BoothVoterList_A4_Ward_211_Booth_3.pdf,2,"यादी भाग क्र. २०२  :  म्यु.घ.नं.१२२, के.ई.होम सॅल्वेशाना आर्मी, मौलाना आझाद रोड, मुंबई",89
BoothVoterList_A4_Ward_211_Booth_3.pdf,4,"यादी भाग क्र. २०२  :  म्यु.घ.नं.१४६ ते १४८, अब्दुला हाऊस (हाजी जमाल बि.), मौलाना आझाद रोड",93
BoothVoterList_A4_Ward_211_Booth_3.pdf,6,"यादी भाग क्र. २०२  :  म्यु.घ.नं. १५० इब्राहीम इमारत, मौलाना आझाद रोड,",93
BoothVoterList_A4_Ward_211_Booth_3.pdf,9,"यादी भाग क्र. २०२  :  म्यु.घ.नं.१५४ आझाद इंडिया इमारत, मौलाना आझाद रोड,",92
BoothVoterList_A4_Ward_211_Booth_3.pdf,15,"यादी भाग क्र. २०२  :  म्यु.घ.नं.१६६ बडी मस्जिद कंपाऊंड, मौलाना आझाद रोड,",92
BoothVoterList_A4_Ward_211_Booth_3.pdf,16,"यादी भाग क्र. २०२  :  म्यु.घ.नं.१६८, अमीनाबाई चाळ, मौलाना आझाद रोड,",92
BoothVoterList_A4_Ward_211_Booth_3.pdf,19,"यादी भाग क्र. २०२  :  म्यु.घ.नं.१७० ते १७२, शरीफाबाई चाळ, मौलाना आझाद रोड,",92
BoothVoterList_A4_Ward_211_Booth_3.pdf,20,"यादी भाग क्र. २०२  :  १ अ) मौलाना आझाद रोड",91
BoothVoterList_A4_Ward_211_Booth_3.pdf,21,"यादी भाग क्र. २०२  :  म्यु.घ.नं.१८६ ते १८८ कोयता हाऊस, मौलाना आझाद रोड",93
BoothVoterList_A4_Ward_211_Booth_3.pdf,22,"यादी भाग क्र. २०२  :  म्यु.घ.नं. १८२, रहीम बिल्डींग, मौलाना आझाद रोड,",93
BoothVoterList_A4_Ward_211_Booth_3.pdf,23,"यादी भाग क्र. २०२  :  म्यु.घ.नं.१९६, खोजा चाळ, मौलाना आझाद रोड,",93
BoothVoterList_A4_Ward_211_Booth_3.pdf,29,"यादी भाग क्र. २०२  :  म्यु.घ.नं.२२, प्रभात वाडी, मौलाना आझाद रोड,",93
BoothVoterList_A4_Ward_211_Booth_3.pdf,30,"यादी भाग क्र. २०२  :  केडी बिल्डींग, मौलाना आझाद रोड,",90
BoothVoterList_A4_Ward_211_Booth_3.pdf,35,"यादी भाग क्र. २०२  :  अर रय्यान टॉवर, मौलाना आझाद रोड, झुला मैदान शेजारी, मुंबई- ४०००११",92
BoothVoterList_A4_Ward_211_Booth_3.pdf,37,"यादी भाग क्र. २०२  :  पोस्ट ऑफिस बिल्डिंग,१८६ मौलाना आझाद रोड, मदनपुरा मुंबई - ४००००८",91
BoothVoterList_A4_Ward_211_Booth_3.pdf,38,"यादी भाग क्र. २०२  :  म्यु.घ.नं.१९६, खोजा चाळ, मौलाना आझाद रोड,",93
BoothVoterList_A4_Ward_211_Booth_3.pdf,39,"यादी भाग क्र. २०२  :  केडी बिल्डींग, मौलाना आझाद रोड,",90
BoothVoterList_A4_Ward_211_Booth_3.pdf,40,"यादी भाग क्र. २०२  :  म्यु.घ.नं.१२२, के.ई.होम सॅल्वेशाना आर्मी, मौलाना आझाद रोड, मुंबई",89
BoothVoterList_A4_Ward_211_Booth_3.pdf,41,"यादी भाग क्र. २०२  :  केडी बिल्डींग, मौलाना आझाद रोड,",90
BoothVoterList_A4_Ward_211_Booth_3.pdf,42,"यादी भाग क्र. २०२  :  म्यु.घ.नं.१९६, खोजा चाळ, मौलाना आझाद रोड,",93
BoothVoterList_A4_Ward_211_Booth_3.pdf,43,"यादी भाग क्र. २०२  :  केडी बिल्डींग, मौलाना आझाद रोड,",90
BoothVoterList_A4_Ward_211_Booth_3.pdf,44,"यादी भाग क्र. २०२  :  म्यु.घ.नं.१९६, खोजा चाळ, मौलाना आझाद रोड,",93
BoothVoterList_A4_Ward_211_Booth_3.pdf,45,"यादी भाग क्र. २०२  :  म्यु.घ.नं.१५४ आझाद इंडिया इमारत, मौलाना आझाद रोड,",92
BoothVoterList_A4_Ward_211_Booth_3.pdf,46,"यादी भाग क्र. २०२  :  म्यु.घ.नं.१९६, खोजा चाळ, मौलाना आझाद रोड,",93
BoothVoterList_A4_Ward_211_Booth_3.pdf,47,"यादी भाग क्र. २०२  :  अर रय्यान टॉवर, मौलाना आझाद रोड, झुला मैदान शेजारी, मुंबई- ४०००११",92
BoothVoterList_A4_Ward_211_Booth_3.pdf,48,"यादी भाग क्र. २०२  :  म्यु.घ.नं.१२२, के.ई.होम सॅल्वेशाना आर्मी, मौलाना आझाद रोड, मुंबई",89
BoothVoterList_A4_Ward_211_Booth_3.pdf,49,"यादी भाग क्र. २०२  :  म्यु.घ.नं.१९६, खोजा चाळ, मौलाना आझाद रोड,",93
BoothVoterList_A4_Ward_211_Booth_3.pdf,50,"यादी भाग क्र. २०२  :  म्यु.घ.नं. १५० इब्राहीम इमारत, मौलाना आझाद रोड,",93
BoothVoterList_A4_Ward_211_Booth_3.pdf,51,"यादी भाग sh, 202  :  समुंदर महाल, मौलाना आज़ाद रोड, नागपाडा, मुंबई सेंट्रल, मुंबई",92
BoothVoterList_A4_Ward_211_Booth_3.pdf,52,"यादी भाग क्र. २०२  :  म्यु.घ.नं.१९६, खोजा चाळ, मौलाना आझाद रोड,",93
BoothVoterList_A4_Ward_211_Booth_3.pdf,53,"यादी भाग क्र. २०२  :  अर रय्यान टॉवर, मौलाना आझाद रोड, झुला मैदान शेजारी, मुंबई- ४०००११",92
BoothVoterList_A4_Ward_211_Booth_3.pdf,54,"यादी भाग क्र. २०२  :  म्यु.घ.नं.१६८, अमीनाबाई चाळ, मौलाना आझाद रोड,",92
BoothVoterList_A4_Ward_211_Booth_3.pdf,55,"यादी भाग क्र. २०२  :  म्यु.घ.नं.१९६, खोजा चाळ, मौलाना आझाद रोड,",93
BoothVoterList_A4_Ward_211_Booth_3.pdf,56,"यादी भाग क्र. २०२  :  केडी बिल्डींग, मौलाना आझाद रोड,",90
BoothVoterList_A4_Ward_211_Booth_3.pdf,57,"यादी भाग क्र. २०२  :  अर रय्यान टॉवर, मौलाना आझाद रोड, झुला मैदान शेजारी, मुंबई- ४०००११",92
BoothVoterList_A4_Ward_211_Booth_3.pdf,58,"यादी भाग क्र. २०२  :  म्यु.घ.नं.१९६, खोजा चाळ, मौलाना आझाद रोड,",93
BoothVoterList_A4_Ward_211_Booth_3.pdf,59,"यादी भाग क्र. २०२  :  अर रय्यान टॉवर, मौलाना आझाद रोड, झुला मैदान शेजारी, मुंबई- ४०००११",92
BoothVoterList_A4_Ward_211_Booth_3.pdf,60,"यादी भाग क्र. २०२  :  म्यु.घ.नं.१६८, अमीनाबाई चाळ, मौलाना आझाद रोड,",92
BoothVoterList_A4_Ward_211_Booth_3.pdf,61,"यादी भाग क्र. २०२  :  म्यु.घ.नं.१७० ते १७२, शरीफाबाई चाळ, मौलाना आझाद रोड,",92
BoothVoterList_A4_Ward_211_Booth_3.pdf,62,"यादी भाग क्र. २०२  :  अर रय्यान टॉवर, मौलाना आझाद रोड, झुला मैदान शेजारी, मुंबई- ४०००११",92
BoothVoterList_A4_Ward_211_Booth_3.pdf,63,"यादी भाग क्र. २०२  :  म्यु.घ.नं.१९६, खोजा चाळ, मौलाना आझाद रोड,",93
BoothVoterList_A4_Ward_211_Booth_3.pdf,64,"यादी भाग क्र. २०२  :  अर रय्यान टॉवर, मौलाना आझाद रोड, झुला मैदान शेजारी, मुंबई- ४०००११",92
BoothVoterList_A4_Ward_211_Booth_30.pdf,2,"यादी भाग क्र. १५५  :  म्यु.घ.नं.७अ - पत्रा चाळ नं.१ बदलु रंगारी रोड भायखळा (प)",91
BoothVoterList_A4_Ward_211_Booth_30.pdf,7,"यादी भाग क्र. १५५  :  म्यु.घ.नं.७अ - पत्रा चाळ नं.२ बदलु रंगारी रोड",92
BoothVoterList_A4_Ward_211_Booth_30.pdf,10,"यादी भाग क्र. १५५  :  पत्रा चाळ नं.३ बदलु रंगारी रोड",90
BoothVoterList_A4_Ward_211_Booth_30.pdf,12,"यादी भाग क्र. १५५  :  म्यु.घ.नं.७ अन्वरशेठ चाळ नं.१ बदलु रंगारी रोड",89
BoothVoterList_A4_Ward_211_Booth_30.pdf,14,"यादी भाग क्र. १५५  :  म्यु.घ.नं.७ अन्वरशेठ चाळ नं.२ बदलु रंगारी रोड",92
BoothVoterList_A4_Ward_211_Booth_30.pdf,15,"यादी भाग क्र. १५५  :  म्यु.घ.नं.७ अन्वरशेठ चाळ नं.३ बदलु रंगारी रोड",93
BoothVoterList_A4_Ward_211_Booth_30.pdf,17,"यादी भाग क्र. १५५  :  म्यु.घ.नं.७ अन्वरशेठ चाळ नं.४ बदलु रंगारी रोड",87
BoothVoterList_A4_Ward_211_Booth_30.pdf,18,"यादी भाग क्र. १५५  :  म्यु.घ.नं.७ अन्वरशेठ चाळ नं.५ बदलु रंगारी रोड",92
BoothVoterList_A4_Ward_211_Booth_30.pdf,20,"यादी भाग क्र. १५५  :  म्यु.घ.नं.७ अन्वरशेठ चाळ नं.६ बदलु रंगारी रोड",93
BoothVoterList_A4_Ward_211_Booth_30.pdf,22,"यादी भाग क्र. १५५  :  म्यु.घ.नं.७ अन्वरशेठ चाळ 4.0 बदलु रंगारी रोड",91
BoothVoterList_A4_Ward_211_Booth_30.pdf,23,"यादी भाग क्र. १५५  :  म्यु.घ.नं.७ अन्वरशेठ चाळ नं.८ बदलु रंगारी रोड",92
BoothVoterList_A4_Ward_211_Booth_30.pdf,24,"यादी भाग क्र. १५५  :  म्यु.घ.नं.७ अन्वरशेठ चाळ नं.९ बदलु रंगारी रोड",90
BoothVoterList_A4_Ward_211_Booth_31.pdf,2,"यादी भाग क्र. १५५  :  म्यु.घ.नं.७अ फरझन्ड अपार्टमेंट बदलु रंगारी रोड",92
BoothVoterList_A4_Ward_211_Booth_31.pdf,11,"यादी भाग क्र. १५५  :  म्यु.घ.नं.११ गुलाब मंझील बदलु रंगारी रोड",92
BoothVoterList_A4_Ward_211_Booth_31.pdf,14,"यादी भाग क्र. १५५  :  म्यु.घ.नं.११ नवाब चाळ बदलु रंगारी रोड",93
BoothVoterList_A4_Ward_211_Booth_31.pdf,18,"यादी भाग क्र. १५५  :  म्यु.घ.नं.१५ अमिनाबी चाळ बदलु रंगारी रोड",91
BoothVoterList_A4_Ward_211_Booth_31.pdf,24,"यादी भाग क्र. १५५  :  जुनेद AM, बदलू रंगारी स्ट्रीट, भायखळा,",90
BoothVoterList_A4_Ward_211_Booth_31.pdf,25,"यादी भाग क्र. १५५  :  बाग-ए-उस्मान हाइटस, बदलू रंगारी स्ट्रीट, भायखळा,",91
BoothVoterList_A4_Ward_211_Booth_31.pdf,27,"यादी भाग क्र. १५५  :  म्यु.घ.नं.७ अन्वरशेठ चाळ नं.५ बदलु रंगारी रोड",92
BoothVoterList_A4_Ward_211_Booth_31.pdf,28,"यादी भाग क्र. १५५  :  बाग-ए-उस्मान हाइटस, बदलू रंगारी स्ट्रीट, भायखळा,",91
BoothVoterList_A4_Ward_211_Booth_31.pdf,29,"यादी भाग क्र. १५५  :  म्यु.घ.नं.७ अन्वरशेठ चाळ नं.५ बदलु रंगारी रोड",92
BoothVoterList_A4_Ward_211_Booth_31.pdf,30,"यादी भाग क्र. १५५  :  पत्रा चाळ नं.३ बदलु रंगारी रोड",90
BoothVoterList_A4_Ward_211_Booth_31.pdf,31,"यादी भाग क्र. १५५  :  म्यु.घ.नं.७अ - पत्रा चाळ नं.१ बदलु रंगारी रोड भायखळा (प)",91
BoothVoterList_A4_Ward_211_Booth_31.pdf,32,"यादी भाग क्र. १५५  :  म्यु.घ.नं.११ गुलाब मंझील बदलु रंगारी रोड",92
BoothVoterList_A4_Ward_211_Booth_31.pdf,33,"यादी भाग क्र. १५५  :  म्यु.घ.नं.७ अन्वरशेठ चाळ नं.१ बदलु रंगारी रोड",89
BoothVoterList_A4_Ward_211_Booth_31.pdf,34,"यादी भाग क्र. १५५  :  म्यु.घ.नं.७अ - पत्रा चाळ नं.१ बदलु रंगारी रोड भायखळा (प)",91
BoothVoterList_A4_Ward_211_Booth_31.pdf,35,"यादी भाग क्र. १५५  :  म्यु.घ.नं.११ नवाब चाळ बदलु रंगारी रोड",93
BoothVoterList_A4_Ward_211_Booth_31.pdf,36,"यादी भाग क्र. १५५  :  म्यु.घ.नं.७ अन्वरशेठ चाळ नं.३ बदलु रंगारी रोड",93
BoothVoterList_A4_Ward_211_Booth_31.pdf,37,"यादी भाग क्र. १५५  :  बाग-ए-उस्मान हाइटस, बदलू रंगारी स्ट्रीट, भायखळा,",91
BoothVoterList_A4_Ward_211_Booth_31.pdf,38,"यादी भाग क्र. १५५  :  म्यु.घ.नं.७अ - पत्रा चाळ नं.१ बदलु रंगारी रोड भायखळा (प)",91
BoothVoterList_A4_Ward_211_Booth_31.pdf,39,"यादी भाग क्र. १५५  :  म्यु.घ.नं.७ अन्वरशेठ चाळ नं.१ बदलु रंगारी रोड",89
BoothVoterList_A4_Ward_211_Booth_31.pdf,40,"यादी भाग क्र. १५५  :  म्यु.घ.नं.७अ - पत्रा चाळ नं.१ बदलु रंगारी रोड भायखळा (प)",91
BoothVoterList_A4_Ward_211_Booth_31.pdf,41,"यादी भाग क्र. १५५  :  म्यु.घ.नं.१५ अमिनाबी चाळ बदलु रंगारी रोड",91
BoothVoterList_A4_Ward_211_Booth_31.pdf,42,"यादी भाग क्र. १५५  :  म्यु.घ.नं.७अ - पत्रा चाळ नं.१ बदलु रंगारी रोड भायखळा (प)",91
BoothVoterList_A4_Ward_211_Booth_31.pdf,43,"यादी भाग क्र. १५५  :  म्यु.घ.नं.७ अन्वरशेठ चाळ नं.९ बदलु रंगारी रोड",90
BoothVoterList_A4_Ward_211_Booth_31.pdf,44,"यादी भाग क्र. १५५  :  म्यु.घ.नं.१५ अमिनाबी चाळ बदलु रंगारी रोड",91
BoothVoterList_A4_Ward_211_Booth_31.pdf,45,"यादी भाग क्र. १५५  :  म्यु.घ.नं.७ अन्वरशेठ चाळ नं.९ बदलु रंगारी रोड",90
BoothVoterList_A4_Ward_211_Booth_31.pdf,46,"यादी भाग क्र. १५५  :  म्यु.घ.नं.७अ - पत्रा चाळ नं.१ बदलु रंगारी रोड भायखळा (प)",91
BoothVoterList_A4_Ward_211_Booth_31.pdf,47,"यादी भाग क्र. १५५  :  म्यु.घ.नं.१५ अमिनाबी चाळ बदलु रंगारी रोड",91
BoothVoterList_A4_Ward_211_Booth_31.pdf,48,"यादी भाग क्र. १५५  :  म्यु.घ.नं.७ अन्वरशेठ चाळ नं.१ बदलु रंगारी रोड",89
BoothVoterList_A4_Ward_211_Booth_31.pdf,49,"यादी भाग क्र. १५५  :  म्यु.घ.नं.७ अन्वरशेठ चाळ नं.८ बदलु रंगारी रोड",92
BoothVoterList_A4_Ward_211_Booth_31.pdf,50,"यादी भाग क्र. १५५  :  म्यु.घ.नं.१५ अमिनाबी चाळ बदलु रंगारी रोड",91
BoothVoterList_A4_Ward_211_Booth_31.pdf,51,"यादी भाग क्र. १५५  :  जुनेद AM, बदलू रंगारी स्ट्रीट, भायखळा,",90
BoothVoterList_A4_Ward_211_Booth_31.pdf,52,"यादी भाग क्र. १५५  :  म्यु.घ.नं.१५ अमिनाबी चाळ बदलु रंगारी रोड",91
BoothVoterList_A4_Ward_211_Booth_31.pdf,53,"यादी भाग क्र. १५५  :  जुनेद AM, बदलू रंगारी स्ट्रीट, भायखळा,",90
BoothVoterList_A4_Ward_211_Booth_31.pdf,54,"यादी भाग क्र. १५५  :  बाग-ए-उस्मान हाइटस, बदलू रंगारी स्ट्रीट, भायखळा,",91
BoothVoterList_A4_Ward_211_Booth_31.pdf,55,"यादी भाग क्र. १५५  :  म्यु.घ.नं.१५ अमिनाबी चाळ बदलु रंगारी रोड",91
BoothVoterList_A4_Ward_211_Booth_31.pdf,56,"यादी भाग क्र. १५५  :  बाग-ए-उस्मान हाइटस, बदलू रंगारी स्ट्रीट, भायखळा,",91
BoothVoterList_A4_Ward_211_Booth_31.pdf,57,"यादी भाग क्र. १५५  :  म्यु.घ.नं.७ अन्वरशेठ चाळ नं.८ बदलु रंगारी रोड",92
BoothVoterList_A4_Ward_211_Booth_31.pdf,58,"यादी भाग क्र. १५५  :  म्यु.घ.नं.१५ अमिनाबी चाळ बदलु रंगारी रोड",91
BoothVoterList_A4_Ward_211_Booth_31.pdf,59,"यादी भाग क्र. १५५  :  जुनेद AM, बदलू रंगारी स्ट्रीट, भायखळा,",90
BoothVoterList_A4_Ward_211_Booth_31.pdf,60,"यादी भाग क्र. १५५  :  म्यु.घ.नं.७ अन्वरशेठ चाळ 4.0 बदलु रंगारी रोड",91
BoothVoterList_A4_Ward_211_Booth_31.pdf,61,"यादी भाग क्र. १५५  :  जुनेद AM, बदलू रंगारी स्ट्रीट, भायखळा,",90
BoothVoterList_A4_Ward_211_Booth_31.pdf,62,"यादी भाग क्र. १५५  :  म्यु.घ.नं.७ अन्वरशेठ चाळ नं.१ बदलु रंगारी रोड",89
BoothVoterList_A4_Ward_211_Booth_31.pdf,63,"यादी भाग क्र. १५५  :  म्यु.घ.नं.७ अन्वरशेठ चाळ नं.६ बदलु रंगारी रोड",93
BoothVoterList_A4_Ward_211_Booth_31.pdf,64,"यादी भाग क्र. १५५  :  बाग-ए-उस्मान हाइटस, बदलू रंगारी स्ट्रीट, भायखळा,",91
BoothVoterList_A4_Ward_211_Booth_32.pdf,2,"यादी भाग क्र. १५७  :  म्यु.घ.नं.१५१ सुगरा मंझील मौलाना आझाद रोड मदनपुरा पोष्ट ऑफीस",93
BoothVoterList_A4_Ward_211_Booth_32.pdf,3,"यादी भाग क्र. १५७  :  म्यु.घ.नं.१५३-१५६ बी - फातीमाबाई बिल्डिंग-फातमा मंझील मौलाना आझाद",87
BoothVoterList_A4_Ward_211_Booth_32.pdf,6,"यादी भाग क्र. १५७  :  म्यु.घ.नं.१५५ करीम बिल्डींग मौलाना आझाद रोड",93
BoothVoterList_A4_Ward_211_Booth_32.pdf,8,"यादी भाग क्र. १५७  :  म्यु.घ.नं.१५९ चाकुवाला बिल्डिंग मौलाना आझाद रोड",89
BoothVoterList_A4_Ward_211_Booth_32.pdf,9,"यादी भाग क्र. १५७  :  म्यु.घ.नं.१६५ इसा शेठ चाळ मौलाना आझाद रोड",92
BoothVoterList_A4_Ward_211_Booth_32.pdf,10,"यादी भाग क्र. १५७  :  म्यु.घ.नं.१६५ इसा शेठ चाळ (क) मौलाना आझाद WS",92
BoothVoterList_A4_Ward_211_Booth_32.pdf,17,"यादी भाग क्र. १५७  :  म्यु.घ.नं.१६५ बी इसा शेठ चाळ (आडवी) मौलाना आझाद रोड",91
BoothVoterList_A4_Ward_211_Booth_32.pdf,22,"यादी भाग क्र. १५७  :  म्यु.घ.नं.१६५ ई नुराणी चाळ मौलाना आझाद रोड",92
BoothVoterList_A4_Ward_211_Booth_32.pdf,27,"यादी भाग क्र. १५७  :  म्यु.घ.नं.१६५ S Fy मुकादम चाळ मौलाना आझाद रोड",88
BoothVoterList_A4_Ward_211_Booth_32.pdf,28,"यादी भाग क्र. १५७  :  म्यु.घ.नं.१६५ एफ नुराणी चाळ मौलाना आझाद रोड",92
BoothVoterList_A4_Ward_211_Booth_32.pdf,31,"यादी भाग क्र. १५७  :  म्यु.घ.नं.१६५ सी इसा शेठ बिल्डिंग मौलाना आझाद रोड",93
BoothVoterList_A4_Ward_211_Booth_32.pdf,34,"यादी भाग क्र. १५७  :  नारायणदास बिल्डींग, मौलाना आझाद रोड,",91
BoothVoterList_A4_Ward_211_Booth_32.pdf,35,"यादी भाग क्र. १५७  :  म्यु.घ.नं.१५५ करीम बिल्डींग मौलाना आझाद रोड",93
BoothVoterList_A4_Ward_211_Booth_32.pdf,36,"यादी भाग क्र. १५७  :  म्यु.घ.नं.१६५ सी इसा शेठ बिल्डिंग मौलाना आझाद रोड",93
BoothVoterList_A4_Ward_211_Booth_32.pdf,37,"यादी भाग क्र. १५७  :  नारायणदास बिल्डींग, मौलाना आझाद रोड,",91
BoothVoterList_A4_Ward_211_Booth_32.pdf,38,"यादी भाग क्र. १५७  :  म्यु.घ.नं.१६५ ई नुराणी चाळ मौलाना आझाद रोड",92
BoothVoterList_A4_Ward_211_Booth_32.pdf,39,"यादी भाग क्र. १५७  :  म्यु.घ.नं.१६५ बी इसा शेठ चाळ (आडवी) मौलाना आझाद रोड",91
BoothVoterList_A4_Ward_211_Booth_32.pdf,40,"यादी भाग क्र. १५७  :  म्यु.घ.नं.१५३-१५६ बी - फातीमाबाई बिल्डिंग-फातमा मंझील मौलाना आझाद",87
BoothVoterList_A4_Ward_211_Booth_32.pdf,41,"यादी भाग क्र. १५७  :  म्यु.घ.नं.१६५ ई नुराणी चाळ मौलाना आझाद रोड",92
BoothVoterList_A4_Ward_211_Booth_32.pdf,42,"यादी भाग क्र. १५७  :  म्यु.घ.नं.१६५ बी इसा शेठ चाळ (आडवी) मौलाना आझाद रोड",91
BoothVoterList_A4_Ward_211_Booth_32.pdf,43,"यादी भाग क्र. १५७  :  म्यु.घ.नं.१६५ सी इसा शेठ बिल्डिंग मौलाना आझाद रोड",93
BoothVoterList_A4_Ward_211_Booth_32.pdf,44,"यादी भाग क्र. १५७  :  म्यु.घ.नं.१६५ ई नुराणी चाळ मौलाना आझाद रोड",92
BoothVoterList_A4_Ward_211_Booth_32.pdf,45,"यादी भाग क्र. १५७  :  म्यु.घ.नं.१६५ इसा शेठ चाळ (क) मौलाना आझाद WS",92
BoothVoterList_A4_Ward_211_Booth_32.pdf,46,"यादी भाग क्र. १५७  :  म्यु.घ.नं.१६५ एफ नुराणी चाळ मौलाना आझाद रोड",92
BoothVoterList_A4_Ward_211_Booth_32.pdf,47,"यादी भाग क्र. १५७  :  म्यु.घ.नं.१६५ इसा शेठ चाळ (क) मौलाना आझाद WS",92
BoothVoterList_A4_Ward_211_Booth_32.pdf,48,"यादी भाग क्र. १५७  :  म्यु.घ.नं.१६५ सी इसा शेठ बिल्डिंग मौलाना आझाद रोड",93
BoothVoterList_A4_Ward_211_Booth_32.pdf,49,"यादी भाग क्र. १५७  :  म्यु.घ.नं.१६५ ई नुराणी चाळ मौलाना आझाद रोड",92
BoothVoterList_A4_Ward_211_Booth_32.pdf,50,"यादी भाग क्र. १५७  :  म्यु.घ.नं.१६५ इसा शेठ चाळ (क) मौलाना आझाद WS",92
BoothVoterList_A4_Ward_211_Booth_32.pdf,51,"यादी भाग क्र. १५७  :  म्यु.घ.नं.१५९ चाकुवाला बिल्डिंग मौलाना आझाद रोड",89
BoothVoterList_A4_Ward_211_Booth_32.pdf,52,"यादी भाग क्र. १५७  :  म्यु.घ.नं.१६५ एफ नुराणी चाळ मौलाना आझाद रोड",92
BoothVoterList_A4_Ward_211_Booth_32.pdf,53,"यादी भाग क्र. १५७  :  म्यु.घ.नं.१६५ सी इसा शेठ बिल्डिंग मौलाना आझाद रोड",93
BoothVoterList_A4_Ward_211_Booth_32.pdf,54,"यादी भाग क्र. १५७  :  म्यु.घ.नं.१६५ ई नुराणी चाळ मौलाना आझाद रोड",92
BoothVoterList_A4_Ward_211_Booth_33.pdf,2,"यादी भाग क्र. २२५  : म्यु.घ.न. ५, खलिल मॅन्शन, स्पेन्स रोड,",90
BoothVoterList_A4_Ward_211_Booth_33.pdf,4,"यादी भाग क्र. २२५  :  अतिशा अपार्टमेंट,स्पेन्स रोड,",89
BoothVoterList_A4_Ward_211_Booth_33.pdf,6,"यादी भाग क्र. २२५  : म्यु.घ.न. ७, मैमुन मंझिल, स्पेन्स रोड,",92
BoothVoterList_A4_Ward_211_Booth_33.pdf,8,"यादी भाग क्र. २२५  : म्यु.घ.न. ८, रेहानाबाद को. ऑप. हौ. सो., स्पेन्स रोड,",93
BoothVoterList_A4_Ward_211_Booth_33.pdf,10,"यादी भाग क्र. २२५  : म्यु.घ.न. ६, बीबीभाई टेरेस, स्पेन्स रोड,",85
BoothVoterList_A4_Ward_211_Booth_33.pdf,12,"यादी भाग क्र. २२५  : म्यु.घ.न. ८, स्टाफ कवार्टर्स, साबुसिद्दिक कॉलेज. स्पेन्स रोड",90
BoothVoterList_A4_Ward_211_Booth_33.pdf,13,"यादी भाग क्र. २२५  : म्यु.घ.न. 332, होंडा ASM, सर जमशेदजी जिजीभॉय रोड,",90
BoothVoterList_A4_Ward_211_Booth_33.pdf,16,"यादी भाग क्र. २२५  : म्यु.घ.न. ३१०, भायखळा हाऊस (ए), सर जमशेदजी जिजीभॉय रोड,",92
BoothVoterList_A4_Ward_211_Booth_33.pdf,19,"यादी भाग क्र. २२५  : म्यु.घ.न. ३१०, भायखळा SHAS), सर जमशेदजी जिजीभॉय रोड,",83
BoothVoterList_A4_Ward_211_Booth_33.pdf,22,"यादी भाग क्र. २२५  : म्यु.घ.न. ३१०, भायखळा हाऊस (सी), सर जमशेदजी जिजीभॉय रोड,",93
BoothVoterList_A4_Ward_211_Booth_33.pdf,24,"यादी भाग क्र. २२५  : म्यु.घ.न. ३१४, युसुफ मंझील, सर जमशेदजी जिजीभॉय रोड",92
BoothVoterList_A4_Ward_211_Booth_33.pdf,26,"यादी भाग क्र. २२५  : म्यु.घ.न. ३१६, मोहम्मदी चेम्बर, सर जमशेदजी जिजीभॉय रोड,",92
BoothVoterList_A4_Ward_211_Booth_33.pdf,30,"यादी भाग क्र. २२५  : म्यु.घ.न. 320 डी, हबीब प्लॉट,सर जमशेदजी जिजीभॉय रोड,",91
BoothVoterList_A4_Ward_211_Booth_33.pdf,32,"यादी भाग क्र. २२५  : म्यु.घ.न. 332 डी, फॅन्सी प्लॉटस,सर जमशेदजी जिजीभॉय रोड,",92
BoothVoterList_A4_Ward_211_Booth_33.pdf,34,"यादी भाग क्र. २२५  : म्यु..घ.नं. ३१८, सेवा निकेतन, सर जमशेदजी जिजीभॉय रोड,",93
BoothVoterList_A4_Ward_211_Booth_33.pdf,35,"यादी भाग क्र. २२५  : म्यु.घ.न. ४, नोमन व्हीला, शेफर्ड रोड,",92
BoothVoterList_A4_Ward_211_Booth_33.pdf,37,"यादी भाग क्र. २२५  : म्यु.घ.न. ६, इब्राहिम ARM, शेफर्ड रोड,",89
BoothVoterList_A4_Ward_211_Booth_34.pdf,2,"यादी भाग क्र. २२५  : म्यु.घ.न. ८, साबुसिद्दिक कंपाऊंड, शेफर्ड रोड,",91
BoothVoterList_A4_Ward_211_Booth_34.pdf,3,"यादी भाग क्र. २२५  : म्यु.घ.न.३२४, फाईन पॅलेस,शेफर्ड रोड,",93
BoothVoterList_A4_Ward_211_Booth_34.pdf,5,"यादी भाग क्र. २२५  :  कृषी झेरॉक्स सेन्टर, बृहनमुंबई पोलीस मोटार परीवहनसमोर,",90
BoothVoterList_A4_Ward_211_Booth_34.pdf,6,"यादी भाग क्र. २२५  :  अली अपार्टमेंट स्पेस रोड",89
BoothVoterList_A4_Ward_211_Booth_34.pdf,7,"यादी भाग क्र. २२५  :  अलीशा अपार्टमेंट स्पेस रोड",88
BoothVoterList_A4_Ward_211_Booth_34.pdf,8,"यादी भाग क्र. २२५  : म्यु.घ.न. ८, रेहानाबाद को. ऑप. हौ. सो., स्पेन्स रोड,",93
BoothVoterList_A4_Ward_211_Booth_34.pdf,9,"यादी भाग क्र. २२५  : म्यु.घ.न. 332, होंडा ASM, सर जमशेदजी जिजीभॉय रोड,",90
BoothVoterList_A4_Ward_211_Booth_34.pdf,10,"यादी भाग क्र. २२५  :  अली अपार्टमेंट स्पेस रोड",89
BoothVoterList_A4_Ward_211_Booth_34.pdf,11,"यादी भाग क्र. २२५  : म्यु.घ.न. 332, होंडा ASM, सर जमशेदजी जिजीभॉय रोड,",90
BoothVoterList_A4_Ward_211_Booth_34.pdf,12,"यादी भाग क्र. २२५  : म्यु.घ.न. ७, मैमुन मंझिल, स्पेन्स रोड,",92
BoothVoterList_A4_Ward_211_Booth_34.pdf,13,"यादी भाग क्र. २२५  : म्यु.घ.न. 332, होंडा ASM, सर जमशेदजी जिजीभॉय रोड,",90
BoothVoterList_A4_Ward_211_Booth_34.pdf,14,"यादी भाग क्र. २२५  : म्यु.घ.न. ३१४, युसुफ मंझील, सर जमशेदजी जिजीभॉय रोड",92
BoothVoterList_A4_Ward_211_Booth_34.pdf,15,"यादी भाग क्र. २२५  : म्यु.घ.न. ३१०, भायखळा हाऊस (ए), सर जमशेदजी जिजीभॉय रोड,",92
BoothVoterList_A4_Ward_211_Booth_34.pdf,16,"यादी भाग क्र. २२५  : म्यु.घ.न. ८, रेहानाबाद को. ऑप. हौ. सो., स्पेन्स रोड,",93
BoothVoterList_A4_Ward_211_Booth_34.pdf,17,"यादी भाग क्र. २२५  :  अली अपार्टमेंट स्पेस रोड",89
BoothVoterList_A4_Ward_211_Booth_34.pdf,18,"यादी भाग क्र. २२५  : म्यु.घ.न. ८, रेहानाबाद को. ऑप. हौ. सो., स्पेन्स रोड,",93
BoothVoterList_A4_Ward_211_Booth_34.pdf,19,"यादी भाग क्र. २२५  : म्यु.घ.न. ३१०, भायखळा SHAS), सर जमशेदजी जिजीभॉय रोड,",83
BoothVoterList_A4_Ward_211_Booth_34.pdf,20,"यादी भाग क्र. २२५  : म्यु.घ.न. ८, रेहानाबाद को. ऑप. हौ. सो., स्पेन्स रोड,",93
BoothVoterList_A4_Ward_211_Booth_34.pdf,21,"यादी भाग क्र. २२५  :  अली अपार्टमेंट स्पेस रोड",89
BoothVoterList_A4_Ward_211_Booth_34.pdf,22,"यादी भाग क्र. २२५  : म्यु.घ.न. ३१६, मोहम्मदी चेम्बर, सर जमशेदजी जिजीभॉय रोड,",92
BoothVoterList_A4_Ward_211_Booth_34.pdf,23,"यादी भाग क्र. २२५  : म्यु.घ.न. ७, मैमुन मंझिल, स्पेन्स रोड,",92
BoothVoterList_A4_Ward_211_Booth_34.pdf,24,"यादी भाग क्र. २२५  : म्यु.घ.न. ३१६, मोहम्मदी चेम्बर, सर जमशेदजी जिजीभॉय रोड,",92
BoothVoterList_A4_Ward_211_Booth_34.pdf,25,"यादी भाग क्र. २२५  : म्यु.घ.न. ३१०, भायखळा हाऊस (ए), सर जमशेदजी जिजीभॉय रोड,",92
BoothVoterList_A4_Ward_211_Booth_34.pdf,26,"यादी भाग क्र. २२६  :  म्यु.घ.नं.५, लोबो ARM, क्लेअर रोड,",86
BoothVoterList_A4_Ward_211_Booth_34.pdf,28,"यादी भाग क्र. २२६  :  म्यु.घ.नं.७, कोर्ट रॉयल FHA रोड,",90
BoothVoterList_A4_Ward_211_Booth_34.pdf,30,"यादी भाग क्र. २२६  :  म्यु.घ.नं.९, स्टार ASMA ए, क्लेअर रोड,",87
BoothVoterList_A4_Ward_211_Booth_34.pdf,32,"यादी भाग क्र. २२६  :  म्यु.घ.नं.९, स्टार ASM Y क्लेअर रोड,",82
BoothVoterList_A4_Ward_211_Booth_34.pdf,34,"यादी भाग क्र. २२६  :  हरुण कोर्ट, क्लेअर रोड,",86
BoothVoterList_A4_Ward_211_Booth_34.pdf,36,"यादी भाग क्र. २२६  :  HISKE चर्च रोड मुंबई म्यु.घ.नं.६ हेवन मंझिल ऑफ क्लेअर रोड",90
BoothVoterList_A4_Ward_211_Booth_34.pdf,37,"यादी भाग क्र. २२६  :  म्यु.घ.नं.८, कांचवाला चेम्बर,",91
BoothVoterList_A4_Ward_211_Booth_34.pdf,40,"यादी भाग क्र. २२६  :  स्टार मेन्हान, बी-विंग, क्राईस्ट चर्च पुढे, मिर्झा गालिब मार्ग,",92
BoothVoterList_A4_Ward_211_Booth_34.pdf,41,"यादी भाग क्र. २२६  :  म्यु.घ.नं.९, स्टार ASM Y क्लेअर रोड,",82
BoothVoterList_A4_Ward_211_Booth_34.pdf,42,"यादी भाग क्र. २२६  :  स्टार मेन्हान, बी-विंग, क्राईस्ट चर्च पुढे, मिर्झा गालिब मार्ग,",92
BoothVoterList_A4_Ward_211_Booth_34.pdf,43,"यादी भाग क्र. २२६  :  म्यु.घ.नं.८, कांचवाला चेम्बर,",91
BoothVoterList_A4_Ward_211_Booth_35.pdf,2,"यादी भाग क्र. २२७  :  म्यु.घ.नं.१७-२३ ए विन विला, मिर्झा गालिब मार्ग,",92
BoothVoterList_A4_Ward_211_Booth_35.pdf,3,"यादी भाग क्र. २२७  :  म्यु.घ.नं.३९ क्रॉईस्ट चर्च लॉज, मिर्झा गालिब मार्ग,",93
BoothVoterList_A4_Ward_211_Booth_35.pdf,4,"यादी भाग क्र. २२७  :  म्यु.घ.नं.३९ क्रॉईस्ट चर्च झोपडपट्टी, मिर्झा गालिब मार्ग,",92
BoothVoterList_A4_Ward_211_Booth_35.pdf,5,"यादी भाग क्र. २२७  :  म्यु.घ.नं.३९ क्रॉईस्ट चर्च स्टाफ gare, मिर्झा गालिब मार्ग,",88
BoothVoterList_A4_Ward_211_Booth_35.pdf,7,"यादी भाग क्र. २२७  :  म्यु.घ.नं.४१-४९ क्रॉईस्ट चर्च ज्युस सेंटर,मिर्झा गालिब मार्ग",91
BoothVoterList_A4_Ward_211_Booth_35.pdf,8,"यादी भाग क्र. २२७  :  म्यु.घ.नं.३९ क्रॉईस्ट चर्च (ओल्ड Wo), मिर्झा गालिब मार्ग,",90
BoothVoterList_A4_Ward_211_Booth_35.pdf,9,"यादी भाग क्र. २२७  :  म्यु.घ.नं.५३ सी पिन्स कोर्ट, मिर्झा गालिब मार्ग,",92
BoothVoterList_A4_Ward_211_Booth_35.pdf,10,"यादी भाग क्र. २२७  :  म्यु.घ.नं.५३ SSI हाऊस, मिर्झा गालिब मार्ग,",88
BoothVoterList_A4_Ward_211_Booth_35.pdf,11,"यादी भाग क्र. २२७  :  म्यु.घ.नं.५१-५१ बी हाजी मोहम्मद कोर्ट, मिर्झा गालिब मार्ग,",93
BoothVoterList_A4_Ward_211_Booth_35.pdf,13,"यादी भाग क्र. २२७  :  म्यु.घ.नं.५९ सतनाम पॅलेस, मिर्झा गालिब मार्ग,",93
BoothVoterList_A4_Ward_211_Booth_35.pdf,14,"यादी भाग क्र. २२७  : प्रिझन बिल्डींग डिसोझा इंटरप्रायझेस, मिर्झा गालिब मार्ग,",91
BoothVoterList_A4_Ward_211_Booth_35.pdf,15,"यादी भाग क्र. २२७  :  म्यु.घ.नं.६३ लिग ऑफ मर्शी (होल्डर), मिर्झा गालिब मार्ग,",91
BoothVoterList_A4_Ward_211_Booth_35.pdf,16,"यादी भाग क्र. २२७  :  म्यु.घ.नं.५१-५१ बी सैफी कोर्ट, मिर्झा गालिब मार्ग,",88
BoothVoterList_A4_Ward_211_Booth_35.pdf,18,"यादी भाग क्र. २२७  :  म्यु.घ.नं.५९ सतनम पॅलेस,मिर्झा गालिब मार्ग,",92
BoothVoterList_A4_Ward_211_Booth_35.pdf,20,"यादी भाग क्र. २२७  :  म्यु.घ.नं.५७ पिक्की डॉली सी, मिर्झा गालिब मार्ग,",93
BoothVoterList_A4_Ward_211_Booth_35.pdf,22,"यादी भाग क्र. २२७  :  म्यु.घ.नं.५७ पिक्की डॉली बी, मिर्झा गालिब मार्ग,",92
BoothVoterList_A4_Ward_211_Booth_35.pdf,24,"यादी भाग क्र. २२७  :  म्यु.घ.नं.५७ पिक्की डॉली ए, मिर्झा गालिब मार्ग,",92
BoothVoterList_A4_Ward_211_Booth_35.pdf,26,"यादी भाग क्र. २२७  :  म्यु.घ.नं.५५ए रोशनी बिल्डींग,मिर्झा गालिब मार्ग,",90
BoothVoterList_A4_Ward_211_Booth_35.pdf,29,"यादी भाग क्र. २२७  :  म्यु.घ.नं.६२ अ भायखळा प्रिझन बिल्डींग, मिर्झा गालिब मार्ग,",93
BoothVoterList_A4_Ward_211_Booth_35.pdf,30,"यादी भाग क्र. २२७  :  म्यु.घ.नं.४१-४९ बी हबीब पार्क,मिर्झा गालिब मार्ग,",91
BoothVoterList_A4_Ward_211_Booth_35.pdf,36,"यादी भाग क्र. २२७  :  म्यु.घ.नं.५५ ऑक्सफर्ड चेंबर्स, मिर्झा गालिब मार्ग",92
BoothVoterList_A4_Ward_211_Booth_35.pdf,42,"यादी भाग क्र. २२७  :  जेल पोलिस लाईन, मिर्झा गालिब मार्ग,",93
BoothVoterList_A4_Ward_211_Booth_35.pdf,43,"यादी भाग क्र. २२७  :  मॉर्डन हेअर कटिंग सलुन (हबीबपार्क),मिर्झा गालिब मार्ग,",91
BoothVoterList_A4_Ward_211_Booth_35.pdf,44,"यादी भाग क्र. २२७  :  प्रगती बिल्डिंग, मिर्जा गालिब मार्ग, क्ले रोड, भायखळा (FAA),",86
BoothVoterList_A4_Ward_211_Booth_35.pdf,46,"यादी भाग क्र. २२७  :  म्यु.घ.नं.५७ पिक्की डॉली ए, मिर्झा गालिब मार्ग,",92
BoothVoterList_A4_Ward_211_Booth_35.pdf,47,"यादी भाग क्र. २२७  :  म्यु.घ.नं.४१-४९ बी हबीब पार्क,मिर्झा गालिब मार्ग,",91
BoothVoterList_A4_Ward_211_Booth_35.pdf,48,"यादी भाग क्र. २२७  :  प्रगती बिल्डिंग, मिर्जा गालिब मार्ग, क्ले रोड, भायखळा (FAA),",86
BoothVoterList_A4_Ward_211_Booth_35.pdf,49,"यादी भाग क्र. २२७  :  म्यु.घ.नं.५९ सतनाम पॅलेस, मिर्झा गालिब मार्ग,",93
BoothVoterList_A4_Ward_211_Booth_35.pdf,50,"यादी भाग क्र. २२७  :  म्यु.घ.नं.४१-४९ बी हबीब पार्क,मिर्झा गालिब मार्ग,",91
BoothVoterList_A4_Ward_211_Booth_35.pdf,51,"यादी भाग क्र. २२७  :  म्यु.घ.नं.५३ सी पिन्स कोर्ट, मिर्झा गालिब मार्ग,",92
BoothVoterList_A4_Ward_211_Booth_35.pdf,52,"यादी भाग क्र. २२७  :  म्यु.घ.नं.४१-४९ बी हबीब पार्क,मिर्झा गालिब मार्ग,",91
BoothVoterList_A4_Ward_211_Booth_35.pdf,53,"यादी भाग क्र. २२७  :  म्यु.घ.नं.५५ ऑक्सफर्ड चेंबर्स, मिर्झा गालिब मार्ग",92
BoothVoterList_A4_Ward_211_Booth_35.pdf,54,"यादी भाग क्र. २२७  :  म्यु.घ.नं.४१-४९ बी हबीब पार्क,मिर्झा गालिब मार्ग,",91
BoothVoterList_A4_Ward_211_Booth_35.pdf,55,"यादी भाग क्र. २२७  :  म्यु.घ.नं.३९ क्रॉईस्ट चर्च झोपडपट्टी, मिर्झा गालिब मार्ग,",92
BoothVoterList_A4_Ward_211_Booth_35.pdf,56,"यादी भाग क्र. २२७  :  म्यु.घ.नं.४१-४९ बी हबीब पार्क,मिर्झा गालिब मार्ग,",91
BoothVoterList_A4_Ward_211_Booth_35.pdf,57,"यादी भाग क्र. २२७  :  म्यु.घ.नं.५१-५१ बी सैफी कोर्ट, मिर्झा गालिब मार्ग,",88
BoothVoterList_A4_Ward_211_Booth_35.pdf,58,"यादी भाग क्र. २२७  :  जेल पोलिस लाईन, मिर्झा गालिब मार्ग,",93
BoothVoterList_A4_Ward_211_Booth_35.pdf,59,"यादी भाग क्र. २२७  :  प्रगती बिल्डिंग, मिर्जा गालिब मार्ग, क्ले रोड, भायखळा (FAA),",86
BoothVoterList_A4_Ward_211_Booth_35.pdf,60,"यादी भाग क्र. २२७  :  म्यु.घ.नं.५९ सतनम पॅलेस,मिर्झा गालिब मार्ग,",92
BoothVoterList_A4_Ward_211_Booth_35.pdf,61,"यादी भाग क्र. २२७  :  प्रगती बिल्डिंग, मिर्जा गालिब मार्ग, क्ले रोड, भायखळा (FAA),",86
BoothVoterList_A4_Ward_211_Booth_35.pdf,62,"यादी भाग क्र. २२७  :  म्यु.घ.नं.५९ सतनाम पॅलेस, मिर्झा गालिब मार्ग,",93
BoothVoterList_A4_Ward_211_Booth_35.pdf,63,"यादी भाग क्र. २२७  :  म्यु.घ.नं.५५ए रोशनी बिल्डींग,मिर्झा गालिब मार्ग,",90
BoothVoterList_A4_Ward_211_Booth_35.pdf,64,"यादी भाग क्र. २२७  :  म्यु.घ.नं.५५ ऑक्सफर्ड चेंबर्स, मिर्झा गालिब मार्ग",92
BoothVoterList_A4_Ward_211_Booth_35.pdf,65,"यादी भाग क्र. २२७  :  म्यु.घ.नं.५५ए रोशनी बिल्डींग,मिर्झा गालिब मार्ग,",90
BoothVoterList_A4_Ward_211_Booth_35.pdf,66,"यादी भाग क्र. २२७  :  म्यु.घ.नं.३९ क्रॉईस्ट चर्च (ओल्ड Wo), मिर्झा गालिब मार्ग,",90
BoothVoterList_A4_Ward_211_Booth_35.pdf,67,"यादी भाग क्र. २२७  :  म्यु.घ.नं.५५ ऑक्सफर्ड चेंबर्स, मिर्झा गालिब मार्ग",92
BoothVoterList_A4_Ward_211_Booth_35.pdf,68,"यादी भाग क्र. २२७  :  जेल पोलिस लाईन, मिर्झा गालिब मार्ग,",93
BoothVoterList_A4_Ward_211_Booth_35.pdf,69,"यादी भाग क्र. २२७  :  म्यु.घ.नं.५१-५१ बी सैफी कोर्ट, मिर्झा गालिब मार्ग,",88
BoothVoterList_A4_Ward_211_Booth_35.pdf,70,"यादी भाग क्र. २२७  :  म्यु.घ.नं.५७ पिक्की डॉली ए, मिर्झा गालिब मार्ग,",92
BoothVoterList_A4_Ward_211_Booth_36.pdf,2,"यादी भाग क्र. २५  :  म्यु.घ.नं.६१ राजा बिल्डींग AA हफिजुद्दीन मार्ग भायखळा",82
BoothVoterList_A4_Ward_211_Booth_36.pdf,4,"यादी भाग क्र. २५  :  म्यु.घ.नं.८७ कावराना बिल्डींग शोख हफिजुद्दीन मार्ग भायखळा",87
BoothVoterList_A4_Ward_211_Booth_36.pdf,10,"यादी भाग क्र. २५  :  म्यु.घ.नं.८७ कांचवाला कपाउंड (न्यु धोबीघाट) बे, शोख हफिजुद्दीन मार्ग,",86
BoothVoterList_A4_Ward_211_Booth_36.pdf,14,"यादी भाग क्र. २५  :  सिमला बेकरी, शेख हफिजुद्दीन मार्ग, भायखळा",89
BoothVoterList_A4_Ward_211_Booth_36.pdf,15,"यादी भाग क्र. २५  :  कावराना बिल्डींगच्या बाजूला, शोख हफिजुद्दीन मार्ग, भायखळा,",88
BoothVoterList_A4_Ward_211_Booth_36.pdf,16,"यादी भाग क्र. २५  :  म्यु.घ.नं.१६७ ए इसासेठ चाळ, मौलाना आझाद रोड, भायखळा, (प)",88
BoothVoterList_A4_Ward_211_Booth_36.pdf,19,"यादी भाग क्र. २५  :  म्यु.घ.नं.१६७ बी SSH चाळ, मौलाना आझाद रोड, भायखळा, (प)",91
BoothVoterList_A4_Ward_211_Booth_36.pdf,20,"यादी भाग क्र. २५ :  म्यु.घ.नं.१६७ सी नुराणी चाळ, मौलाना आझाद रोड, भायखळा (प)",92
BoothVoterList_A4_Ward_211_Booth_36.pdf,24,"यादी भाग क्र. २५  :  म्यु.घ.नं.१६७ डी नुराणी चाळ, मौलाना आझाद रोड, भायखळा (प)",89
BoothVoterList_A4_Ward_211_Booth_36.pdf,28,"यादी भाग क्र. २५  :  म्यु.घ.नं.१७१ नुराणी चाळ, न ५, मौलाना आझाद रोड, भायखळा (प)",92
BoothVoterList_A4_Ward_211_Booth_36.pdf,34,"यादी भाग क्र. २५  :  म्यु.घ.नं.१७१ बी नुराणी चाळ, मौलाना आझाद रोड, भायखळा (प)",90
BoothVoterList_A4_Ward_211_Booth_36.pdf,35,"यादी भाग क्र. २५  :  म्यु.घ.नं.१७१ बी TAR, मौलाना आझाद रोड, भायखळा (प)",90
BoothVoterList_A4_Ward_211_Booth_36.pdf,36,"यादी भाग क्र. २५  :  म्यु.घ.नं.१७१ हबीब मंझिल, मौलाना आझाद रोड, भायखळा (प)",93
BoothVoterList_A4_Ward_211_Booth_36.pdf,38,"यादी भाग क्र. २५  :  म्यु.घ.नं.१७३ हाजी ईसमाईल टिन चाळ, मौलाना आझाद रोड, भायखळा (प)",93
BoothVoterList_A4_Ward_211_Booth_36.pdf,39,"यादी भाग क्र. २५  :  म्यु.घ.नं.१७३ साडी बाजार CARTS), मौलाना आझाद रोड, भायखळा (प)",91
BoothVoterList_A4_Ward_211_Booth_36.pdf,41,"यादी भाग क्र. २५  :  म्यु.घ.नं.१७३ साडी बाजार, मौलाना आझाद रोड, भायखळा (प)",93
BoothVoterList_A4_Ward_211_Booth_36.pdf,45,"यादी भाग क्र. २५  :  ४०००११, साडी बाजार TARTS), मौलाना आझाद WS, भायखळा (प)",90
BoothVoterList_A4_Ward_211_Booth_36.pdf,46,"यादी भाग क्र. २५  :  म्यु.घ.नं.८७ कांचवाला कपाउंड (न्यु धोबीघाट) बे, शोख हफिजुद्दीन मार्ग,",86
BoothVoterList_A4_Ward_211_Booth_36.pdf,47,"यादी भाग क्र. २५  :  म्यु.घ.नं.६१ राजा बिल्डींग AA हफिजुद्दीन मार्ग भायखळा",82
BoothVoterList_A4_Ward_211_Booth_36.pdf,48,"यादी भाग क्र. २५  :  म्यु.घ.नं.१७१ नुराणी चाळ, न ५, मौलाना आझाद रोड, भायखळा (प)",92
BoothVoterList_A4_Ward_211_Booth_36.pdf,49,"यादी भाग क्र. २५  :  म्यु.घ.नं.१७१ बी नुराणी चाळ, मौलाना आझाद रोड, भायखळा (प)",90
BoothVoterList_A4_Ward_211_Booth_36.pdf,50,"यादी भाग क्र. २५  :  म्यु.घ.नं.८७ कावराना बिल्डींग शोख हफिजुद्दीन मार्ग भायखळा",87
BoothVoterList_A4_Ward_211_Booth_36.pdf,51,"यादी भाग क्र. २५  :  म्यु.घ.नं.१६७ डी नुराणी चाळ, मौलाना आझाद रोड, भायखळा (प)",89
BoothVoterList_A4_Ward_211_Booth_36.pdf,52,"यादी भाग क्र. २५  :  म्यु.घ.नं.१७३ साडी बाजार CARTS), मौलाना आझाद रोड, भायखळा (प)",91
BoothVoterList_A4_Ward_211_Booth_36.pdf,53,"यादी भाग क्र. २५  :  म्यु.घ.नं.१६७ सी नुराणी चाळ, मौलाना आझाद रोड, भायखळा (प)",92
BoothVoterList_A4_Ward_211_Booth_36.pdf,54,"यादी भाग क्र. २५  :  म्यु.घ.नं.१७१ हबीब मंझिल, मौलाना आझाद रोड, भायखळा (प)",93
BoothVoterList_A4_Ward_211_Booth_36.pdf,55,"यादी भाग क्र. २५  :  म्यु.घ.नं.८७ कांचवाला कपाउंड (न्यु धोबीघाट) बे, शोख हफिजुद्दीन मार्ग,",86
BoothVoterList_A4_Ward_211_Booth_36.pdf,56,"यादी भाग क्र. २५  :  म्यु.घ.नं.१७३ साडी बाजार, मौलाना आझाद रोड, भायखळा (प)",93
BoothVoterList_A4_Ward_211_Booth_36.pdf,57,"यादी भाग क्र. २५  :  म्यु.घ.नं.१७१ हबीब मंझिल, मौलाना आझाद रोड, भायखळा (प)",93
BoothVoterList_A4_Ward_211_Booth_36.pdf,58,"यादी भाग क्र. २५  :  म्यु.घ.नं.८७ कांचवाला कपाउंड (न्यु धोबीघाट) बे, शोख हफिजुद्दीन मार्ग,",86
BoothVoterList_A4_Ward_211_Booth_36.pdf,59,"यादी भाग क्र. २५  :  म्यु.घ.नं.१६७ डी नुराणी चाळ, मौलाना आझाद रोड, भायखळा (प)",89
BoothVoterList_A4_Ward_211_Booth_36.pdf,60,"यादी भाग क्र. २५  :  म्यु.घ.नं.१७१ हबीब मंझिल, मौलाना आझाद रोड, भायखळा (प)",93
BoothVoterList_A4_Ward_211_Booth_36.pdf,61,"यादी भाग क्र. २५  :  म्यु.घ.नं.१६७ सी नुराणी चाळ, मौलाना आझाद रोड, भायखळा (प)",92
BoothVoterList_A4_Ward_211_Booth_36.pdf,62,"यादी भाग क्र. २५  :  म्यु.घ.नं.८७ कांचवाला कपाउंड (न्यु धोबीघाट) बे, शोख हफिजुद्दीन मार्ग,",86
BoothVoterList_A4_Ward_211_Booth_36.pdf,63,"यादी भाग क्र. २५  :  म्यु.घ.नं.६१ राजा बिल्डींग AA हफिजुद्दीन मार्ग भायखळा",82
BoothVoterList_A4_Ward_211_Booth_36.pdf,64,"यादी भाग क्र. २५  :  म्यु.घ.नं.८७ कांचवाला कपाउंड (न्यु धोबीघाट) बे, शोख हफिजुद्दीन मार्ग,",86
BoothVoterList_A4_Ward_211_Booth_36.pdf,65,"यादी भाग क्र. २५  :  म्यु.घ.नं.८७ कावराना बिल्डींग शोख हफिजुद्दीन मार्ग भायखळा",87
BoothVoterList_A4_Ward_211_Booth_36.pdf,66,"यादी भाग क्र. २५  :  म्यु.घ.नं.८७ कांचवाला कपाउंड (न्यु धोबीघाट) बे, शोख हफिजुद्दीन मार्ग,",86
BoothVoterList_A4_Ward_211_Booth_36.pdf,67,"यादी भाग क्र. २५  :  म्यु.घ.नं.६१ राजा बिल्डींग AA हफिजुद्दीन मार्ग भायखळा",82
BoothVoterList_A4_Ward_211_Booth_36.pdf,68,"यादी भाग क्र. २५  :  म्यु.घ.नं.१७१ नुराणी चाळ, न ५, मौलाना आझाद रोड, भायखळा (प)",92
BoothVoterList_A4_Ward_211_Booth_36.pdf,69,"यादी भाग क्र. २५  :  म्यु.घ.नं.८७ कांचवाला कपाउंड (न्यु धोबीघाट) बे, शोख हफिजुद्दीन मार्ग,",86
BoothVoterList_A4_Ward_211_Booth_36.pdf,70,"यादी भाग क्र. २५  :  म्यु.घ.नं.१६७ डी नुराणी चाळ, मौलाना आझाद रोड, भायखळा (प)",89
BoothVoterList_A4_Ward_211_Booth_36.pdf,71,"यादी भाग क्र. २५  :  म्यु.घ.नं.८७ कावराना बिल्डींग शोख हफिजुद्दीन मार्ग भायखळा",87
BoothVoterList_A4_Ward_211_Booth_36.pdf,72,"यादी भाग क्र. २५  :  म्यु.घ.नं.१६७ डी नुराणी चाळ, मौलाना आझाद रोड, भायखळा (प)",89
BoothVoterList_A4_Ward_211_Booth_37.pdf,2,"यादी भाग क्र. १३९  :  म्यु.घ.नं.५, काली बिल्डिंग, मोहम्मद उमर रजब रोड,",88
BoothVoterList_A4_Ward_211_Booth_37.pdf,6,"यादी भाग क्र. १३९  :  म्यु.घ.नं.९,रहमानी टॉवर, मोहम्मद उमर रजब रोड,",89
BoothVoterList_A4_Ward_211_Booth_37.pdf,12,"यादी भाग क्र. १३९  :  म्यु.घ.नं.१५, चक्कीवाला चाळ, मोहम्मद उमर रजब रोड,",88
BoothVoterList_A4_Ward_211_Booth_37.pdf,14,"यादी भाग क्र. १३९  :  म्यु.घ.नं.१७, चष्मावाला चाळ, मोहम्मद उमर रजब रोड,",86
BoothVoterList_A4_Ward_211_Booth_37.pdf,19,"यादी भाग क्र. १३९  :  म्यु.घ.नं.१९-ए, बीडीवाला चाळ, मोहम्मद उमर रजब रोड,",87
BoothVoterList_A4_Ward_211_Booth_37.pdf,23,"यादी भाग क्र. १३९  :  म्यु.घ.नं.२१-ए, रझिया बिल्डिंग, मोहम्मद उमर रजब रोड,",89
BoothVoterList_A4_Ward_211_Booth_37.pdf,28,"यादी भाग क्र. १३९  :  म्यु.घ.नं.२३-ए, पटेल बिल्डिंग, मोहम्मद उमर रजब रोड,",91
BoothVoterList_A4_Ward_211_Booth_37.pdf,30,"यादी भाग क्र. १३९  :  ७०आर्मी सेल्वेशन चाळ (ज्युबिली हॉल), शेख हाफिजुद्दीन मार्ग,",91
BoothVoterList_A4_Ward_211_Booth_37.pdf,33,"यादी भाग क्र. १३९  :  म्यु.घ.नं.८४, विलिंग्डन कंपाऊन्ड, शोख हाफिजुद्दीन मार्ग, मुंबई",90
BoothVoterList_A4_Ward_211_Booth_37.pdf,34,"यादी भाग क्र. १३९  :  म्यु.घ.नं.७० ते८४, सेल्वेशन आर्मी SSR, he हाफिजुद्दीन मार्ग,",83
BoothVoterList_A4_Ward_211_Booth_37.pdf,35,"यादी भाग क्र. १३९  :  साल्वेशन आर्मी समोरील झोपडपट्टी, शेख हाफिजुद्दीन मार्ग,",87
BoothVoterList_A4_Ward_211_Booth_37.pdf,38,"यादी भाग क्र. १३९  :  साल्वेशन आर्मी ब्लॅन्ड हॉस्टेल, शेख हाफिजुद्दीन मार्ग,",90
BoothVoterList_A4_Ward_211_Booth_37.pdf,39,"यादी भाग क्र. १३९  :  म्यु.घ.नं.१९-ए, बीडीवाला चाळ, मोहम्मद उमर रजब रोड,",87
BoothVoterList_A4_Ward_211_Booth_37.pdf,40,"यादी भाग क्र. १३९  :  म्यु.घ.नं.२१-ए, रझिया बिल्डिंग, मोहम्मद उमर रजब रोड,",89
BoothVoterList_A4_Ward_211_Booth_37.pdf,41,"यादी भाग क्र. १३९  :  म्यु.घ.नं.१५, चक्कीवाला चाळ, मोहम्मद उमर रजब रोड,",88
BoothVoterList_A4_Ward_211_Booth_37.pdf,42,"यादी भाग क्र. १३९  :  साल्वेशन आर्मी ब्लॅन्ड हॉस्टेल, शेख हाफिजुद्दीन मार्ग,",90
BoothVoterList_A4_Ward_211_Booth_37.pdf,43,"यादी भाग क्र. १३९  :  म्यु.घ.नं.१५, चक्कीवाला चाळ, मोहम्मद उमर रजब रोड,",88
BoothVoterList_A4_Ward_211_Booth_37.pdf,44,"यादी भाग क्र. १३९  :  म्यु.घ.नं.९,रहमानी टॉवर, मोहम्मद उमर रजब रोड,",89
BoothVoterList_A4_Ward_211_Booth_37.pdf,45,"यादी भाग क्र. १३९  :  म्यु.घ.नं.१७, चष्मावाला चाळ, मोहम्मद उमर रजब रोड,",86
BoothVoterList_A4_Ward_211_Booth_37.pdf,46,"यादी भाग क्र. १३९  :  म्यु.घ.नं.९,रहमानी टॉवर, मोहम्मद उमर रजब रोड,",89
BoothVoterList_A4_Ward_211_Booth_37.pdf,47,"यादी भाग क्र. १३९  :  म्यु.घ.नं.१७, चष्मावाला चाळ, मोहम्मद उमर रजब रोड,",86
BoothVoterList_A4_Ward_211_Booth_37.pdf,48,"यादी भाग क्र. १३९  :  म्यु.घ.नं.१५, चक्कीवाला चाळ, मोहम्मद उमर रजब रोड,",88
BoothVoterList_A4_Ward_211_Booth_37.pdf,49,"यादी भाग क्र. १३९  :  म्यु.घ.नं.१९-ए, बीडीवाला चाळ, मोहम्मद उमर रजब रोड,",87
BoothVoterList_A4_Ward_211_Booth_37.pdf,50,"यादी भाग क्र. १३९  :  म्यु.घ.नं.९,रहमानी टॉवर, मोहम्मद उमर रजब रोड,",89
BoothVoterList_A4_Ward_211_Booth_37.pdf,51,"यादी भाग क्र. १३९  :  म्यु.घ.नं.२१-ए, रझिया बिल्डिंग, मोहम्मद उमर रजब रोड,",89
BoothVoterList_A4_Ward_211_Booth_37.pdf,52,"यादी भाग क्र. १३९  :  म्यु.घ.नं.१५, चक्कीवाला चाळ, मोहम्मद उमर रजब रोड,",88
BoothVoterList_A4_Ward_211_Booth_37.pdf,53,"यादी भाग क्र. १३९  :  म्यु.घ.नं.१७, चष्मावाला चाळ, मोहम्मद उमर रजब रोड,",86
BoothVoterList_A4_Ward_211_Booth_37.pdf,54,"यादी भाग क्र. १३९  :  म्यु.घ.नं.५, काली बिल्डिंग, मोहम्मद उमर रजब रोड,",88
BoothVoterList_A4_Ward_211_Booth_37.pdf,55,"यादी भाग क्र. १३९  :  म्यु.घ.नं.९,रहमानी टॉवर, मोहम्मद उमर रजब रोड,",89
BoothVoterList_A4_Ward_211_Booth_37.pdf,56,"यादी भाग क्र. १३९  :  म्यु.घ.नं.१७, चष्मावाला चाळ, मोहम्मद उमर रजब रोड,",86
BoothVoterList_A4_Ward_211_Booth_37.pdf,57,"यादी भाग क्र. १३९  :  म्यु.घ.नं.२१-ए, रझिया बिल्डिंग, मोहम्मद उमर रजब रोड,",89
BoothVoterList_A4_Ward_211_Booth_37.pdf,58,"यादी भाग क्र. १३९  :  म्यु.घ.नं.९,रहमानी टॉवर, मोहम्मद उमर रजब रोड,",89
BoothVoterList_A4_Ward_211_Booth_37.pdf,59,"यादी भाग क्र. १३९  :  म्यु.घ.नं.१५, चक्कीवाला चाळ, मोहम्मद उमर रजब रोड,",88
BoothVoterList_A4_Ward_211_Booth_37.pdf,60,"यादी भाग क्र. १३९  :  म्यु.घ.नं.२१-ए, रझिया बिल्डिंग, मोहम्मद उमर रजब रोड,",89
BoothVoterList_A4_Ward_211_Booth_37.pdf,61,"यादी भाग क्र. १३९  :  म्यु.घ.नं.१७, चष्मावाला चाळ, मोहम्मद उमर रजब रोड,",86
BoothVoterList_A4_Ward_211_Booth_37.pdf,62,"यादी भाग क्र. १३९  :  म्यु.घ.नं.९,रहमानी टॉवर, मोहम्मद उमर रजब रोड,",89
BoothVoterList_A4_Ward_211_Booth_38.pdf,2,"यादी भाग क्र. ११८  :  म्यु.घ.नं.८१-८५ दगड चाळ मोहम्मद शहिद मार्ग ARS रोड)",88
BoothVoterList_A4_Ward_211_Booth_38.pdf,23,"यादी भाग क्र. ११८  :  अरब तबेला मोहम्मद शहिद मार्ग (मोरलॅन्ड रोड)",82
BoothVoterList_A4_Ward_211_Booth_38.pdf,24,"यादी भाग क्र. ११८  :  पटनी चाळ मोहम्मद शहिद मार्ग (मोरलॅन्ड रोड)",91
BoothVoterList_A4_Ward_211_Booth_38.pdf,27,"यादी भाग क्र. ११८  :  ४००००८, पटनी चाळ मोहम्मद शहिद मार्ग (मोरलॅन्ड रोड)",92
BoothVoterList_A4_Ward_211_Booth_38.pdf,28,"यादी भाग क्र. ११८  :  शिरिनबाई चाळ, मोहम्मद ales मार्ग, (मॉरलॅन्ड रोड),",85
BoothVoterList_A4_Ward_211_Booth_38.pdf,31,"यादी भाग क्र. ११८  :  शिरिनबाई चाळ नं.६, मोहम्मद शहिद मार्ग, (मॉरलॅन्ड रोड),",89
BoothVoterList_A4_Ward_211_Booth_38.pdf,35,"यादी भाग क्र. ११८  :  शिरिनबाई चाळ 71.4, मोहम्मद शहिद मार्ग, (मॉरलॅन्ड रोड),",80
BoothVoterList_A4_Ward_211_Booth_38.pdf,41,"यादी भाग क्र. ११८  :  शिरिनबाई चाळ नं.७, मोहम्मद शहिद मार्ग, (मॉरलॅन्ड रोड),",92
BoothVoterList_A4_Ward_211_Booth_38.pdf,42,"यादी भाग क्र. ११८  :  शिरिनबाई चाळ 71.4, मोहम्मद शहिद मार्ग, (मॉरलॅन्ड रोड),",80
BoothVoterList_A4_Ward_211_Booth_38.pdf,43,"यादी भाग क्र. ११८  :  पटनी चाळ मोहम्मद शहिद मार्ग (मोरलॅन्ड रोड)",91
BoothVoterList_A4_Ward_211_Booth_38.pdf,44,"यादी भाग क्र. ११८  :  शिरिनबाई चाळ 71.4, मोहम्मद शहिद मार्ग, (मॉरलॅन्ड रोड),",80
BoothVoterList_A4_Ward_211_Booth_38.pdf,45,"यादी भाग क्र. ११८  :  म्यु.घ.नं.८१-८५ दगड चाळ मोहम्मद शहिद मार्ग ARS रोड)",88
BoothVoterList_A4_Ward_211_Booth_38.pdf,46,"यादी भाग क्र. ११८  :  शिरिनबाई चाळ, मोहम्मद ales मार्ग, (मॉरलॅन्ड रोड),",85
BoothVoterList_A4_Ward_211_Booth_38.pdf,47,"यादी भाग क्र. ११८  :  म्यु.घ.नं.८१-८५ दगड चाळ मोहम्मद शहिद मार्ग ARS रोड)",88
BoothVoterList_A4_Ward_211_Booth_38.pdf,48,"यादी भाग क्र. ११८  :  पटनी चाळ मोहम्मद शहिद मार्ग (मोरलॅन्ड रोड)",91
BoothVoterList_A4_Ward_211_Booth_38.pdf,49,"यादी भाग क्र. ११८  :  म्यु.घ.नं.८१-८५ दगड चाळ मोहम्मद शहिद मार्ग ARS रोड)",88
BoothVoterList_A4_Ward_211_Booth_38.pdf,50,"यादी भाग क्र. ११८  :  शिरिनबाई चाळ नं.६, मोहम्मद शहिद मार्ग, (मॉरलॅन्ड रोड),",89
BoothVoterList_A4_Ward_211_Booth_38.pdf,51,"यादी भाग क्र. ११८  :  पटनी चाळ मोहम्मद शहिद मार्ग (मोरलॅन्ड रोड)",91
BoothVoterList_A4_Ward_211_Booth_38.pdf,52,"यादी भाग क्र. ११८  :  शिरिनबाई चाळ 71.4, मोहम्मद शहिद मार्ग, (मॉरलॅन्ड रोड),",80
BoothVoterList_A4_Ward_211_Booth_38.pdf,53,"यादी भाग क्र. ११८  :  म्यु.घ.नं.८१-८५ दगड चाळ मोहम्मद शहिद मार्ग ARS रोड)",88
BoothVoterList_A4_Ward_211_Booth_38.pdf,54,"यादी भाग क्र. ११८  :  शिरिनबाई चाळ नं.६, मोहम्मद शहिद मार्ग, (मॉरलॅन्ड रोड),",89
BoothVoterList_A4_Ward_211_Booth_38.pdf,55,"यादी भाग क्र. ११८  :  शिरिनबाई चाळ 71.4, मोहम्मद शहिद मार्ग, (मॉरलॅन्ड रोड),",80
BoothVoterList_A4_Ward_211_Booth_38.pdf,56,"यादी भाग क्र. ११८  :  शिरिनबाई चाळ, मोहम्मद ales मार्ग, (मॉरलॅन्ड रोड),",85
BoothVoterList_A4_Ward_211_Booth_38.pdf,57,"यादी भाग क्र. ११८  :  शिरिनबाई चाळ 71.4, मोहम्मद शहिद मार्ग, (मॉरलॅन्ड रोड),",80
BoothVoterList_A4_Ward_211_Booth_38.pdf,58,"यादी भाग क्र. ११८  :  म्यु.घ.नं.८१-८५ दगड चाळ मोहम्मद शहिद मार्ग ARS रोड)",88
BoothVoterList_A4_Ward_211_Booth_38.pdf,59,"यादी भाग क्र. ११८  :  शिरिनबाई चाळ 71.4, मोहम्मद शहिद मार्ग, (मॉरलॅन्ड रोड),",80
BoothVoterList_A4_Ward_211_Booth_38.pdf,60,"यादी भाग क्र. ११८  :  शिरिनबाई चाळ नं.६, मोहम्मद शहिद मार्ग, (मॉरलॅन्ड रोड),",89
BoothVoterList_A4_Ward_211_Booth_38.pdf,61,"यादी भाग क्र. ११८  :  शिरिनबाई चाळ 71.4, मोहम्मद शहिद मार्ग, (मॉरलॅन्ड रोड),",80
BoothVoterList_A4_Ward_211_Booth_38.pdf,62,"यादी भाग क्र. ११८  :  शिरिनबाई चाळ नं.६, मोहम्मद शहिद मार्ग, (मॉरलॅन्ड रोड),",89
BoothVoterList_A4_Ward_211_Booth_38.pdf,63,"यादी भाग क्र. ११८  :  शिरिनबाई चाळ 71.4, मोहम्मद शहिद मार्ग, (मॉरलॅन्ड रोड),",80
BoothVoterList_A4_Ward_211_Booth_38.pdf,64,"यादी भाग क्र. ११८  :  शिरिनबाई चाळ नं.६, मोहम्मद शहिद मार्ग, (मॉरलॅन्ड रोड),",89
BoothVoterList_A4_Ward_211_Booth_38.pdf,65,"यादी भाग क्र. ११८  :  म्यु.घ.नं.८१-८५ दगड चाळ मोहम्मद शहिद मार्ग ARS रोड)",88
BoothVoterList_A4_Ward_211_Booth_38.pdf,66,"यादी भाग क्र. ११८  :  शिरिनबाई चाळ नं.७, मोहम्मद शहिद मार्ग, (मॉरलॅन्ड रोड),",92
BoothVoterList_A4_Ward_211_Booth_38.pdf,67,"यादी भाग क्र. ११८  :  म्यु.घ.नं.८१-८५ दगड चाळ मोहम्मद शहिद मार्ग ARS रोड)",88
BoothVoterList_A4_Ward_211_Booth_38.pdf,68,"यादी भाग क्र. ११८  :  पटनी चाळ मोहम्मद शहिद मार्ग (मोरलॅन्ड रोड)",91
BoothVoterList_A4_Ward_211_Booth_38.pdf,69,"यादी भाग क्र. ११८  :  शिरिनबाई चाळ 71.4, मोहम्मद शहिद मार्ग, (मॉरलॅन्ड रोड),",80
BoothVoterList_A4_Ward_211_Booth_38.pdf,70,"यादी भाग क्र. ११८  :  पटनी चाळ मोहम्मद शहिद मार्ग (मोरलॅन्ड रोड)",91
BoothVoterList_A4_Ward_211_Booth_38.pdf,71,"यादी भाग क्र. ११८  :  शिरिनबाई चाळ 71.4, मोहम्मद शहिद मार्ग, (मॉरलॅन्ड रोड),",80
BoothVoterList_A4_Ward_211_Booth_38.pdf,72,"यादी भाग क्र. ११८  :  शिरिनबाई चाळ, मोहम्मद ales मार्ग, (मॉरलॅन्ड रोड),",85
BoothVoterList_A4_Ward_211_Booth_38.pdf,73,"यादी भाग क्र. ११८  :  शिरिनबाई चाळ 71.4, मोहम्मद शहिद मार्ग, (मॉरलॅन्ड रोड),",80
BoothVoterList_A4_Ward_211_Booth_38.pdf,74,"यादी भाग क्र. ११८  :  म्यु.घ.नं.८१-८५ दगड चाळ मोहम्मद शहिद मार्ग ARS रोड)",88
BoothVoterList_A4_Ward_211_Booth_38.pdf,75,"यादी भाग क्र. ११८  :  शिरिनबाई चाळ, मोहम्मद ales मार्ग, (मॉरलॅन्ड रोड),",85
BoothVoterList_A4_Ward_211_Booth_38.pdf,76,"यादी भाग क्र. ११८  :  पटनी चाळ मोहम्मद शहिद मार्ग (मोरलॅन्ड रोड)",91
BoothVoterList_A4_Ward_211_Booth_38.pdf,77,"यादी भाग क्र. ११८  :  म्यु.घ.नं.८१-८५ दगड चाळ मोहम्मद शहिद मार्ग ARS रोड)",88
BoothVoterList_A4_Ward_211_Booth_38.pdf,78,"यादी भाग क्र. ११८  :  शिरिनबाई चाळ, मोहम्मद ales मार्ग, (मॉरलॅन्ड रोड),",85
BoothVoterList_A4_Ward_211_Booth_38.pdf,79,"यादी भाग क्र. ११८  :  म्यु.घ.नं.८१-८५ दगड चाळ मोहम्मद शहिद मार्ग ARS रोड)",88
BoothVoterList_A4_Ward_211_Booth_38.pdf,80,"यादी भाग क्र. ११८  :  शिरिनबाई चाळ, मोहम्मद ales मार्ग, (मॉरलॅन्ड रोड),",85
BoothVoterList_A4_Ward_211_Booth_38.pdf,81,"यादी भाग क्र. ११८  :  म्यु.घ.नं.८१-८५ दगड चाळ मोहम्मद शहिद मार्ग ARS रोड)",88
BoothVoterList_A4_Ward_211_Booth_38.pdf,82,"यादी भाग क्र. ११८  :  शिरिनबाई चाळ नं.७, मोहम्मद शहिद मार्ग, (मॉरलॅन्ड रोड),",92
BoothVoterList_A4_Ward_211_Booth_38.pdf,83,"यादी भाग क्र. ११८  :  शिरिनबाई चाळ 71.4, मोहम्मद शहिद मार्ग, (मॉरलॅन्ड रोड),",80
BoothVoterList_A4_Ward_211_Booth_38.pdf,84,"यादी भाग क्र. ११८  :  अरब तबेला मोहम्मद शहिद मार्ग (मोरलॅन्ड रोड)",82
BoothVoterList_A4_Ward_211_Booth_38.pdf,85,"यादी भाग क्र. ११८  :  शिरिनबाई चाळ 71.4, मोहम्मद शहिद मार्ग, (मॉरलॅन्ड रोड),",80
BoothVoterList_A4_Ward_211_Booth_38.pdf,86,"यादी भाग क्र. ११८  :  शिरिनबाई चाळ, मोहम्मद ales मार्ग, (मॉरलॅन्ड रोड),",85
BoothVoterList_A4_Ward_211_Booth_39.pdf,2,"यादी भाग क्र. १२२  :  म्यु.घ.नं.६५/७५ न्यू पत्रा शेड 4.9, मोहम्मद शहिद मार्ग,",90
BoothVoterList_A4_Ward_211_Booth_39.pdf,3,"यादी भाग क्र. १२२  :  म्यु.घ.नं.६५/७५न्यु.पत्रा होड नं.२, मोहम्मद शहिद मार्ग,",86
BoothVoterList_A4_Ward_211_Booth_39.pdf,4,"यादी भाग क्र. १२२  :  म्यु.घ.नं.६५/७५न्यु.पत्रा होड 41.3, मोहम्मद शहिद मार्ग,",89
BoothVoterList_A4_Ward_211_Booth_39.pdf,5,"यादी भाग क्र. १२२  :  म्यु.घ.नं.६५/७५न्यु.पत्रा होड नं.५, मोहम्मद शहिद मार्ग,",85
BoothVoterList_A4_Ward_211_Booth_39.pdf,6,"यादी भाग क्र. १२२  :  म्यु.घ.नं.६५/७५न्यु.पत्रा शेड नं.६, मोहम्मद शहिद मार्ग,",89
BoothVoterList_A4_Ward_211_Booth_39.pdf,7,"यादी भाग क्र. १२२  :  म्यु.घ.नं.६५/७५न्यु.पत्रा शेड नं७, मोहम्मद शहिद मार्ग,",89
BoothVoterList_A4_Ward_211_Booth_39.pdf,8,"यादी भाग क्र. १२२  :  म्यु.घ.नं.६५/७५न्यु.पत्रा होड AC, मोहम्मद शहिद मार्ग,",87
BoothVoterList_A4_Ward_211_Booth_39.pdf,9,"यादी भाग क्र. १२२  :  म्यु.घ.नं.६५/७५न्यु.पत्रा as नं४, मोहम्मद शहिद मार्ग,",87
BoothVoterList_A4_Ward_211_Booth_39.pdf,10,"यादी भाग क्र. १२२  :  न्यु पत्राचाळ नं.६, मोहम्मद शहीद मार्ग,",91
BoothVoterList_A4_Ward_211_Booth_39.pdf,11,"यादी भाग क्र. १२२  :  म्यु.घ.नं.६५/७५न्यु.पत्रा होड AC, मोहम्मद शहिद मार्ग,",87
BoothVoterList_A4_Ward_211_Booth_39.pdf,12,"यादी भाग क्र. १२२  :  म्यु.घ.नं.६५/७५न्यु.पत्रा as नं४, मोहम्मद शहिद मार्ग,",87
BoothVoterList_A4_Ward_211_Booth_39.pdf,13,"यादी भाग क्र. १२२  :  न्यु पत्राचाळ नं.६, मोहम्मद शहीद मार्ग,",91
BoothVoterList_A4_Ward_211_Booth_39.pdf,14,"यादी भाग क्र. १२६  : शिरीनबाई चाळ, इब्राहीम इस्टेट, मॉरलँड रोड,",87
BoothVoterList_A4_Ward_211_Booth_39.pdf,15,"यादी भाग क्र. १२९  :  म्यु.घ.नं.३ सेंट Vegas चर्च, मेघराज सेठी मार्ग,",85
BoothVoterList_A4_Ward_211_Booth_39.pdf,18,"यादी भाग क्र. १२९  :  म्यु.घ.नं.२सेंट ऐन्ड्र्युज चर्च जवळील झोपडपट्टी, मेघराज सेठी मार्ग,",88
BoothVoterList_A4_Ward_211_Booth_39.pdf,20,"यादी भाग क्र. १२९  :  म्यु.घ.नं.२, सेंट ऐन्ड््युज चर्च, मेघराज सेठी मार्ग,",86
BoothVoterList_A4_Ward_211_Booth_39.pdf,21,"यादी भाग क्र. १२९  :  सेंट ऐन्ड्र्युज चर्च, मेघराज सेठी मार्ग,",83
BoothVoterList_A4_Ward_211_Booth_39.pdf,22,"यादी भाग क्र. १२९  :  मुक्ति दवाखाना (महिला मिलन) मार्ग, मेघराज सेठी मार्ग,",91
BoothVoterList_A4_Ward_211_Booth_39.pdf,23,"यादी भाग क्र. १२९  :  अब्बास मंझील, 180/982, मौलाना आझाद रोड,",90
BoothVoterList_A4_Ward_211_Booth_39.pdf,24,"यादी भाग क्र. १२९  :  म्यु.घ.नं.९७ सी. ममसा इस्टेट, मोहम्मद शाहिद मार्ग, (मॉरलॅन्ड रोड)",93
BoothVoterList_A4_Ward_211_Booth_39.pdf,28,"यादी भाग क्र. १२९  :  म्यु.घ.नं.९९ टी.बी.आय काँलेज, कंपाऊंड झोपड्या, मोहम्मद शाहिद मार्ग",92
BoothVoterList_A4_Ward_211_Booth_39.pdf,30,"यादी भाग क्र. १२९  :  म्यु.घ.नं.२सेंट ऐन्ड्र्युज चर्च जवळील झोपडपट्टी, मेघराज सेठी मार्ग,",88
BoothVoterList_A4_Ward_211_Booth_39.pdf,31,"यादी भाग क्र. १२९  :  म्यु.घ.नं.९९ टी.बी.आय काँलेज, कंपाऊंड झोपड्या, मोहम्मद शाहिद मार्ग",92
BoothVoterList_A4_Ward_211_Booth_39.pdf,32,"यादी भाग क्र. १२९  :  म्यु.घ.नं.९७ सी. ममसा इस्टेट, मोहम्मद शाहिद मार्ग, (मॉरलॅन्ड रोड)",93
BoothVoterList_A4_Ward_211_Booth_39.pdf,33,"यादी भाग क्र. १२९  :  म्यु.घ.नं.९९ टी.बी.आय काँलेज, कंपाऊंड झोपड्या, मोहम्मद शाहिद मार्ग",92
BoothVoterList_A4_Ward_211_Booth_39.pdf,34,"यादी भाग क्र. १२९  :  म्यु.घ.नं.३ सेंट Vegas चर्च, मेघराज सेठी मार्ग,",85
BoothVoterList_A4_Ward_211_Booth_39.pdf,35,"यादी भाग क्र. १२९  :  म्यु.घ.नं.९९ टी.बी.आय काँलेज, कंपाऊंड झोपड्या, मोहम्मद शाहिद मार्ग",92
BoothVoterList_A4_Ward_211_Booth_39.pdf,36,"यादी भाग क्र. १२९  :  अब्बास मंझील, 180/982, मौलाना आझाद रोड,",90
BoothVoterList_A4_Ward_211_Booth_39.pdf,37,"यादी भाग क्र. १२९  :  म्यु.घ.नं.९७ सी. ममसा इस्टेट, मोहम्मद शाहिद मार्ग, (मॉरलॅन्ड रोड)",93
BoothVoterList_A4_Ward_211_Booth_39.pdf,38,"यादी भाग क्र. १२९  :  अब्बास मंझील, 180/982, मौलाना आझाद रोड,",90
BoothVoterList_A4_Ward_211_Booth_39.pdf,39,"यादी भाग क्र. १२९  :  सेंट ऐन्ड्र्युज चर्च, मेघराज सेठी मार्ग,",83
BoothVoterList_A4_Ward_211_Booth_39.pdf,40,"यादी भाग क्र. १२९  :  अब्बास मंझील, 180/982, मौलाना आझाद रोड,",90
BoothVoterList_A4_Ward_211_Booth_39.pdf,41,"यादी भाग क्र. १२९  :  म्यु.घ.नं.३ सेंट Vegas चर्च, मेघराज सेठी मार्ग,",85
BoothVoterList_A4_Ward_211_Booth_39.pdf,42,"यादी भाग क्र. १२९  :  म्यु.घ.नं.९९ टी.बी.आय काँलेज, कंपाऊंड झोपड्या, मोहम्मद शाहिद मार्ग",92
BoothVoterList_A4_Ward_211_Booth_4.pdf,2,"यादी भाग क्र. २०६  : म्यु.घनं-२, पिंटो हाऊस जवळील झोपडपट्टी, मेघराज सेठी मार्ग,",93
BoothVoterList_A4_Ward_211_Booth_4.pdf,9,"यादी भाग क्र. २०६  :  खटाव मिलच्या मागील झोपडपट्टी, मेघराज सेठी मार्ग,",91
BoothVoterList_A4_Ward_211_Booth_4.pdf,10,"यादी भाग क्र. २०६  :  सॉवटर रोड भायखळा फायर ब्रिगेड झोपडपट्टी, गणेश हरी पारुंडेकर मार्ग,",90
BoothVoterList_A4_Ward_211_Booth_4.pdf,11,"यादी भाग क्र. २०६  :  अपना झोपडपट्टी, इस्लाम बिल्डींग मागील झोपडपट्टी, मेघराज eT AM,",87
BoothVoterList_A4_Ward_211_Booth_4.pdf,12,"यादी भाग क्र. २०६  :  खटाव मिलच्या मागील झोपडपट्टी, मेघराज सेठी मार्ग,",91
BoothVoterList_A4_Ward_211_Booth_4.pdf,13,"यादी भाग क्र. २०६  :  सॉवटर रोड भायखळा फायर ब्रिगेड झोपडपट्टी, गणेश हरी पारुंडेकर मार्ग,",90
BoothVoterList_A4_Ward_211_Booth_4.pdf,14,"यादी भाग क्र. २०६  : म्यु.घनं-२, पिंटो हाऊस जवळील झोपडपट्टी, मेघराज सेठी मार्ग,",93
BoothVoterList_A4_Ward_211_Booth_4.pdf,15,"यादी भाग क्र. २०६  :  अपना झोपडपट्टी, इस्लाम बिल्डींग मागील झोपडपट्टी, मेघराज eT AM,",87
BoothVoterList_A4_Ward_211_Booth_40.pdf,2,"यादी भाग क्र. १९९  :  छोटी कमल बिल्डींग नं.२ मोहम्मद ASA रोड (गोर-त बाजार)",87
BoothVoterList_A4_Ward_211_Booth_40.pdf,5,"यादी भाग क्र. १९९  : म्यु.घ. 4.3 आक्सा मझिल ए मोहम्मद ASA रोड (गोर-त बाजार)",84
BoothVoterList_A4_Ward_211_Booth_40.pdf,11,"यादी भाग क्र. १९९  : म्यु.घ. 4.3 आक्सा मंझिल बी मौलाना आझाद रोड (गोर-त बाजार)",89
BoothVoterList_A4_Ward_211_Booth_40.pdf,18,"यादी भाग क्र. १९९  : म्यु.घ. नं.७ आक्सा मंझिल सी मौलाना आझाद रोड (गोर-त बाजार)",87
BoothVoterList_A4_Ward_211_Booth_40.pdf,26,"यादी भाग क्र. १९९  : म्यु.घ. नं.७ आक्सा मंझिल डी मौलाना आझाद रोड (गोस्त बाजार)",89
BoothVoterList_A4_Ward_211_Booth_40.pdf,34,"यादी भाग क्र. १९९  :  आक्सा मंझिल-ई मौलाना आझाद रोड (गोस्त बाजार)",90
BoothVoterList_A4_Ward_211_Booth_40.pdf,35,"यादी भाग क्र. १९९  :  ठम्यु.घ.नं-७ आक्सा मंजिल,75
BoothVoterList_A4_Ward_211_Booth_40.pdf,36,"यादी भाग क्र. १९९  :  युसुफ बाग-क मौलाना आझाद रोड (गोस्त बाजार)",92
BoothVoterList_A4_Ward_211_Booth_40.pdf,37,"यादी भाग क्र. १९९  :  लतीफ चमडेवाली चाळ मौलाना आझाद WS, मदनपुरा",88
BoothVoterList_A4_Ward_211_Booth_40.pdf,38,"यादी भाग क्र. १९९  :  १६-१८, राबीया मंझिल, दुसरी घेलाभाई स्ट्रीट, भायखळा,",92
BoothVoterList_A4_Ward_211_Booth_40.pdf,39,"यादी भाग क्र. १९९  : म्यु.घ. 4.3 आक्सा मंझिल बी मौलाना आझाद रोड (गोर-त बाजार)",89
BoothVoterList_A4_Ward_211_Booth_40.pdf,40,"यादी भाग क्र. १९९  : म्यु.घ. नं.७ आक्सा मंझिल डी मौलाना आझाद रोड (गोस्त बाजार)",89
BoothVoterList_A4_Ward_211_Booth_40.pdf,41,"यादी भाग क्र. १९९  :  छोटी कमल बिल्डींग नं.२ मोहम्मद ASA रोड (गोर-त बाजार)",87
BoothVoterList_A4_Ward_211_Booth_40.pdf,42,"यादी भाग क्र. १९९  : म्यु.घ. नं.७ आक्सा मंझिल डी मौलाना आझाद रोड (गोस्त बाजार)",89
BoothVoterList_A4_Ward_211_Booth_40.pdf,43,"यादी भाग क्र. १९९  : म्यु.घ. 4.3 आक्सा मझिल ए मोहम्मद ASA रोड (गोर-त बाजार)",84
BoothVoterList_A4_Ward_211_Booth_40.pdf,44,"यादी भाग क्र. १९९  : म्यु.घ. नं.७ आक्सा मंझिल सी मौलाना आझाद रोड (गोर-त बाजार)",87
BoothVoterList_A4_Ward_211_Booth_40.pdf,45,"यादी भाग क्र. १९९  : म्यु.घ. नं.७ आक्सा मंझिल डी मौलाना आझाद रोड (गोस्त बाजार)",89
BoothVoterList_A4_Ward_211_Booth_40.pdf,46,"यादी भाग क्र. १९९  :  १६-१८, राबीया मंझिल, दुसरी घेलाभाई स्ट्रीट, भायखळा,",92
BoothVoterList_A4_Ward_211_Booth_40.pdf,47,"यादी भाग क्र. १९९  : म्यु.घ. नं.७ आक्सा मंझिल सी मौलाना आझाद रोड (गोर-त बाजार)",87
BoothVoterList_A4_Ward_211_Booth_40.pdf,48,"यादी भाग क्र. १९९  : म्यु.घ. 4.3 आक्सा मझिल ए मोहम्मद ASA रोड (गोर-त बाजार)",84
BoothVoterList_A4_Ward_211_Booth_40.pdf,49,"यादी भाग क्र. १९९  : म्यु.घ. नं.७ आक्सा मंझिल सी मौलाना आझाद रोड (गोर-त बाजार)",87
BoothVoterList_A4_Ward_211_Booth_40.pdf,50,"यादी भाग क्र. १९९  :  १६-१८, राबीया मंझिल, दुसरी घेलाभाई स्ट्रीट, भायखळा,",92
BoothVoterList_A4_Ward_211_Booth_40.pdf,51,"यादी भाग क्र. १९९  : म्यु.घ. 4.3 आक्सा मंझिल बी मौलाना आझाद रोड (गोर-त बाजार)",89
BoothVoterList_A4_Ward_211_Booth_40.pdf,52,"यादी भाग क्र. १९९  : म्यु.घ. 4.3 आक्सा मझिल ए मोहम्मद ASA रोड (गोर-त बाजार)",84
BoothVoterList_A4_Ward_211_Booth_40.pdf,53,"यादी भाग क्र. १९९  : म्यु.घ. नं.७ आक्सा मंझिल डी मौलाना आझाद रोड (गोस्त बाजार)",89
BoothVoterList_A4_Ward_211_Booth_40.pdf,54,"यादी भाग क्र. १९९  : म्यु.घ. नं.७ आक्सा मंझिल सी मौलाना आझाद रोड (गोर-त बाजार)",87
BoothVoterList_A4_Ward_211_Booth_40.pdf,55,"यादी भाग क्र. १९९  : म्यु.घ. नं.७ आक्सा मंझिल डी मौलाना आझाद रोड (गोस्त बाजार)",89
BoothVoterList_A4_Ward_211_Booth_40.pdf,56,"यादी भाग क्र. १९९  : म्यु.घ. नं.७ आक्सा मंझिल सी मौलाना आझाद रोड (गोर-त बाजार)",87
BoothVoterList_A4_Ward_211_Booth_40.pdf,57,"यादी भाग क्र. १९९  : म्यु.घ. 4.3 आक्सा मंझिल बी मौलाना आझाद रोड (गोर-त बाजार)",89
BoothVoterList_A4_Ward_211_Booth_40.pdf,58,"यादी भाग क्र. १९९  : म्यु.घ. नं.७ आक्सा मंझिल सी मौलाना आझाद रोड (गोर-त बाजार)",87
BoothVoterList_A4_Ward_211_Booth_40.pdf,59,"यादी भाग क्र. १९९  : म्यु.घ. नं.७ आक्सा मंझिल डी मौलाना आझाद रोड (गोस्त बाजार)",89
BoothVoterList_A4_Ward_211_Booth_40.pdf,60,"यादी भाग क्र. १९९  : म्यु.घ. 4.3 आक्सा मझिल ए मोहम्मद ASA रोड (गोर-त बाजार)",84
BoothVoterList_A4_Ward_211_Booth_40.pdf,61,"यादी भाग क्र. १९९  : म्यु.घ. नं.७ आक्सा मंझिल डी मौलाना आझाद रोड (गोस्त बाजार)",89
BoothVoterList_A4_Ward_211_Booth_40.pdf,62,"यादी भाग क्र. १९९  :  छोटी कमल बिल्डींग नं.२ मोहम्मद ASA रोड (गोर-त बाजार)",87
BoothVoterList_A4_Ward_211_Booth_40.pdf,63,"यादी भाग क्र. १९९  : म्यु.घ. नं.७ आक्सा मंझिल डी मौलाना आझाद रोड (गोस्त बाजार)",89
BoothVoterList_A4_Ward_211_Booth_40.pdf,64,"यादी भाग क्र. १९९  :  छोटी कमल बिल्डींग नं.२ मोहम्मद ASA रोड (गोर-त बाजार)",87
BoothVoterList_A4_Ward_211_Booth_40.pdf,65,"यादी भाग क्र. १९९  : म्यु.घ. 4.3 आक्सा मझिल ए मोहम्मद ASA रोड (गोर-त बाजार)",84
BoothVoterList_A4_Ward_211_Booth_40.pdf,66,"यादी भाग क्र. १९९  :  आक्सा मंझिल-ई मौलाना आझाद रोड (गोस्त बाजार)",90
BoothVoterList_A4_Ward_211_Booth_40.pdf,67,"यादी भाग क्र. १९९  : म्यु.घ. 4.3 आक्सा मंझिल बी मौलाना आझाद रोड (गोर-त बाजार)",89
BoothVoterList_A4_Ward_211_Booth_40.pdf,68,"यादी भाग क्र. १९९  : म्यु.घ. नं.७ आक्सा मंझिल डी मौलाना आझाद रोड (गोस्त बाजार)",89
BoothVoterList_A4_Ward_211_Booth_41.pdf,2,"यादी भाग क्र. २००  :  म्य.घ.नं. 3-4, कमिटी चाळ, घेलाभाई रोड, भायखळा (प),",92
BoothVoterList_A4_Ward_211_Booth_41.pdf,11,"यादी भाग क्र. २००  :  म्यु.घ.नं. ७,खतिजा टावर घेलाभाई रोड, भायखळा (प),",91
BoothVoterList_A4_Ward_211_Booth_41.pdf,14,"यादी भाग क्र. २००  :  म्यु.घ.नं.९ (अ), करीम चाळ, घेलाभाई रोड, भायखळा (प),",93
BoothVoterList_A4_Ward_211_Booth_41.pdf,19,"यादी भाग क्र. २००  :  म्यु.घ.नं.१४, ऐटलास बिल्डिंग, घेलाभाई रोड, भायखळा (प),",91
BoothVoterList_A4_Ward_211_Booth_41.pdf,20,"यादी भाग क्र. २००  :  म्यु.घ.नं.१६ ऐ,. रेहमान बिल्डिंग, मौलाना आझाद रोड, (गोस बाजार),",92
BoothVoterList_A4_Ward_211_Booth_41.pdf,25,"यादी भाग क्र. २००  :  म्यु.घ.नं.२२, नव बहार बिल्डिंग, मौलाना आझाद रोड, (गोस त बाजार),",92
BoothVoterList_A4_Ward_211_Booth_41.pdf,31,"यादी भाग क्र. २००  :  ऐ समन चाळ (रसुल बिल्डिंग), मौलाना आझाद Ws, (गोस बाजार),",89
BoothVoterList_A4_Ward_211_Booth_41.pdf,33,"यादी भाग क्र. २००  :  HRA मंझिल बिल्डिंग, मौलाना आझाद रोड, (गोस बाजार),",89
BoothVoterList_A4_Ward_211_Booth_41.pdf,34,"यादी भाग क्र. २००  :  काचवाला बिल्डींग, मौलाना आझाद WS, (गोस बाजार),",91
BoothVoterList_A4_Ward_211_Booth_41.pdf,35,"यादी भाग क्र. २००  :  ११०५खादीजा टॉवर ३री घेलाबाई स्ट्रीट मॉरलण्ड रोड, मौलाना आझाद",91
BoothVoterList_A4_Ward_211_Booth_41.pdf,44,"यादी भाग क्र. २००  :  HRA मंझिल बिल्डिंग, मौलाना आझाद रोड, (गोस बाजार),",89
BoothVoterList_A4_Ward_211_Booth_41.pdf,45,"यादी भाग क्र. २००  :  ११०५खादीजा टॉवर ३री घेलाबाई स्ट्रीट मॉरलण्ड रोड, मौलाना आझाद",91
BoothVoterList_A4_Ward_211_Booth_41.pdf,46,"यादी भाग क्र. २००  :  म्य.घ.नं. 3-4, कमिटी चाळ, घेलाभाई रोड, भायखळा (प),",92
BoothVoterList_A4_Ward_211_Booth_41.pdf,47,"यादी भाग क्र. २००  :  म्यु.घ.नं.९ (अ), करीम चाळ, घेलाभाई रोड, भायखळा (प),",93
BoothVoterList_A4_Ward_211_Booth_41.pdf,48,"यादी भाग क्र. २००  :  म्यु.घ.नं.२२, नव बहार बिल्डिंग, मौलाना आझाद रोड, (गोस त बाजार),",92
BoothVoterList_A4_Ward_211_Booth_41.pdf,49,"यादी भाग क्र. २००  :  ११०५खादीजा टॉवर ३री घेलाबाई स्ट्रीट मॉरलण्ड रोड, मौलाना आझाद",91
BoothVoterList_A4_Ward_211_Booth_41.pdf,50,"यादी भाग क्र. २००  :  म्यु.घ.नं.१६ ऐ,. रेहमान बिल्डिंग, मौलाना आझाद रोड, (गोस बाजार),",92
BoothVoterList_A4_Ward_211_Booth_41.pdf,51,"यादी भाग क्र. २००  :  म्यु.घ.नं.२२, नव बहार बिल्डिंग, मौलाना आझाद रोड, (गोस त बाजार),",92
BoothVoterList_A4_Ward_211_Booth_41.pdf,52,"यादी भाग क्र. २००  :  म्यु.घ.नं.९ (अ), करीम चाळ, घेलाभाई रोड, भायखळा (प),",93
BoothVoterList_A4_Ward_211_Booth_41.pdf,53,"यादी भाग क्र. २००  :  म्यु.घ.नं.२२, नव बहार बिल्डिंग, मौलाना आझाद रोड, (गोस त बाजार),",92
BoothVoterList_A4_Ward_211_Booth_41.pdf,54,"यादी भाग क्र. २००  :  म्यु.घ.नं.१६ ऐ,. रेहमान बिल्डिंग, मौलाना आझाद रोड, (गोस बाजार),",92
BoothVoterList_A4_Ward_211_Booth_41.pdf,55,"यादी भाग क्र. २००  :  म्यु.घ.नं.९ (अ), करीम चाळ, घेलाभाई रोड, भायखळा (प),",93
BoothVoterList_A4_Ward_211_Booth_41.pdf,56,"यादी भाग क्र. २००  :  म्य.घ.नं. 3-4, कमिटी चाळ, घेलाभाई रोड, भायखळा (प),",92
BoothVoterList_A4_Ward_211_Booth_41.pdf,57,"यादी भाग क्र. २००  :  म्यु.घ.नं.२२, नव बहार बिल्डिंग, मौलाना आझाद रोड, (गोस त बाजार),",92
BoothVoterList_A4_Ward_211_Booth_41.pdf,58,"यादी भाग क्र. २००  :  म्य.घ.नं. 3-4, कमिटी चाळ, घेलाभाई रोड, भायखळा (प),",92
BoothVoterList_A4_Ward_211_Booth_41.pdf,59,"यादी भाग क्र. २००  :  ११०५खादीजा टॉवर ३री घेलाबाई स्ट्रीट मॉरलण्ड रोड, मौलाना आझाद",91
BoothVoterList_A4_Ward_211_Booth_41.pdf,60,"यादी भाग क्र. २००  :  म्यु.घ.नं.१६ ऐ,. रेहमान बिल्डिंग, मौलाना आझाद रोड, (गोस बाजार),",92
BoothVoterList_A4_Ward_211_Booth_41.pdf,61,"यादी भाग क्र. २००  :  म्यु.घ.नं. ७,खतिजा टावर घेलाभाई रोड, भायखळा (प),",91
BoothVoterList_A4_Ward_211_Booth_41.pdf,62,"यादी भाग क्र. २००  :  म्यु.घ.नं.१६ ऐ,. रेहमान बिल्डिंग, मौलाना आझाद रोड, (गोस बाजार),",92
BoothVoterList_A4_Ward_211_Booth_41.pdf,63,"यादी भाग क्र. २००  :  म्यु.घ.नं.२२, नव बहार बिल्डिंग, मौलाना आझाद रोड, (गोस त बाजार),",92
BoothVoterList_A4_Ward_211_Booth_41.pdf,64,"यादी भाग क्र. २००  :  HRA मंझिल बिल्डिंग, मौलाना आझाद रोड, (गोस बाजार),",89
BoothVoterList_A4_Ward_211_Booth_42.pdf,2,"यादी भाग क्र. २०१  :  म्यु.घ.नं. 2 युसुफ मंझील, सिध्दीक लेन, मदनपूरा,",91
BoothVoterList_A4_Ward_211_Booth_42.pdf,3,"यादी भाग क्र. २०१  :  म्यु.घ.नं. ८ युसूफ मंझील, सिध्दीक लेन, मदनपूरा,",90
BoothVoterList_A4_Ward_211_Booth_42.pdf,5,"यादी भाग क्र. २०१  :  RL TA. ८ सीआदम सिद्धिकी चाळ, सिध्दीक लेन, मदनपूरा,",86
BoothVoterList_A4_Ward_211_Booth_42.pdf,9,"यादी भाग क्र. २०१  :  म्यु.घ.नं. ८ ईआदम सिद्धिकी चाळ, सिध्दीक लेन, मदनपूरा,",90
BoothVoterList_A4_Ward_211_Booth_42.pdf,12,"यादी भाग क्र. २०१  :  म्यु.घ.नं. १४ जुनेद मंझील, सिध्दीक लेन, मदनपूरा,",90
BoothVoterList_A4_Ward_211_Booth_42.pdf,18,"यादी भाग क्र. २०१  :  म्यु.घ.नं. ११ अंजुमन मुकीदुल्ला यतमा प्राथमिक शाळ, सिध्दीक",92
BoothVoterList_A4_Ward_211_Booth_42.pdf,19,"यादी भाग क्र. २०१  :  म्यु.घ.नं. 92 जमिल मस्जिद मंझील, सिध्दीक लेन, मदनपूरा,",91
BoothVoterList_A4_Ward_211_Booth_42.pdf,20,"यादी भाग क्र. २०१  :  म्यु.घ.नं. २ ते ८ ARR बिल्डिंग, मोहम्मद उमर रजब US, मदनपूरा,",90
BoothVoterList_A4_Ward_211_Booth_42.pdf,25,"यादी भाग क्र. २०१  :  म्यु.घ.नं. ६ ते १२ मन्सुर बिल्डिंग, मोहम्मद उमर रजब रोड, मदनपूरा,",92
BoothVoterList_A4_Ward_211_Booth_42.pdf,26,"यादी भाग क्र. २०१  :  म्यु.घ.नं. १८ ते २२ अ हुसेन बिल्डिंग, मोहम्मद उमर रजब रोड, मदनपूरा",92
BoothVoterList_A4_Ward_211_Booth_42.pdf,33,"यादी भाग क्र. २०१  :  म्यु.घ.नं. 22 बी हुसेन बिल्डिंग, मोहम्मद उमर रजब रोड, मदनपूरा",90
BoothVoterList_A4_Ward_211_Booth_42.pdf,38,"यादी भाग क्र. २०१  :  म्यु.घ.नं.२६ ए जरीवाला चाळ, मोहम्मद उमर रजब रोड, भायखळा (प),",89
BoothVoterList_A4_Ward_211_Booth_42.pdf,46,"यादी भाग क्र. २०१  :  म्यु.घ.नं. ६ ते १२ मन्सुर बिल्डिंग, मोहम्मद उमर रजब रोड, मदनपूरा,",92
BoothVoterList_A4_Ward_211_Booth_42.pdf,47,"यादी भाग क्र. २०१  :  म्यु.घ.नं. ८ ईआदम सिद्धिकी चाळ, सिध्दीक लेन, मदनपूरा,",90
BoothVoterList_A4_Ward_211_Booth_42.pdf,48,"यादी भाग क्र. २०१  :  म्यु.घ.नं. ६ ते १२ मन्सुर बिल्डिंग, मोहम्मद उमर रजब रोड, मदनपूरा,",92
BoothVoterList_A4_Ward_211_Booth_42.pdf,49,"यादी भाग क्र. २०१  :  म्यु.घ.नं. १४ जुनेद मंझील, सिध्दीक लेन, मदनपूरा,",90
BoothVoterList_A4_Ward_211_Booth_42.pdf,50,"यादी भाग क्र. २०१  :  म्यु.घ.नं. २ ते ८ ARR बिल्डिंग, मोहम्मद उमर रजब US, मदनपूरा,",90
BoothVoterList_A4_Ward_211_Booth_42.pdf,51,"यादी भाग क्र. २०१  :  म्यु.घ.नं. 22 बी हुसेन बिल्डिंग, मोहम्मद उमर रजब रोड, मदनपूरा",90
BoothVoterList_A4_Ward_211_Booth_42.pdf,52,"यादी भाग क्र. २०१  :  म्यु.घ.नं.२६ ए जरीवाला चाळ, मोहम्मद उमर रजब रोड, भायखळा (प),",89
BoothVoterList_A4_Ward_211_Booth_42.pdf,53,"यादी भाग क्र. २०१  :  म्यु.घ.नं. 2 युसुफ मंझील, सिध्दीक लेन, मदनपूरा,",91
BoothVoterList_A4_Ward_211_Booth_42.pdf,54,"यादी भाग क्र. २०१  :  म्यु.घ.नं. १४ जुनेद मंझील, सिध्दीक लेन, मदनपूरा,",90
BoothVoterList_A4_Ward_211_Booth_42.pdf,55,"यादी भाग क्र. २०१  :  म्यु.घ.नं. 2 युसुफ मंझील, सिध्दीक लेन, मदनपूरा,",91
BoothVoterList_A4_Ward_211_Booth_42.pdf,56,"यादी भाग क्र. २०१  :  म्यु.घ.नं.२६ ए जरीवाला चाळ, मोहम्मद उमर रजब रोड, भायखळा (प),",89
BoothVoterList_A4_Ward_211_Booth_42.pdf,57,"यादी भाग क्र. २०१  :  म्यु.घ.नं. १८ ते २२ अ हुसेन बिल्डिंग, मोहम्मद उमर रजब रोड, मदनपूरा",92
BoothVoterList_A4_Ward_211_Booth_42.pdf,58,"यादी भाग क्र. २०१  :  म्यु.घ.नं.२६ ए जरीवाला चाळ, मोहम्मद उमर रजब रोड, भायखळा (प),",89
BoothVoterList_A4_Ward_211_Booth_42.pdf,59,"यादी भाग क्र. २०१  :  म्यु.घ.नं. १८ ते २२ अ हुसेन बिल्डिंग, मोहम्मद उमर रजब रोड, मदनपूरा",92
BoothVoterList_A4_Ward_211_Booth_42.pdf,60,"यादी भाग क्र. २०१  :  म्यु.घ.नं. 22 बी हुसेन बिल्डिंग, मोहम्मद उमर रजब रोड, मदनपूरा",90
BoothVoterList_A4_Ward_211_Booth_42.pdf,61,"यादी भाग क्र. २०१  :  म्यु.घ.नं. ६ ते १२ मन्सुर बिल्डिंग, मोहम्मद उमर रजब रोड, मदनपूरा,",92
BoothVoterList_A4_Ward_211_Booth_42.pdf,62,"यादी भाग क्र. २०१  :  म्यु.घ.नं. 2 युसुफ मंझील, सिध्दीक लेन, मदनपूरा,",91
BoothVoterList_A4_Ward_211_Booth_42.pdf,63,"यादी भाग क्र. २०१  :  RL TA. ८ सीआदम सिद्धिकी चाळ, सिध्दीक लेन, मदनपूरा,",86
BoothVoterList_A4_Ward_211_Booth_42.pdf,64,"यादी भाग क्र. २०१  :  म्यु.घ.नं. १८ ते २२ अ हुसेन बिल्डिंग, मोहम्मद उमर रजब रोड, मदनपूरा",92
BoothVoterList_A4_Ward_211_Booth_42.pdf,65,"यादी भाग क्र. २०१  :  RL TA. ८ सीआदम सिद्धिकी चाळ, सिध्दीक लेन, मदनपूरा,",86
BoothVoterList_A4_Ward_211_Booth_42.pdf,66,"यादी भाग क्र. २०१  :  म्यु.घ.नं. 22 बी हुसेन बिल्डिंग, मोहम्मद उमर रजब रोड, मदनपूरा",90
BoothVoterList_A4_Ward_211_Booth_42.pdf,67,"यादी भाग क्र. २०१  :  म्यु.घ.नं. २ ते ८ ARR बिल्डिंग, मोहम्मद उमर रजब US, मदनपूरा,",90
BoothVoterList_A4_Ward_211_Booth_43.pdf,2,"यादी भाग क्र. २०४  :  म्यु.घ.नं. २५ - २९, सफिया बिल्डींग, मोहम्मद उमर रजब रोड, भायखळा (प),",89
BoothVoterList_A4_Ward_211_Booth_43.pdf,3,"यादी भाग क्र. २०४  :  म्यु.घ.नं. 34, रतनजी नैनसी बिल्डिंग, मोहम्मद उमर रजब US, भायखळा (प),",91
BoothVoterList_A4_Ward_211_Booth_43.pdf,5,"यादी भाग क्र. २०४  :  म्यु.घ.नं. 33, सफिया बिल्डिंग, मोहम्मद उमर रजब रोड, भायखळा (प),",89
BoothVoterList_A4_Ward_211_Booth_43.pdf,8,"यादी भाग क्र. २०४  :  म्यु.घ नं. ४३, फातमाबाई चाळ, मोहम्मद उमर रजब रोड, भायखळा (५),",88
BoothVoterList_A4_Ward_211_Booth_43.pdf,9,"यादी भाग क्र. २०४  :  ALTA. ४५-४५, मोहम्मदी पेलेस, मोहम्मद उमर रजब रोड, भायखळा (प)",89
BoothVoterList_A4_Ward_211_Booth_43.pdf,12,"यादी भाग क्र. २०४  :  मुन्शी मंझील, मोमबत्तीवाला चाळ, मोहम्मद उमर रजब रोड, भायखळा (प),",90
BoothVoterList_A4_Ward_211_Booth_43.pdf,13,"यादी भाग क्र. २०४  :  म्यु.घ.नं. ५५, कय्युम मंझील, मोहम्मद उमर रजब रोड, भायखळा (प),",88
BoothVoterList_A4_Ward_211_Booth_43.pdf,16,"यादी भाग क्र. २०४  :  म्यु.घ.नं. ४७ -49, FRM मंझील, मोमबत्तीवाला चाळ, मोहम्मद उमर रजब",88
BoothVoterList_A4_Ward_211_Booth_43.pdf,24,"यादी भाग क्र. २०४  :  म्यु.घ.नं.३० - 32, MAI अकबर Aviles, मोहम्मद उमर रजब WS, भायखळा",85
BoothVoterList_A4_Ward_211_Booth_43.pdf,29,"यादी भाग क्र. २०४  :  म्यु.घ.नं.४० - ४६, बेग महम्मद चाळ, मोहम्मद उमर रजब US, भायखळा",93
BoothVoterList_A4_Ward_211_Booth_43.pdf,37,"यादी भाग क्र. २०४  : म्युनिसिपल उर्दू शाळा, मोहम्मद उमर रजब रोड, भायखळा (प),",93
BoothVoterList_A4_Ward_211_Booth_43.pdf,38,"यादी भाग क्र. २०४  :  चंपा कंपाऊंड चाळ 71.4, मोहम्मद उमर रजब रोड, भायखळा (प),",87
BoothVoterList_A4_Ward_211_Booth_43.pdf,39,"यादी भाग क्र. २०४  :  पटेल मंझील, मोहम्मद उमर रजब रोड, भायखळा (प)",92
BoothVoterList_A4_Ward_211_Booth_43.pdf,40,"यादी भाग क्र. २०४  :  म्यु.घ.नं.४३, अब्बास मंझील, मोहम्मद उमर रजब US, भायखळा (प),",92
BoothVoterList_A4_Ward_211_Booth_43.pdf,41,"यादी भाग क्र. २०४  :  म्यु.घ.नं.५०-५२, ए बेग मोहम्मद चाळ, मोहम्मद उमर रजब रोड, भायखळा",92
BoothVoterList_A4_Ward_211_Booth_43.pdf,43,"यादी भाग क्र. २०४  :  म्यु.घ.नं.४० - ४६ बेग मोहम्मद चाळ, मोहम्मद उमर रजब रोड, भायखळा (प),",93
BoothVoterList_A4_Ward_211_Booth_43.pdf,44,"यादी भाग क्र. २०४  :  मोहम्मदी पॅलेस, मोहम्मद उमर रजब US, भायखळा (प),",92
BoothVoterList_A4_Ward_211_Booth_43.pdf,46,"यादी भाग क्र. २०४  :  चंपा कंपाउंड चाळ, ARGS रोड,",90
BoothVoterList_A4_Ward_211_Booth_43.pdf,47,"यादी भाग क्र. २०४  :  ४०००११, बेग मोहम्मद चाळ, मोहम्मद उमर रजब WS, भायखळा (प),",93
BoothVoterList_A4_Ward_211_Booth_43.pdf,48,"यादी भाग क्र. २०४  :  म्यु.घ.नं.२, पिंटो हाऊस, मेघराज सेठी मार्ग, भायखळा (प),",92
BoothVoterList_A4_Ward_211_Booth_43.pdf,49,"यादी भाग क्र. २०४  :  म्यु.घ.नं.२, पिंटो हाऊस जवळील झोपडपट्टी, मेघराज सेठी मार्ग, .",92
BoothVoterList_A4_Ward_211_Booth_43.pdf,55,"यादी भाग क्र. २०४  :  म्यु.घ.नं.५०-५२, ए बेग मोहम्मद चाळ, मोहम्मद उमर रजब रोड, भायखळा",92
BoothVoterList_A4_Ward_211_Booth_43.pdf,56,"यादी भाग क्र. २०४  :  म्यु.घ.नं. 33, सफिया बिल्डिंग, मोहम्मद उमर रजब रोड, भायखळा (प),",89
BoothVoterList_A4_Ward_211_Booth_43.pdf,57,"यादी भाग क्र. २०४  :  म्यु.घ.नं.४० - ४६ बेग मोहम्मद चाळ, मोहम्मद उमर रजब रोड, भायखळा (प),",93
BoothVoterList_A4_Ward_211_Booth_43.pdf,58,"यादी भाग क्र. २०४  :  म्यु.घ.नं. 33, सफिया बिल्डिंग, मोहम्मद उमर रजब रोड, भायखळा (प),",89
BoothVoterList_A4_Ward_211_Booth_43.pdf,59,"यादी भाग क्र. २०४  :  म्यु.घ.नं.४० - ४६, बेग महम्मद चाळ, मोहम्मद उमर रजब US, भायखळा",93
BoothVoterList_A4_Ward_211_Booth_43.pdf,60,"यादी भाग क्र. २०४  :  म्यु.घ.नं. ४७ -49, FRM मंझील, मोमबत्तीवाला चाळ, मोहम्मद उमर रजब",88
BoothVoterList_A4_Ward_211_Booth_43.pdf,61,"यादी भाग क्र. २०४  :  म्यु.घ.नं.५०-५२, ए बेग मोहम्मद चाळ, मोहम्मद उमर रजब रोड, भायखळा",92
BoothVoterList_A4_Ward_211_Booth_43.pdf,62,"यादी भाग क्र. २०४  :  म्यु.घ.नं.२, पिंटो हाऊस जवळील झोपडपट्टी, मेघराज सेठी मार्ग, .",92
BoothVoterList_A4_Ward_211_Booth_43.pdf,63,"यादी भाग क्र. २०४  :  म्यु.घ.नं.४० - ४६, बेग महम्मद चाळ, मोहम्मद उमर रजब US, भायखळा",93
BoothVoterList_A4_Ward_211_Booth_43.pdf,64,"यादी भाग क्र. २०४  :  म्यु.घ.नं.४० - ४६ बेग मोहम्मद चाळ, मोहम्मद उमर रजब रोड, भायखळा (प),",93
BoothVoterList_A4_Ward_211_Booth_43.pdf,65,"यादी भाग क्र. २०४  : म्युनिसिपल उर्दू शाळा, मोहम्मद उमर रजब रोड, भायखळा (प),",93
BoothVoterList_A4_Ward_211_Booth_43.pdf,66,"यादी भाग क्र. २०४  :  म्यु.घ.नं.४० - ४६, बेग महम्मद चाळ, मोहम्मद उमर रजब US, भायखळा",93
BoothVoterList_A4_Ward_211_Booth_43.pdf,67,"यादी भाग क्र. २०४  : म्युनिसिपल उर्दू शाळा, मोहम्मद उमर रजब रोड, भायखळा (प),",93
BoothVoterList_A4_Ward_211_Booth_43.pdf,68,"यादी भाग क्र. २०४  :  म्यु.घ.नं.३० - 32, MAI अकबर Aviles, मोहम्मद उमर रजब WS, भायखळा",85
BoothVoterList_A4_Ward_211_Booth_43.pdf,69,"यादी भाग क्र. २०४  :  म्यु.घ.नं. ४७ -49, FRM मंझील, मोमबत्तीवाला चाळ, मोहम्मद उमर रजब",88
BoothVoterList_A4_Ward_211_Booth_43.pdf,70,"यादी भाग क्र. २०४  :  म्यु.घ.नं. 33, सफिया बिल्डिंग, मोहम्मद उमर रजब रोड, भायखळा (प),",89
BoothVoterList_A4_Ward_211_Booth_43.pdf,71,"यादी भाग क्र. २०४  :  म्यु.घ.नं. ४७ -49, FRM मंझील, मोमबत्तीवाला चाळ, मोहम्मद उमर रजब",88
BoothVoterList_A4_Ward_211_Booth_43.pdf,72,"यादी भाग क्र. २०४  :  मोहम्मदी पॅलेस, मोहम्मद उमर रजब US, भायखळा (प),",92
BoothVoterList_A4_Ward_211_Booth_43.pdf,73,"यादी भाग क्र. २०४  :  चंपा कंपाउंड चाळ, ARGS रोड,",90
BoothVoterList_A4_Ward_211_Booth_43.pdf,74,"यादी भाग क्र. २०४  :  म्यु.घ.नं. 34, रतनजी नैनसी बिल्डिंग, मोहम्मद उमर रजब US, भायखळा (प),",91
BoothVoterList_A4_Ward_211_Booth_43.pdf,75,"यादी भाग क्र. २०४  :  पटेल मंझील, मोहम्मद उमर रजब रोड, भायखळा (प)",92
BoothVoterList_A4_Ward_211_Booth_43.pdf,76,"यादी भाग क्र. २०४  :  म्यु.घ.नं. ४७ -49, FRM मंझील, मोमबत्तीवाला चाळ, मोहम्मद उमर रजब",88
BoothVoterList_A4_Ward_211_Booth_43.pdf,77,"यादी भाग क्र. २०४  :  मोहम्मदी पॅलेस, मोहम्मद उमर रजब US, भायखळा (प),",92
BoothVoterList_A4_Ward_211_Booth_43.pdf,78,"यादी भाग क्र. २०४  :  ALTA. ४५-४५, मोहम्मदी पेलेस, मोहम्मद उमर रजब रोड, भायखळा (प)",89
BoothVoterList_A4_Ward_211_Booth_43.pdf,79,"यादी भाग क्र. २०४  :  म्यु.घ.नं.५०-५२, ए बेग मोहम्मद चाळ, मोहम्मद उमर रजब रोड, भायखळा",92
BoothVoterList_A4_Ward_211_Booth_44.pdf,2,"यादी भाग क्र. १८९  :  म्यु.घ.नं.६९-७३, फानुसवाला बिल्डींग ), होख हाफीजउद्दीन मार्ग भायखळा -",87
BoothVoterList_A4_Ward_211_Booth_44.pdf,9,"यादी भाग क्र. १८९  :  म्यु.घ.नं.५५-७६सी, फानुसवाला चाळ-ब, शेख हाफीजउद्दीन मार्ग, भायखळा -",88
BoothVoterList_A4_Ward_211_Booth_44.pdf,13,"यादी भाग क्र. १८९ :  म्यु.घ.नं.२३४, नगरी कंपाउंड CARTS), मौलाना आझाद रोड (साखळी स्ट्रीट)",85
BoothVoterList_A4_Ward_211_Booth_44.pdf,21,"यादी भाग क्र. १८९  :  म्यु.घ.नं.२२६, वगरी बिल्डिंग, मौलाना आझाद रोड (साखळी स्ट्रीट),",92
BoothVoterList_A4_Ward_211_Booth_44.pdf,25,"यादी भाग क्र. १८९  :  म्यु.घ.नं.२३४, नगरी कंपाउंड, मौलाना आझाद रोड (साखळी स्ट्रीट) भायखळा-",91
BoothVoterList_A4_Ward_211_Booth_44.pdf,26,"यादी भाग क्र. १८९  :  म्यु.घ.नं.२३४-अ, नगरी बिल्डिंग, मौलाना आझाद रोड (साखळी स्ट्रीट)",91
BoothVoterList_A4_Ward_211_Booth_44.pdf,28,"यादी भाग क्र. १८९  :  फणसवाला चाळ (अ) शेख हाफिजउद्दीन रोड साखळी स्ट्रीट भायखळा - प.",89
BoothVoterList_A4_Ward_211_Booth_44.pdf,29,"यादी भाग क्र. १८९  : म्यु.घ.न.२३६(ड)- अहमद बिल्डींग मौलाना आझाद रोड",92
BoothVoterList_A4_Ward_211_Booth_44.pdf,30,"यादी भाग क्र. १८९  : म्यु.घ.न.२३६(ए)- अहमद बिल्डींग मौलाना आझाद रोड",88
BoothVoterList_A4_Ward_211_Booth_44.pdf,35,"यादी भाग क्र. १८९  : म्यु.घ.न.२३६-२४० बिस्मिला हॉटेल मौलाना आझाद रोड",93
BoothVoterList_A4_Ward_211_Booth_44.pdf,36,"यादी भाग क्र. १८९  : म्यु.घ.न.२४६ हवाबाई बिल्डिंग मौलाना आझाद रोड",92
BoothVoterList_A4_Ward_211_Booth_44.pdf,37,"यादी भाग क्र. १८९  :  के.डी.बिल्डिंग कौ.औ.हौ.सोसायटी मौलाना आझाद रोड",84
BoothVoterList_A4_Ward_211_Booth_44.pdf,39,"यादी भाग क्र. १८९  :  म्यु.घ.नं.२५२ एफ साजन बिल्डींग मौलाना आझाद रोड",93
BoothVoterList_A4_Ward_211_Booth_44.pdf,40,"यादी भाग क्र. १८९  :  म्यु.घ.नं.२५२ जी साजन बिल्डींग मौलाना आझाद रोड",93
BoothVoterList_A4_Ward_211_Booth_44.pdf,41,"यादी भाग क्र. १८९  :  हॉटेल वशीर (साजन कंपाऊंड) मौलाना आझाद रोड",86
BoothVoterList_A4_Ward_211_Booth_44.pdf,42,"यादी भाग क्र. १८९  : पटेल व सोनी आर्किटेक्ट मौलाना आझाद रोड",84
BoothVoterList_A4_Ward_211_Booth_44.pdf,43,"यादी भाग क्र. १८९  :  अरब मस्जीद मौलाना आझाद रोड",91
BoothVoterList_A4_Ward_211_Booth_44.pdf,44,"यादी भाग क्र. १८९  :  आगाखान चाळ समोरील झोपडया मौलाना आझाद रोड",94
BoothVoterList_A4_Ward_211_Booth_44.pdf,45,"यादी भाग क्र. १८९  :  मोईज रेसिडेन्सी, मौलाना आझाद रोड, नागपाडा,",92
BoothVoterList_A4_Ward_211_Booth_44.pdf,46,"यादी भाग क्र. १८९  :  अल-रय्यान बिल्डिंग, मौलाना आज़ाद रोड, मदनपुरा, मुंबई , मुंबई",91
BoothVoterList_A4_Ward_211_Booth_44.pdf,51,"यादी भाग क्र. १८९  :  म्यु.घ.नं.२३४-अ, नगरी बिल्डिंग, मौलाना आझाद रोड (साखळी स्ट्रीट)",91
BoothVoterList_A4_Ward_211_Booth_44.pdf,52,"यादी भाग क्र. १८९  :  म्यु.घ.नं.६९-७३, फानुसवाला बिल्डींग ), होख हाफीजउद्दीन मार्ग भायखळा -",87
BoothVoterList_A4_Ward_211_Booth_44.pdf,53,"यादी भाग क्र. १८९  :  अल-रय्यान बिल्डिंग, मौलाना आज़ाद रोड, मदनपुरा, मुंबई , मुंबई",91
BoothVoterList_A4_Ward_211_Booth_44.pdf,54,"यादी भाग क्र. १८९  :  मोईज रेसिडेन्सी, मौलाना आझाद रोड, नागपाडा,",92
BoothVoterList_A4_Ward_211_Booth_44.pdf,55,"यादी भाग क्र. १८९  :  म्यु.घ.नं.२३४-अ, नगरी बिल्डिंग, मौलाना आझाद रोड (साखळी स्ट्रीट)",91
BoothVoterList_A4_Ward_211_Booth_44.pdf,56,"यादी भाग क्र. १८९  :  मोईज रेसिडेन्सी, मौलाना आझाद रोड, नागपाडा,",92
BoothVoterList_A4_Ward_211_Booth_44.pdf,57,"यादी भाग क्र. १८९  : म्यु.घ.न.२३६(ए)- अहमद बिल्डींग मौलाना आझाद रोड",88
BoothVoterList_A4_Ward_211_Booth_44.pdf,58,"यादी भाग क्र. १८९  :  म्यु.घ.नं.२३४-अ, नगरी बिल्डिंग, मौलाना आझाद रोड (साखळी स्ट्रीट)",91
BoothVoterList_A4_Ward_211_Booth_44.pdf,59,"यादी भाग क्र. १८९  :  अल-रय्यान बिल्डिंग, मौलाना आज़ाद रोड, मदनपुरा, मुंबई , मुंबई",91
BoothVoterList_A4_Ward_211_Booth_44.pdf,60,"यादी भाग क्र. १८९  :  म्यु.घ.नं.६९-७३, फानुसवाला बिल्डींग ), होख हाफीजउद्दीन मार्ग भायखळा -",87
BoothVoterList_A4_Ward_211_Booth_44.pdf,61,"यादी भाग क्र. १८९  : म्यु.घ.न.२४६ हवाबाई बिल्डिंग मौलाना आझाद रोड",92
BoothVoterList_A4_Ward_211_Booth_44.pdf,62,"यादी भाग क्र. १८९  :  मोईज रेसिडेन्सी, मौलाना आझाद रोड, नागपाडा,",92
BoothVoterList_A4_Ward_211_Booth_44.pdf,63,"यादी भाग क्र. १८९  :  म्यु.घ.नं.६९-७३, फानुसवाला बिल्डींग ), होख हाफीजउद्दीन मार्ग भायखळा -",87
BoothVoterList_A4_Ward_211_Booth_44.pdf,64,"यादी भाग क्र. १८९  :  अल-रय्यान बिल्डिंग, मौलाना आज़ाद रोड, मदनपुरा, मुंबई , मुंबई",91
BoothVoterList_A4_Ward_211_Booth_44.pdf,65,"यादी भाग क्र. १८९  :  म्यु.घ.नं.६९-७३, फानुसवाला बिल्डींग ), होख हाफीजउद्दीन मार्ग भायखळा -",87
BoothVoterList_A4_Ward_211_Booth_44.pdf,66,"यादी भाग क्र. १८९  :  अल-रय्यान बिल्डिंग, मौलाना आज़ाद रोड, मदनपुरा, मुंबई , मुंबई",91
BoothVoterList_A4_Ward_211_Booth_44.pdf,67,"यादी भाग क्र. १८९  :  म्यु.घ.नं.६९-७३, फानुसवाला बिल्डींग ), होख हाफीजउद्दीन मार्ग भायखळा -",87
BoothVoterList_A4_Ward_211_Booth_44.pdf,68,"यादी भाग क्र. १८९  :  मोईज रेसिडेन्सी, मौलाना आझाद रोड, नागपाडा,",92
BoothVoterList_A4_Ward_211_Booth_44.pdf,69,"यादी भाग क्र. १८९  :  म्यु.घ.नं.२३४-अ, नगरी बिल्डिंग, मौलाना आझाद रोड (साखळी स्ट्रीट)",91
BoothVoterList_A4_Ward_211_Booth_44.pdf,70,"यादी भाग क्र. १८९  :  अल-रय्यान बिल्डिंग, मौलाना आज़ाद रोड, मदनपुरा, मुंबई , मुंबई",91
BoothVoterList_A4_Ward_211_Booth_44.pdf,71,"यादी भाग क्र. १८९  :  फणसवाला चाळ (अ) शेख हाफिजउद्दीन रोड साखळी स्ट्रीट भायखळा - प.",89
BoothVoterList_A4_Ward_211_Booth_44.pdf,72,"यादी भाग क्र. १८९  :  म्यु.घ.नं.२३४-अ, नगरी बिल्डिंग, मौलाना आझाद रोड (साखळी स्ट्रीट)",91
BoothVoterList_A4_Ward_211_Booth_44.pdf,73,"यादी भाग क्र. १८९  :  अल-रय्यान बिल्डिंग, मौलाना आज़ाद रोड, मदनपुरा, मुंबई , मुंबई",91
BoothVoterList_A4_Ward_211_Booth_44.pdf,74,"यादी भाग क्र. १८९  :  म्यु.घ.नं.६९-७३, फानुसवाला बिल्डींग ), होख हाफीजउद्दीन मार्ग भायखळा -",87
BoothVoterList_A4_Ward_211_Booth_44.pdf,75,"यादी भाग क्र. १८९  :  मोईज रेसिडेन्सी, मौलाना आझाद रोड, नागपाडा,",92
BoothVoterList_A4_Ward_211_Booth_44.pdf,76,"यादी भाग क्र. १८९  :  अल-रय्यान बिल्डिंग, मौलाना आज़ाद रोड, मदनपुरा, मुंबई , मुंबई",91
BoothVoterList_A4_Ward_211_Booth_44.pdf,77,"यादी भाग क्र. १८९  :  म्यु.घ.नं.२३४-अ, नगरी बिल्डिंग, मौलाना आझाद रोड (साखळी स्ट्रीट)",91
BoothVoterList_A4_Ward_211_Booth_44.pdf,78,"यादी भाग क्र. १८९  :  मोईज रेसिडेन्सी, मौलाना आझाद रोड, नागपाडा,",92
BoothVoterList_A4_Ward_211_Booth_44.pdf,79,"यादी भाग क्र. १८९  :  अल-रय्यान बिल्डिंग, मौलाना आज़ाद रोड, मदनपुरा, मुंबई , मुंबई",91
BoothVoterList_A4_Ward_211_Booth_44.pdf,80,"यादी भाग क्र. १८९  :  के.डी.बिल्डिंग कौ.औ.हौ.सोसायटी मौलाना आझाद रोड",84
BoothVoterList_A4_Ward_211_Booth_44.pdf,81,"यादी भाग क्र. १८९  :  अल-रय्यान बिल्डिंग, मौलाना आज़ाद रोड, मदनपुरा, मुंबई , मुंबई",91
BoothVoterList_A4_Ward_211_Booth_44.pdf,82,"यादी भाग क्र. १८९  :  मोईज रेसिडेन्सी, मौलाना आझाद रोड, नागपाडा,",92
BoothVoterList_A4_Ward_211_Booth_44.pdf,83,"यादी भाग क्र. १८९  :  अल-रय्यान बिल्डिंग, मौलाना आज़ाद रोड, मदनपुरा, मुंबई , मुंबई",91
BoothVoterList_A4_Ward_211_Booth_44.pdf,84,"यादी भाग क्र. १८९  :  म्यु.घ.नं.२३४, नगरी कंपाउंड CARTS), मौलाना आझाद रोड (साखळी स्ट्रीट)",85
BoothVoterList_A4_Ward_211_Booth_45.pdf,2,"यादी भाग क्र. २०९  :  म्यु.घ.नं.९ खुदाबक्ष चाळ हुसेनी बाग रिपन रोड दुसरी क्रॉस लेन मदनपुरा",93
BoothVoterList_A4_Ward_211_Booth_45.pdf,7,"यादी भाग क्र. २०९  :  म्यु.घ.नं.७ बी खुदाबक्ष वाडी सैफुद्दीन मंझील हुसेनी बाग रिपन रोड दुसरी क्रॉस",92
BoothVoterList_A4_Ward_211_Booth_45.pdf,10,"यादी भाग क्र. २०९  :  म्यु.घ.नं.११ मसालावाला बिल्डिंग हुसेनी बाग रिपन रोड दुसरी क्रॉस लेन",92
BoothVoterList_A4_Ward_211_Booth_45.pdf,14,"यादी भाग क्र. 208  :  म्यु.घ.नं.१३ नूर मंझील हुसेनी बाग रिपन रोड दुसरी क्रॉस लेन",92
BoothVoterList_A4_Ward_211_Booth_45.pdf,16,"यादी भाग क्र. २०९  :  म्यु.घ.नं.६ (आसमा मंझील) SAA बाग रिपन रोड दुसरी क्रॉस लेन",89
BoothVoterList_A4_Ward_211_Booth_45.pdf,21,"यादी भाग क्र. २०९  :  म्यु.घ.नं.८ हकीम मंझील हुसेनी बाग रिपन रोड दुसरी क्रॉस लेन",93
BoothVoterList_A4_Ward_211_Booth_45.pdf,23,"यादी भाग क्र. २०९  :  म्यु.घ.नं.१७ मरीयमबाई चाळ हुसेनी बाग रिपन रोड दुसरी क्रॉस लेन",93
BoothVoterList_A4_Ward_211_Booth_45.pdf,26,"यादी भाग क्र. २०९  :  म्यु.घ.नं.१२ छत्रीवाला चाळ हुसेनी बाग रिपन रोड दुसरी क्रॉस लेन",92
BoothVoterList_A4_Ward_211_Booth_45.pdf,27,"यादी भाग क्र. २०९  :  म्यु.घ.नं.१५ चुनावाला चाळ (झहिरा मंझील) हुसेनी बाग रिपन रोड दुसरी क्रॉस",92
BoothVoterList_A4_Ward_211_Booth_45.pdf,28,"यादी भाग क्र. २०९  :  दलाल चाळ SAA बाग रिपन रोड दुसरी क्रॉस लेन",90
BoothVoterList_A4_Ward_211_Booth_45.pdf,29,"यादी भाग क्र. २०९  :  म्यु.घ.नं. ९ खुदाबइत चाळ हुसेनी बाग रिपन रोड दुसरी क्रॉस लेन",90
BoothVoterList_A4_Ward_211_Booth_45.pdf,30,"यादी भाग क्र. २०९  :  बालडिवाला अपार्टमेंट मौलाना आझाद रोड. रिपन रोड दुसरी क्रॉस लेन",92
BoothVoterList_A4_Ward_211_Booth_45.pdf,32,"यादी भाग क्र. २०९  :  के एस ए बिल्डिंग, हुसैन बाग, रिपन रोड, मुंबई-४००००८",84
BoothVoterList_A4_Ward_211_Booth_45.pdf,33,"यादी भाग क्र. २०९  :  म्यु.घ.नं. १४, जाफरबोरी चाळ, (छत्रीवाला चाळ), SAAT बाग, रीपन रोड,",91
BoothVoterList_A4_Ward_211_Booth_45.pdf,39,"यादी भाग क्र. २०९  :  म्यु.घ.नं.१८, जाफरबोरी चाळ, हुसेनी बाग, दुसरी क्रॉस लेन, रीपन रोड,",92
BoothVoterList_A4_Ward_211_Booth_45.pdf,46,"यादी भाग क्र. २०९  :  म्यु.घ.नं.१३ नूर मंझील हुसेनी बाग रिपन रोड दुसरी क्रॉस लेन",92
BoothVoterList_A4_Ward_211_Booth_45.pdf,47,"यादी भाग क्र. २०९  :  म्यु.घ.नं.९ खुदाबक्ष चाळ हुसेनी बाग रिपन रोड दुसरी क्रॉस लेन मदनपुरा",93
BoothVoterList_A4_Ward_211_Booth_45.pdf,48,"यादी भाग क्र. २०९  :  म्यु.घ.नं.११ मसालावाला बिल्डिंग हुसेनी बाग रिपन रोड दुसरी क्रॉस लेन",92
BoothVoterList_A4_Ward_211_Booth_45.pdf,49,"यादी भाग क्र. २०९  :  म्यु.घ.नं.७ बी खुदाबक्ष वाडी सैफुद्दीन मंझील हुसेनी बाग रिपन रोड दुसरी क्रॉस",92
BoothVoterList_A4_Ward_211_Booth_45.pdf,50,"यादी भाग क्र. २०९  :  म्यु.घ.नं.१३ नूर मंझील हुसेनी बाग रिपन रोड दुसरी क्रॉस लेन",92
BoothVoterList_A4_Ward_211_Booth_45.pdf,51,"यादी भाग क्र. २०९  :  म्यु.घ.नं.९ खुदाबक्ष चाळ हुसेनी बाग रिपन रोड दुसरी क्रॉस लेन मदनपुरा",93
BoothVoterList_A4_Ward_211_Booth_45.pdf,52,"यादी भाग क्र. २०९  :  बालडिवाला अपार्टमेंट मौलाना आझाद रोड. रिपन रोड दुसरी क्रॉस लेन",92
BoothVoterList_A4_Ward_211_Booth_45.pdf,53,"यादी भाग क्र. २०९  :  म्यु.घ.नं.१८, जाफरबोरी चाळ, हुसेनी बाग, दुसरी क्रॉस लेन, रीपन रोड,",92
BoothVoterList_A4_Ward_211_Booth_45.pdf,54,"यादी भाग क्र. २०९  :  म्यु.घ.नं.११ मसालावाला बिल्डिंग हुसेनी बाग रिपन रोड दुसरी क्रॉस लेन",92
BoothVoterList_A4_Ward_211_Booth_45.pdf,55,"यादी भाग क्र. २०९  :  म्यु.घ.नं.१७ मरीयमबाई चाळ हुसेनी बाग रिपन रोड दुसरी क्रॉस लेन",93
BoothVoterList_A4_Ward_211_Booth_45.pdf,56,"यादी भाग क्र. २०९  :  बालडिवाला अपार्टमेंट मौलाना आझाद रोड. रिपन रोड दुसरी क्रॉस लेन",92
BoothVoterList_A4_Ward_211_Booth_45.pdf,57,"यादी भाग क्र. २०९  :  म्यु.घ.नं.१३ नूर मंझील हुसेनी बाग रिपन रोड दुसरी क्रॉस लेन",92
BoothVoterList_A4_Ward_211_Booth_45.pdf,58,"यादी भाग क्र. २०९  :  म्यु.घ.नं.१८, जाफरबोरी चाळ, हुसेनी बाग, दुसरी क्रॉस लेन, रीपन रोड,",92
BoothVoterList_A4_Ward_211_Booth_45.pdf,59,"यादी भाग क्र. २०९  :  म्यु.घ.नं.९ खुदाबक्ष चाळ हुसेनी बाग रिपन रोड दुसरी क्रॉस लेन मदनपुरा",93
BoothVoterList_A4_Ward_211_Booth_46.pdf,2,"यादी भाग क्र. २१०  :  म्यु.घ.नं.२०, नुरमंझिल - १, हुसेनी बाग, दुसरी क्रास लेन, रीपन रोड,",90
BoothVoterList_A4_Ward_211_Booth_46.pdf,6,"यादी भाग क्र. २१०  :  म्यु.घ.नं.२४५ बी, नुरमंझिल, मौलाना आजाद रोड, मदनपुरा,",90
BoothVoterList_A4_Ward_211_Booth_46.pdf,11,"यादी भाग क्र. २१०  :  म्यु.घ.नं.२४३ इ, जुबीली बिल्डींग, मौलाना आजाद रोड,",93
BoothVoterList_A4_Ward_211_Booth_46.pdf,16,"यादी भाग क्र. २१०  :  म्यु.घ.नं.२४५, इन्क्लाब मंझिल, (इंपिरिअल मेन्हान), मौलाना आजाद रोड,",92
BoothVoterList_A4_Ward_211_Booth_46.pdf,20,"यादी भाग क्र. २१०  :  २४३ रिझवी कलीअरनस गुजारीया मंझील, मौलाना आजाद रोड,",91
BoothVoterList_A4_Ward_211_Booth_46.pdf,21,"यादी भाग क्र. २१० : गुजारीया मंझिल, मौलाना आजाद रोड,",91
BoothVoterList_A4_Ward_211_Booth_46.pdf,22,"यादी भाग क्र. २१०  :  म्यु.घ.नं.२४७, ताझ मंझिल, मौलाना आजाद रोड",93
BoothVoterList_A4_Ward_211_Booth_46.pdf,24,"यादी भाग क्र. 290  :  म्यु.घ.नं.२४९, रिपन हाऊस, मौलाना आजाद रोड,",94
BoothVoterList_A4_Ward_211_Booth_46.pdf,25,"यादी भाग क्र. २१०  :  म्यु.घ.नं.२५३, लक्ष्मी बिल्डींग - ऐ, मौलाना आजाद रोड,",92
BoothVoterList_A4_Ward_211_Booth_46.pdf,26,"यादी भाग क्र. २१०  :  म्यु.घ.नं.२५३ (बी), लक्ष्मी बिल्डींग, मौलाना आजाद रोड",94
BoothVoterList_A4_Ward_211_Booth_46.pdf,27,"यादी भाग क्र. २१०  :  म्यु.घ.नं.२५४ (सी), लक्ष्मी बिल्डींग, मौलाना आजाद रोड,",93
BoothVoterList_A4_Ward_211_Booth_46.pdf,28,"यादी भाग क्र. २१०  :  म्यु.घ.नं.२५१, मोहम्मद रावजी बिल्डींग, (आमीन मंझील), मौलाना आजाद",94
BoothVoterList_A4_Ward_211_Booth_46.pdf,30,"यादी भाग क्र. २१०  :  युनायटेड ANY, मदनपुरा, हुसेनीबाग, दुसरी क्रॉसलेन रोड, मौलाना",90
BoothVoterList_A4_Ward_211_Booth_46.pdf,34,"यादी भाग क्र. २१०  :  म्यु.घ.नं.२४३ इ -जुबीली बिल्डींग क्रास लेन नसरत तुल्ला अब्बासी रोड",92
BoothVoterList_A4_Ward_211_Booth_46.pdf,35,"यादी भाग क्र. २१०  :  के.एस.ए.रेजेन्सी हुसैनी बाग मौलाना आजाद रोड",89
BoothVoterList_A4_Ward_211_Booth_46.pdf,43,"यादी भाग क्र. २१०  :  MAT टावर मौलाना आजाद रोड",89
BoothVoterList_A4_Ward_211_Booth_46.pdf,48,"यादी भाग क्र. २१०  :  जब्बार मंझील, हसैनी बाग, मौलाना आझाद रोड,",89
BoothVoterList_A4_Ward_211_Booth_46.pdf,49,"यादी भाग क्र. २१०  :  अब्दुल रजाक मियादीन चाळ, १८, हुसैनी बाग, मौलाना आझाद रोड, मुंबई",92
BoothVoterList_A4_Ward_211_Booth_46.pdf,50,"यादी भाग क्र. २१०  :  २४३-इ, रहमत मंझिल, नसरतउल्लाह AAR रोड, बाटक गल्ली,",90
BoothVoterList_A4_Ward_211_Booth_46.pdf,51,"यादी भाग क्र. २१०  :  MAT टावर मौलाना आजाद रोड",89
BoothVoterList_A4_Ward_211_Booth_46.pdf,52,"यादी भाग क्र. २१०  :  म्यु.घ.नं.२४५, इन्क्लाब मंझिल, (इंपिरिअल मेन्हान), मौलाना आजाद रोड,",92
BoothVoterList_A4_Ward_211_Booth_46.pdf,53,"यादी भाग क्र. २१०  :  MAT टावर मौलाना आजाद रोड",89
BoothVoterList_A4_Ward_211_Booth_46.pdf,54,"यादी भाग क्र. २१०  :  म्यु.घ.नं.२४५, इन्क्लाब मंझिल, (इंपिरिअल मेन्हान), मौलाना आजाद रोड,",92
BoothVoterList_A4_Ward_211_Booth_46.pdf,55,"यादी भाग क्र. २१०  :  अब्दुल रजाक मियादीन चाळ, १८, हुसैनी बाग, मौलाना आझाद रोड, मुंबई",92
BoothVoterList_A4_Ward_211_Booth_46.pdf,56,"यादी भाग क्र. २१०  :  युनायटेड ANY, मदनपुरा, हुसेनीबाग, दुसरी क्रॉसलेन रोड, मौलाना",90
BoothVoterList_A4_Ward_211_Booth_46.pdf,57,"यादी भाग क्र. २१०  :  म्यु.घ.नं.२४५, इन्क्लाब मंझिल, (इंपिरिअल मेन्हान), मौलाना आजाद रोड,",92
BoothVoterList_A4_Ward_211_Booth_46.pdf,58,"यादी भाग क्र. २१०  :  म्यु.घ.नं.२४३ इ, जुबीली बिल्डींग, मौलाना आजाद रोड,",93
BoothVoterList_A4_Ward_211_Booth_46.pdf,59,"यादी भाग क्र. २१०  :  के.एस.ए.रेजेन्सी हुसैनी बाग मौलाना आजाद रोड",89
BoothVoterList_A4_Ward_211_Booth_46.pdf,60,"यादी भाग क्र. २१०  :  MAT टावर मौलाना आजाद रोड",89
BoothVoterList_A4_Ward_211_Booth_46.pdf,61,"यादी भाग क्र. २१०  :  के.एस.ए.रेजेन्सी हुसैनी बाग मौलाना आजाद रोड",89
BoothVoterList_A4_Ward_211_Booth_46.pdf,62,"यादी भाग क्र. २१०  :  युनायटेड ANY, मदनपुरा, हुसेनीबाग, दुसरी क्रॉसलेन रोड, मौलाना",90
BoothVoterList_A4_Ward_211_Booth_46.pdf,63,"यादी भाग क्र. २१०  :  म्यु.घ.नं.२४५, इन्क्लाब मंझिल, (इंपिरिअल मेन्हान), मौलाना आजाद रोड,",92
BoothVoterList_A4_Ward_211_Booth_46.pdf,64,"यादी भाग क्र. २१०  :  म्यु.घ.नं.२०, नुरमंझिल - १, हुसेनी बाग, दुसरी क्रास लेन, रीपन रोड,",90
BoothVoterList_A4_Ward_211_Booth_46.pdf,65,"यादी भाग क्र. २१०  :  म्यु.घ.नं.२४५, इन्क्लाब मंझिल, (इंपिरिअल मेन्हान), मौलाना आजाद रोड,",92
BoothVoterList_A4_Ward_211_Booth_46.pdf,66,"यादी भाग क्र. २१०  :  के.एस.ए.रेजेन्सी हुसैनी बाग मौलाना आजाद रोड",89
BoothVoterList_A4_Ward_211_Booth_46.pdf,67,"यादी भाग क्र. २१०  :  MAT टावर मौलाना आजाद रोड",89
BoothVoterList_A4_Ward_211_Booth_46.pdf,68,"यादी भाग क्र. २१०  :  अब्दुल रजाक मियादीन चाळ, १८, हुसैनी बाग, मौलाना आझाद रोड, मुंबई",92
BoothVoterList_A4_Ward_211_Booth_46.pdf,69,"यादी भाग क्र. २१०  :  MAT टावर मौलाना आजाद रोड",89
BoothVoterList_A4_Ward_211_Booth_46.pdf,70,"यादी भाग क्र. २१० : गुजारीया मंझिल, मौलाना आजाद रोड,",91
BoothVoterList_A4_Ward_211_Booth_46.pdf,71,"यादी भाग क्र. २१०  :  MAT टावर मौलाना आजाद रोड",89
BoothVoterList_A4_Ward_211_Booth_46.pdf,72,"यादी भाग क्र. २१०  :  के.एस.ए.रेजेन्सी हुसैनी बाग मौलाना आजाद रोड",89
BoothVoterList_A4_Ward_211_Booth_46.pdf,73,"यादी भाग क्र. २१०  :  युनायटेड ANY, मदनपुरा, हुसेनीबाग, दुसरी क्रॉसलेन रोड, मौलाना",90
BoothVoterList_A4_Ward_211_Booth_46.pdf,74,"यादी भाग क्र. २१०  :  म्यु.घ.नं.२४३ इ, जुबीली बिल्डींग, मौलाना आजाद रोड,",93
BoothVoterList_A4_Ward_211_Booth_46.pdf,75,"यादी भाग क्र. २१०  :  MAT टावर मौलाना आजाद रोड",89
BoothVoterList_A4_Ward_211_Booth_46.pdf,76,"यादी भाग क्र. २१०  :  युनायटेड ANY, मदनपुरा, हुसेनीबाग, दुसरी क्रॉसलेन रोड, मौलाना",90
BoothVoterList_A4_Ward_211_Booth_46.pdf,77,"यादी भाग क्र. २१०  :  के.एस.ए.रेजेन्सी हुसैनी बाग मौलाना आजाद रोड",89
BoothVoterList_A4_Ward_211_Booth_46.pdf,78,"यादी भाग क्र. २१०  :  MAT टावर मौलाना आजाद रोड",89
BoothVoterList_A4_Ward_211_Booth_47.pdf,2,"यादी भाग क्र. २११  :  म्यु.घ.नं.२-२२, रेडीमनी बिल्डिंग, मिर्झा गालीब रोड, - क्लेअर रोड, भायखळा",88
BoothVoterList_A4_Ward_211_Booth_47.pdf,5,"यादी भाग क्र. २११  :  म्यु.घ.नं.१४-२४, रेडीमनी बिल्डिंग, मिर्झा गालीब रोड, क्लेअर रोड,",89
BoothVoterList_A4_Ward_211_Booth_47.pdf,8,"यादी भाग क्र. २११  :  म्यु.घ.नं.२२-३०, रेडीमनी बिल्डिंग, मिर्झा गालीब रोड, क्लेअर रोड,",90
BoothVoterList_A4_Ward_211_Booth_47.pdf,11,"यादी भाग क्र. २११  :  म्यु.घ.नं.१२-ए, रेडीमनी बिल्डिंग, मिर्झा गालीब रोड, क्लेअर रोड,",88
BoothVoterList_A4_Ward_211_Booth_47.pdf,16,"यादी भाग क्र. २११  :  म्यु.घ.नं.३२-३६, बेग महम्मद अली बिल्डिंग, मिर्झा गालीब रोड, क्लेअर रोड,",90
BoothVoterList_A4_Ward_211_Booth_47.pdf,18,"यादी भाग क्र. २११  :  म्यु.घ.नं.३८, टेलर मेमोरिअल चर्च कंपाउंड, मिर्झा गालीब रोड, क्लेअर रोड,",92
BoothVoterList_A4_Ward_211_Booth_47.pdf,19,"यादी भाग क्र. २११  :  म्यु.घ.नं.४४, आगाखान बिल्डिंग, मिर्झा गालीब रोड, क्लेअर रोड,",90
BoothVoterList_A4_Ward_211_Booth_47.pdf,21,"यादी भाग क्र. २११  :  म्यु.घ.नं.४४, नवरोज मोनोर, मिर्झा गालीब रोड, क्लेअर रोड,",91
BoothVoterList_A4_Ward_211_Booth_47.pdf,26,"यादी भाग क्र. २११  :  इस्लामिया को.ऑप.सोसा., मिर्झा गालीब रोड, क्लेअर रोड,",91
BoothVoterList_A4_Ward_211_Booth_47.pdf,27,"यादी भाग क्र. २११  :  म्यु.घ.नं.४४-जी, अडेल्फी चेंबर, मिर्झा गालीब रोड, क्लेअर रोड,",91
BoothVoterList_A4_Ward_211_Booth_47.pdf,30,"यादी भाग क्र. २११  :  म्यु.घ.नं.४४-ई, एडल्फी चेंबर्स, मिर्झा गालीब रोड, क्लेअर रोड",91
BoothVoterList_A4_Ward_211_Booth_47.pdf,33,"यादी भाग क्र. २११  :  म्यु.घ.नं.४४, सिल्वर टॉवर 44M, मिर्झा गालीब रोड, क्लेअर रोड,",88
BoothVoterList_A4_Ward_211_Booth_47.pdf,37,"यादी भाग क्र. २११  :  सेंट अँगेनस हायस्कुल, मिर्झा गालीब रोड, क्लेअर रोड,",91
BoothVoterList_A4_Ward_211_Booth_47.pdf,38,"यादी भाग क्र. २११  :  रेडिमनी कंपाऊंड, मिर्झा गालीब रोड, क्लेअर रोड,",90
BoothVoterList_A4_Ward_211_Booth_47.pdf,39,"यादी भाग क्र. २११  :  रेडिमनी कंपाऊंड (हफिजामंझील), मिर्झा गालीब रोड, क्लेअर रोड,",90
BoothVoterList_A4_Ward_211_Booth_47.pdf,40,"यादी भाग क्र. २११  :  रेडिमनी बिल्डींग नं-४समोर बिल्डींग 4.9, मिर्झा गालीब रोड, क्लेअर रोड,",88
BoothVoterList_A4_Ward_211_Booth_47.pdf,41,"यादी भाग क्र. २११  :  इस लामिया को-ऑप. सोसायटी, मिर्झा गालीब रोड, क्लेअर रोड,",91
BoothVoterList_A4_Ward_211_Booth_47.pdf,42,"यादी भाग क्र. २११  :  इस लामिया को-ऑप. सोसायटी, मिर्झा गालीब रोड, क्लेअर रोड,",92
BoothVoterList_A4_Ward_211_Booth_47.pdf,43,"यादी भाग क्र. २११  :  नवी रेडिमनी बिल्डींग, मिर्झा गालीब रोड, क्लेअर रोड,",91
BoothVoterList_A4_Ward_211_Booth_47.pdf,44,"यादी भाग क्र. २११  :  अल हाफिजा मंझिल, मिर्झा गालीब रोड, क्लेअर रोड,",90
BoothVoterList_A4_Ward_211_Booth_47.pdf,47,"यादी भाग क्र. २११  :  म्यु.घ.नं.१२ए, न्यु रेडीमनी बिल्डींग ४, मिर्झा गालीब रोड, क्लेअर रोड,",87
BoothVoterList_A4_Ward_211_Booth_47.pdf,48,"यादी भाग क्र. २११  :  म्यु.घ.नं.१७, नुराणी चाळ नं.६, . मौलाना आझाद रोड",91
BoothVoterList_A4_Ward_211_Booth_47.pdf,51,"यादी भाग क्र. २११  :  म्यु.घ.नं.४४, TRIG टॉवर, मिर्झा गालीब रोड, क्लेअर रोड,",90
BoothVoterList_A4_Ward_211_Booth_47.pdf,52,"यादी भाग क्र. २११  :  ३२-३६, युसुफ मनोर, मिर्झा गालीब रोड, क्लेअर रोड, भायखला,",92
BoothVoterList_A4_Ward_211_Booth_47.pdf,53,"यादी भाग क्र. २११  :  सेंट अँगेनस हायस्कुल, मिर्झा गालीब रोड, क्लेअर रोड,",91
BoothVoterList_A4_Ward_211_Booth_47.pdf,54,"यादी भाग क्र. २११  :  अल हाफिजा मंझिल, मिर्झा गालीब रोड, क्लेअर रोड,",90
BoothVoterList_A4_Ward_211_Booth_47.pdf,55,"यादी भाग क्र. २११  :  इस्लामिया को.ऑप.सोसा., मिर्झा गालीब रोड, क्लेअर रोड,",91
BoothVoterList_A4_Ward_211_Booth_47.pdf,56,"यादी भाग क्र. २११  :  म्यु.घ.नं.१७, नुराणी चाळ नं.६, . मौलाना आझाद रोड",91
BoothVoterList_A4_Ward_211_Booth_47.pdf,57,"यादी भाग क्र. २११  :  रेडिमनी कंपाऊंड, मिर्झा गालीब रोड, क्लेअर रोड,",90
BoothVoterList_A4_Ward_211_Booth_47.pdf,58,"यादी भाग क्र. २११  :  म्यु.घ.नं.४४, सिल्वर टॉवर 44M, मिर्झा गालीब रोड, क्लेअर रोड,",88
BoothVoterList_A4_Ward_211_Booth_47.pdf,59,"यादी भाग क्र. २११  :  रेडिमनी कंपाऊंड, मिर्झा गालीब रोड, क्लेअर रोड,",90
BoothVoterList_A4_Ward_211_Booth_47.pdf,60,"यादी भाग क्र. २११  :  म्यु.घ.नं.१२-ए, रेडीमनी बिल्डिंग, मिर्झा गालीब रोड, क्लेअर रोड,",88
BoothVoterList_A4_Ward_211_Booth_47.pdf,61,"यादी भाग क्र. २११  :  म्यु.घ.नं.२-२२, रेडीमनी बिल्डिंग, मिर्झा गालीब रोड, - क्लेअर रोड, भायखळा",88
BoothVoterList_A4_Ward_211_Booth_47.pdf,62,"यादी भाग क्र. २११  :  म्यु.घ.नं.३८, टेलर मेमोरिअल चर्च कंपाउंड, मिर्झा गालीब रोड, क्लेअर रोड,",92
BoothVoterList_A4_Ward_211_Booth_47.pdf,63,"यादी भाग क्र. २११  :  म्यु.घ.नं.४४-जी, अडेल्फी चेंबर, मिर्झा गालीब रोड, क्लेअर रोड,",91
BoothVoterList_A4_Ward_211_Booth_47.pdf,64,"यादी भाग क्र. 299  :  म्यु.घ.नं.१२-ए, रेडीमनी बिल्डिंग, मिर्झा गालीब रोड, क्लेअर रोड,",88
BoothVoterList_A4_Ward_211_Booth_47.pdf,65,"यादी भाग क्र. २११  :  म्यु.घ.नं.१७, नुराणी चाळ नं.६, . मौलाना आझाद रोड",91
BoothVoterList_A4_Ward_211_Booth_47.pdf,66,"यादी भाग क्र. २११  :  इस्लामिया को.ऑप.सोसा., मिर्झा गालीब रोड, क्लेअर रोड,",91
BoothVoterList_A4_Ward_211_Booth_47.pdf,67,"यादी भाग क्र. २११  :  म्यु.घ.नं.४४, नवरोज मोनोर, मिर्झा गालीब रोड, क्लेअर रोड,",91
BoothVoterList_A4_Ward_211_Booth_47.pdf,68,"यादी भाग क्र. २११  :  इस्लामिया को.ऑप.सोसा., मिर्झा गालीब रोड, क्लेअर रोड,",91
BoothVoterList_A4_Ward_211_Booth_47.pdf,69,"यादी भाग क्र. २११  :  म्यु.घ.नं.१७, नुराणी चाळ नं.६, . मौलाना आझाद रोड",91
BoothVoterList_A4_Ward_211_Booth_47.pdf,70,"यादी भाग क्र. २११  :  रेडिमनी कंपाऊंड (हफिजामंझील), मिर्झा गालीब रोड, क्लेअर रोड,",90
BoothVoterList_A4_Ward_211_Booth_47.pdf,71,"यादी भाग क्र. २११  :  म्यु.घ.नं.१७, नुराणी चाळ नं.६, . मौलाना आझाद रोड",91
BoothVoterList_A4_Ward_211_Booth_47.pdf,72,"यादी भाग क्र. २११  :  अल हाफिजा मंझिल, मिर्झा गालीब रोड, क्लेअर रोड,",90
BoothVoterList_A4_Ward_211_Booth_47.pdf,73,"यादी भाग क्र. २११  :  म्यु.घ.नं.१४-२४, रेडीमनी बिल्डिंग, मिर्झा गालीब रोड, क्लेअर रोड,",89
BoothVoterList_A4_Ward_211_Booth_47.pdf,74,"यादी भाग क्र. २११  :  म्यु.घ.नं.४४, सिल्वर टॉवर 44M, मिर्झा गालीब रोड, क्लेअर रोड,",88
BoothVoterList_A4_Ward_211_Booth_48.pdf,2,"यादी भाग क्र. २१२  :  म्यु.घ.नं.१९९ बी, युसुफ FAS, मौलाना आझाद रोड, भायखळा (प),",90
BoothVoterList_A4_Ward_211_Booth_48.pdf,3,"यादी भाग क्र. २१२  :  म्यु.घ.नं.२०१, कुर्बान बिल्डींग, मौलाना आझाद रोड,",93
BoothVoterList_A4_Ward_211_Booth_48.pdf,4,"यादी भाग क्र. २१२  :  म्यु.घ.नं. 209, GIN कंपाऊड, मौलाना आझाद रोड,",91
BoothVoterList_A4_Ward_211_Booth_48.pdf,5,"यादी भाग क्र. २१२  :  ALTA. 203, काचवाला बिल्डींग, मौलाना आझाद रोड,",88
BoothVoterList_A4_Ward_211_Booth_48.pdf,7,"यादी भाग क्र. २१२  :  ALTA, 204, हवालदार कंपाऊड, मौलाना आझाद रोड,",89
BoothVoterList_A4_Ward_211_Booth_48.pdf,11,"यादी भाग क्र. २१२  :  म्यु.घ.नं. २११ ते २१३, हुसैनी बिल्डींग, मौलाना आझाद रोड,",93
BoothVoterList_A4_Ward_211_Booth_48.pdf,12,"यादी भाग क्र. २१२  :  म्यु.घ.नं.२०९, हुसैनी मस्जिद चाळ, मौलाना आझाद रोड,",93
BoothVoterList_A4_Ward_211_Booth_48.pdf,13,"यादी भाग क्र. २१२  :  म्यु.घ.नं.२१७, फिदवी मंझिल, मौलाना आझाद रोड,",93
BoothVoterList_A4_Ward_211_Booth_48.pdf,15,"यादी भाग क्र. २१२  :  म्यु.घ.नं.२२१ बी, शिपरा मंझिल, मौलाना आझाद रोड,",93
BoothVoterList_A4_Ward_211_Booth_48.pdf,17,"यादी भाग क्र. २१२  :  म्यु.घ.नं.२२३ -२२५, गुलाम रसुल बिल्डींग (लाल बावरा), मौलाना आझाद",92
BoothVoterList_A4_Ward_211_Booth_48.pdf,21,"यादी भाग क्र. २१२  :  म्यु.घ.नं.२२७ -239, सोसायटी बिल्डींग, मौलाना आझाद रोड,",92
BoothVoterList_A4_Ward_211_Booth_48.pdf,27,"यादी भाग क्र. २१२  :  म्यु.घ.नं.२२७ -239, करीम बिल्डींग, मौलाना आझाद रोड,",89
BoothVoterList_A4_Ward_211_Booth_48.pdf,33,"यादी भाग क्र. २१२  :  म्यु.घ.नं.२४१, जोजारिया बिल्डींग, मौलाना आझाद रोड,",93
BoothVoterList_A4_Ward_211_Booth_48.pdf,36,"यादी भाग क्र. २१२  :  म्यु.घ.नं.२०१, HATA कंपाऊंड, मौलाना आझाद रोड,",91
BoothVoterList_A4_Ward_211_Booth_48.pdf,37,"यादी भाग क्र. २१२  :  म्यु.घ.नं.२२७, मदिना रेस्टॉरंट, मौलाना आझाद रोड,",93
BoothVoterList_A4_Ward_211_Booth_48.pdf,38,"यादी भाग क्र. २१२  :  स्मॉल बंगला, मौलाना आझाद रोड, भायखळा (7),",89
BoothVoterList_A4_Ward_211_Booth_48.pdf,39,"यादी भाग क्र. २१२  :  प्लॉट नं. २४४ मौलाना आझाद US, मदनपुरा, मुंबई सेंट्रल, मुंबई -४००००८",91
BoothVoterList_A4_Ward_211_Booth_48.pdf,40,"यादी भाग क्र. २१२  :  बॉम्बे सिटी व्हिव सी.एच.एस, मौलाना आज़ाद रोड, मदनपुरा, मुंबई सेंट्रल,",91
BoothVoterList_A4_Ward_211_Booth_48.pdf,42,"यादी भाग क्र. २१२  :  ALTA, 204, हवालदार कंपाऊड, मौलाना आझाद रोड,",89
BoothVoterList_A4_Ward_211_Booth_48.pdf,43,"यादी भाग क्र. 292  :  म्यु.घ.नं.२२७ -239, सोसायटी बिल्डींग, मौलाना आझाद रोड,",92
BoothVoterList_A4_Ward_211_Booth_48.pdf,44,"यादी भाग क्र. २१२  :  म्यु.घ.नं.२२३ -२२५, गुलाम रसुल बिल्डींग (लाल बावरा), मौलाना आझाद",92
BoothVoterList_A4_Ward_211_Booth_48.pdf,45,"यादी भाग क्र. २१२  :  ALTA, 204, हवालदार कंपाऊड, मौलाना आझाद रोड,",89
BoothVoterList_A4_Ward_211_Booth_48.pdf,46,"यादी भाग क्र. २१२  :  म्यु.घ.नं.२२३ -२२५, गुलाम रसुल बिल्डींग (लाल बावरा), मौलाना आझाद",92
BoothVoterList_A4_Ward_211_Booth_48.pdf,47,"यादी भाग क्र. २१२  :  म्यु.घ.नं.२२७ -239, सोसायटी बिल्डींग, मौलाना आझाद रोड,",92
BoothVoterList_A4_Ward_211_Booth_48.pdf,48,"यादी भाग क्र. २१२  :  म्यु.घ.नं.२२३ -२२५, गुलाम रसुल बिल्डींग (लाल बावरा), मौलाना आझाद",92
BoothVoterList_A4_Ward_211_Booth_48.pdf,49,"यादी भाग क्र. २१२  :  ALTA, 204, हवालदार कंपाऊड, मौलाना आझाद रोड,",89
BoothVoterList_A4_Ward_211_Booth_48.pdf,50,"यादी भाग क्र. 292  :  म्यु.घ.नं.२२७ -239, सोसायटी बिल्डींग, मौलाना आझाद रोड,",92
BoothVoterList_A4_Ward_211_Booth_48.pdf,51,"यादी भाग क्र. 292  :  म्यु.घ.नं.२१७, फिदवी मंझिल, मौलाना आझाद रोड,",93
BoothVoterList_A4_Ward_211_Booth_48.pdf,52,"यादी भाग क्र. 292  :  म्यु.घ.नं.२२१ बी, शिपरा मंझिल, मौलाना आझाद रोड,",93
BoothVoterList_A4_Ward_211_Booth_48.pdf,53,"यादी भाग क्र. २१२  :  बॉम्बे सिटी व्हिव सी.एच.एस, मौलाना आज़ाद रोड, मदनपुरा, मुंबई सेंट्रल,",91
BoothVoterList_A4_Ward_211_Booth_48.pdf,54,"यादी भाग क्र. 292  :  म्यु.घ.नं.२२१ बी, शिपरा मंझिल, मौलाना आझाद रोड,",93
BoothVoterList_A4_Ward_211_Booth_48.pdf,55,"यादी भाग क्र. २१२  :  बॉम्बे सिटी व्हिव सी.एच.एस, मौलाना आज़ाद रोड, मदनपुरा, मुंबई सेंट्रल,",91
BoothVoterList_A4_Ward_211_Booth_48.pdf,56,"यादी भाग क्र. 292  :  ALTA. 203, काचवाला बिल्डींग, मौलाना आझाद रोड,",88
BoothVoterList_A4_Ward_211_Booth_49.pdf,2,"यादी भाग क्र. २१३  :  म यु.घ.नं.३३ सी ज्युबली बिल्डींग शोख हफीजुद्दीन मार्ग",88
BoothVoterList_A4_Ward_211_Booth_49.pdf,3,"यादी भाग क्र. २१३  :  म्यु.घ.नं.५-५ डी रेडीमनी बिल्डींग शेख हफीजुद्दीन मार्ग",90
BoothVoterList_A4_Ward_211_Booth_49.pdf,4,"यादी भाग क्र. २१३  :  म्यु.घ.नं.७ डी रेडीमनी बिल्डींग शेख हफीजुद्दीन मार्ग",90
BoothVoterList_A4_Ward_211_Booth_49.pdf,5,"यादी भाग क्र. २१३  :  म्यु.घ.नं.९ रेडीमनी बिल्डींग शेख हफीजुद्दीन मार्ग",88
BoothVoterList_A4_Ward_211_Booth_49.pdf,6,"यादी भाग क्र. २१३  :  म्यु.घ.नं.१३ बी.के .हॉल शेख हफीजुद्दीन मार्ग",84
BoothVoterList_A4_Ward_211_Booth_49.pdf,7,"यादी भाग क्र. २१३  :  रॉबिन्सन चर्च शोख हफीजुद्दीन मार्ग",91
BoothVoterList_A4_Ward_211_Booth_49.pdf,9,"यादी भाग क्र. २१३  :  म्यु.घ.नं.३३ ए जुबिली बिल्डींग शेख हफीजुद्दीन मार्ग",90
BoothVoterList_A4_Ward_211_Booth_49.pdf,11,"यादी भाग क्र. २१३  :  म्यु.घ.नं.३३ बी जुबली बिल्डींग शोख हफीजुद्दीन मार्ग",91
BoothVoterList_A4_Ward_211_Booth_49.pdf,13,"यादी भाग क्र. २१३  :  म्यु.घ.नं.३३ सी जुबली बिल्डींग शेख हफीजुद्दीन मार्ग",90
BoothVoterList_A4_Ward_211_Booth_49.pdf,16,"यादी भाग क्र. २१३  :  म्यु.घ.नं.३७ सैफी बिल्डींग शोख हफीजुद्दीन मार्ग",91
BoothVoterList_A4_Ward_211_Booth_49.pdf,17,"यादी भाग क्र. २१३  :  म्यु.घ.नं.८१ हिंदुस्तान लिवर कंपाऊंड शेख हफीजुद्दीन मार्ग",92
BoothVoterList_A4_Ward_211_Booth_49.pdf,18,"यादी भाग क्र. २१३  :  कांचवाला इंड. न्यु. धोबीघाट शेख हफीजुद्दीन मार्ग",89
BoothVoterList_A4_Ward_211_Booth_49.pdf,22,"यादी भाग क्र. २१३  :  म्यु.घ.नं.५७ ए इसासेठ चाळ शेख हफीजुद्दीन मार्ग",85
BoothVoterList_A4_Ward_211_Booth_49.pdf,24,"यादी भाग क्र. २१३  :  म्यु.घ.नं.५७ बी इसाशेठ चाळ शेख हफीजुद्दीन मार्ग",91
BoothVoterList_A4_Ward_211_Booth_49.pdf,25,"यादी भाग क्र. २१३  :  म्यु.घ.नं.५७ डी इसाशेठ चाळ शेख हफीजुद्दीन मार्ग",86
BoothVoterList_A4_Ward_211_Booth_49.pdf,26,"यादी भाग क्र. २१३  :  म्यु.घ.नं.५७ ई इसाशेठ चाळ ई शेख हफीजुद्दीन मार्ग",89
BoothVoterList_A4_Ward_211_Booth_49.pdf,27,"यादी भाग क्र. २१३  :  म्यु.घ.नं.५७ एफ इसाशेठ चाळ शेख हफीजुद्दीन मार्ग",92
BoothVoterList_A4_Ward_211_Booth_49.pdf,29,"यादी भाग क्र. २१३  :  म यु.घ.नं.५९ ए इसा शेठ चाळ शेख हफीजुद्दीन मार्ग",90
BoothVoterList_A4_Ward_211_Booth_49.pdf,30,"यादी भाग क्र. २१३  :  म्यु.घ.नं.५९ डी इसाशेठ चाळ मस्जीद चाळ शेख हफीजुद्दीन मार्ग",91
BoothVoterList_A4_Ward_211_Booth_49.pdf,31,"यादी भाग क्र. २१३  :  म्यु.घ.नं.५९ ई इसाशेठ चाळ शेख हफीजुद्दीन मार्ग",90
BoothVoterList_A4_Ward_211_Booth_49.pdf,32,"यादी भाग क्र. २१३  :  म्यु.घ.नं.५९ एफ इसाशेठ चाळ शेख हफीजुद्दीन मार्ग",91
BoothVoterList_A4_Ward_211_Booth_49.pdf,34,"यादी भाग क्र. २१३  :  म्यु.घ.नं.५९ जी इसाशेठ चाळ शेख हफीजुद्दीन मार्ग",90
BoothVoterList_A4_Ward_211_Booth_49.pdf,37,"यादी भाग क्र. २१३  :  म्यु.घ.नं.३-३ ए रेडिमनी बिल्डींग शोख हफीजुद्दीन मार्ग",89
BoothVoterList_A4_Ward_211_Booth_49.pdf,38,"यादी भाग क्र. २१३  :  रेडिमनी कंपाऊंड शेख हफीजुद्दीन मार्ग",91
BoothVoterList_A4_Ward_211_Booth_49.pdf,39,"यादी भाग क्र. २१३  :  म यु.घ.नं.९३ रोबिस चर्च शेख हफीजुद्दीन मार्ग",87
BoothVoterList_A4_Ward_211_Booth_49.pdf,40,"यादी भाग क्र. २१३  :  म यु.घ.नं.३३ बी ज युबिली बिल्डींग शोख हफीजुद्दीन मार्ग",89
BoothVoterList_A4_Ward_211_Booth_49.pdf,41,"यादी भाग क्र. २१३  :  म यु.घ.नं.८७-८९ काचवाला SA यु धोबी घाट शेख SHRM मार्ग",86
BoothVoterList_A4_Ward_211_Booth_49.pdf,42,"यादी भाग क्र. २१३  :  रॉबिनसन मेमोरियल चर्च शेख हफीजुद्दीन मार्ग",89
BoothVoterList_A4_Ward_211_Booth_49.pdf,43,"यादी भाग क्र. २१३  :  जुनी मसजीद कंपाऊंड शेख हफीजुद्दीन मार्ग",92
BoothVoterList_A4_Ward_211_Booth_49.pdf,44,"यादी भाग sh, 293  :  करुणा इमारत शेख हफीजुद्दीन मार्ग",92
BoothVoterList_A4_Ward_211_Booth_49.pdf,45,"यादी भाग क्र. २१३  :  पडदावाला कंपाऊंड शेख हफीजुद्दीन मार्ग",92
BoothVoterList_A4_Ward_211_Booth_49.pdf,46,"यादी भाग क्र. २१३  :  रेडीमनी बि. सी शेख हफीजुद्दीन मार्ग",90
BoothVoterList_A4_Ward_211_Booth_49.pdf,47,"यादी भाग क्र. २१३  :  ज्युबिली कंपाऊंड शेख हफीजुद्दीन मार्ग",88
BoothVoterList_A4_Ward_211_Booth_49.pdf,48,"यादी भाग क्र. २१३  :  ५९ जुनी मसजीद चाळ शेख हफीजुद्दीन मार्ग",92
BoothVoterList_A4_Ward_211_Booth_49.pdf,49,"यादी भाग क्र. २१३  :  काचवाला इं.न यू धोबीघाट शेख हफीजुद्दीन मार्ग",90
BoothVoterList_A4_Ward_211_Booth_49.pdf,50,"यादी भाग क्र. २१३  :  ५९ जी अन्सार मंझिल जुनी मस्जिद कम्पाऊंड सांखळी स्ट्रीट मदनपुरा",93
BoothVoterList_A4_Ward_211_Booth_49.pdf,52,"यादी भाग क्र. २१३  :  कांचवाला इंड. न्यु. धोबीघाट शेख हफीजुद्दीन मार्ग",89
BoothVoterList_A4_Ward_211_Booth_49.pdf,53,"यादी भाग sh, २१३  :  करुणा इमारत शेख हफीजुद्दीन मार्ग",92
BoothVoterList_A4_Ward_211_Booth_49.pdf,54,"यादी भाग क्र. २१३  :  म यु.घ.नं.३३ सी ज्युबली बिल्डींग शोख हफीजुद्दीन मार्ग",88
BoothVoterList_A4_Ward_211_Booth_49.pdf,55,"यादी भाग क्र. २१३  :  रॉबिन्सन चर्च शोख हफीजुद्दीन मार्ग",91
BoothVoterList_A4_Ward_211_Booth_49.pdf,56,"यादी भाग क्र. २१३  :  ज्युबिली कंपाऊंड शेख हफीजुद्दीन मार्ग",88
BoothVoterList_A4_Ward_211_Booth_49.pdf,57,"यादी भाग क्र. २१३  :  कांचवाला इंड. न्यु. धोबीघाट शेख हफीजुद्दीन मार्ग",89
BoothVoterList_A4_Ward_211_Booth_49.pdf,58,"यादी भाग क्र. २१३  :  म्यु.घ.नं.५-५ डी रेडीमनी बिल्डींग शेख हफीजुद्दीन मार्ग",90
BoothVoterList_A4_Ward_211_Booth_49.pdf,59,"यादी भाग क्र. २१३  :  कांचवाला इंड. न्यु. धोबीघाट शेख हफीजुद्दीन मार्ग",89
BoothVoterList_A4_Ward_211_Booth_49.pdf,60,"यादी भाग क्र. २१३  :  रॉबिन्सन चर्च शोख हफीजुद्दीन मार्ग",91
BoothVoterList_A4_Ward_211_Booth_49.pdf,61,"यादी भाग क्र. २१३  :  कांचवाला इंड. न्यु. धोबीघाट शेख हफीजुद्दीन मार्ग",89
BoothVoterList_A4_Ward_211_Booth_49.pdf,62,"यादी भाग क्र. २१३  :  म्यु.घ.नं.५७ ए इसासेठ चाळ शेख हफीजुद्दीन मार्ग",85
BoothVoterList_A4_Ward_211_Booth_49.pdf,63,"यादी भाग क्र. २१३  :  ५९ जी अन्सार मंझिल जुनी मस्जिद कम्पाऊंड सांखळी स्ट्रीट मदनपुरा",93
BoothVoterList_A4_Ward_211_Booth_49.pdf,64,"यादी भाग क्र. २१३  :  म्यु.घ.नं.३३ बी जुबली बिल्डींग शोख हफीजुद्दीन मार्ग",91
BoothVoterList_A4_Ward_211_Booth_49.pdf,65,"यादी भाग क्र. २१३  :  म्यु.घ.नं.५७ ए इसासेठ चाळ शेख हफीजुद्दीन मार्ग",85
BoothVoterList_A4_Ward_211_Booth_49.pdf,66,"यादी भाग क्र. २१३  :  म्यु.घ.नं.३३ बी जुबली बिल्डींग शोख हफीजुद्दीन मार्ग",91
BoothVoterList_A4_Ward_211_Booth_49.pdf,67,"यादी भाग sh, 293  :  करुणा इमारत शेख हफीजुद्दीन मार्ग",92
BoothVoterList_A4_Ward_211_Booth_49.pdf,68,"यादी भाग क्र. २१३  :  रॉबिन्सन चर्च शोख हफीजुद्दीन मार्ग",91
BoothVoterList_A4_Ward_211_Booth_49.pdf,69,"यादी भाग क्र. २१३  :  पडदावाला कंपाऊंड शेख हफीजुद्दीन मार्ग",92
BoothVoterList_A4_Ward_211_Booth_49.pdf,70,"यादी भाग क्र. २१३  :  म्यु.घ.नं.५७ ई इसाशेठ चाळ ई शेख हफीजुद्दीन मार्ग",89
BoothVoterList_A4_Ward_211_Booth_49.pdf,71,"यादी भाग क्र. २१३  :  पडदावाला कंपाऊंड शेख हफीजुद्दीन मार्ग",92
BoothVoterList_A4_Ward_211_Booth_49.pdf,72,"यादी भाग क्र. २१३  :  म्यु.घ.नं.५७ ए इसासेठ चाळ शेख हफीजुद्दीन मार्ग",85
BoothVoterList_A4_Ward_211_Booth_49.pdf,73,"यादी भाग क्र. २१३  :  म्यु.घ.नं.३३ बी जुबली बिल्डींग शोख हफीजुद्दीन मार्ग",91
BoothVoterList_A4_Ward_211_Booth_49.pdf,74,"यादी भाग क्र. २१३  :  कांचवाला इंड. न्यु. धोबीघाट शेख हफीजुद्दीन मार्ग",89
BoothVoterList_A4_Ward_211_Booth_5.pdf,2,"यादी भाग क्र. १३८  :  म्यु.घ.नं.२-४, इसाई सुमरशेठ चाळ, दुसरा घेलाभाई रोड,",91
BoothVoterList_A4_Ward_211_Booth_5.pdf,5,"यादी भाग क्र. १३८  :  म्यु.घ.नं.१२, सफीनाबाई चाळ, दुसरा घेलाभाई रोड,",86
BoothVoterList_A4_Ward_211_Booth_5.pdf,9,"यादी भाग क्र. १३८  :  म्यु.घ.नं.२४-४२, Pre चाळ, दुसरा घेलाभाई रोड,",89
BoothVoterList_A4_Ward_211_Booth_5.pdf,23,"यादी भाग क्र. १३८  :  म्यु.घ.नं.७, करीम बिल्डिंग, तिसरा घेलाभाई स्ट्रीट,",92
BoothVoterList_A4_Ward_211_Booth_5.pdf,25,"यादी भाग क्र. १३८  :  म्यु.घ.नं.१९-२१, हनीफ NS चाळ, दुसरा घेलाभाई रोड,",86
BoothVoterList_A4_Ward_211_Booth_5.pdf,27,"यादी भाग क्र. १३८  :  म्यु.घ.नं.२०, सुभेदार बिल्डिंग, दुसरा घेलाभाई रोड,",92
BoothVoterList_A4_Ward_211_Booth_5.pdf,30,"यादी भाग क्र. १३८  :  म्यु.घ.नं.२० अ, सुभेदार बिल्डिंग, दुसरा घेलाभाई रोड,",90
BoothVoterList_A4_Ward_211_Booth_5.pdf,32,"यादी भाग क्र. १३८  :  अजमल हाईटस, २ घेलाभाई स्ट्रीट, मदनपुरा, मुंबई सेंट्रल, मुंबई -४००००८",91
BoothVoterList_A4_Ward_211_Booth_5.pdf,35,"यादी भाग क्र. १३८  :  म्यु.घ.नं.१२, सफीनाबाई चाळ, दुसरा घेलाभाई रोड,",86
BoothVoterList_A4_Ward_211_Booth_5.pdf,36,"यादी भाग क्र. १३८  :  अजमल हाईटस, २ घेलाभाई स्ट्रीट, मदनपुरा, मुंबई सेंट्रल, मुंबई -४००००८",91
BoothVoterList_A4_Ward_211_Booth_5.pdf,37,"यादी भाग क्र. १३८  :  म्यु.घ.नं.२४-४२, Pre चाळ, दुसरा घेलाभाई रोड,",89
BoothVoterList_A4_Ward_211_Booth_5.pdf,38,"यादी भाग क्र. १३८  :  अजमल हाईटस, २ घेलाभाई स्ट्रीट, मदनपुरा, मुंबई सेंट्रल, मुंबई -४००००८",91
BoothVoterList_A4_Ward_211_Booth_5.pdf,39,"यादी भाग क्र. १३८  :  म्यु.घ.नं.२४-४२, Pre चाळ, दुसरा घेलाभाई रोड,",89
BoothVoterList_A4_Ward_211_Booth_5.pdf,40,"यादी भाग क्र. १३८  :  अजमल हाईटस, २ घेलाभाई स्ट्रीट, मदनपुरा, मुंबई सेंट्रल, मुंबई -४००००८",91
BoothVoterList_A4_Ward_211_Booth_5.pdf,41,"यादी भाग क्र. १३८  :  म्यु.घ.नं.७, करीम बिल्डिंग, तिसरा घेलाभाई स्ट्रीट,",92
BoothVoterList_A4_Ward_211_Booth_5.pdf,42,"यादी भाग क्र. १३८  :  अजमल हाईटस, २ घेलाभाई स्ट्रीट, मदनपुरा, मुंबई सेंट्रल, मुंबई -४००००८",91
BoothVoterList_A4_Ward_211_Booth_5.pdf,43,"यादी भाग क्र. १३८  :  म्यु.घ.नं.२४-४२, Pre चाळ, दुसरा घेलाभाई रोड,",89
BoothVoterList_A4_Ward_211_Booth_5.pdf,44,"यादी भाग क्र. १३८  :  म्यु.घ.नं.२०, सुभेदार बिल्डिंग, दुसरा घेलाभाई रोड,",92
BoothVoterList_A4_Ward_211_Booth_5.pdf,45,"यादी भाग क्र. १३८  :  अजमल हाईटस, २ घेलाभाई स्ट्रीट, मदनपुरा, मुंबई सेंट्रल, मुंबई -४००००८",91
BoothVoterList_A4_Ward_211_Booth_5.pdf,46,"यादी भाग क्र. १३८  :  म्यु.घ.नं.२० अ, सुभेदार बिल्डिंग, दुसरा घेलाभाई रोड,",90
BoothVoterList_A4_Ward_211_Booth_5.pdf,47,"यादी भाग क्र. १३८  :  म्यु.घ.नं.२०, सुभेदार बिल्डिंग, दुसरा घेलाभाई रोड,",92
BoothVoterList_A4_Ward_211_Booth_5.pdf,48,"यादी भाग क्र. १३८  :  अजमल हाईटस, २ घेलाभाई स्ट्रीट, मदनपुरा, मुंबई सेंट्रल, मुंबई -४००००८",91
BoothVoterList_A4_Ward_211_Booth_5.pdf,49,"यादी भाग क्र. १३८  :  म्यु.घ.नं.२४-४२, Pre चाळ, दुसरा घेलाभाई रोड,",89
BoothVoterList_A4_Ward_211_Booth_5.pdf,50,"यादी भाग क्र. १३८  :  अजमल हाईटस, २ घेलाभाई स्ट्रीट, मदनपुरा, मुंबई सेंट्रल, मुंबई -४००००८",91
BoothVoterList_A4_Ward_211_Booth_5.pdf,51,"यादी भाग क्र. १३८  :  म्यु.घ.नं.७, करीम बिल्डिंग, तिसरा घेलाभाई स्ट्रीट,",92
BoothVoterList_A4_Ward_211_Booth_5.pdf,52,"यादी भाग क्र. १३८  :  अजमल हाईटस, २ घेलाभाई स्ट्रीट, मदनपुरा, मुंबई सेंट्रल, मुंबई -४००००८",91
BoothVoterList_A4_Ward_211_Booth_5.pdf,53,"यादी भाग क्र. १३८  :  म्यु.घ.नं.२०, सुभेदार बिल्डिंग, दुसरा घेलाभाई रोड,",92
BoothVoterList_A4_Ward_211_Booth_50.pdf,2,"यादी भाग क्र. १०  :  म्यु.घ.नं.१०८ सुलतान मंझिल, सोफिया झुबेर रोड म्यु.घ.नं.५० ते ११०,खंड १,",89
BoothVoterList_A4_Ward_211_Booth_50.pdf,4,"यादी भाग क्र. १०  :  म्यु.घ.नं.११० न्यू नागपाडा पो.लाईन ऑफिस FATEH, सोफिया Fax रोड,",84
BoothVoterList_A4_Ward_211_Booth_50.pdf,9,"यादी भाग क्र. १०  :  म्यु.घ.नं.३० नर्सेस EACH, सोफिया Wax Ws, 30 ते ४८ (मनिवि३१) खंड 2,",72
BoothVoterList_A4_Ward_211_Booth_50.pdf,10,"यादी भाग क्र. १० :  म्यु.घ.नं.३० डॉक्टर्स FATA, सोफिया Fax Us, 30 ते ४८ (मनिवि३१) खंड २,",77
BoothVoterList_A4_Ward_211_Booth_50.pdf,11,"यादी भाग क्र. १०  :  म्यु.घ.नं.३० फार्मासिस्ट कवार्टस, सोफिया Fax Ww, 30 ते ४८ (मनिवि३१) खंड",82
BoothVoterList_A4_Ward_211_Booth_50.pdf,12,"यादी भाग क्र. १०  :  म्यु.घ.नं.३० पोलीस हॉस्पीटल EACH, सोफिया झुबेर Ws, 30 ते ४८ (मनिवि३१)",78
BoothVoterList_A4_Ward_211_Booth_50.pdf,13,"यादी भाग क्र. १०  :  म्यु.घ.नं.३०बी डॉक्टर्स FACT, सोफिया झुबेर Ws, 30 ते ४८ (मनिवि३१) खंड 2,",80
BoothVoterList_A4_Ward_211_Booth_50.pdf,14,"यादी भाग क्र. १०  :  म्यु.घ.नं.३० बी सवर्हन्ट क्वार्टस, सोफिया झुबेर रोड, 30 ते ४८ (मनिवि३१) खंड",83
BoothVoterList_A4_Ward_211_Booth_50.pdf,16,"यादी भाग क्र. १०  :  म्यु.घ.नं.४८ हिरजी गोविंदजी बिल्डींग ए.बी.सी., सोफिया झुबेर रोड 30 ते ४८",90
BoothVoterList_A4_Ward_211_Booth_50.pdf,20,"यादी भाग क्र. १०  :  म्यु.घ.नं.४८बी हिरजी गोविंदजी बिल्डींग, सोफिया झुबेर Ws, 30 ते ४८",88
BoothVoterList_A4_Ward_211_Booth_50.pdf,23,"यादी भाग क्र. १०  :  म्यु.घ.नं.४८सी हिरजी गोविंदजी बिल्डींग क, सोफिया झुबेर रोड, 30 ते ४८",90
BoothVoterList_A4_Ward_211_Booth_50.pdf,26,"यादी भाग क्र. १०  :  म्यु.घ.नं.१११-११९ मरीयम मंझिल, सोफिया झुबेर रोड, 9990998 (मनिवि ३१)",86
BoothVoterList_A4_Ward_211_Booth_50.pdf,30,"यादी भाग क्र. १०  :  म्यु.घ.नं.२० ए ५२ गॉरडन हॉल अपार्टमेंट, सोफिया झुबेर रोड, १११ ते ११९ (मनिवि३१)",91
BoothVoterList_A4_Ward_211_Booth_50.pdf,31,"यादी भाग क्र. १०  :  म्यु.घ.नं.९बी पोलीस लाईन, शेफर्ड रोड, म्यु.घ.नं.९ ते २१ (मनिवि३१) खंड १,",87
BoothVoterList_A4_Ward_211_Booth_50.pdf,38,"यादी भाग क्र. १०  :  म्यु.घ.नं.१९ सी पोलीस लाईन, शेफर्ड रोड म्यु.घ.नं.९ ते २१ (मनिवि३१) खंड १,",90
BoothVoterList_A4_Ward_211_Booth_50.pdf,43,"यादी भाग क्र. १०  :  म्यु.घ.नं.९ ते २१ पोलीस लाईन, शेफर्ड रोड, (मनिवि३१) खंड 9,",89
BoothVoterList_A4_Ward_211_Booth_50.pdf,44,"यादी भाग क्र. १०  :  म्यु.घ.नं.९बी पोलीस लाईन, शेफर्ड रोड, म्यु.घ.नं.९ ते २१ (मनिवि३१) खंड १,",87
BoothVoterList_A4_Ward_211_Booth_50.pdf,45,"यादी भाग क्र. १०  :  म्यु.घ.नं.१०८ सुलतान मंझिल, सोफिया झुबेर रोड म्यु.घ.नं.५० ते ११०,खंड १,",89
BoothVoterList_A4_Ward_211_Booth_50.pdf,46,"यादी भाग क्र. १०  :  म्यु.घ.नं.४८ हिरजी गोविंदजी बिल्डींग ए.बी.सी., सोफिया झुबेर रोड 30 ते ४८",90
BoothVoterList_A4_Ward_211_Booth_50.pdf,47,"यादी भाग क्र. १०  :  म्यु.घ.नं.११० न्यू नागपाडा पो.लाईन ऑफिस FATEH, सोफिया Fax रोड,",84
BoothVoterList_A4_Ward_211_Booth_50.pdf,48,"यादी भाग क्र. १०  :  म्यु.घ.नं.१९ सी पोलीस लाईन, शेफर्ड रोड म्यु.घ.नं.९ ते २१ (मनिवि३१) खंड १,",90
BoothVoterList_A4_Ward_211_Booth_50.pdf,49,"यादी भाग क्र. १०  :  म्यु.घ.नं.११० न्यू नागपाडा पो.लाईन ऑफिस FATEH, सोफिया Fax रोड,",84
BoothVoterList_A4_Ward_211_Booth_50.pdf,50,"यादी भाग क्र. १०  :  म्यु.घ.नं.३० बी सवर्हन्ट क्वार्टस, सोफिया झुबेर रोड, 30 ते ४८ (मनिवि३१) खंड",83
BoothVoterList_A4_Ward_211_Booth_50.pdf,51,"यादी भाग क्र. १०  :  म्यु.घ.नं.४८बी हिरजी गोविंदजी बिल्डींग, सोफिया झुबेर Ws, 30 ते ४८",88
BoothVoterList_A4_Ward_211_Booth_51.pdf,2,"यादी भाग क्र. ११  :  गॉर्डन हॉल अपार्टमेंट ए, सोफिया झुबेर रोड, 3 ते १०९ ARES हाऊस GS ४,",92
BoothVoterList_A4_Ward_211_Booth_51.pdf,5,"यादी भाग क्र. ११  :  गॉर्डन हॉल अपार्टमेंट बी, सोफिया झुबेर रोड, 3 ते १०९ नेबरहूड हाऊस ४,",92
BoothVoterList_A4_Ward_211_Booth_51.pdf,9,"यादी भाग क्र. ११  :  गॉर्डन हॉल अपार्टमेंट सी, सोफिया झुबेर रोड, ३ ते १०९ AMES हाऊस ४,",86
BoothVoterList_A4_Ward_211_Booth_51.pdf,12,"यादी भाग क्र. ११  :  गार्डन हॉल समोरील झोपडपट्टी, सोफिया झुबेर रोड, 3 ते १०९ AES हाऊस",90
BoothVoterList_A4_Ward_211_Booth_51.pdf,14,"यादी भाग क्र. ११  :  म्यु.घ.नं.१०७ नेबरहुड हाऊस, सोफिया झुबेर रोड,३ ते १०९ AES हाऊस",85
BoothVoterList_A4_Ward_211_Booth_51.pdf,15,"यादी भाग क्र. ११ : म्यु.घ.नं.१०९ ARES हाऊस मेन हाऊस, सोफिया YX रोड,३ ते १०९ नेबरहूड",84
BoothVoterList_A4_Ward_211_Booth_51.pdf,17,"यादी भाग क्र. ११  :  म्यु.घ.नं.१०९ ARES हाऊस GSN हॉस्टेल, सोफिया झुबेर रोड,३ ते १०९",86
BoothVoterList_A4_Ward_211_Booth_51.pdf,18,"यादी भाग क्र. ११  :  म्यु.घ.नं.१०९ नेबरहुड हाऊस मेन्स हॉस्टेल, सोफिया झुबेर रोड, ३ ते १०९",93
BoothVoterList_A4_Ward_211_Booth_51.pdf,19,"यादी भाग क्र. ११  :  म्यु.घ.नं. हनुमान मंदीर, सोफिया झुबेर रोड, ३ ते १०९ ARES हाऊस खंड ४,",88
BoothVoterList_A4_Ward_211_Booth_51.pdf,20,"यादी भाग क्र. ११  :  म्यु.घ.नं.३३ (१७-१९),ला विजन (मद्रासवाला बिल्डिंग), शेफर्ड रोड,",91
BoothVoterList_A4_Ward_211_Booth_51.pdf,25,"यादी भाग क्र. ११  :  म्यु.घ.नं. बैठी चाळ, शेफर्ड रोड, म्यु.घ.नं.९ ते २१ (मनिवि३१) खंड १,",88
BoothVoterList_A4_Ward_211_Booth_51.pdf,27,"यादी भाग क्र. ११  :  १५ऐ शेफर्ड अपार्टमेंट, शेफर्ड रोड, म्यु.घ.नं.९ ते २१ (मनिवि३१) खंड १,",80
BoothVoterList_A4_Ward_211_Booth_51.pdf,30,"यादी भाग क्र. ११  : १८ऐं पोलीस लाईन, शेफर्ड रोड,म्यु.घ.नं.९ ते २१ (मनिवि३१) खंड १,",77
BoothVoterList_A4_Ward_211_Booth_51.pdf,37,"यादी भाग क्र. ११  :  म्यु.घ.नं.१८ सी पोलीस लाईन, शेफर्ड रोड, म्यु.घ.नं.९ ते २१ (मनिवि३१) खंड",85
BoothVoterList_A4_Ward_211_Booth_51.pdf,38,"यादी भाग क्र. ११  :  म्यु.घ.नं.मोती मस्जीद, एम टी सेंक्शन जवळ, शेफर्ड रोड, म्यु.घ.नं.९ ते २१",91
BoothVoterList_A4_Ward_211_Booth_51.pdf,39,"यादी भाग क्र. ११  :  म्यु.घ.नं.३३ (१७-१९),ला विजन (मद्रासवाला बिल्डिंग), शेफर्ड रोड,",91
BoothVoterList_A4_Ward_211_Booth_51.pdf,40,"यादी भाग क्र. ११  :  गॉर्डन हॉल अपार्टमेंट बी, सोफिया झुबेर रोड, 3 ते १०९ नेबरहूड हाऊस ४,",92
BoothVoterList_A4_Ward_211_Booth_51.pdf,41,"यादी भाग क्र. ११  :  म्यु.घ.नं.३३ (१७-१९),ला विजन (मद्रासवाला बिल्डिंग), शेफर्ड रोड,",91
BoothVoterList_A4_Ward_211_Booth_51.pdf,42,"यादी भाग क्र. ११  :  Mths विडोस होम, Ws रोड, मुंबई मध्य, मुंबई",80
BoothVoterList_A4_Ward_211_Booth_51.pdf,43,"यादी भाग क्र. ११ : म्यु.घ.नं.१०९ ARES हाऊस मेन हाऊस, सोफिया YX रोड,३ ते १०९ नेबरहूड",84
BoothVoterList_A4_Ward_211_Booth_52.pdf,2,"यादी भाग क्र. १२  :  म्यु.घ.नं.५० ART मॅनशन, सोफिया झुबेर रोड म्यु.घ.नं.५० ते ११०, खंड १,",85
BoothVoterList_A4_Ward_211_Booth_52.pdf,4,"यादी भाग क्र. १२  :  म्यु.घ.नं.६४-८४ आयाशाबी (आयशाबाई) चेंबर, सोफिया जुबेर रोड, म्यु.घ.नं.५०",86
BoothVoterList_A4_Ward_211_Booth_52.pdf,12,"यादी भाग क्र. १२  :  म्यु.घ.नं.८६-९० ग्रीन चेंम्बर, सोफिया झुबेर रोड म्यु.घ.नं.५० ते ११०,खंड १,",86
BoothVoterList_A4_Ward_211_Booth_52.pdf,14,"यादी भाग क्र. १२  :  म्यु.घ.नं.९२-१०२,एलीया मंझील (९६,दिलाराम मंझिल), सोफिया झुबेर रोड,",88
BoothVoterList_A4_Ward_211_Booth_52.pdf,17,"यादी भाग क्र. १२  :  म्यु.घ.नं.१०४ हजरत पिरानी बिल्डिंग, सोफिया झुबेर रोड म्यु.घ.नं.५० ते",87
BoothVoterList_A4_Ward_211_Booth_52.pdf,19,"यादी भाग क्र. १२ : म्यु.घ.नं.१०६ तय्यब बिल्डींग, सोफिया झुबेर रोड म्यु.घ.नं.५० ते ११०,खंड १,",89
BoothVoterList_A4_Ward_211_Booth_52.pdf,21,"यादी भाग क्र. १२  :  म्यु.घ.नं.१ लहरी हाऊस (इसाक बिल्डींग), सोफिया झुबेर रोड,३ ते १०९ नेबरहूड",88
BoothVoterList_A4_Ward_211_Booth_52.pdf,25,"यादी भाग क्र. १२  :  म्यु.घ.नं. ३१ते४१ देवजी धरशी बिल्डिंग, सोफिया Fax रोड, 3 ते १०९ नेबरहूड",89
BoothVoterList_A4_Ward_211_Booth_52.pdf,29,"यादी भाग क्र. 92  :  म्यु.घ.नं.४३ ते ५१ तेजुकाया बिल्डिंग, सोफिया झुबेर रोड, 3 ते १०९ AES",88
BoothVoterList_A4_Ward_211_Booth_52.pdf,32,"यादी भाग क्र. १२  :  म्यु.घ.नं.५३ ते ६५ जमनादास प्रभुदास चाळ, सोफिया झुबेर रोड,३ ते १०९,",92
BoothVoterList_A4_Ward_211_Booth_52.pdf,37,"यादी भाग क्र. १२  :  म्यु.घ.नं.६७ ते ७१ आप्पाजी खांडेराव चाळ, सौफिया Fae Ws, 3 ते १०९",80
BoothVoterList_A4_Ward_211_Booth_52.pdf,40,"यादी भाग क्र. १२  :  म्यु.घ.नं.८५ अस्मा मंझिल, सोफिया झुबेर रोड, 3 ते १०९ ARES हाऊस खंड",88
BoothVoterList_A4_Ward_211_Booth_52.pdf,45,"यादी भाग क्र. 92  :  म्यु.घ.नं.६४-८४ आयाशाबी (आयशाबाई) चेंबर, सोफिया जुबेर रोड, म्यु.घ.नं.५०",86
BoothVoterList_A4_Ward_211_Booth_52.pdf,46,"यादी भाग क्र. १२  :  म्यु.घ.नं.९२-१०२,एलीया मंझील (९६,दिलाराम मंझिल), सोफिया झुबेर रोड,",88
BoothVoterList_A4_Ward_211_Booth_52.pdf,47,"यादी भाग क्र. १२  :  म्यु.घ.नं.८५ अस्मा मंझिल, सोफिया झुबेर रोड, 3 ते १०९ ARES हाऊस खंड",88
BoothVoterList_A4_Ward_211_Booth_52.pdf,48,"यादी भाग क्र. १२  :  म्यु.घ.नं.६७ ते ७१ आप्पाजी खांडेराव चाळ, सौफिया Fae Ws, 3 ते १०९",80
BoothVoterList_A4_Ward_211_Booth_52.pdf,49,"यादी भाग क्र. १२ : म्यु.घ.नं.१०६ तय्यब बिल्डींग, सोफिया झुबेर रोड म्यु.घ.नं.५० ते ११०,खंड १,",89
BoothVoterList_A4_Ward_211_Booth_52.pdf,50,"यादी भाग क्र. १२  :  म्यु.घ.नं.१ लहरी हाऊस (इसाक बिल्डींग), सोफिया झुबेर रोड,३ ते १०९ नेबरहूड",88
BoothVoterList_A4_Ward_211_Booth_52.pdf,51,"यादी भाग क्र. १२  :  म्यु.घ.नं.६७ ते ७१ आप्पाजी खांडेराव चाळ, सौफिया Fae Ws, 3 ते १०९",80
BoothVoterList_A4_Ward_211_Booth_52.pdf,52,"यादी भाग क्र. 92  :  म्यु.घ.नं.६४-८४ आयाशाबी (आयशाबाई) चेंबर, सोफिया जुबेर रोड, म्यु.घ.नं.५०",86
BoothVoterList_A4_Ward_211_Booth_52.pdf,53,"यादी भाग क्र. १२  :  म्यु.घ.नं.९२-१०२,एलीया मंझील (९६,दिलाराम मंझिल), सोफिया झुबेर रोड,",88
BoothVoterList_A4_Ward_211_Booth_52.pdf,54,"यादी भाग क्र. १२  :  म्यु.घ.नं.६७ ते ७१ आप्पाजी खांडेराव चाळ, सौफिया Fae Ws, 3 ते १०९",80
BoothVoterList_A4_Ward_211_Booth_52.pdf,55,"यादी भाग क्र. १२  :  म्यु.घ.नं.५३ ते ६५ जमनादास प्रभुदास चाळ, सोफिया झुबेर रोड,३ ते १०९,",92
BoothVoterList_A4_Ward_211_Booth_52.pdf,56,"यादी भाग क्र. 92  :  म्यु.घ.नं.५० ART मॅनशन, सोफिया झुबेर रोड म्यु.घ.नं.५० ते ११०, खंड १,",85
BoothVoterList_A4_Ward_211_Booth_52.pdf,57,"यादी भाग क्र. 92  :  म्यु.घ.नं.६४-८४ आयाशाबी (आयशाबाई) चेंबर, सोफिया जुबेर रोड, म्यु.घ.नं.५०",86
BoothVoterList_A4_Ward_211_Booth_52.pdf,58,"यादी भाग क्र. १२  :  म्यु.घ.नं.६७ ते ७१ आप्पाजी खांडेराव चाळ, सौफिया Fae Ws, 3 ते १०९",80
BoothVoterList_A4_Ward_211_Booth_52.pdf,59,"यादी भाग क्र. १२  :  म्यु.घ.नं.८५ अस्मा मंझिल, सोफिया झुबेर रोड, 3 ते १०९ ARES हाऊस खंड",88
BoothVoterList_A4_Ward_211_Booth_53.pdf,2,"यादी भाग क्र. १३  :  म्यु.घ.नं.१ ते १९ इसाक बिल्डिंग, ३ री पीरखान स्टीट, (मनिवि३०) खंड १,",89
BoothVoterList_A4_Ward_211_Booth_53.pdf,6,"यादी भाग क्र. १३  :  म्यु.घ.नं.१३ ते १४ इस्माइल बिल्डिंग, ३ री पीरखान Kile, (मनिवि३०) खंड १,",87
BoothVoterList_A4_Ward_211_Booth_53.pdf,8,"यादी भाग क्र. १३  :  म्यु.घ.नं. इस्माइल बिल्डिंग जवळ (म्युनसिपल कंपाऊड) झोपडी, ३ री पीरखान",86
BoothVoterList_A4_Ward_211_Booth_53.pdf,9,"यादी भाग क्र. १३  :  म्यु.घ.नं.३१ सिताराम बिल्डिंग, ३री पीरखान स्टीट, (मनिवि३०) खंड १,",83
BoothVoterList_A4_Ward_211_Booth_53.pdf,12,"यादी भाग क्र. १३  :  म्यु.घ.नं.३१ सिताराम बिल्डिंग जवळील झोपडपटटी, 3 री पीरखान स्टीट,",89
BoothVoterList_A4_Ward_211_Booth_53.pdf,13,"यादी भाग क्र. १३  :  म्यु.घ.नं.४५-४७ आरसीवाला बिल्डींग, ३री पीरखान स्टीट (मनिवि३०) खंड 9,",90
BoothVoterList_A4_Ward_211_Booth_53.pdf,19,"यादी भाग क्र. १३  :  म्यु.घ.नं.२-१० युसुफ मंझील, ३री पीरखान Kc, (मनिवि३०) खंड १,",81
BoothVoterList_A4_Ward_211_Booth_53.pdf,25,"यादी भाग क्र. १३  :  म्यु.घ.नं.१६ ते २४ मोहम्मदी बिल्डिंग, ३री पीरखान स्टीट, (मनिवि३०) खंड १,",88
BoothVoterList_A4_Ward_211_Booth_53.pdf,30,"यादी भाग क्र. १३  :  म्यु.घ.नं.३६ ते ४४ अलमेहरवान सोसायटी, ३री पीरखान Kc, (मनिवि३०) खंड",81
BoothVoterList_A4_Ward_211_Booth_53.pdf,32,"यादी भाग क्र. १३  :  अलमेहरवान सोसायटीच्या बाजुला (महिला मिलन झो.), ३री पीरखान स्टीट,",86
BoothVoterList_A4_Ward_211_Booth_53.pdf,37,"यादी भाग क्र. १३  :  म्यु.घ.नं.४५-४७ आरसीवाला बिल्डींग, ३री पीरखान स्टीट (मनिवि३०) खंड 9,",90
BoothVoterList_A4_Ward_211_Booth_53.pdf,38,"यादी भाग क्र. १३  :  म्यु.घ.नं.१६ ते २४ मोहम्मदी बिल्डिंग, ३री पीरखान स्टीट, (मनिवि३०) खंड १,",88
BoothVoterList_A4_Ward_211_Booth_53.pdf,39,"यादी भाग क्र. १३  :  म्यु.घ.नं.४५-४७ आरसीवाला बिल्डींग, ३री पीरखान स्टीट (मनिवि३०) खंड 9,",90
BoothVoterList_A4_Ward_211_Booth_53.pdf,40,"यादी भाग क्र. १३  :  म्यु.घ.नं.१६ ते २४ मोहम्मदी बिल्डिंग, ३री पीरखान स्टीट, (मनिवि३०) खंड १,",88
BoothVoterList_A4_Ward_211_Booth_53.pdf,41,"यादी भाग क्र. १३  :  म्यु.घ.नं.२-१० युसुफ मंझील, ३री पीरखान Kc, (मनिवि३०) खंड १,",81
BoothVoterList_A4_Ward_211_Booth_53.pdf,42,"यादी भाग क्र. १३  :  म्यु.घ.नं.४५-४७ आरसीवाला बिल्डींग, ३री पीरखान स्टीट (मनिवि३०) खंड 9,",90
BoothVoterList_A4_Ward_211_Booth_53.pdf,43,"यादी भाग क्र. १३  :  म्यु.घ.नं.१६ ते २४ मोहम्मदी बिल्डिंग, ३री पीरखान स्टीट, (मनिवि३०) खंड १,",88
BoothVoterList_A4_Ward_211_Booth_53.pdf,44,"यादी भाग क्र. १३  :  म्यु.घ.नं.४५-४७ आरसीवाला बिल्डींग, ३री पीरखान स्टीट (मनिवि३०) खंड 9,",90
BoothVoterList_A4_Ward_211_Booth_53.pdf,45,"यादी भाग क्र. १३  :  म्यु.घ.नं.३६ ते ४४ अलमेहरवान सोसायटी, ३री पीरखान Kc, (मनिवि३०) खंड",81
BoothVoterList_A4_Ward_211_Booth_53.pdf,46,"यादी भाग क्र. १३  :  म्यु.घ.नं.३१ सिताराम बिल्डिंग, ३री पीरखान स्टीट, (मनिवि३०) खंड १,",83
BoothVoterList_A4_Ward_211_Booth_53.pdf,47,"यादी भाग क्र. १३  :  म्यु.घ.नं.३१ सिताराम बिल्डिंग जवळील झोपडपटटी, 3 री पीरखान स्टीट,",89
BoothVoterList_A4_Ward_211_Booth_53.pdf,48,"यादी भाग क्र. १३  :  म्यु.घ.नं.३१ सिताराम बिल्डिंग, ३री पीरखान स्टीट, (मनिवि३०) खंड १,",83
BoothVoterList_A4_Ward_211_Booth_53.pdf,49,"यादी भाग क्र. १३  :  म्यु.घ.नं.२-१० युसुफ मंझील, ३री पीरखान Kc, (मनिवि३०) खंड १,",81
BoothVoterList_A4_Ward_211_Booth_53.pdf,50,"यादी भाग क्र. १३  :  म्यु.घ.नं.४५-४७ आरसीवाला बिल्डींग, ३री पीरखान स्टीट (मनिवि३०) खंड 9,",90
BoothVoterList_A4_Ward_211_Booth_53.pdf,51,"यादी भाग क्र. १३  :  म्यु.घ.नं.१६ ते २४ मोहम्मदी बिल्डिंग, ३री पीरखान स्टीट, (मनिवि३०) खंड १,",88
BoothVoterList_A4_Ward_211_Booth_54.pdf,2,"यादी भाग क्र. १४  :  म्यु.घ.नं.१ ते १९ इसाक बिल्डिंग, ३ री पीरखान स्टीट, (मनिवि३०) खंड १,",86
BoothVoterList_A4_Ward_211_Booth_54.pdf,3,"यादी भाग क्र. १४  :  म्यु.घ.नं. इस्माइल बिल्डिंग जवळ (म्युनसिपल कंपाऊड) झोपडी, 3 री पीरखान",88
BoothVoterList_A4_Ward_211_Booth_54.pdf,4,"यादी भाग क्र. १४  :  म्यु.घ.नं.३१ सिताराम बिल्डिंग, 38 पीरखान ee, (मनिवि३०) खंड १,",79
BoothVoterList_A4_Ward_211_Booth_54.pdf,5,"यादी भाग क्र. १४  :  म्यु.घ.नं.४६ ते ५० आगाखान बिल्डिंग, ३री पीरखान स्टीट, (मनिवि३०) खंड १,",86
BoothVoterList_A4_Ward_211_Booth_54.pdf,6,"यादी भाग क्र. १४  :  म्यु.घ.नं.५४ साजन बिल्डिंग, २री पीरखान गल्ली, (मनिवि३१) खंड १,",88
BoothVoterList_A4_Ward_211_Booth_54.pdf,7,"यादी भाग क्र. १४  :  म्यु.घ.नं.५६ डायमंड लॉज बिल्डिंग, २री पीरखान गल्ली, (मनिवि३१) खंड १,",88
BoothVoterList_A4_Ward_211_Booth_54.pdf,16,"यादी भाग क्र. १४  :  डायमंड लॉज मागील झोपडपट्टी, २री पीरखान गल्ली, APfa39) खंड १,",87
BoothVoterList_A4_Ward_211_Booth_54.pdf,18,"यादी भाग क्र. १४  :  म्यु.घ.नं.५८ मुस्तफा मंझिल, WT पीरखान गल्ली, (मनिवि३१) खंड 9,",88
BoothVoterList_A4_Ward_211_Booth_54.pdf,23,"यादी भाग क्र. १४  :  Wl पीरखान गल्ली, (मनिवि$१) खंड १,",81
BoothVoterList_A4_Ward_211_Booth_54.pdf,24,"यादी भाग क्र. १४  :  म्यु.घ.नं.५८ मुस्तफा मंझिल, WT पीरखान गल्ली, (मनिवि३१) खंड 9,",88
BoothVoterList_A4_Ward_211_Booth_54.pdf,25,"यादी भाग क्र. १४ :  डायमंड लॉज मागील झोपडपट्टी, २री पीरखान गल्ली, APfa39) खंड १,",87
BoothVoterList_A4_Ward_211_Booth_54.pdf,26,"यादी भाग क्र. १४  :  म्यु.घ.नं.५८ मुस्तफा मंझिल, WT पीरखान गल्ली, (मनिवि३१) खंड 9,",88
BoothVoterList_A4_Ward_211_Booth_54.pdf,27,"यादी भाग क्र. १४  :  म्यु.घ.नं.५६ डायमंड लॉज बिल्डिंग, २री पीरखान गल्ली, (मनिवि३१) खंड १,",88
BoothVoterList_A4_Ward_211_Booth_54.pdf,28,"यादी भाग क्र. १४  :  डायमंड लॉज मागील झोपडपट्टी, २री पीरखान गल्ली, APfa39) खंड १,",87
BoothVoterList_A4_Ward_211_Booth_54.pdf,29,"यादी भाग क्र. १४  :  म्यु.घ.नं.५८ मुस्तफा मंझिल, WT पीरखान गल्ली, (मनिवि३१) खंड 9,",88
BoothVoterList_A4_Ward_211_Booth_54.pdf,30,"यादी भाग क्र. १४  :  म्यु.घ.नं.५६ डायमंड लॉज बिल्डिंग, २री पीरखान गल्ली, (मनिवि३१) खंड १,",88
BoothVoterList_A4_Ward_211_Booth_54.pdf,31,"यादी भाग क्र. १४  :  म्यु.घ.नं.३१ सिताराम बिल्डिंग, 38 पीरखान ee, (मनिवि३०) खंड १,",79
BoothVoterList_A4_Ward_211_Booth_54.pdf,32,"यादी भाग क्र. १४  :  म्यु.घ.नं.५८ मुस्तफा मंझिल, WT पीरखान गल्ली, (मनिवि३१) खंड 9,",88
BoothVoterList_A4_Ward_211_Booth_54.pdf,33,"यादी भाग क्र. १४  :  डायमंड लॉज मागील झोपडपट्टी, २री पीरखान गल्ली, APfa39) खंड १,",87
BoothVoterList_A4_Ward_211_Booth_54.pdf,34,"यादी भाग क्र. १४  :  म्यु.घ.नं.५६ डायमंड लॉज बिल्डिंग, २री पीरखान गल्ली, (मनिवि३१) खंड १,",88
BoothVoterList_A4_Ward_211_Booth_54.pdf,35,"यादी भाग क्र. १४  :  म्यु.घ.नं.५४ साजन बिल्डिंग, २री पीरखान गल्ली, (मनिवि३१) खंड १,",88
BoothVoterList_A4_Ward_211_Booth_54.pdf,36,"यादी भाग क्र. १४  :  म्यु.घ.नं.५६ डायमंड लॉज बिल्डिंग, २री पीरखान गल्ली, (मनिवि३१) खंड १,",88
BoothVoterList_A4_Ward_211_Booth_54.pdf,37,"यादी भाग क्र. १४  :  म्यु.घ.नं. इस्माइल बिल्डिंग जवळ (म्युनसिपल कंपाऊड) झोपडी, 3 री पीरखान",88
BoothVoterList_A4_Ward_211_Booth_54.pdf,38,"यादी भाग क्र. १५  :  म्यु.घ.नं. उंद्रीया म्युनि. स्कुल, W पीरखान गल्ली, (मनिवि३१) खंड 9,",86
BoothVoterList_A4_Ward_211_Booth_55.pdf,2,"यादी भाग क्र. १६ :  म्यु.घ.नं.१ ते ७ कागलवाला बिल्डिंग, २री पीरखान गल्ली, (मनिवि३१) खंड 9,",90
BoothVoterList_A4_Ward_211_Booth_55.pdf,6,"यादी भाग क्र. १६  :  कागलवाला बिल्डिंग जवळील झोपडपटटी, २री पीरखान गल्ली, (मनिवि३१)",84
BoothVoterList_A4_Ward_211_Booth_55.pdf,7,"यादी भाग क्र. १६  :  म्यु.घ.नं.९ जुम्माशरीफ बिल्डिंग, २री पीरखान गल्ली, (मनिवि३१) खंड १,",81
BoothVoterList_A4_Ward_211_Booth_55.pdf,15,"यादी भाग क्र. १६  :  म्यु.घ.नं.६० मुस्तफा मंझिल, WT पीरखान गल्ली, (मनिवि३१) खंड १,",91
BoothVoterList_A4_Ward_211_Booth_55.pdf,16,"यादी भाग क्र. १६  :  म्यु.घ.नं.६२-६६,हुसेनी बिल्डिंग (मुस्तफा पॅलेस) , २री पीरखान लेन, (मणीवी३१",88
BoothVoterList_A4_Ward_211_Booth_55.pdf,19,"यादी भाग क्र. १६ : महिला मिलन झोपडपट्टी, W पीरखान गल्ली, (मनिवि३१) खंड १,",89
BoothVoterList_A4_Ward_211_Booth_55.pdf,22,"यादी भाग क्र. १६  :  म्यु.घ.नं.९ ते ११ दिलवर मंझिल, १ली पिरखान रोड, (मनिविइ१) खंड 9,",82
BoothVoterList_A4_Ward_211_Booth_55.pdf,26,"यादी भाग क्र. १६  :  म्यु.घ.नं.९ ते ११ पत्रा चाळ झोपडपट्टी, १ली पिरखान रोड, (मनिवि३१) खंड १,",89
BoothVoterList_A4_Ward_211_Booth_55.pdf,32,"यादी भाग क्र. १६  :  म्यु.घ.नं.९ जुम्माशरीफ बिल्डिंग, २री पीरखान गल्ली, (मनिवि३१) खंड १,",81
BoothVoterList_A4_Ward_211_Booth_55.pdf,33,"यादी भाग क्र. १६  :  म्यु.घ.नं.१ ते ७ कागलवाला बिल्डिंग, २री पीरखान गल्ली, (मनिवि३१) खंड 9,",90
BoothVoterList_A4_Ward_211_Booth_55.pdf,34,"यादी भाग क्र. १६  :  म्यु.घ.नं.९ ते ११ पत्रा चाळ झोपडपट्टी, १ली पिरखान रोड, (मनिवि३१) खंड १,",89
BoothVoterList_A4_Ward_211_Booth_55.pdf,35,"यादी भाग क्र. १६  :  म्यु.घ.नं.१ ते ७ कागलवाला बिल्डिंग, २री पीरखान गल्ली, (मनिवि३१) खंड 9,",90
BoothVoterList_A4_Ward_211_Booth_55.pdf,36,"यादी भाग क्र. १६  :  म्यु.घ.नं.९ जुम्माशरीफ बिल्डिंग, २री पीरखान गल्ली, (मनिवि३१) खंड १,",81
BoothVoterList_A4_Ward_211_Booth_55.pdf,37,"यादी भाग क्र. १६  :  म्यु.घ.नं.१ ते ७ कागलवाला बिल्डिंग, २री पीरखान गल्ली, (मनिवि३१) खंड 9,",90
BoothVoterList_A4_Ward_211_Booth_55.pdf,38,"यादी भाग क्र. १६  :  म्यु.घ.नं.९ ते ११ पत्रा चाळ झोपडपट्टी, १ली पिरखान रोड, (मनिवि३१) खंड १,",89
BoothVoterList_A4_Ward_211_Booth_55.pdf,39,"यादी भाग क्र. १६  :  म्यु.घ.नं.९ जुम्माशरीफ बिल्डिंग, २री पीरखान गल्ली, (मनिवि३१) खंड १,",81
BoothVoterList_A4_Ward_211_Booth_55.pdf,40,"यादी भाग क्र. १६  :  म्यु.घ.नं.६० मुस्तफा मंझिल, WT पीरखान गल्ली, (मनिवि३१) खंड १,",91
BoothVoterList_A4_Ward_211_Booth_55.pdf,41,"यादी भाग क्र. १६  :  म्यु.घ.नं.९ ते ११ पत्रा चाळ झोपडपट्टी, १ली पिरखान रोड, (मनिवि३१) खंड १,",89
BoothVoterList_A4_Ward_211_Booth_55.pdf,42,"यादी भाग क्र. १६  :  म्यु.घ.नं.९ जुम्माशरीफ बिल्डिंग, २री पीरखान गल्ली, (मनिवि३१) खंड १,",81
BoothVoterList_A4_Ward_211_Booth_56.pdf,2,"यादी भाग क्र. २०  :  म्यु.घ.नं.८२-८४ मज्जिद संकटधाम, डिमटीमकर रोड, ८२ ते १४४ (मनिवि३९)",91
BoothVoterList_A4_Ward_211_Booth_56.pdf,3,"यादी भाग क्र. २०  :  म्यु.घ.नं.९६ हाजी बिल्डींग, डिमटीमकर Us, ८२ ते १४४ (मनिवि३९) खंड 4,",89
BoothVoterList_A4_Ward_211_Booth_56.pdf,15,"यादी भाग क्र. २०  :  म्यु.घ.नं.हाजी बिल्डींग जवळील झोपडी, डिमटीमकर रोड, ८२ ते १४४",93
BoothVoterList_A4_Ward_211_Booth_56.pdf,16,"यादी भाग क्र. २०  :  म्यु.घ.नं.१०२-११६ नुरानी पटेल बिल्डिंग, डिमटीमकर रोड, ८२ ते १४४",93
BoothVoterList_A4_Ward_211_Booth_56.pdf,23,"यादी भाग क्र. २०  :  म्यु.घ.नं.१०२ ते १०६ नुरानी पटेल बिल्डींग जवळील झोपडपटटी, डिमटीमकर",90
BoothVoterList_A4_Ward_211_Booth_56.pdf,24,"यादी भाग क्र. २०  :  म्यु.घ.नं.११८-१४२ रझाक मंझील, डिमटीमकर Us, ८२ ते १४४ (मनिवि३९) खंड",84
BoothVoterList_A4_Ward_211_Booth_56.pdf,39,"यादी भाग क्र. 20  :  म्यु.घ.नं.१४४ बूटवाला बिल्डींग, डिमटीमकर रोड, ८२ ते १४४ (मनिवि३९) खंड",87
BoothVoterList_A4_Ward_211_Booth_56.pdf,43,"यादी भाग क्र. २०  :  म्यु.घ.नं. बॉम्बे रेस्टॉरंट समोरील झोपडया, डिमटीमकर रोड, ८२ ते १४४",92
BoothVoterList_A4_Ward_211_Booth_56.pdf,45,"यादी भाग क्र. २०  :  म्यु.घ.नं. बॉम्बे रेस्टॉरंट समोरील झोपडया, डिमटीमकर रोड, ८२ ते १४४",93
BoothVoterList_A4_Ward_211_Booth_56.pdf,46,"यादी भाग क्र. २०  :  म्यु.घ.नं.१०२-११६ नुरानी पटेल बिल्डिंग, डिमटीमकर रोड, ८२ ते १४४",93
BoothVoterList_A4_Ward_211_Booth_56.pdf,47,"यादी भाग क्र. २०  :  म्यु.घ.नं.हाजी बिल्डींग जवळील झोपडी, डिमटीमकर रोड, ८२ ते १४४",93
BoothVoterList_A4_Ward_211_Booth_56.pdf,48,"यादी भाग क्र. २०  :  म्यु.घ.नं.९६ हाजी बिल्डींग, डिमटीमकर Us, ८२ ते १४४ (मनिवि३९) खंड 4,",89
BoothVoterList_A4_Ward_211_Booth_56.pdf,49,"यादी भाग क्र. २०  :  म्यु.घ.नं.१०२-११६ नुरानी पटेल बिल्डिंग, डिमटीमकर रोड, ८२ ते १४४",93
BoothVoterList_A4_Ward_211_Booth_56.pdf,50,"यादी भाग क्र. २०  :  म्यु.घ.नं.९६ हाजी बिल्डींग, डिमटीमकर Us, ८२ ते १४४ (मनिवि३९) खंड 4,",89
BoothVoterList_A4_Ward_211_Booth_56.pdf,51,"यादी भाग क्र. 20  :  म्यु.घ.नं.१४४ बूटवाला बिल्डींग, डिमटीमकर रोड, ८२ ते १४४ (मनिवि३९) खंड",87
BoothVoterList_A4_Ward_211_Booth_56.pdf,52,"यादी भाग क्र. २०  :  म्यु.घ.नं.१०२-११६ नुरानी पटेल बिल्डिंग, डिमटीमकर रोड, ८२ ते १४४",93
BoothVoterList_A4_Ward_211_Booth_56.pdf,53,"यादी भाग क्र. २०  :  म्यु.घ.नं.९६ हाजी बिल्डींग, डिमटीमकर Us, ८२ ते १४४ (मनिवि३९) खंड 4,",89
BoothVoterList_A4_Ward_211_Booth_56.pdf,54,"यादी भाग क्र. 20  :  म्यु.घ.नं.१४४ बूटवाला बिल्डींग, डिमटीमकर रोड, ८२ ते १४४ (मनिवि३९) खंड",87
BoothVoterList_A4_Ward_211_Booth_56.pdf,55,"यादी भाग क्र. २०  :  म्यु.घ.नं.१०२-११६ नुरानी पटेल बिल्डिंग, डिमटीमकर रोड, ८२ ते १४४",93
BoothVoterList_A4_Ward_211_Booth_56.pdf,56,"यादी भाग क्र. २०  :  म्यु.घ.नं.११८-१४२ रझाक मंझील, डिमटीमकर Us, ८२ ते १४४ (मनिवि३९) खंड",84
BoothVoterList_A4_Ward_211_Booth_56.pdf,57,"यादी भाग क्र. २०  :  म्यु.घ.नं.१०२-११६ नुरानी पटेल बिल्डिंग, डिमटीमकर रोड, ८२ ते १४४",93
BoothVoterList_A4_Ward_211_Booth_56.pdf,58,"यादी भाग क्र. २०  :  म्यु.घ.नं.११८-१४२ रझाक मंझील, डिमटीमकर Us, ८२ ते १४४ (मनिवि३९) खंड",84
BoothVoterList_A4_Ward_211_Booth_56.pdf,59,"यादी भाग क्र. २०  :  म्यु.घ.नं.९६ हाजी बिल्डींग, डिमटीमकर Us, ८२ ते १४४ (मनिवि३९) खंड 4,",89
BoothVoterList_A4_Ward_211_Booth_56.pdf,60,"यादी भाग क्र. २०  :  म्यु.घ.नं.१०२-११६ नुरानी पटेल बिल्डिंग, डिमटीमकर रोड, ८२ ते १४४",93
BoothVoterList_A4_Ward_211_Booth_56.pdf,61,"यादी भाग क्र. २०  :  म्यु.घ.नं.११८-१४२ रझाक मंझील, डिमटीमकर Us, ८२ ते १४४ (मनिवि३९) खंड",84
BoothVoterList_A4_Ward_211_Booth_57.pdf,2,"यादी भाग क्र. ३७  :  म्यु.घ.नं.३४६ हिराणी गोविंदजी बिल्डींग नं.२, सर जमशेदजी जिजीभॉय रोड,",91
BoothVoterList_A4_Ward_211_Booth_57.pdf,11,"यादी भाग क्र. ७६  :  दावूदी बोहरा ट्रस्ट (पत्राशेड बि), सर जे.जी. रोड, 368-830 (म.नि.वि.३१),",86
BoothVoterList_A4_Ward_211_Booth_57.pdf,19,"यादी भाग क्र. ७६  :  म्यु.घ.नं.३९६ अक्रेडीया बिल्डिंग, सर जे. जे. रोड, ३८४-४३० (म.ण.वी ३१)",86
BoothVoterList_A4_Ward_211_Booth_57.pdf,23,"यादी भाग क्र. ७६  :  म्यु.घ.नं.३९६ अक्रेडिया बिल्डिंग बी. ब्लॉक, सर जे.जी. रोड, ३८४-४३०",86
BoothVoterList_A4_Ward_211_Booth_57.pdf,25,"यादी भाग क्र. ७६  :  म्यु.घ.नं.४१२ आदिल हाऊस, सर जे.जी. रोड, ३८४-४३० (म.नि.वि.३१) खंड 9,",92
BoothVoterList_A4_Ward_211_Booth_57.pdf,27,"यादी भाग क्र. ७६  :  म्यु.घ.नं.४२० ते ४२२ मेरी महल, सर जे.जी. रोड, ३८४-४३० (म.नि.वि.३१) खंड",91
BoothVoterList_A4_Ward_211_Booth_57.pdf,30,"यादी भाग क्र. ७६  : म्यु.घ.न.४२४ ते ४३० डायमंड कटर बिल्डींग, सर जे.जी. रोड, ३८४-४३०",93
BoothVoterList_A4_Ward_211_Booth_57.pdf,34,"यादी भाग क्र. ७६  :  म्यु.घ.नं.२८-२९ डायमंड कटर, टेमकर स्ट्रीट, म्यु.घ.नं.४ ते 42 (म.नि.वि.३०)",87
BoothVoterList_A4_Ward_211_Booth_57.pdf,35,"यादी भाग क्र. ७६  :  382-382 डी. युनायटेड अपार्टमेंट, सर जे. जे. रोड, न्यु नागपाडा, मुंबई",91
BoothVoterList_A4_Ward_211_Booth_57.pdf,39,"यादी भाग क्र. ७६  : म्यु.घ.न.४२४ ते ४३० डायमंड कटर बिल्डींग, सर जे.जी. रोड, ३८४-४३०",93
BoothVoterList_A4_Ward_211_Booth_57.pdf,40,"यादी भाग क्र. ७६  :  म्यु.घ.नं.३९६ अक्रेडीया बिल्डिंग, सर जे. जे. रोड, ३८४-४३० (म.ण.वी ३१)",86
BoothVoterList_A4_Ward_211_Booth_57.pdf,41,"यादी भाग क्र. ७६  :  म्यु.घ.नं.४१२ आदिल हाऊस, सर जे.जी. रोड, ३८४-४३० (म.नि.वि.३१) खंड 9,",92
BoothVoterList_A4_Ward_211_Booth_57.pdf,42,"यादी भाग क्र. ७६  :  म्यु.घ.नं.३९६ अक्रेडीया बिल्डिंग, सर जे. जे. रोड, ३८४-४३० (म.ण.वी ३१)",86
BoothVoterList_A4_Ward_211_Booth_57.pdf,43,"यादी भाग क्र. ७६  :  दावूदी बोहरा ट्रस्ट (पत्राशेड बि), सर जे.जी. रोड, 368-830 (म.नि.वि.३१),",86
BoothVoterList_A4_Ward_211_Booth_57.pdf,44,"यादी भाग क्र. ७६  :  382-382 डी. युनायटेड अपार्टमेंट, सर जे. जे. रोड, न्यु नागपाडा, मुंबई",91
BoothVoterList_A4_Ward_211_Booth_57.pdf,45,"यादी भाग क्र. ७६  :  म्यु.घ.नं.४१२ आदिल हाऊस, सर जे.जी. रोड, ३८४-४३० (म.नि.वि.३१) खंड 9,",92
BoothVoterList_A4_Ward_211_Booth_57.pdf,46,"यादी भाग क्र. ७६  :  म्यु.घ.नं.३९६ अक्रेडीया बिल्डिंग, सर जे. जे. रोड, ३८४-४३० (म.ण.वी ३१)",86
BoothVoterList_A4_Ward_211_Booth_57.pdf,47,"यादी भाग क्र. ७६  :  382-382 डी. युनायटेड अपार्टमेंट, सर जे. जे. रोड, न्यु नागपाडा, मुंबई",91
BoothVoterList_A4_Ward_211_Booth_57.pdf,48,"यादी भाग क्र. ७६  :  म्यु.घ.नं.३९६ अक्रेडीया बिल्डिंग, सर जे. जे. रोड, ३८४-४३० (म.ण.वी ३१)",86
BoothVoterList_A4_Ward_211_Booth_57.pdf,49,"यादी भाग क्र. ७६  :  382-382 डी. युनायटेड अपार्टमेंट, सर जे. जे. रोड, न्यु नागपाडा, मुंबई",91
BoothVoterList_A4_Ward_211_Booth_57.pdf,50,"यादी भाग क्र. ७६  :  म्यु.घ.नं.४२० ते ४२२ मेरी महल, सर जे.जी. रोड, ३८४-४३० (म.नि.वि.३१) खंड",91
BoothVoterList_A4_Ward_211_Booth_57.pdf,51,"यादी भाग क्र. ७६  :  म्यु.घ.नं.४१२ आदिल हाऊस, सर जे.जी. रोड, ३८४-४३० (म.नि.वि.३१) खंड 9,",92
BoothVoterList_A4_Ward_211_Booth_57.pdf,52,"यादी भाग क्र. ७६  :  म्यु.घ.नं.३९६ अक्रेडीया बिल्डिंग, सर जे. जे. रोड, ३८४-४३० (म.ण.वी ३१)",86
BoothVoterList_A4_Ward_211_Booth_57.pdf,53,"यादी भाग क्र. ७६  : म्यु.घ.न.४२४ ते ४३० डायमंड कटर बिल्डींग, सर जे.जी. रोड, ३८४-४३०",93
BoothVoterList_A4_Ward_211_Booth_57.pdf,54,"यादी भाग क्र. ७६  :  दावूदी बोहरा ट्रस्ट (पत्राशेड बि), सर जे.जी. रोड, 368-830 (म.नि.वि.३१),",86
BoothVoterList_A4_Ward_211_Booth_57.pdf,55,"यादी भाग क्र. ७६  :  382-382 डी. युनायटेड अपार्टमेंट, सर जे. जे. रोड, न्यु नागपाडा, मुंबई",91
BoothVoterList_A4_Ward_211_Booth_57.pdf,56,"यादी भाग क्र. ७६  : म्यु.घ.न.४२४ ते ४३० डायमंड कटर बिल्डींग, सर जे.जी. रोड, ३८४-४३०",93
BoothVoterList_A4_Ward_211_Booth_57.pdf,57,"यादी भाग क्र. ७६  :  दावूदी बोहरा ट्रस्ट (पत्राशेड बि), सर जे.जी. रोड, 368-830 (म.नि.वि.३१),",86
BoothVoterList_A4_Ward_211_Booth_57.pdf,58,"यादी भाग क्र. ७६  :  म्यु.घ.नं.४१२ आदिल हाऊस, सर जे.जी. रोड, ३८४-४३० (म.नि.वि.३१) खंड 9,",92
BoothVoterList_A4_Ward_211_Booth_57.pdf,59,"यादी भाग क्र. ७६  :  दावूदी बोहरा ट्रस्ट (पत्राशेड बि), सर जे.जी. रोड, 368-830 (म.नि.वि.३१),",86
BoothVoterList_A4_Ward_211_Booth_57.pdf,60,"यादी भाग क्र. ७६  :  म्यु.घ.नं.३९६ अक्रेडीया बिल्डिंग, सर जे. जे. रोड, ३८४-४३० (म.ण.वी ३१)",86
BoothVoterList_A4_Ward_211_Booth_57.pdf,61,"यादी भाग क्र. ७७  :  म्यु.घ.नं.३४० यहुदी चाळ, सर जमशेदजी जिजीभॉय रोड, ३४० ते ३४६ (मनिवि",92
BoothVoterList_A4_Ward_211_Booth_57.pdf,62,"यादी भाग क्र. ७७  :  म्यु.घ.नं.३४० यहुदी चाळ TAR, सर जमशेदजी जिजीभॉय रोड, ३४० ते ३४६",90
BoothVoterList_A4_Ward_211_Booth_57.pdf,63,"यादी भाग क्र. ७७  :  म्यु.घ.नं.३४४ हिराणी बिल्डींग नं.१, सर जमशेदजी जिजीभॉय Ws, ३४० ते ३४६",92
BoothVoterList_A4_Ward_211_Booth_57.pdf,64,"यादी भाग क्र. ७७  :  हिरजी नागोरी गोविंदजी बिल्डींग जवळील झोपडपट्टी, सर जमशेदजी",93
BoothVoterList_A4_Ward_211_Booth_57.pdf,65,"यादी भाग क्र. ७७  :  सर जेकब ससून हायस्कूल, सर जमशेदजी जिजीभॉय रोड, ३४० ते ३४६ (मनिवि",90
BoothVoterList_A4_Ward_211_Booth_57.pdf,66,"यादी भाग क्र. ७७  :  म्यु.घ.नं.१३-१९ पेठा पुरावाला बिल्डींग, ४ थी पिरखान रोड, (मनिवि ३१) खंड 9,",92
BoothVoterList_A4_Ward_211_Booth_57.pdf,72,"यादी भाग क्र. ७७  :  म्यु.घ.नं.१९ देवजी धारजी बिल्डींग, ४ थी पिरखान रोड, (मनिवि 39) खंड १,",89
BoothVoterList_A4_Ward_211_Booth_57.pdf,76,"यादी भाग क्र. ७७  :  म्यु.घ.नं.३१-३५ जोहरा 4AM, ४ थी पिरखान रोड, (मनिवि 39) खंड १, मुंबई",89
BoothVoterList_A4_Ward_211_Booth_57.pdf,79,"यादी भाग क्र. ७७  :  १४-२६ loses मंदिर जवळील झोपडपटटी, ४ थी पिरखान रोड, (मनिवि ३१)",88
BoothVoterList_A4_Ward_211_Booth_57.pdf,80,"यादी भाग क्र. ७७  :  जे.जे.रोड दुकान गल्ली (ज्युस सेंटर), ४ थी पिरखान रोड, (मनिवि ३१) खंड १,",93
BoothVoterList_A4_Ward_211_Booth_57.pdf,81,"यादी भाग क्र. ७७  :  म्यु.घ.नं.१३-१९ पेठा पुरावाला बिल्डींग, ४ थी पिरखान रोड, (मनिवि ३१) खंड 9,",92
BoothVoterList_A4_Ward_211_Booth_57.pdf,82,"यादी भाग क्र. ७७  :  म्यु.घ.नं.३१-३५ जोहरा 4AM, ४ थी पिरखान रोड, (मनिवि 39) खंड १, मुंबई",89
BoothVoterList_A4_Ward_211_Booth_57.pdf,83,"यादी भाग क्र. ७७  :  म्यु.घ.नं.१३-१९ पेठा पुरावाला बिल्डींग, ४ थी पिरखान रोड, (मनिवि ३१) खंड 9,",92
BoothVoterList_A4_Ward_211_Booth_58.pdf,2,"यादी भाग क्र. ८६  :  ९०-बी. बी.आय.टी. चाळ 4.99 (संकल्प-१७ गृहनिर्माण संस्था मर्या), Aa",75
BoothVoterList_A4_Ward_211_Booth_58.pdf,12,"यादी भाग क्र. ८६  :  म्यु.घ.नं.९०-बी. बी.आय.टी. चाळ नं.१८, सोफिया FN रोड, ९०बी ते ९०सी",89
BoothVoterList_A4_Ward_211_Booth_58.pdf,26,"यादी भाग क्र. ८६  :  म्यु.घ.नं.९० ए बी.आय.टी चाळ नं.१७ व १८ मगल झोपडपट्टी, सोफिया झुबेर",91
BoothVoterList_A4_Ward_211_Booth_58.pdf,27,"यादी भाग क्र. ८६  :  राजकमल प्राइड, गणेश मंच मार्ग, सोफिया Wax रोड, मुंबई मध्य, मुंबई",91
BoothVoterList_A4_Ward_211_Booth_58.pdf,28,"यादी भाग क्र. ८६  :  ९०-बी. बी.आय.टी. चाळ 4.99 (संकल्प-१७ गृहनिर्माण संस्था मर्या), Aa",75
BoothVoterList_A4_Ward_211_Booth_58.pdf,29,"यादी भाग क्र. ८६  :  म्यु.घ.नं.९०-बी. बी.आय.टी. चाळ नं.१८, सोफिया FN रोड, ९०बी ते ९०सी",89
BoothVoterList_A4_Ward_211_Booth_58.pdf,30,"यादी भाग क्र. ८६  :  ९०-बी. बी.आय.टी. चाळ 4.99 (संकल्प-१७ गृहनिर्माण संस्था मर्या), Aa",75
BoothVoterList_A4_Ward_211_Booth_58.pdf,31,"यादी भाग क्र. ८६  :  राजकमल प्राइड, गणेश मंच मार्ग, सोफिया Wax रोड, मुंबई मध्य, मुंबई",91
BoothVoterList_A4_Ward_211_Booth_58.pdf,32,"यादी भाग क्र. ८६  :  म्यु.घ.नं.९०-बी. बी.आय.टी. चाळ नं.१८, सोफिया FN रोड, ९०बी ते ९०सी",89
BoothVoterList_A4_Ward_211_Booth_58.pdf,33,"यादी भाग क्र. ८६  :  ९०-बी. बी.आय.टी. चाळ 4.99 (संकल्प-१७ गृहनिर्माण संस्था मर्या), Aa",75
BoothVoterList_A4_Ward_211_Booth_58.pdf,34,"यादी भाग क्र. ८६  :  म्यु.घ.नं.९०-बी. बी.आय.टी. चाळ नं.१८, सोफिया FN रोड, ९०बी ते ९०सी",89
BoothVoterList_A4_Ward_211_Booth_58.pdf,35,"यादी भाग क्र. ८६  :  ९०-बी. बी.आय.टी. चाळ 4.99 (संकल्प-१७ गृहनिर्माण संस्था मर्या), Aa",75
BoothVoterList_A4_Ward_211_Booth_58.pdf,36,"यादी भाग क्र. ८६  :  म्यु.घ.नं.९०-बी. बी.आय.टी. चाळ नं.१८, सोफिया FN रोड, ९०बी ते ९०सी",89
BoothVoterList_A4_Ward_211_Booth_58.pdf,37,"यादी भाग क्र. ८६  :  राजकमल प्राइड, गणेश मंच मार्ग, सोफिया Wax रोड, मुंबई मध्य, मुंबई",91
BoothVoterList_A4_Ward_211_Booth_58.pdf,38,"यादी भाग क्र. ८६  :  म्यु.घ.नं.९०-बी. बी.आय.टी. चाळ नं.१८, सोफिया FN रोड, ९०बी ते ९०सी",89
BoothVoterList_A4_Ward_211_Booth_58.pdf,39,"यादी भाग क्र. ८६  :  राजकमल प्राइड, गणेश मंच मार्ग, सोफिया Wax रोड, मुंबई मध्य, मुंबई",91
BoothVoterList_A4_Ward_211_Booth_58.pdf,40,"यादी भाग क्र. ८६  :  म्यु.घ.नं.९०-बी. बी.आय.टी. चाळ नं.१८, सोफिया FN रोड, ९०बी ते ९०सी",89
BoothVoterList_A4_Ward_211_Booth_58.pdf,41,"यादी भाग क्र. ८६  :  राजकमल प्राइड, गणेश मंच मार्ग, सोफिया Wax रोड, मुंबई मध्य, मुंबई",91
BoothVoterList_A4_Ward_211_Booth_58.pdf,42,"यादी भाग क्र. ८६  :  म्यु.घ.नं.९०-बी. बी.आय.टी. चाळ नं.१८, सोफिया FN रोड, ९०बी ते ९०सी",89
BoothVoterList_A4_Ward_211_Booth_58.pdf,43,"यादी भाग क्र. ८६  :  राजकमल प्राइड, गणेश मंच मार्ग, सोफिया Wax रोड, मुंबई मध्य, मुंबई",91
BoothVoterList_A4_Ward_211_Booth_58.pdf,44,"यादी भाग क्र. ८६  :  ९०-बी. बी.आय.टी. चाळ 4.99 (संकल्प-१७ गृहनिर्माण संस्था मर्या), Aa",75
BoothVoterList_A4_Ward_211_Booth_58.pdf,45,"यादी भाग क्र. ८६  :  राजकमल प्राइड, गणेश मंच मार्ग, सोफिया Wax रोड, मुंबई मध्य, मुंबई",91
BoothVoterList_A4_Ward_211_Booth_58.pdf,46,"यादी भाग क्र. ८६  :  ९०-बी. बी.आय.टी. चाळ 4.99 (संकल्प-१७ गृहनिर्माण संस्था मर्या), Aa",75
BoothVoterList_A4_Ward_211_Booth_58.pdf,47,"यादी भाग क्र. ८६  :  राजकमल प्राइड, गणेश मंच मार्ग, सोफिया Wax रोड, मुंबई मध्य, मुंबई",91
BoothVoterList_A4_Ward_211_Booth_59.pdf,2,"यादी भाग क्र. ८७  :  म्यु.घ.नं.९० ए बी आय.टी.चाळ 4.92, सोफीया झुबेर रोड, ९०ए ते एस.पी. रोड",90
BoothVoterList_A4_Ward_211_Booth_59.pdf,23,"यादी भाग क्र. ८७  :  म्यु.घ.नं.२२ खान मंझिल, डिमटिमकर रोड, २२ ते ६२ (मनिवि ३१) खंड १, मुंबई",89
BoothVoterList_A4_Ward_211_Booth_59.pdf,30,"यादी भाग क्र. ८७  :  म्यु.घ.नं.३६-४८ नुरजहॉ AM, डिमटिमकर रोड, २२ ते ६२ (मनिवि 39) खंड",80
BoothVoterList_A4_Ward_211_Booth_59.pdf,36,"यादी भाग क्र. ८७  :  म्यु.घ.नं.४२ रोशन बिल्डींग, डिमटिमकर रोड, २२ ते ६२ (मनिवि 39) खंड १,",90
BoothVoterList_A4_Ward_211_Booth_59.pdf,37,"यादी भाग क्र. ८७  :  म्यु.घ.नं.५०-६२ हबीब मंझिल, डिमटिमकर रोड, 22 ते ६२ (मनिवि 39) खंड १,",89
BoothVoterList_A4_Ward_211_Booth_59.pdf,41,"यादी भाग क्र. ८७  :  म्यु.घ.नं.३६-४८ आफियाह हाईट्स को-ऑप. ERAT सोसाइटी, डिमटिमकर",87
BoothVoterList_A4_Ward_211_Booth_59.pdf,47,"यादी भाग क्र. ८७  :  म्यु.घ.नं.९० ए बी आय.टी.चाळ 4.92, सोफीया झुबेर रोड, ९०ए ते एस.पी. रोड",90
BoothVoterList_A4_Ward_211_Booth_59.pdf,48,"यादी भाग क्र. ८७  :  म्यु.घ.नं.३६-४८ आफियाह हाईट्स को-ऑप. ERAT सोसाइटी, डिमटिमकर",87
BoothVoterList_A4_Ward_211_Booth_59.pdf,49,"यादी भाग क्र. ८७  :  म्यु.घ.नं.९० ए बी आय.टी.चाळ 4.92, सोफीया झुबेर रोड, ९०ए ते एस.पी. रोड",90
BoothVoterList_A4_Ward_211_Booth_59.pdf,50,"यादी भाग क्र. ८७  :  म्यु.घ.नं.३६-४८ आफियाह हाईट्स को-ऑप. ERAT सोसाइटी, डिमटिमकर",87
BoothVoterList_A4_Ward_211_Booth_59.pdf,51,"यादी भाग क्र. ८७  :  म्यु.घ.नं.२२ खान मंझिल, डिमटिमकर रोड, २२ ते ६२ (मनिवि ३१) खंड १, मुंबई",89
BoothVoterList_A4_Ward_211_Booth_59.pdf,52,"यादी भाग क्र. ८७  :  म्यु.घ.नं.३६-४८ आफियाह हाईट्स को-ऑप. ERAT सोसाइटी, डिमटिमकर",87
BoothVoterList_A4_Ward_211_Booth_59.pdf,53,"यादी भाग क्र. ८७  :  म्यु.घ.नं.९० ए बी आय.टी.चाळ 4.92, सोफीया झुबेर रोड, ९०ए ते एस.पी. रोड",90
BoothVoterList_A4_Ward_211_Booth_59.pdf,54,"यादी भाग क्र. ८७  :  म्यु.घ.नं.३६-४८ आफियाह हाईट्स को-ऑप. ERAT सोसाइटी, डिमटिमकर",87
BoothVoterList_A4_Ward_211_Booth_59.pdf,55,"यादी भाग क्र. ८७  :  म्यु.घ.नं.९० ए बी आय.टी.चाळ 4.92, सोफीया झुबेर रोड, ९०ए ते एस.पी. रोड",90
BoothVoterList_A4_Ward_211_Booth_59.pdf,56,"यादी भाग क्र. ८७  :  म्यु.घ.नं.३६-४८ आफियाह हाईट्स को-ऑप. ERAT सोसाइटी, डिमटिमकर",87
BoothVoterList_A4_Ward_211_Booth_59.pdf,57,"यादी भाग क्र. ८७  :  म्यु.घ.नं.९० ए बी आय.टी.चाळ 4.92, सोफीया झुबेर रोड, ९०ए ते एस.पी. रोड",90
BoothVoterList_A4_Ward_211_Booth_59.pdf,58,"यादी भाग क्र. ८७  :  म्यु.घ.नं.३६-४८ आफियाह हाईट्स को-ऑप. ERAT सोसाइटी, डिमटिमकर",87
BoothVoterList_A4_Ward_211_Booth_59.pdf,59,"यादी भाग क्र. ८७  :  म्यु.घ.नं.९० ए बी आय.टी.चाळ 4.92, सोफीया झुबेर रोड, ९०ए ते एस.पी. रोड",90
BoothVoterList_A4_Ward_211_Booth_59.pdf,60,"यादी भाग क्र. ८७  :  म्यु.घ.नं.३६-४८ आफियाह हाईट्स को-ऑप. ERAT सोसाइटी, डिमटिमकर",87
BoothVoterList_A4_Ward_211_Booth_59.pdf,61,"यादी भाग क्र. ८७  :  म्यु.घ.नं.९० ए बी आय.टी.चाळ 4.92, सोफीया झुबेर रोड, ९०ए ते एस.पी. रोड",90
BoothVoterList_A4_Ward_211_Booth_59.pdf,62,"यादी भाग क्र. ८७  :  म्यु.घ.नं.५०-६२ हबीब मंझिल, डिमटिमकर रोड, 22 ते ६२ (मनिवि 39) खंड १,",89
BoothVoterList_A4_Ward_211_Booth_59.pdf,63,"यादी भाग क्र. ८७  :  म्यु.घ.नं.३६-४८ आफियाह हाईट्स को-ऑप. ERAT सोसाइटी, डिमटिमकर",87
BoothVoterList_A4_Ward_211_Booth_6.pdf,2,"यादी भाग क्र. १४०  :  आदम सिद्दीकी चाळ 9, पहिला घेलाभाई रोड,",92
BoothVoterList_A4_Ward_211_Booth_6.pdf,7,"यादी भाग क्र. १४०  :  मौलाना सलिम चाळ 9, पहिला घेलाभाई रोड,",91
BoothVoterList_A4_Ward_211_Booth_6.pdf,9,"यादी भाग क्र. १४०  :  बखार चाळ१, पहिला घेलाभाई रोड,",88
BoothVoterList_A4_Ward_211_Booth_6.pdf,21,"यादी भाग क्र. १४०  :  काझी चाळ 4, पहिला घेलाभाई रोड,",91
BoothVoterList_A4_Ward_211_Booth_6.pdf,28,"यादी भाग क्र. १४०  :  TAR चाळ १-९ बी१, पहिला घेलाभाई रोड,",90
BoothVoterList_A4_Ward_211_Booth_6.pdf,29,"यादी भाग क्र. १४०  :  बखार चाळ, पहिला घेलाभाई रोड,",92
BoothVoterList_A4_Ward_211_Booth_6.pdf,30,"यादी भाग क्र. १४०  :  रेहमानी टॉवर, मोहम्मद उमर रज्जब रोड,",93
BoothVoterList_A4_Ward_211_Booth_7.pdf,2,"यादी भाग क्र. १४०  :  इस्माईल पॅलेस, पहिला घेलाभाई रोड,",92
BoothVoterList_A4_Ward_211_Booth_7.pdf,6,"यादी भाग क्र. १४०  :  म्यु.घ.नं.२१२-२१४, सुरतवाला बिल्डिंग, मौलाना आझाद रोड,",89
BoothVoterList_A4_Ward_211_Booth_7.pdf,9,"यादी भाग क्र. १४०  :  म्यु.घ.नं.२१६, ए.सी.लोहे की चाळ, मौलाना आझाद रोड, ARRAS रोड),",89
BoothVoterList_A4_Ward_211_Booth_7.pdf,13,"यादी भाग क्र. १४०  :  आदम सिद्दीकी चाळ 9, पहिला घेलाभाई रोड,",92
BoothVoterList_A4_Ward_211_Booth_7.pdf,14,"यादी भाग क्र. १४०  :  बखार चाळ१, पहिला घेलाभाई रोड,",88
BoothVoterList_A4_Ward_211_Booth_7.pdf,15,"यादी भाग क्र. १४०  :  म्यु.घ.नं.२१६, ए.सी.लोहे की चाळ, मौलाना आझाद रोड, ARRAS रोड),",89
BoothVoterList_A4_Ward_211_Booth_7.pdf,16,"यादी भाग क्र. १४०  :  इस्माईल पॅलेस, पहिला घेलाभाई रोड,",92
BoothVoterList_A4_Ward_211_Booth_7.pdf,17,"यादी भाग क्र. १४०  :  बखार चाळ१, पहिला घेलाभाई रोड,",88
BoothVoterList_A4_Ward_211_Booth_7.pdf,18,"यादी भाग क्र. १४०  :  रेहमानी टॉवर, मोहम्मद उमर रज्जब रोड,",93
BoothVoterList_A4_Ward_211_Booth_7.pdf,19,"यादी भाग क्र. १४०  :  इस्माईल पॅलेस, पहिला घेलाभाई रोड,",92
BoothVoterList_A4_Ward_211_Booth_7.pdf,20,"यादी भाग क्र. १४०  :  म्यु.घ.नं.२१६, ए.सी.लोहे की चाळ, मौलाना आझाद रोड, ARRAS रोड),",89
BoothVoterList_A4_Ward_211_Booth_7.pdf,21,"यादी भाग क्र. १४०  :  इस्माईल पॅलेस, पहिला घेलाभाई रोड,",92
BoothVoterList_A4_Ward_211_Booth_7.pdf,22,"यादी भाग क्र. १४०  :  TAR चाळ १-९ बी१, पहिला घेलाभाई रोड,",90
BoothVoterList_A4_Ward_211_Booth_7.pdf,23,"यादी भाग क्र. १४०  :  इस्माईल पॅलेस, पहिला घेलाभाई रोड,",92
BoothVoterList_A4_Ward_211_Booth_7.pdf,24,"यादी भाग क्र. १४०  :  आदम सिद्दीकी चाळ 9, पहिला घेलाभाई रोड,",92
BoothVoterList_A4_Ward_211_Booth_7.pdf,25,"यादी भाग क्र. १४०  :  काझी चाळ 4, पहिला घेलाभाई रोड,",91
BoothVoterList_A4_Ward_211_Booth_7.pdf,26,"यादी भाग क्र. १४०  :  TAR चाळ १-९ बी१, पहिला घेलाभाई रोड,",90
BoothVoterList_A4_Ward_211_Booth_7.pdf,27,"यादी भाग क्र. १४०  :  बखार चाळ१, पहिला घेलाभाई रोड,",88
BoothVoterList_A4_Ward_211_Booth_7.pdf,28,"यादी भाग क्र. १४०  :  काझी चाळ 4, पहिला घेलाभाई रोड,",91
BoothVoterList_A4_Ward_211_Booth_7.pdf,29,"यादी भाग क्र. १४०  :  बखार चाळ, पहिला घेलाभाई रोड,",92
BoothVoterList_A4_Ward_211_Booth_7.pdf,30,"यादी भाग क्र. १४०  :  काझी चाळ 4, पहिला घेलाभाई रोड,",91
BoothVoterList_A4_Ward_211_Booth_7.pdf,31,"यादी भाग क्र. १४०  :  म्यु.घ.नं.२१२-२१४, सुरतवाला बिल्डिंग, मौलाना आझाद रोड,",89
BoothVoterList_A4_Ward_211_Booth_7.pdf,32,"यादी भाग क्र. १४०  :  आदम सिद्दीकी चाळ 9, पहिला घेलाभाई रोड,",92
BoothVoterList_A4_Ward_211_Booth_7.pdf,33,"यादी भाग क्र. १४०  :  मौलाना सलिम चाळ 9, पहिला घेलाभाई रोड,",91
BoothVoterList_A4_Ward_211_Booth_7.pdf,34,"यादी भाग क्र. १४०  :  आदम सिद्दीकी चाळ 9, पहिला घेलाभाई रोड,",92
BoothVoterList_A4_Ward_211_Booth_7.pdf,35,"यादी भाग क्र. १४०  :  मौलाना सलिम चाळ 9, पहिला घेलाभाई रोड,",91
BoothVoterList_A4_Ward_211_Booth_7.pdf,36,"यादी भाग क्र. १४०  :  आदम सिद्दीकी चाळ 9, पहिला घेलाभाई रोड,",92
BoothVoterList_A4_Ward_211_Booth_7.pdf,37,"यादी भाग क्र. १४०  :  बखार चाळ१, पहिला घेलाभाई रोड,",88
BoothVoterList_A4_Ward_211_Booth_7.pdf,38,"यादी भाग क्र. १४०  :  आदम सिद्दीकी चाळ 9, पहिला घेलाभाई रोड,",92
BoothVoterList_A4_Ward_211_Booth_7.pdf,39,"यादी भाग क्र. १४०  :  TAR चाळ १-९ बी१, पहिला घेलाभाई रोड,",90
BoothVoterList_A4_Ward_211_Booth_7.pdf,40,"यादी भाग क्र. १४०  :  काझी चाळ 4, पहिला घेलाभाई रोड,",91
BoothVoterList_A4_Ward_211_Booth_7.pdf,41,"यादी भाग क्र. १४०  :  TAR चाळ १-९ बी१, पहिला घेलाभाई रोड,",90
BoothVoterList_A4_Ward_211_Booth_7.pdf,42,"यादी भाग क्र. १४०  :  बखार चाळ१, पहिला घेलाभाई रोड,",88
BoothVoterList_A4_Ward_211_Booth_7.pdf,43,"यादी भाग क्र. १४०  :  आदम सिद्दीकी चाळ 9, पहिला घेलाभाई रोड,",92
BoothVoterList_A4_Ward_211_Booth_7.pdf,44,"यादी भाग क्र. १४०  :  काझी चाळ 4, पहिला घेलाभाई रोड,",91
BoothVoterList_A4_Ward_211_Booth_7.pdf,45,"यादी भाग क्र. १४०  :  आदम सिद्दीकी चाळ 9, पहिला घेलाभाई रोड,",92
BoothVoterList_A4_Ward_211_Booth_7.pdf,46,"यादी भाग क्र. १४०  :  बखार चाळ१, पहिला घेलाभाई रोड,",88
BoothVoterList_A4_Ward_211_Booth_7.pdf,47,"यादी भाग क्र. १४०  :  मौलाना सलिम चाळ 9, पहिला घेलाभाई रोड,",91
BoothVoterList_A4_Ward_211_Booth_7.pdf,48,"यादी भाग क्र. १४०  :  काझी चाळ 4, पहिला घेलाभाई रोड,",91
BoothVoterList_A4_Ward_211_Booth_7.pdf,49,"यादी भाग क्र. १४०  :  इस्माईल पॅलेस, पहिला घेलाभाई रोड,",92
BoothVoterList_A4_Ward_211_Booth_7.pdf,50,"यादी भाग क्र. १४१  :  म्यु.घ.नं.९३ डी, सत्तार मझील मोहम्मद शाहिद मार्ग, (मोरलॅन्ड रोड),",92
BoothVoterList_A4_Ward_211_Booth_7.pdf,51,"यादी भाग क्र. १४१  :  शिरिन मंझील ९३-ई, मोहम्मद शाहिद मार्ग, ARGS रोड),",87
BoothVoterList_A4_Ward_211_Booth_8.pdf,2,"यादी भाग क्र. १४१  :  हालीमा अपार्टमेंट अ, मोहम्मद शाहिद मार्ग, (मोरलॅन्ड रोड),",91
BoothVoterList_A4_Ward_211_Booth_8.pdf,6,"यादी भाग क्र. १४१  :  हालीमा अपार्टमेंट ब, मोहम्मद शाहिद मार्ग, (मोरलॅन्ड रोड),",92
BoothVoterList_A4_Ward_211_Booth_8.pdf,11,"यादी भाग क्र. १४१  :  हालीमा अपार्टमेंट क, मोहम्मद शाहिद मार्ग, ARGS रोड),",89
BoothVoterList_A4_Ward_211_Booth_8.pdf,14,"यादी भाग क्र. १४१  :  म्यु.घ.नं.९७, मामसा इस्टेट चाळ, मोहम्मद शाहिद मार्ग, (मोरलॅन्ड रोड),",90
BoothVoterList_A4_Ward_211_Booth_8.pdf,22,"यादी भाग क्र. १४१  :  म्यु.घ.नं.९७, मामसा इस्टेट चाळ H-3 (नया नगर), मोहम्मद शाहिद मार्ग",92
BoothVoterList_A4_Ward_211_Booth_8.pdf,32,"यादी भाग क्र. १४१  :  म्यु.घ.नं.२००-ए, दारूवाला बिल्डींग, मौलाना आझाद रोड,",93
BoothVoterList_A4_Ward_211_Booth_8.pdf,34,"यादी भाग क्र. १४१  :  2o बी दगड चाळ, BENT बाग, मोहम्मद शाहिद मार्ग, (मोरलॅन्ड रोड),",87
BoothVoterList_A4_Ward_211_Booth_8.pdf,36,"यादी भाग क्र. १४१  :  म्यु.घ.नं. ९३ अरब तबेला मोहम्मद शाहिद मार्ग - मोरलॅन्ड रोड",92
BoothVoterList_A4_Ward_211_Booth_8.pdf,37,"यादी भाग क्र. १४१  :  ओटावाला हॉटेल मोहम्मद शाहिद मार्ग - मोरलॅन्ड रोड",91
BoothVoterList_A4_Ward_211_Booth_8.pdf,38,"यादी भाग क्र. १४१  :  म्यु.घ.नं.२१०, कोयता इस्टेट, मौलाना आझाद रोड,",92
BoothVoterList_A4_Ward_211_Booth_8.pdf,39,"यादी भाग क्र. १४१  :  म्यु.घ.नं.२१०, मौलाना आझाद रोड,",92
BoothVoterList_A4_Ward_211_Booth_8.pdf,40,"यादी भाग क्र. १४१  :  म्यु.घ.नं. २१०, कोयता इस्टेट 3-4, मौलाना आझाद रोड,",94
BoothVoterList_A4_Ward_211_Booth_8.pdf,41,"यादी भाग क्र. १४१  :  म्यु.घ.नं. २०४, घोघारी बाग, मौलाना आझाद रोड,",93
BoothVoterList_A4_Ward_211_Booth_8.pdf,42,"यादी भाग क्र. १४१  :  २१० घोघरी बाग (हश्मी डेरी फार्म), मौलाना आझाद रोड,",89
BoothVoterList_A4_Ward_211_Booth_8.pdf,43,"यादी भाग क्र. १४१  :  म्यु.घ.नं.९७, होड 4-4, मोहम्मद शाहिद मार्ग, (मोरलॅन्ड रोड),",88
BoothVoterList_A4_Ward_211_Booth_8.pdf,44,"यादी भाग क्र. १४१  :  फातिमा मेन्हान मौलाना आझाद रोड क्रॉस लेन मुंबई -४००००८",93
BoothVoterList_A4_Ward_211_Booth_8.pdf,45,"यादी भाग क्र. १४१  :  मजिदिआ मंझिल, प्लॉट नं. 292-298 मौलाना आज़ाद रोड, मुंबई सेंट्रल,",92
BoothVoterList_A4_Ward_211_Booth_8.pdf,46,"यादी भाग क्र. १४१  :  म्यु.घ.नं.९७, मामसा इस्टेट चाळ H-3 (नया नगर), मोहम्मद शाहिद मार्ग",92
BoothVoterList_A4_Ward_211_Booth_8.pdf,47,"यादी भाग क्र. १४१  :  म्यु.घ.नं.९७, मामसा इस्टेट चाळ, मोहम्मद शाहिद मार्ग, (मोरलॅन्ड रोड),",90
BoothVoterList_A4_Ward_211_Booth_8.pdf,48,"यादी भाग क्र. १४१  :  हालीमा अपार्टमेंट अ, मोहम्मद शाहिद मार्ग, (मोरलॅन्ड रोड),",91
BoothVoterList_A4_Ward_211_Booth_8.pdf,49,"यादी भाग क्र. १४१  :  हालीमा अपार्टमेंट ब, मोहम्मद शाहिद मार्ग, (मोरलॅन्ड रोड),",92
BoothVoterList_A4_Ward_211_Booth_8.pdf,50,"यादी भाग क्र. १४१  :  म्यु.घ.नं.९७, मामसा इस्टेट चाळ H-3 (नया नगर), मोहम्मद शाहिद मार्ग",92
BoothVoterList_A4_Ward_211_Booth_8.pdf,51,"यादी भाग क्र. १४१  :  म्यु.घ.नं.९७, मामसा इस्टेट चाळ, मोहम्मद शाहिद मार्ग, (मोरलॅन्ड रोड),",90
BoothVoterList_A4_Ward_211_Booth_8.pdf,52,"यादी भाग क्र. १४१  :  म्यु.घ.नं.९७, मामसा इस्टेट चाळ H-3 (नया नगर), मोहम्मद शाहिद मार्ग",92
BoothVoterList_A4_Ward_211_Booth_8.pdf,53,"यादी भाग क्र. १४१  :  हालीमा अपार्टमेंट अ, मोहम्मद शाहिद मार्ग, (मोरलॅन्ड रोड),",91
BoothVoterList_A4_Ward_211_Booth_8.pdf,54,"यादी भाग क्र. १४१  :  म्यु.घ.नं.९७, मामसा इस्टेट चाळ H-3 (नया नगर), मोहम्मद शाहिद मार्ग",92
BoothVoterList_A4_Ward_211_Booth_8.pdf,55,"यादी भाग क्र. १४१  :  शिरिन मंझील ९३-ई, मोहम्मद शाहिद मार्ग, ARGS रोड),",87
BoothVoterList_A4_Ward_211_Booth_8.pdf,56,"यादी भाग क्र. १४१  :  हालीमा अपार्टमेंट अ, मोहम्मद शाहिद मार्ग, (मोरलॅन्ड रोड),",91
BoothVoterList_A4_Ward_211_Booth_8.pdf,57,"यादी भाग क्र. १४१  :  हालीमा अपार्टमेंट ब, मोहम्मद शाहिद मार्ग, (मोरलॅन्ड रोड),",92
BoothVoterList_A4_Ward_211_Booth_8.pdf,58,"यादी भाग क्र. १४१  :  म्यु.घ.नं.९७, मामसा इस्टेट चाळ, मोहम्मद शाहिद मार्ग, (मोरलॅन्ड रोड),",90
BoothVoterList_A4_Ward_211_Booth_8.pdf,59,"यादी भाग क्र. १४१  :  म्यु.घ.नं.९७, मामसा इस्टेट चाळ H-3 (नया नगर), मोहम्मद शाहिद मार्ग",92
BoothVoterList_A4_Ward_211_Booth_8.pdf,60,"यादी भाग क्र. १४१  :  मजिदिआ मंझिल, प्लॉट नं. 292-298 मौलाना आज़ाद रोड, मुंबई सेंट्रल,",92
BoothVoterList_A4_Ward_211_Booth_8.pdf,61,"यादी भाग क्र. १४१  :  शिरिन मंझील ९३-ई, मोहम्मद शाहिद मार्ग, ARGS रोड),",87
BoothVoterList_A4_Ward_211_Booth_8.pdf,62,"यादी भाग क्र. १४१  :  म्यु.घ.नं.९७, मामसा इस्टेट चाळ, मोहम्मद शाहिद मार्ग, (मोरलॅन्ड रोड),",90
BoothVoterList_A4_Ward_211_Booth_8.pdf,63,"यादी भाग क्र. १४१  :  हालीमा अपार्टमेंट ब, मोहम्मद शाहिद मार्ग, (मोरलॅन्ड रोड),",92
BoothVoterList_A4_Ward_211_Booth_8.pdf,64,"यादी भाग क्र. १४१  :  म्यु.घ.नं.९७, मामसा इस्टेट चाळ H-3 (नया नगर), मोहम्मद शाहिद मार्ग",92
BoothVoterList_A4_Ward_211_Booth_8.pdf,65,"यादी भाग क्र. १४१  :  म्यु.घ.नं.२००-ए, दारूवाला बिल्डींग, मौलाना आझाद रोड,",93
BoothVoterList_A4_Ward_211_Booth_8.pdf,66,"यादी भाग क्र. १४१  :  म्यु.घ.नं.९७, मामसा इस्टेट चाळ H-3 (नया नगर), मोहम्मद शाहिद मार्ग",92
BoothVoterList_A4_Ward_211_Booth_8.pdf,67,"यादी भाग क्र. १४१  :  म्यु.घ.नं.९७, मामसा इस्टेट चाळ, मोहम्मद शाहिद मार्ग, (मोरलॅन्ड रोड),",90
BoothVoterList_A4_Ward_211_Booth_8.pdf,68,"यादी भाग क्र. १४१  :  हालीमा अपार्टमेंट क, मोहम्मद शाहिद मार्ग, ARGS रोड),",89
BoothVoterList_A4_Ward_211_Booth_9.pdf,2,"यादी भाग क्र. १३७  :  म्यु.घ.नं.९७ सी ममसा इस्टेट (क), मोहम्मद शाहिद AM ARGS रोड)",86
BoothVoterList_A4_Ward_211_Booth_9.pdf,9,"यादी भाग क्र. १३७  :  म्यु.घ.नं.९७ सी ममसा इस्टेट (बी), मोहम्मद ales मार्ग ARGS रोड)",88
BoothVoterList_A4_Ward_211_Booth_9.pdf,13,"यादी भाग क्र. १३०  :  म्यु.घ.नं.१०९ फातिमा अपार्टमेंट, बी वींग, मोहम्मद शाहिद मार्ग ARGS रोड)",89
BoothVoterList_A4_Ward_211_Booth_9.pdf,18,"यादी भाग क्र. १३०  :  १०१ जुम्मा मजिद, मोहम्मद शाहिद मार्ग( मॉरलॅन्ड रोड)",90
BoothVoterList_A4_Ward_211_Booth_9.pdf,21,"यादी भाग क्र. १३७  :  999 जुम्मा मजिद चाळ, मोहम्मद शाहिद मार्ग (मॉरलॅन्ड रोड)",88
BoothVoterList_A4_Ward_211_Booth_9.pdf,23,"यादी भाग क्र. १३७  :  युसुफ आदम चाळ, मोहम्मद शाहिद मार्ग, ( मॉरलॅन्ड रोड)",82
BoothVoterList_A4_Ward_211_Booth_9.pdf,24,"यादी भाग क्र. १३०  :  मामसा इस्टेट अ( मोरलॅन्ड रोड) मोहम्मद शाहिद मार्ग,",89
BoothVoterList_A4_Ward_211_Booth_9.pdf,27,"यादी भाग क्र. १३७  :  फातिमा अपार्टमेंट अ, सायरस Vary पथ,",89
BoothVoterList_A4_Ward_211_Booth_9.pdf,29,"यादी भाग क्र. १३०  :  म्यु.घ.नं.१०९ फातिमा अपार्टमेंट, बी वींग, मोहम्मद शाहिद मार्ग ARGS रोड)",89
BoothVoterList_A4_Ward_211_Booth_9.pdf,30,"यादी भाग क्र. १३७  :  999 जुम्मा मजिद चाळ, मोहम्मद शाहिद मार्ग (मॉरलॅन्ड रोड)",88
BoothVoterList_A4_Ward_211_Booth_9.pdf,31,"यादी भाग क्र. १३०  :  म्यु.घ.नं.१०९ फातिमा अपार्टमेंट, बी वींग, मोहम्मद शाहिद मार्ग ARGS रोड)",89
BoothVoterList_A4_Ward_211_Booth_9.pdf,32,"यादी भाग क्र. १३०  :  मामसा इस्टेट अ( मोरलॅन्ड रोड) मोहम्मद शाहिद मार्ग,",89
BoothVoterList_A4_Ward_211_Booth_9.pdf,33,"यादी भाग क्र. १३७  :  म्यु.घ.नं.९७ सी ममसा इस्टेट (क), मोहम्मद शाहिद AM ARGS रोड)",86
BoothVoterList_A4_Ward_211_Booth_9.pdf,34,"यादी भाग क्र. १३०  :  १०१ जुम्मा मजिद, मोहम्मद शाहिद मार्ग( मॉरलॅन्ड रोड)",90
BoothVoterList_A4_Ward_211_Booth_9.pdf,35,"यादी भाग क्र. १३७  :  999 जुम्मा मजिद चाळ, मोहम्मद शाहिद मार्ग (मॉरलॅन्ड रोड)",88
BoothVoterList_A4_Ward_211_Booth_9.pdf,36,"यादी भाग क्र. १३७  :  म्यु.घ.नं.९७ सी ममसा इस्टेट (क), मोहम्मद शाहिद AM ARGS रोड)",86
BoothVoterList_A4_Ward_211_Booth_9.pdf,37,"यादी भाग क्र. १३७  :  फातिमा अपार्टमेंट अ, सायरस Vary पथ,",89
