filename,page,content,confidence,original_content
BoothVoterList_A4_Ward_211_Booth_1.pdf,2,"यादी भाग क्र. १ ३ ७ : ४ - म्युनिसिपल घर २ १ए, गनी अत्तरवाला चाळ, घेलाबाई रोड,",85,
BoothVoterList_A4_Ward_211_Booth_1.pdf,7,"यादी भाग क्र. १ ३ ७ : ५ - म्युनिसिपल घर २ १, गनी अत्तरवाला चाळ, घेलाबाई रोड,",89,
BoothVoterList_A4_Ward_211_Booth_1.pdf,12,"यादी भाग क्र. १ ३ ७ : & - म्युनिसिपल घर १ ९, नवी चाळ, घेलाबाई रोड,",87,
BoothVoterList_A4_Ward_211_Booth_1.pdf,18,"यादी भाग क्र. १ ३ ७ : ७ - म्युनिसिपल घर २ १, आखाडे की चाळ, घेलाबाई रोड,",92,
BoothVoterList_A4_Ward_211_Booth_1.pdf,20,"यादी भाग क्र. १ ३ ७ : ८ - म्युनिसिपल घर २ १, आखाडे की चाल, दुसरा घेलाभाई रोड",89,
BoothVoterList_A4_Ward_211_Booth_1.pdf,21,"यादी भाग क्र. १ ३ ७ : 8 - घेलाबाई मदन पुरा, दुसरा घेलाभाई रोड,",89,
BoothVoterList_A4_Ward_211_Booth_1.pdf,22,"यादी भाग क्र. १ ३ ७ : १ ० - दानिश विला, तिसरा घेलाभाई रोड, मदनपुरा",91,
BoothVoterList_A4_Ward_211_Booth_1.pdf,27,"यादी भाग क्र. १ ३ ७ : & - म्युनिसिपल घर १ ९, नवी चाळ, घेलाबाई रोड,",87,
BoothVoterList_A4_Ward_211_Booth_1.pdf,28,"यादी भाग क्र. १ ३ ७ : १ ० - दानिश विला, तिसरा घेलाभाई रोड, मदनपुरा",91,
BoothVoterList_A4_Ward_211_Booth_1.pdf,29,"यादी भाग क्र. १ ३ ७ : & - म्युनिसिपल घर १ ९, नवी चाळ, घेलाबाई रोड,",87,
BoothVoterList_A4_Ward_211_Booth_1.pdf,30,"यादी भाग क्र. १ ३ ७ : ४ - म्युनिसिपल घर २ १ए, गनी अत्तरवाला चाळ, घेलाबाई रोड,",85,
BoothVoterList_A4_Ward_211_Booth_1.pdf,31,"यादी भाग क्र. १ ३ ७ : १ ० - दानिश विला, तिसरा घेलाभाई रोड, मदनपुरा",91,
BoothVoterList_A4_Ward_211_Booth_1.pdf,32,"यादी भाग क्र. १ ३ ७ : ५ - म्युनिसिपल घर २ १, गनी अत्तरवाला चाळ, घेलाबाई रोड,",89,
BoothVoterList_A4_Ward_211_Booth_1.pdf,33,"यादी भाग क्र. १ ३ ७ : ७ - म्युनिसिपल घर २ १, आखाडे की चाळ, घेलाबाई रोड,",92,
BoothVoterList_A4_Ward_211_Booth_1.pdf,34,"यादी भाग क्र. १ ३ ७ : १ ० - दानिश विला, तिसरा घेलाभाई रोड, मदनपुरा",91,
BoothVoterList_A4_Ward_211_Booth_1.pdf,35,"यादी भाग क्र. १ ३ ७ : ५ - म्युनिसिपल घर २ १, गनी अत्तरवाला चाळ, घेलाबाई रोड,",89,
BoothVoterList_A4_Ward_211_Booth_1.pdf,36,"यादी भाग क्र. १ ३ ७ : १ ० - दानिश विला, तिसरा घेलाभाई रोड, मदनपुरा",91,
BoothVoterList_A4_Ward_211_Booth_1.pdf,37,"यादी भाग क्र. १ ३ ७ : & - म्युनिसिपल घर १ ९, नवी चाळ, घेलाबाई रोड,",87,
BoothVoterList_A4_Ward_211_Booth_1.pdf,38,"यादी भाग क्र. १ ३ ७ : १ ० - दानिश विला, तिसरा घेलाभाई रोड, मदनपुरा",91,
BoothVoterList_A4_Ward_211_Booth_1.pdf,39,"यादी भाग क्र. १ ३ ७ : & - म्युनिसिपल घर १ ९, नवी चाळ, घेलाबाई रोड,",87,
BoothVoterList_A4_Ward_211_Booth_1.pdf,40,"यादी भाग क्र. १ ३ ७ : १ ० - दानिश विला, तिसरा घेलाभाई रोड, मदनपुरा",91,
BoothVoterList_A4_Ward_211_Booth_1.pdf,41,"यादी भाग क्र. १ ३ ७ : & - म्युनिसिपल घर १ ९, नवी चाळ, घेलाबाई रोड,",87,
BoothVoterList_A4_Ward_211_Booth_10.pdf,2,"यादी भाग क्र. १ ९ ८ : १ - SATS चाळ, २ री घेलाबाई रोड,",87,
BoothVoterList_A4_Ward_211_Booth_10.pdf,6,"यादी भाग क्र. १ ९ ८ : 2- PRAMS चाळ, २ री घेलाबाई रोड,",82,
BoothVoterList_A4_Ward_211_Booth_10.pdf,8,"यादी भाग क्र. १ ९ ८ : ३ - म्युनिसिपल घर ५, भीवंडीवाली चाळ, २ री घेलाबाई रोड,",92,
BoothVoterList_A4_Ward_211_Booth_10.pdf,10,"यादी भाग क्र. १ ९ ८ : ४ - म्युनिसिपल घर ७, दुखी शेठ चाळ, २ री घेलाबाई रोड,",93,
BoothVoterList_A4_Ward_211_Booth_10.pdf,13,"यादी भाग क्र. १ ९ ८ : ५ - म्युनिसिपल घर १ ३-१ ५, रंगारी हसन चाळ, २ री घेलाबाई रोड,",92,
BoothVoterList_A4_Ward_211_Booth_10.pdf,14,"यादी भाग क्र. १ ९ ८ : ६ - म्युनिसिपल घर १ ७-१ ९, रहीमशेठ चाळ, WT घेलाबाई रोड,",91,
BoothVoterList_A4_Ward_211_Booth_10.pdf,17,"यादी भाग क्र. १ ९ ८ : ७ - म्युनिसिपल घर २ १ (अ), इसासुमार चाळ, २ री घेलाबाई रोड,",92,
BoothVoterList_A4_Ward_211_Booth_10.pdf,21,"यादी भाग क्र. १ ९ ८ : ८ - म्युनिसिपल घर ८ बोरी चाळ, २ री घेलाबाई रोड,",92,
BoothVoterList_A4_Ward_211_Booth_10.pdf,25,"यादी भाग क्र. १ ९ ८ : ९ - म्युनिसिपल घर ९, मोहसीन चाळ, २ री घेलाबाई रोड,",93,
BoothVoterList_A4_Ward_211_Booth_10.pdf,26,"यादी भाग क्र. १ ९ ८ : १ ० - म्युनिसिपल घर १ ० युसुफ मंझिल, W घेलाबाई रोड,",90,
BoothVoterList_A4_Ward_211_Booth_10.pdf,27,"यादी भाग क्र. १ ९ ८ : १ १ - म्युनिसिपल घर १ १, याकुब मंझील, २ री घेलाबाई रोड,",92,
BoothVoterList_A4_Ward_211_Booth_10.pdf,30,"यादी भाग क्र. १ ९ ८ : १ २ - म्युनिसिपल घर २ २ सी, हुसैन बिल्डींग, मोहम मद उमर रजब रोड,",92,
BoothVoterList_A4_Ward_211_Booth_10.pdf,34,"यादी भाग क्र. १ ९ ८ : 93 - हुसैन बिल्डींग डी ब्लॉक, मोहम्मद उमर रजब रोड,",90,
BoothVoterList_A4_Ward_211_Booth_10.pdf,35,"यादी भाग क्र. १ ९ ८ : १ ४-४ ० ० ० १ १, हुसैन बिल्डींग, मोहम्मद उमर रजब रोड,",93,
BoothVoterList_A4_Ward_211_Booth_10.pdf,36,"यादी भाग क्र. १ ९ ८ : १ ५ - केएसए हरीस, 2 घेलाभाई स्ट्रीट, मदनपुरा, मुंबई - ४ ० ० ० ० ८",91,
BoothVoterList_A4_Ward_211_Booth_10.pdf,37,"यादी भाग क्र. १ ९ ८ : ८ - म्युनिसिपल घर ८ बोरी चाळ, २ री घेलाबाई रोड,",92,
BoothVoterList_A4_Ward_211_Booth_10.pdf,38,"यादी भाग क्र. १ ९ ८ : १ १ - म्युनिसिपल घर १ १, याकुब मंझील, २ री घेलाबाई रोड,",92,
BoothVoterList_A4_Ward_211_Booth_10.pdf,39,"यादी भाग क्र. १ ९ ८ : १ - SATS चाळ, २ री घेलाबाई रोड,",87,
BoothVoterList_A4_Ward_211_Booth_10.pdf,40,"यादी भाग क्र. १ ९ ८ : ६ - म्युनिसिपल घर १ ७-१ ९, रहीमशेठ चाळ, WT घेलाबाई रोड,",91,
BoothVoterList_A4_Ward_211_Booth_10.pdf,41,"यादी भाग क्र. १ ९ ८ : ८ - म्युनिसिपल घर ८ बोरी चाळ, २ री घेलाबाई रोड,",92,
BoothVoterList_A4_Ward_211_Booth_10.pdf,42,"यादी भाग क्र. १ ९ ८ : ७ - म्युनिसिपल घर २ १ (अ), इसासुमार चाळ, २ री घेलाबाई रोड,",92,
BoothVoterList_A4_Ward_211_Booth_10.pdf,43,"यादी भाग क्र. १ ९ ८ : १ ५ - केएसए हरीस, 2 घेलाभाई स्ट्रीट, मदनपुरा, मुंबई - ४ ० ० ० ० ८",91,
BoothVoterList_A4_Ward_211_Booth_10.pdf,44,"यादी भाग क्र. १ ९ ८ : ६ - म्युनिसिपल घर १ ७-१ ९, रहीमशेठ चाळ, WT घेलाबाई रोड,",91,
BoothVoterList_A4_Ward_211_Booth_10.pdf,45,"यादी भाग क्र. १ ९ ८ : ३ - म्युनिसिपल घर ५, भीवंडीवाली चाळ, २ री घेलाबाई रोड,",92,
BoothVoterList_A4_Ward_211_Booth_10.pdf,46,"यादी भाग क्र. १ ९ ८ : १ २ - म्युनिसिपल घर २ २ सी, हुसैन बिल्डींग, मोहम मद उमर रजब रोड,",92,
BoothVoterList_A4_Ward_211_Booth_10.pdf,47,"यादी भाग क्र. १ ९ ८ : ३ - म्युनिसिपल घर ५, भीवंडीवाली चाळ, २ री घेलाबाई रोड,",92,
BoothVoterList_A4_Ward_211_Booth_10.pdf,48,"यादी भाग क्र. १ ९ ८ : ६ - म्युनिसिपल घर १ ७-१ ९, रहीमशेठ चाळ, WT घेलाबाई रोड,",91,
BoothVoterList_A4_Ward_211_Booth_10.pdf,49,"यादी भाग क्र. १ ९ ८ : ३ - म्युनिसिपल घर ५, भीवंडीवाली चाळ, २ री घेलाबाई रोड,",92,
BoothVoterList_A4_Ward_211_Booth_10.pdf,50,"यादी भाग क्र. १ ९ ८ : १ ५ - केएसए हरीस, 2 घेलाभाई स्ट्रीट, मदनपुरा, मुंबई - ४ ० ० ० ० ८",91,
BoothVoterList_A4_Ward_211_Booth_10.pdf,51,"यादी भाग क्र. १ ९ ८ : १ ४-४ ० ० ० १ १, हुसैन बिल्डींग, मोहम्मद उमर रजब रोड,",93,
BoothVoterList_A4_Ward_211_Booth_10.pdf,52,"यादी भाग क्र. १ ९ ८ : 93 - हुसैन बिल्डींग डी ब्लॉक, मोहम्मद उमर रजब रोड,",90,
BoothVoterList_A4_Ward_211_Booth_10.pdf,53,"यादी भाग क्र. १ ९ ८ : १ २ - म्युनिसिपल घर २ २ सी, हुसैन बिल्डींग, मोहम मद उमर रजब रोड,",92,
BoothVoterList_A4_Ward_211_Booth_10.pdf,54,"यादी भाग क्र. १ ९ ८ : 2- PRAMS चाळ, २ री घेलाबाई रोड,",82,
BoothVoterList_A4_Ward_211_Booth_10.pdf,55,"यादी भाग क्र. १ ९ ८ : १ - SATS चाळ, २ री घेलाबाई रोड,",87,
BoothVoterList_A4_Ward_211_Booth_10.pdf,56,"यादी भाग क्र. १ ९ ८ : ३ - म्युनिसिपल घर ५, भीवंडीवाली चाळ, २ री घेलाबाई रोड,",92,
BoothVoterList_A4_Ward_211_Booth_10.pdf,57,"यादी भाग क्र. १ ९ ८ : १ ४-४ ० ० ० १ १, हुसैन बिल्डींग, मोहम्मद उमर रजब रोड,",93,
BoothVoterList_A4_Ward_211_Booth_10.pdf,58,"यादी भाग क्र. १ ९ ८ : 2- PRAMS चाळ, २ री घेलाबाई रोड,",82,
BoothVoterList_A4_Ward_211_Booth_11.pdf,2,"यादी भाग क्र. २ ० ३ : १ - म्युनिसिपल घर ७ ८, आगाखान बिल्डींग, मौलाना आझाद रोड,",93,
BoothVoterList_A4_Ward_211_Booth_11.pdf,5,"यादी भाग क्र. २ ० ३ : 2 - म्युनिसिपल घर २ ३ २, राज ऑईल मिल्स, जहाँगीर बोमन बेहराम मार्ग,",91,
BoothVoterList_A4_Ward_211_Booth_11.pdf,7,"यादी भाग क्र. २ ० ३ : ३ - म्युनिसिपल घर २ ४ ९, चिराग अरब, जहाँगीर बोमन बेहराम मार्ग",93,
BoothVoterList_A4_Ward_211_Booth_11.pdf,8,"यादी भाग क्र. २ ० ३ : ४ - म्युनिसिपल घर २ ५ ४, CESS गॅरेज, जहाँगीर बोमन बेहराम मार्ग,",88,
BoothVoterList_A4_Ward_211_Booth_11.pdf,9,"यादी भाग क्र. २ ० ३ : ५ - Hl टॉवर, जहाँगीर बोमन बेहराम मार्ग,",83,
BoothVoterList_A4_Ward_211_Booth_11.pdf,15,"यादी भाग क्र. २ ० ३ : ६ - म्युनिसिपल घर २ २ ४-२ ४ ०, शास्त्री (सुसती) बिल्डींग, जहाँगीर बोमन बेहराम, मार्ग",93,
BoothVoterList_A4_Ward_211_Booth_11.pdf,16,"यादी भाग क्र. २ ० ३ : ७-२ ४ ८ अ, चिरा-ए-अरब, जहाँगीर बोमन बेहराम मार्ग,",86,
BoothVoterList_A4_Ward_211_Booth_11.pdf,18,"यादी भाग क्र. २ ० ३ : १ ० -म्युनिसिपल घरन.२ ५ २ ई, बी. एम. सी. स्टाफ FATE, जहागीर बोमन बेहराम मार्ग,",88,
BoothVoterList_A4_Ward_211_Booth_11.pdf,19,"यादी भाग क्र. २ ० ३ : १ १ - पटेल अपार्टमेंट, मौलाना आझाद रोड, समुंदर हॉटेल समोर, जहागीर बोमन",92,
BoothVoterList_A4_Ward_211_Booth_11.pdf,27,"यादी भाग क्र. २ ० ३ : १ २ - आयशा अपार्टमेंट (सी. एस.१ ६ ९ २), मौलाना आझाद रोड,",92,
BoothVoterList_A4_Ward_211_Booth_11.pdf,30,"यादी भाग क्र. २ ० ३ : १ ३ - आयशा अपार्ट. , मौलाना आझाद WS, मुंबई क्रमांक २ ६",90,
BoothVoterList_A4_Ward_211_Booth_11.pdf,31,"यादी भाग क्र. २ ० ३ : १ ४ - रमझान मंझिल, मौलाना आझाद रोड, आग्रीपाडा,",91,
BoothVoterList_A4_Ward_211_Booth_11.pdf,32,"यादी भाग क्र. २ ० ३ : 94 - Yooo 94, रमझान मंझिल, मौलाना आझाद रोड, आग्रीपाडा,",86,
BoothVoterList_A4_Ward_211_Booth_11.pdf,33,"यादी भाग क्र. २ ० ३ : १ ६ - युसुफ मंझील, मौलाना आझाद रोड,",92,
BoothVoterList_A4_Ward_211_Booth_11.pdf,34,"यादी भाग क्र. २ ० ३ : १ ७ - अर AIM, मौलाना आझाद रोड,",90,
BoothVoterList_A4_Ward_211_Booth_11.pdf,36,"यादी भाग क्र. २ ० ३ : १ ८ - हुसेनी लकडा बाजार, जहांगीर बोमन बेहराम मार्ग, राज ऑइल मिल्स जवळ,",92,
BoothVoterList_A4_Ward_211_Booth_11.pdf,37,"यादी भाग क्र. २ ० ३ : १ ९-228/282, अव्वल AVM, बेलासिस WS, नागपाडा, मुंबई-४ ० ० ० ० ८",90,
BoothVoterList_A4_Ward_211_Booth_11.pdf,38,"यादी भाग क्र. २ ० ३ : १ २ - आयशा अपार्टमेंट (सी. एस.१ ६ ९ २), मौलाना आझाद रोड,",92,
BoothVoterList_A4_Ward_211_Booth_11.pdf,39,"यादी भाग क्र. २ ० ३ : १ १ - पटेल अपार्टमेंट, मौलाना आझाद रोड, समुंदर हॉटेल समोर, जहागीर बोमन",92,
BoothVoterList_A4_Ward_211_Booth_11.pdf,40,"यादी भाग क्र. २ ० ३ : १ ७ - अर AIM, मौलाना आझाद रोड,",90,
BoothVoterList_A4_Ward_211_Booth_11.pdf,41,"यादी भाग क्र. २ ० ३ : १ १ - पटेल अपार्टमेंट, मौलाना आझाद रोड, समुंदर हॉटेल समोर, जहागीर बोमन",92,
BoothVoterList_A4_Ward_211_Booth_11.pdf,42,"यादी भाग क्र. २ ० ३ : ५ - Hl टॉवर, जहाँगीर बोमन बेहराम मार्ग,",83,
BoothVoterList_A4_Ward_211_Booth_11.pdf,43,"यादी भाग क्र. २ ० ३ : १ ४ - रमझान मंझिल, मौलाना आझाद रोड, आग्रीपाडा,",91,
BoothVoterList_A4_Ward_211_Booth_11.pdf,44,"यादी भाग क्र. २ ० ३ : १ - म्युनिसिपल घर ७ ८, आगाखान बिल्डींग, मौलाना आझाद रोड,",93,
BoothVoterList_A4_Ward_211_Booth_11.pdf,45,"यादी भाग क्र. २ ० ३ : १ ४ - रमझान मंझिल, मौलाना आझाद रोड, आग्रीपाडा,",91,
BoothVoterList_A4_Ward_211_Booth_11.pdf,46,"यादी भाग क्र. २ ० ३ : १ १ - पटेल अपार्टमेंट, मौलाना आझाद रोड, समुंदर हॉटेल समोर, जहागीर बोमन",92,
BoothVoterList_A4_Ward_211_Booth_11.pdf,47,"यादी भाग क्र. २ ० ३ : ५ - Hl टॉवर, जहाँगीर बोमन बेहराम मार्ग,",83,
BoothVoterList_A4_Ward_211_Booth_11.pdf,48,"यादी भाग क्र. २ ० ३ : १ २ - आयशा अपार्टमेंट (सी. एस.१ ६ ९ २), मौलाना आझाद रोड,",92,
BoothVoterList_A4_Ward_211_Booth_11.pdf,49,"यादी भाग क्र. २ ० ३ : १ - म्युनिसिपल घर ७ ८, आगाखान बिल्डींग, मौलाना आझाद रोड,",93,
BoothVoterList_A4_Ward_211_Booth_11.pdf,50,"यादी भाग क्र. २ ० ३ : ५ - Hl टॉवर, जहाँगीर बोमन बेहराम मार्ग,",83,
BoothVoterList_A4_Ward_211_Booth_11.pdf,51,"यादी भाग क्र. २ ० ३ : १ २ - आयशा अपार्टमेंट (सी. एस.१ ६ ९ २), मौलाना आझाद रोड,",92,
BoothVoterList_A4_Ward_211_Booth_11.pdf,52,"यादी भाग क्र. २ ० ३ : १ ७ - अर AIM, मौलाना आझाद रोड,",90,
BoothVoterList_A4_Ward_211_Booth_11.pdf,53,"यादी भाग क्र. २ ० ३ : ५ - Hl टॉवर, जहाँगीर बोमन बेहराम मार्ग,",83,
BoothVoterList_A4_Ward_211_Booth_11.pdf,54,"यादी भाग क्र. २ ० ३ : 94 - Yooo 94, रमझान मंझिल, मौलाना आझाद रोड, आग्रीपाडा,",86,
BoothVoterList_A4_Ward_211_Booth_11.pdf,55,"यादी भाग क्र. २ ० ३ : ५ - Hl टॉवर, जहाँगीर बोमन बेहराम मार्ग,",83,
BoothVoterList_A4_Ward_211_Booth_11.pdf,56,"यादी भाग क्र. २ ० ३ : १ ४ - रमझान मंझिल, मौलाना आझाद रोड, आग्रीपाडा,",91,
BoothVoterList_A4_Ward_211_Booth_11.pdf,57,"यादी भाग क्र. २ ० ३ : १ १ - पटेल अपार्टमेंट, मौलाना आझाद रोड, समुंदर हॉटेल समोर, जहागीर बोमन",92,
BoothVoterList_A4_Ward_211_Booth_11.pdf,58,"यादी भाग क्र. २ ० ३ : १ - म्युनिसिपल घर ७ ८, आगाखान बिल्डींग, मौलाना आझाद रोड,",93,
BoothVoterList_A4_Ward_211_Booth_11.pdf,59,"यादी भाग क्र. २ ० ३ : १ १ - पटेल अपार्टमेंट, मौलाना आझाद रोड, समुंदर हॉटेल समोर, जहागीर बोमन",92,
BoothVoterList_A4_Ward_211_Booth_11.pdf,60,"यादी भाग क्र. २ ० ३ : १ ७ - अर AIM, मौलाना आझाद रोड,",90,
BoothVoterList_A4_Ward_211_Booth_12.pdf,2,"यादी भाग क्र. २ ३ ३ : १ - म्युनिसिपल घर ५ ९-अ, रंगवाला चाळ, मोहम्मद शहिद मार्ग (मॉरलॅन्ड रोड),",89,
BoothVoterList_A4_Ward_211_Booth_12.pdf,3,"यादी भाग क्र. २ ३ ३ : २ - म्युनिसिपल घर ५ ९-ब, रंगवाला चाळ, मोहम्मद शहिद मार्ग ANS रोड),",88,
BoothVoterList_A4_Ward_211_Booth_12.pdf,4,"यादी भाग क्र. २ ३ ३ : ३ - म्युनिसिपल घर ६ १, शौकत अली सुलेमान बंगला, मोहम्मद शहिद मार्ग ARGS",92,
BoothVoterList_A4_Ward_211_Booth_12.pdf,5,"यादी भाग क्र. २ ३ ३ : ४ - अवल को. हौसींग सोसायटी, मोहम्मद शहिद मार्ग (मॉरलॅन्ड रोड),",84,
BoothVoterList_A4_Ward_211_Booth_12.pdf,6,"यादी भाग क्र. २ ३ ३ : ५ - म्युनिसिपल घर ६ ३-अ, आदमजी पीराभाई बिल्डींग, मोहम्मद शहिद मार्ग ARIS",86,
BoothVoterList_A4_Ward_211_Booth_12.pdf,10,"यादी भाग क्र. २ ३ ३ : ६ - म्युनिसिपल घर ६ १-बी, आदमजी पीराभाई बिल्डींग 4-2, मोहम्मद शहिद मार्ग",89,
BoothVoterList_A4_Ward_211_Booth_12.pdf,11,"यादी भाग क्र. २ ३ ३ : ७ - म्युनिसिपल घर ६ ३-बी, आदमजी पीराभाई बिल्डींग 4-3, मोहम्मद ales मार्ग",88,
BoothVoterList_A4_Ward_211_Booth_12.pdf,15,"यादी भाग क्र. २ ३ ३ : ८ - म्युनिसिपल घर ६ ५-७ ५, हाजी चाळ, मोहम्मद शहिद मार्ग (मॉरलॅन्ड रोड),",91,
BoothVoterList_A4_Ward_211_Booth_12.pdf,25,"यादी भाग क्र. २ ३ ३ : ९ - म्युनिसिपल चाळ (हाजी चाळच्या बाजूल), मोहम्मद शहिद मार्ग ARIS",86,
BoothVoterList_A4_Ward_211_Booth_12.pdf,26,"यादी भाग क्र. २ ३ ३ : १ ० - म्युनिसिपल घर २ ५ ८-ए, Role कंपाउंड-ए, जहांगीर बोमन बेहराम मार्ग,",90,
BoothVoterList_A4_Ward_211_Booth_12.pdf,27,"यादी भाग क्र. २ ३ ३ : १ १ - म्युनिसिपल घर २ ५ ८-बी, Rele कंपाउंड-बी, जहांगीर बोमन बेहराम मार्ग,",89,
BoothVoterList_A4_Ward_211_Booth_12.pdf,28,"यादी भाग क्र. २ ३ ३ : १ २ - म्युनिसिपल घर २ ५ ८-सी, Rete कंपाउंड-सी, जहांगीर बोमन बेहराम मार्ग,",89,
BoothVoterList_A4_Ward_211_Booth_12.pdf,29,"यादी भाग क्र. २ ३ ३ : १ ३ - म्युनिसिपल घर २ ५ ८ डी, Role कंपाउंड-डी, जहांगीर बोमन बेहराम मार्ग,",88,
BoothVoterList_A4_Ward_211_Booth_12.pdf,30,"यादी भाग क्र. २ ३ ३ : १ ४ - म्युनिसिपल घर २ ५ ८-सी, Rete कंपाउंड-सी, जहांगीर बोमन बेहराम मार्ग,",88,
BoothVoterList_A4_Ward_211_Booth_12.pdf,31,"यादी भाग क्र. २ ३ ३ : १ ५ - म्युनिसिपल घर २ ५ ८-जी, Role कंपाउंड-जी, जहांगीर बोमन बेहराम मार्ग,",87,
BoothVoterList_A4_Ward_211_Booth_12.pdf,33,"यादी भाग क्र. २ ३ ३ : १ ६ - म्युनिसिपल घर २ ६ ४, झिया अपार्टमेंट-अ, जहांगीर बोमन बेहराम मार्ग,",91,
BoothVoterList_A4_Ward_211_Booth_12.pdf,36,"यादी भाग क्र. २ ३ ३ : १ ७ - म्युनिसिपल घर २ ६ ४, झिया अपार्टमेंट-ब, जहांगीर बोमन बेहराम मार्ग,",92,
BoothVoterList_A4_Ward_211_Booth_12.pdf,41,"यादी भाग क्र. २ ३ ३ : १ ८ - म्युनिसिपल घर २(७ २-ए, जुम्मा मशिद चाळ, जहांगीर बोमन बेहराम मार्ग,",83,
BoothVoterList_A4_Ward_211_Booth_12.pdf,47,"यादी भाग क्र. २ ३ ३ : १ ९ - म्युनिसिपल घर २ ६ ८-२ ७ २, जुम्मा मशिद चाळ, जहांगीर बोमन बेहराम मार्ग,",91,
BoothVoterList_A4_Ward_211_Booth_12.pdf,48,"यादी भाग क्र. २ ३ ३ : २ ० - ट्रस्ट बिल्डिंग, जहांगीर बोमन बेहराम मार्ग,",92,
BoothVoterList_A4_Ward_211_Booth_12.pdf,49,"यादी भाग क्र. २ ३ ३ : २ १ - के. डी. सोसायटी, जहांगीर बोमन बेहराम मार्ग,",92,
BoothVoterList_A4_Ward_211_Booth_12.pdf,50,"यादी भाग क्र. २ ३ ३ : २ २ - म्युनिसिपल घर २ ५ ४, पटेल वाडी, जहांगीर बोमन बेहराम मार्ग,",92,
BoothVoterList_A4_Ward_211_Booth_12.pdf,51,"यादी भाग क्र. २ ३ ३ : २ ३ - दुधवाला ASTI बिल्डींग न.२. बी-विंग, जहाँगिर बोमन बेहराम मार्ग,",85,
BoothVoterList_A4_Ward_211_Booth_12.pdf,54,"यादी भाग क्र. २ ३ ३ : १ ८ - म्युनिसिपल घर २(७ २-ए, जुम्मा मशिद चाळ, जहांगीर बोमन बेहराम मार्ग,",83,
BoothVoterList_A4_Ward_211_Booth_12.pdf,55,"यादी भाग क्र. २ ३ ३ : १ ९ - म्युनिसिपल घर २ ६ ८-२ ७ २, जुम्मा मशिद चाळ, जहांगीर बोमन बेहराम मार्ग,",91,
BoothVoterList_A4_Ward_211_Booth_12.pdf,56,"यादी भाग क्र. २ ३ ३ : ८ - म्युनिसिपल घर ६ ५-७ ५, हाजी चाळ, मोहम्मद शहिद मार्ग (मॉरलॅन्ड रोड),",91,
BoothVoterList_A4_Ward_211_Booth_12.pdf,57,"यादी भाग क्र. २ ३ ३ : १ ८ - म्युनिसिपल घर २(७ २-ए, जुम्मा मशिद चाळ, जहांगीर बोमन बेहराम मार्ग,",83,
BoothVoterList_A4_Ward_211_Booth_12.pdf,58,"यादी भाग क्र. २ ३ ३ : १ ९ - म्युनिसिपल घर २ ६ ८-२ ७ २, जुम्मा मशिद चाळ, जहांगीर बोमन बेहराम मार्ग,",91,
BoothVoterList_A4_Ward_211_Booth_12.pdf,59,"यादी भाग क्र. २ ३ ३ : १ ६ - म्युनिसिपल घर २ ६ ४, झिया अपार्टमेंट-अ, जहांगीर बोमन बेहराम मार्ग,",91,
BoothVoterList_A4_Ward_211_Booth_12.pdf,60,"यादी भाग क्र. २ ३ ३ : ७ - म्युनिसिपल घर ६ ३-बी, आदमजी पीराभाई बिल्डींग 4-3, मोहम्मद ales मार्ग",88,
BoothVoterList_A4_Ward_211_Booth_12.pdf,61,"यादी भाग क्र. २ ३ ३ : २ ३ - दुधवाला ASTI बिल्डींग न.२. बी-विंग, जहाँगिर बोमन बेहराम मार्ग,",85,
BoothVoterList_A4_Ward_211_Booth_12.pdf,62,"यादी भाग क्र. २ ३ ३ : ५ - म्युनिसिपल घर ६ ३-अ, आदमजी पीराभाई बिल्डींग, मोहम्मद शहिद मार्ग ARIS",86,
BoothVoterList_A4_Ward_211_Booth_12.pdf,63,"यादी भाग क्र. २ ३ ३ : ७ - म्युनिसिपल घर ६ ३-बी, आदमजी पीराभाई बिल्डींग 4-3, मोहम्मद ales मार्ग",88,
BoothVoterList_A4_Ward_211_Booth_12.pdf,64,"यादी भाग क्र. २ ३ ३ : १ ९ - म्युनिसिपल घर २ ६ ८-२ ७ २, जुम्मा मशिद चाळ, जहांगीर बोमन बेहराम मार्ग,",91,
BoothVoterList_A4_Ward_211_Booth_12.pdf,65,"यादी भाग क्र. २ ३ ३ : ७ - म्युनिसिपल घर ६ ३-बी, आदमजी पीराभाई बिल्डींग 4-3, मोहम्मद ales मार्ग",88,
BoothVoterList_A4_Ward_211_Booth_12.pdf,66,"यादी भाग क्र. २ ३ ३ : ८ - म्युनिसिपल घर ६ ५-७ ५, हाजी चाळ, मोहम्मद शहिद मार्ग (मॉरलॅन्ड रोड),",91,
BoothVoterList_A4_Ward_211_Booth_12.pdf,67,"यादी भाग क्र. २ ३ ३ : १ ८ - म्युनिसिपल घर २(७ २-ए, जुम्मा मशिद चाळ, जहांगीर बोमन बेहराम मार्ग,",83,
BoothVoterList_A4_Ward_211_Booth_13.pdf,2,"यादी भाग क्र. ८ ० : १ ७ - न्यु खटाऊ माखानजी बिल्डिंग 4.4, हाफिजअली बहादुरखान मार्ग,",83,
BoothVoterList_A4_Ward_211_Booth_13.pdf,13,"यादी भाग क्र. ८ ० : १ ८ - खटाव बिल्डींग जवळील झोपडपट्टी, हाफिजअली बहादुरखान मार्ग,",92,
BoothVoterList_A4_Ward_211_Booth_13.pdf,14,"यादी भाग क्र. ८ ० : १ ७ - न्यु खटाऊ माखानजी बिल्डिंग 4.4, हाफिजअली बहादुरखान मार्ग,",83,
BoothVoterList_A4_Ward_211_Booth_13.pdf,15,"यादी भाग क्र. ८ ० : १ ८ - खटाव बिल्डींग जवळील झोपडपट्टी, हाफिजअली बहादुरखान मार्ग,",92,
BoothVoterList_A4_Ward_211_Booth_13.pdf,16,"यादी भाग क्र. ८ ० : १ ७ - न्यु खटाऊ माखानजी बिल्डिंग 4.4, हाफिजअली बहादुरखान मार्ग,",83,
BoothVoterList_A4_Ward_211_Booth_13.pdf,17,"यादी भाग क्र. ८ ० : १ ८ - खटाव बिल्डींग जवळील झोपडपट्टी, हाफिजअली बहादुरखान मार्ग,",92,
BoothVoterList_A4_Ward_211_Booth_13.pdf,18,"यादी भाग क्र. ८ ० : १ ७ - न्यु खटाऊ माखानजी बिल्डिंग 4.4, हाफिजअली बहादुरखान मार्ग,",83,
BoothVoterList_A4_Ward_211_Booth_14.pdf,2,"यादी भाग क्र. १ ० ६ : १ - म्युनिसिपल घर ७ बी मेहता चाळ, चौथी क्रॉस लेन, साखळी स्ट्रीट",94,
BoothVoterList_A4_Ward_211_Booth_14.pdf,8,"यादी भाग क्र. १ ० ६ : २ - म्युनिसिपल घर ९ ए पडदावाला चाळ, चौथी क्रॉस लेन, साखळी स्ट्रीट,",93,
BoothVoterList_A4_Ward_211_Booth_15.pdf,2,"यादी भाग क्र. १ ० ६ : ३ - म्युनिसिपल घर १ ५ मोगलानी चाळ, चौथी क्रॉस लेन, साखळी स्ट्रीट,",90,
BoothVoterList_A4_Ward_211_Booth_15.pdf,6,"यादी भाग क्र. १ ० ६ : ४ - म्युनिसिपल घर २ ३-२ ७ धोबी चाळ, चौथी क्रॉस लेन, साखळी स्ट्रीट",94,
BoothVoterList_A4_Ward_211_Booth_15.pdf,10,"यादी भाग क्र. १ ० ६ : 4 - चुनावाला कॉटेज, चौथी क्रॉस लेन, साखळी स्ट्रीट,",92,
BoothVoterList_A4_Ward_211_Booth_15.pdf,11,"यादी भाग क्र. १ ० ६ : ८ - दारूल thar, ४ सांखळी स्ट्रीट, she हफिझुद्दिन मार्ग, मदनपुरा, मुंबई ४ ० ० ० ० ८",89,
BoothVoterList_A4_Ward_211_Booth_15.pdf,13,"यादी भाग क्र. १ ० ६ : १ - म्युनिसिपल घर ७ बी मेहता चाळ, चौथी क्रॉस लेन, साखळी स्ट्रीट",94,
BoothVoterList_A4_Ward_211_Booth_15.pdf,14,"यादी भाग क्र. १ ० ६ : ४ - म्युनिसिपल घर २ ३-२ ७ धोबी चाळ, चौथी क्रॉस लेन, साखळी स्ट्रीट",94,
BoothVoterList_A4_Ward_211_Booth_15.pdf,15,"यादी भाग क्र. १ ० ६ : ८ - दारूल thar, ४ सांखळी स्ट्रीट, she हफिझुद्दिन मार्ग, मदनपुरा, मुंबई ४ ० ० ० ० ८",89,
BoothVoterList_A4_Ward_211_Booth_15.pdf,16,"यादी भाग क्र. १ ० ६ : २ - म्युनिसिपल घर ९ ए पडदावाला चाळ, चौथी क्रॉस लेन, साखळी स्ट्रीट,",93,
BoothVoterList_A4_Ward_211_Booth_15.pdf,17,"यादी भाग क्र. १ ० ६ : ४ - म्युनिसिपल घर २ ३-२ ७ धोबी चाळ, चौथी क्रॉस लेन, साखळी स्ट्रीट",94,
BoothVoterList_A4_Ward_211_Booth_15.pdf,18,"यादी भाग क्र. १ ० ६ : ८ - दारूल thar, ४ सांखळी स्ट्रीट, she हफिझुद्दिन मार्ग, मदनपुरा, मुंबई ४ ० ० ० ० ८",89,
BoothVoterList_A4_Ward_211_Booth_15.pdf,19,"यादी भाग क्र. १ ० ६ : २ - म्युनिसिपल घर ९ ए पडदावाला चाळ, चौथी क्रॉस लेन, साखळी स्ट्रीट,",93,
BoothVoterList_A4_Ward_211_Booth_15.pdf,20,"यादी भाग क्र. १ ० ६ : ८ - दारूल thar, ४ सांखळी स्ट्रीट, she हफिझुद्दिन मार्ग, मदनपुरा, मुंबई ४ ० ० ० ० ८",89,
BoothVoterList_A4_Ward_211_Booth_16.pdf,2,यादी भाग क्र. १ ४ ३ : १ - वॉटर स्ट्रीट खटाव मिल्स झोपडपट्टी वॉटर स्ट्रीट भायखळा पश्चिम,91,
BoothVoterList_A4_Ward_211_Booth_17.pdf,2,"यादी भाग क्र. १ ४ ५ : २ १ - म्युनिसिपल घर ४, याकुब शेड बिल्डींग, साखळी रोड,",90,
BoothVoterList_A4_Ward_211_Booth_17.pdf,5,"यादी भाग क्र. १ ४ ५ : २ २ - म्युनिसिपल घर ६, अब्दुला ARM, तिसरी गल्ली साखळी रोड,",88,
BoothVoterList_A4_Ward_211_Booth_17.pdf,10,"यादी भाग क्र. १ ४ ५ : २ ८ - हाजी युसूफ मंझिल, तिसरी साकळी स्ट्रीट, भायखळा,",94,
BoothVoterList_A4_Ward_211_Booth_18.pdf,2,"यादी भाग क्र. १ ४ ४ : १ ० - म्युनिसिपल घर १ ७, उमरनथुळी चाळ (बोरी चाळ), बदलू रंगारी रोड,",90,
BoothVoterList_A4_Ward_211_Booth_18.pdf,7,"यादी भाग क्र. १ ४ ४ : १ १ - म्युनिसिपल घर १ ९/२ १, बंदुकवाला हाऊस, बदलू रंगारी रोड,",93,
BoothVoterList_A4_Ward_211_Booth_18.pdf,17,"यादी भाग क्र. १ ४ ४ : १ २ - उमर शेठ बैठी चाळ, बदलू रंगारी रोड,",93,
BoothVoterList_A4_Ward_211_Booth_18.pdf,18,"यादी भाग क्र. १ ४ ४ : १ ३-५ ९ जी, जुनी मस्जिद कंपाऊंड, arg हाफीजुद्दीन रोड,",88,
BoothVoterList_A4_Ward_211_Booth_18.pdf,19,"यादी भाग क्र. १ ४ ४ : १ १ - म्युनिसिपल घर १ ९/२ १, बंदुकवाला हाऊस, बदलू रंगारी रोड,",93,
BoothVoterList_A4_Ward_211_Booth_18.pdf,20,"यादी भाग क्र. १ ४ ४ : १ ० - म्युनिसिपल घर १ ७, उमरनथुळी चाळ (बोरी चाळ), बदलू रंगारी रोड,",90,
BoothVoterList_A4_Ward_211_Booth_18.pdf,21,"यादी भाग क्र. १ ४ ४ : १ १ - म्युनिसिपल घर १ ९/२ १, बंदुकवाला हाऊस, बदलू रंगारी रोड,",93,
BoothVoterList_A4_Ward_211_Booth_18.pdf,22,"यादी भाग क्र. १ ४ ४ : १ ० - म्युनिसिपल घर १ ७, उमरनथुळी चाळ (बोरी चाळ), बदलू रंगारी रोड,",90,
BoothVoterList_A4_Ward_211_Booth_19.pdf,2,"यादी भाग क्र. १ ५ ८ : १ - न्यु इंडिया बेकरी, ५ वी साखळी क्रॉस मार्ग,",91,
BoothVoterList_A4_Ward_211_Booth_19.pdf,3,"यादी भाग क्र. १ ५ ८ : २ - म्युनिसिपल घर ७ स्टोन बिल्डींग, साखळी मार्ग, ५ वी क्रॉस लेन,",89,
BoothVoterList_A4_Ward_211_Booth_19.pdf,6,"यादी भाग क्र. १ ५ ८ : ३ - म्युनिसिपल घर 99 KEM बिल्डींग, साखळी मार्ग, ५ वी क्रॉस लेन,",90,
BoothVoterList_A4_Ward_211_Booth_19.pdf,9,"यादी भाग क्र. १ ५ ८ : ४ - म्युनिसिपल घर १ ३ स्टोन बिल्डींग, साखळी मार्ग, ५ वी क्रॉस लेन,",93,
BoothVoterList_A4_Ward_211_Booth_19.pdf,13,"यादी भाग क्र. १ ५ ८ : ५ - म्युनिसिपल घर 94-१ ७, सकरवाला बिल्डींग, ५ वी साखळी क्रॉस मार्ग,",92,
BoothVoterList_A4_Ward_211_Booth_19.pdf,17,"यादी भाग क्र. १ ५ ८ : ६- फिरोज साडी फोलेडींग शेड, ५ वी साखळी क्रॉस मार्ग,",91,
BoothVoterList_A4_Ward_211_Booth_19.pdf,18,"यादी भाग क्र. १ ५ ८ : ७ - म्युनिसिपल घर १ २-१ ४, रसीवाला बिल्डींग, ५ वी साखळी क्रॉस मार्ग,",88,
BoothVoterList_A4_Ward_211_Booth_19.pdf,20,"यादी भाग क्र. १ ५ ८ : ८ - स्टोन बिल्डींग, पवी साखळी क्रॉस मार्ग,",91,
BoothVoterList_A4_Ward_211_Booth_2.pdf,2,"यादी भाग क्र. 928 : १ - म्युनिसिपल घर ४ ७ ए सराफ बिल्डिंग, मोहम्मद शहिद मार्ग, (मॉरलॅन्ड रोड),",86,
BoothVoterList_A4_Ward_211_Booth_2.pdf,5,"यादी भाग क्र. 928 : २ - म्युनिसिपल घर ४ ७ सी सराफ बिल्डिंग, मोहम्मद शहिद मार्ग, (मॉरलॅन्ड रोड),",90,
BoothVoterList_A4_Ward_211_Booth_2.pdf,7,"यादी भाग क्र. 928 : ३ - म्युनिसिपल घर ४ ७ सी सुतारवाला बिल्डिंग, मोहम्मद शहिद मार्ग, (मॉरलॅन्ड रोड),",91,
BoothVoterList_A4_Ward_211_Booth_2.pdf,8,"यादी भाग क्र. १ २ ४ : ४ - म्युनिसिपल घर ४ ३ सुतारवाला बिल्डिंग, मोहम्मद शहिद मार्ग, (मॉरलॅन्ड रोड),",89,
BoothVoterList_A4_Ward_211_Booth_2.pdf,12,"यादी भाग क्र. १ २ ४ : ५ - म्युनिसिपल घर ५ १- इब्राहिम बिल्डिंग, मोहम्मद शहिद मार्ग, (मॉरलॅन्ड रोड),",91,
BoothVoterList_A4_Ward_211_Booth_2.pdf,17,"यादी भाग क्र. १ २ ४ : ६ - म्युनिसिपल घर ४ ३ सुतारवाला चाळ, मोहम्मद शहिद मार्ग, (मॉरलॅन्ड रोड),",92,
BoothVoterList_A4_Ward_211_Booth_2.pdf,23,"यादी भाग क्र. १ २ ४ : ७ - म्युनिसिपल घर ५ ५ सिंधी बिल्डींग, मोहम्मद शहिद मार्ग, (मॉरलॅन्ड रोड),",90,
BoothVoterList_A4_Ward_211_Booth_2.pdf,24,"यादी भाग क्र. 928 : ८ - म्युनिसिपल घर ५ ७कांचवाला बिल्डिंग, मोहम्मद शहिद मार्ग, (मॉरलॅन्ड रोड),",91,
BoothVoterList_A4_Ward_211_Booth_2.pdf,27,"यादी भाग क्र. १ २ ४ : ९ - म्युनिसिपल घर ५ ५ भगवानदास बिल्डिंग, मोहम्मद शहिद मार्ग, (मॉरलॅन्ड रोड),",88,
BoothVoterList_A4_Ward_211_Booth_2.pdf,29,"यादी भाग क्र. १ २ ४ : १ ० - म्युनिसिपल घर ४ ७ बी सराफ बिल्डिंग, मोहम्मद शहिद मार्ग, (मॉरलॅन्ड रोड),",91,
BoothVoterList_A4_Ward_211_Booth_2.pdf,30,"यादी भाग क्र. 928 : १ १ -म्यु. . घ. क्रमांक ४ ३ डी. सुतारवाला बिल्डिंग, एशियन आर्ट प्रिंटर्स, मोहम्मद शहिद",91,
BoothVoterList_A4_Ward_211_Booth_2.pdf,31,"यादी भाग क्र. १ २ ४ : 92 - इलेवन स्टार अपार्टमेंट, मोहम्मद शहिद मार्ग, (मॉरलॅन्ड रोड),",90,
BoothVoterList_A4_Ward_211_Booth_2.pdf,32,"यादी भाग क्र. १ २ ४ : १ ३ - इलेव्हन स्टार अपार्टमेंट (भगवानदास बिल्डींग), मौहम्मद शहिद मार्ग,",93,
BoothVoterList_A4_Ward_211_Booth_2.pdf,33,"यादी भाग क्र. १ २ ४ : ४ - म्युनिसिपल घर ४ ३ सुतारवाला बिल्डिंग, मोहम्मद शहिद मार्ग, (मॉरलॅन्ड रोड),",89,
BoothVoterList_A4_Ward_211_Booth_2.pdf,34,"यादी भाग क्र. 928 : २ - म्युनिसिपल घर ४ ७ सी सराफ बिल्डिंग, मोहम्मद शहिद मार्ग, (मॉरलॅन्ड रोड),",90,
BoothVoterList_A4_Ward_211_Booth_2.pdf,35,"यादी भाग क्र. १ २ ४ : 92 - इलेवन स्टार अपार्टमेंट, मोहम्मद शहिद मार्ग, (मॉरलॅन्ड रोड),",90,
BoothVoterList_A4_Ward_211_Booth_2.pdf,36,"यादी भाग क्र. १ २ ४ : ६ - म्युनिसिपल घर ४ ३ सुतारवाला चाळ, मोहम्मद शहिद मार्ग, (मॉरलॅन्ड रोड),",92,
BoothVoterList_A4_Ward_211_Booth_2.pdf,37,"यादी भाग क्र. १ २ ४ : ४ - म्युनिसिपल घर ४ ३ सुतारवाला बिल्डिंग, मोहम्मद शहिद मार्ग, (मॉरलॅन्ड रोड),",89,
BoothVoterList_A4_Ward_211_Booth_2.pdf,38,"यादी भाग क्र. १ २ ४ : ६ - म्युनिसिपल घर ४ ३ सुतारवाला चाळ, मोहम्मद शहिद मार्ग, (मॉरलॅन्ड रोड),",92,
BoothVoterList_A4_Ward_211_Booth_2.pdf,39,"यादी भाग क्र. १ २ ४ : ४ - म्युनिसिपल घर ४ ३ सुतारवाला बिल्डिंग, मोहम्मद शहिद मार्ग, (मॉरलॅन्ड रोड),",89,
BoothVoterList_A4_Ward_211_Booth_2.pdf,40,"यादी भाग क्र. १ २ ४ : ५ - म्युनिसिपल घर ५ १- इब्राहिम बिल्डिंग, मोहम्मद शहिद मार्ग, (मॉरलॅन्ड रोड),",91,
BoothVoterList_A4_Ward_211_Booth_2.pdf,41,"यादी भाग क्र. १ २ ५ : ४ - सेंट एन्ड्र्युज चर्च को. ऑप. सोसायटी, मोहम्मद शहिद मार्ग, (मॉरलॅन्ड रोड),",87,
BoothVoterList_A4_Ward_211_Booth_2.pdf,42,"यादी भाग क्र. १ २ ५ : 4 - पत्थरवाला स्कुल, मोहम्मद शहिद मार्ग, (मॉरलॅन्ड रोड),",88,
BoothVoterList_A4_Ward_211_Booth_2.pdf,43,"यादी भाग क्र. १ २ ५ : ६- सेंट एन्ड््युज को. ऑप. सो, मोहम्मद शहिद मार्ग, (मॉरलॅन्ड रोड),",88,
BoothVoterList_A4_Ward_211_Booth_2.pdf,44,"यादी भाग क्र. १ २ ५ : 4 - पत्थरवाला स्कुल, मोहम्मद शहिद मार्ग, (मॉरलॅन्ड रोड),",88,
BoothVoterList_A4_Ward_211_Booth_2.pdf,45,"यादी भाग क्र. १ २ ५ : ४ - सेंट एन्ड्र्युज चर्च को. ऑप. सोसायटी, मोहम्मद शहिद मार्ग, (मॉरलॅन्ड रोड),",87,
BoothVoterList_A4_Ward_211_Booth_20.pdf,2,"यादी भाग क्र. १ ५ ८ : ९ - म्युनिसिपल घर १ ७ ७ ते १ ८ ७, ताहेर मंझिल, मौलाना आझाद रोड,",92,
BoothVoterList_A4_Ward_211_Booth_20.pdf,7,"यादी भाग क्र. १ ५ ८ : १ ० - म्युनिसिपल घर 993-908, मदीना मंझील, मौलाना आझाद रोड,",84,
BoothVoterList_A4_Ward_211_Booth_20.pdf,13,"यादी भाग क्र. १ ५ ८ : १ १ - म्युनिसिपल घर १ ८ ७, झुबेदा मंझील, मौलाना आझाद रोड,",93,
BoothVoterList_A4_Ward_211_Booth_20.pdf,21,"यादी भाग क्र. १ ५ ८ : १ २ - म्युनिसिपल घर १ ८ ७, वारियावा मंझिल, मौलाना आझाद रोड,",92,
BoothVoterList_A4_Ward_211_Booth_20.pdf,22,"यादी भाग क्र. १ ५ ८ : 93 - अरफत ARM, मौलाना आझाद रोड,",89,
BoothVoterList_A4_Ward_211_Booth_20.pdf,24,"यादी भाग क्र. १ ५ ८ : १ १ - म्युनिसिपल घर १ ८ ७, झुबेदा मंझील, मौलाना आझाद रोड,",93,
BoothVoterList_A4_Ward_211_Booth_20.pdf,25,"यादी भाग क्र. १ ५ ८ : ४ - म्युनिसिपल घर १ ३ स्टोन बिल्डींग, साखळी मार्ग, ५ वी क्रॉस लेन,",93,
BoothVoterList_A4_Ward_211_Booth_20.pdf,26,"यादी भाग क्र. १ ५ ८ : 93 - अरफत ARM, मौलाना आझाद रोड,",89,
BoothVoterList_A4_Ward_211_Booth_20.pdf,27,"यादी भाग क्र. १ ५ ८ : १ ० - म्युनिसिपल घर 993-908, मदीना मंझील, मौलाना आझाद रोड,",84,
BoothVoterList_A4_Ward_211_Booth_20.pdf,28,"यादी भाग क्र. १ ५ ८ : १ १ - म्युनिसिपल घर १ ८ ७, झुबेदा मंझील, मौलाना आझाद रोड,",93,
BoothVoterList_A4_Ward_211_Booth_20.pdf,29,"यादी भाग क्र. १ ५ ८ : १ ० - म्युनिसिपल घर 993-908, मदीना मंझील, मौलाना आझाद रोड,",84,
BoothVoterList_A4_Ward_211_Booth_20.pdf,30,"यादी भाग क्र. १ ५ ८ : १ १ - म्युनिसिपल घर १ ८ ७, झुबेदा मंझील, मौलाना आझाद रोड,",93,
BoothVoterList_A4_Ward_211_Booth_20.pdf,31,"यादी भाग क्र. १ ५ ८ : ८ - स्टोन बिल्डींग, पवी साखळी क्रॉस मार्ग,",91,
BoothVoterList_A4_Ward_211_Booth_20.pdf,32,"यादी भाग क्र. १ ५ ८ : १ १ - म्युनिसिपल घर १ ८ ७, झुबेदा मंझील, मौलाना आझाद रोड,",93,
BoothVoterList_A4_Ward_211_Booth_20.pdf,33,"यादी भाग क्र. १ ५ ८ : १ ० - म्युनिसिपल घर 993-908, मदीना मंझील, मौलाना आझाद रोड,",84,
BoothVoterList_A4_Ward_211_Booth_20.pdf,34,"यादी भाग क्र. १ ५ ८ : २ - म्युनिसिपल घर ७ स्टोन बिल्डींग, साखळी मार्ग, ५ वी क्रॉस लेन,",89,
BoothVoterList_A4_Ward_211_Booth_20.pdf,35,"यादी भाग क्र. १ ५ ८ : १ १ - म्युनिसिपल घर १ ८ ७, झुबेदा मंझील, मौलाना आझाद रोड,",93,
BoothVoterList_A4_Ward_211_Booth_20.pdf,36,"यादी भाग क्र. १ ५ ८ : २ - म्युनिसिपल घर ७ स्टोन बिल्डींग, साखळी मार्ग, ५ वी क्रॉस लेन,",89,
BoothVoterList_A4_Ward_211_Booth_20.pdf,37,"यादी भाग क्र. १ ५ ८ : 93 - अरफत ARM, मौलाना आझाद रोड,",89,
BoothVoterList_A4_Ward_211_Booth_20.pdf,38,"यादी भाग क्र. १ ५ ८ : १ १ - म्युनिसिपल घर १ ८ ७, झुबेदा मंझील, मौलाना आझाद रोड,",93,
BoothVoterList_A4_Ward_211_Booth_20.pdf,39,"यादी भाग क्र. १ ५ ८ : ९ - म्युनिसिपल घर १ ७ ७ ते १ ८ ७, ताहेर मंझिल, मौलाना आझाद रोड,",92,
BoothVoterList_A4_Ward_211_Booth_20.pdf,40,"यादी भाग क्र. १ ५ ८ : १ १ - म्युनिसिपल घर १ ८ ७, झुबेदा मंझील, मौलाना आझाद रोड,",93,
BoothVoterList_A4_Ward_211_Booth_20.pdf,41,"यादी भाग क्र. १ ५ ८ : ८ - स्टोन बिल्डींग, पवी साखळी क्रॉस मार्ग,",91,
BoothVoterList_A4_Ward_211_Booth_20.pdf,42,"यादी भाग क्र. १ ५ ८ : 93 - अरफत ARM, मौलाना आझाद रोड,",89,
BoothVoterList_A4_Ward_211_Booth_20.pdf,43,"यादी भाग क्र. १ ५ ८ : १ ० - म्युनिसिपल घर 993-908, मदीना मंझील, मौलाना आझाद रोड,",84,
BoothVoterList_A4_Ward_211_Booth_20.pdf,44,"यादी भाग क्र. १ ५ ८ : ५ - म्युनिसिपल घर 94-१ ७, सकरवाला बिल्डींग, ५ वी साखळी क्रॉस मार्ग,",92,
BoothVoterList_A4_Ward_211_Booth_20.pdf,45,"यादी भाग क्र. १ ५ ८ : ३ - म्युनिसिपल घर 99 KEM बिल्डींग, साखळी मार्ग, ५ वी क्रॉस लेन,",90,
BoothVoterList_A4_Ward_211_Booth_20.pdf,46,"यादी भाग क्र. १ ५ ८ : १ ० - म्युनिसिपल घर 993-908, मदीना मंझील, मौलाना आझाद रोड,",84,
BoothVoterList_A4_Ward_211_Booth_20.pdf,47,"यादी भाग क्र. १ ५ ८ : ९ - म्युनिसिपल घर १ ७ ७ ते १ ८ ७, ताहेर मंझिल, मौलाना आझाद रोड,",92,
BoothVoterList_A4_Ward_211_Booth_20.pdf,48,"यादी भाग क्र. १ ५ ८ : १ ० - म्युनिसिपल घर 993-908, मदीना मंझील, मौलाना आझाद रोड,",84,
BoothVoterList_A4_Ward_211_Booth_20.pdf,49,"यादी भाग क्र. १ ५ ८ : १ १ - म्युनिसिपल घर १ ८ ७, झुबेदा मंझील, मौलाना आझाद रोड,",93,
BoothVoterList_A4_Ward_211_Booth_20.pdf,50,"यादी भाग क्र. १ ५ ८ : ५ - म्युनिसिपल घर 94-१ ७, सकरवाला बिल्डींग, ५ वी साखळी क्रॉस मार्ग,",92,
BoothVoterList_A4_Ward_211_Booth_21.pdf,2,"यादी भाग क्र. १ ४ ६ : १ - म्युनिसिपल घर २, पत्राचाळ क्रमांक ४, बदलू रंगारी रोड,",90,
BoothVoterList_A4_Ward_211_Booth_21.pdf,4,"यादी भाग क्र. १ ४ ६ : २ - म्युनिसिपल घर २, पत्राचाळ 41.4, बदलू रंगारी रोड,",88,
BoothVoterList_A4_Ward_211_Booth_21.pdf,5,"यादी भाग क्र. १ ४ ६ : ३ - म्युनिसिपल घर २, पत्राचाळ क्रमांक ६, बदलू रंगारी रोड,",92,
BoothVoterList_A4_Ward_211_Booth_21.pdf,7,"यादी भाग क्र. १ ४ ६ : ४ - बाबुद्दीन मोहम्मद पत्राचाळ नं ५, बदलू रंगारी रोड,",93,
BoothVoterList_A4_Ward_211_Booth_21.pdf,8,"यादी भाग क्र. १ ४ ६ : ५ -म्युनिसिपल पत्राचाळ क्रमांक ५, बदलू रंगारी रोड,",91,
BoothVoterList_A4_Ward_211_Booth_21.pdf,10,"यादी भाग क्र. १ ४ ६ : ६ - म्युनिसिपल घर ८-१ २, अशरफी मंझील, बदलू रंगारी रोड,",91,
BoothVoterList_A4_Ward_211_Booth_21.pdf,33,"यादी भाग क्र. १ ४ ६ : ७ - शर्मा प्लॉट नं-७ २, स्कॉटर स्ट्रीट, मेघराज सेठी मार्ग,",86,
BoothVoterList_A4_Ward_211_Booth_21.pdf,36,"यादी भाग क्र. १ ४ ६ : ८ - पत्रा चाळ 1.4, बदलू रंगारी रोड,",90,
BoothVoterList_A4_Ward_211_Booth_21.pdf,37,"यादी भाग क्र. १ ४ ६ : ९ - पत्रा चाळ क्रमांक 32, बदलू रंगारी रोड,",92,
BoothVoterList_A4_Ward_211_Booth_21.pdf,38,"यादी भाग क्र. १ ४ ६ : १ ० - साराह VST, ३ री सांखळी स्ट्रीट भायखळा,",87,
BoothVoterList_A4_Ward_211_Booth_21.pdf,40,"यादी भाग क्र. १ ४ ६ : १ १ - बिस्मिल्लाह आर्केड, 3 री सांखळी स्ट्रीट, arg हफिजुद्दिन मार्ग,",88,
BoothVoterList_A4_Ward_211_Booth_21.pdf,44,"यादी भाग क्र. १ ४ ६ : ६ - म्युनिसिपल घर ८-१ २, अशरफी मंझील, बदलू रंगारी रोड,",91,
BoothVoterList_A4_Ward_211_Booth_21.pdf,45,"यादी भाग क्र. १ ४ ६ : २ - म्युनिसिपल घर २, पत्राचाळ 41.4, बदलू रंगारी रोड,",88,
BoothVoterList_A4_Ward_211_Booth_21.pdf,46,"यादी भाग क्र. १ ४ ६ : १ १ - बिस्मिल्लाह आर्केड, 3 री सांखळी स्ट्रीट, arg हफिजुद्दिन मार्ग,",88,
BoothVoterList_A4_Ward_211_Booth_21.pdf,47,"यादी भाग क्र. १ ४ ६ : ६ - म्युनिसिपल घर ८-१ २, अशरफी मंझील, बदलू रंगारी रोड,",91,
BoothVoterList_A4_Ward_211_Booth_21.pdf,48,"यादी भाग क्र. १ ४ ६ : ८ - पत्रा चाळ 1.4, बदलू रंगारी रोड,",90,
BoothVoterList_A4_Ward_211_Booth_21.pdf,49,"यादी भाग क्र. १ ४ ६ : ४ - बाबुद्दीन मोहम्मद पत्राचाळ नं ५, बदलू रंगारी रोड,",93,
BoothVoterList_A4_Ward_211_Booth_21.pdf,50,"यादी भाग क्र. १ ४ ६ : ६ - म्युनिसिपल घर ८-१ २, अशरफी मंझील, बदलू रंगारी रोड,",91,
BoothVoterList_A4_Ward_211_Booth_21.pdf,51,"यादी भाग क्र. १ ४ ६ : १ १ - बिस्मिल्लाह आर्केड, 3 री सांखळी स्ट्रीट, arg हफिजुद्दिन मार्ग,",88,
BoothVoterList_A4_Ward_211_Booth_21.pdf,52,"यादी भाग क्र. १ ४ ६ : ६ - म्युनिसिपल घर ८-१ २, अशरफी मंझील, बदलू रंगारी रोड,",91,
BoothVoterList_A4_Ward_211_Booth_21.pdf,53,"यादी भाग क्र. १ ४ ६ : १ ० - साराह VST, ३ री सांखळी स्ट्रीट भायखळा,",87,
BoothVoterList_A4_Ward_211_Booth_21.pdf,54,"यादी भाग क्र. १ ४ ६ : ६ - म्युनिसिपल घर ८-१ २, अशरफी मंझील, बदलू रंगारी रोड,",91,
BoothVoterList_A4_Ward_211_Booth_21.pdf,55,"यादी भाग क्र. १ ४ ६ : ३ - म्युनिसिपल घर २, पत्राचाळ क्रमांक ६, बदलू रंगारी रोड,",92,
BoothVoterList_A4_Ward_211_Booth_21.pdf,56,"यादी भाग क्र. १ ४ ६ : ६ - म्युनिसिपल घर ८-१ २, अशरफी मंझील, बदलू रंगारी रोड,",91,
BoothVoterList_A4_Ward_211_Booth_21.pdf,57,"यादी भाग क्र. १ ४ ६ : २ - म्युनिसिपल घर २, पत्राचाळ 41.4, बदलू रंगारी रोड,",88,
BoothVoterList_A4_Ward_211_Booth_21.pdf,58,"यादी भाग क्र. १ ४ ६ : ६ - म्युनिसिपल घर ८-१ २, अशरफी मंझील, बदलू रंगारी रोड,",91,
BoothVoterList_A4_Ward_211_Booth_21.pdf,59,"यादी भाग क्र. १ ४ ६ : ५ -म्युनिसिपल पत्राचाळ क्रमांक ५, बदलू रंगारी रोड,",91,
BoothVoterList_A4_Ward_211_Booth_21.pdf,60,"यादी भाग क्र. १ ४ ६ : ६ - म्युनिसिपल घर ८-१ २, अशरफी मंझील, बदलू रंगारी रोड,",91,
BoothVoterList_A4_Ward_211_Booth_21.pdf,61,"यादी भाग क्र. १ ४ ६ : ७ - शर्मा प्लॉट नं-७ २, स्कॉटर स्ट्रीट, मेघराज सेठी मार्ग,",86,
BoothVoterList_A4_Ward_211_Booth_21.pdf,62,"यादी भाग क्र. १ ४ ६ : ६ - म्युनिसिपल घर ८-१ २, अशरफी मंझील, बदलू रंगारी रोड,",91,
BoothVoterList_A4_Ward_211_Booth_21.pdf,63,"यादी भाग क्र. १ ४ ६ : १ १ - बिस्मिल्लाह आर्केड, 3 री सांखळी स्ट्रीट, arg हफिजुद्दिन मार्ग,",88,
BoothVoterList_A4_Ward_211_Booth_21.pdf,64,"यादी भाग क्र. १ ४ ६ : ६ - म्युनिसिपल घर ८-१ २, अशरफी मंझील, बदलू रंगारी रोड,",91,
BoothVoterList_A4_Ward_211_Booth_21.pdf,65,"यादी भाग क्र. १ ४ ६ : ५ -म्युनिसिपल पत्राचाळ क्रमांक ५, बदलू रंगारी रोड,",91,
BoothVoterList_A4_Ward_211_Booth_21.pdf,66,"यादी भाग क्र. १ ४ ६ : २ - म्युनिसिपल घर २, पत्राचाळ 41.4, बदलू रंगारी रोड,",88,
BoothVoterList_A4_Ward_211_Booth_21.pdf,67,"यादी भाग क्र. १ ४ ६ : १ ० - साराह VST, ३ री सांखळी स्ट्रीट भायखळा,",87,
BoothVoterList_A4_Ward_211_Booth_21.pdf,68,"यादी भाग क्र. १ ४ ६ : ६ - म्युनिसिपल घर ८-१ २, अशरफी मंझील, बदलू रंगारी रोड,",91,
BoothVoterList_A4_Ward_211_Booth_21.pdf,69,"यादी भाग क्र. १ ४ ६ : ७ - शर्मा प्लॉट नं-७ २, स्कॉटर स्ट्रीट, मेघराज सेठी मार्ग,",86,
BoothVoterList_A4_Ward_211_Booth_21.pdf,70,"यादी भाग क्र. १ ४ ६ : १ १ - बिस्मिल्लाह आर्केड, 3 री सांखळी स्ट्रीट, arg हफिजुद्दिन मार्ग,",88,
BoothVoterList_A4_Ward_211_Booth_21.pdf,71,"यादी भाग क्र. १ ४ ६ : ६ - म्युनिसिपल घर ८-१ २, अशरफी मंझील, बदलू रंगारी रोड,",91,
BoothVoterList_A4_Ward_211_Booth_21.pdf,72,"यादी भाग क्र. १ ४ ६ : १ १ - बिस्मिल्लाह आर्केड, 3 री सांखळी स्ट्रीट, arg हफिजुद्दिन मार्ग,",88,
BoothVoterList_A4_Ward_211_Booth_21.pdf,73,"यादी भाग क्र. १ ४ ६ : ३ - म्युनिसिपल घर २, पत्राचाळ क्रमांक ६, बदलू रंगारी रोड,",92,
BoothVoterList_A4_Ward_211_Booth_21.pdf,74,"यादी भाग क्र. १ ४ ६ : १ १ - बिस्मिल्लाह आर्केड, 3 री सांखळी स्ट्रीट, arg हफिजुद्दिन मार्ग,",88,
BoothVoterList_A4_Ward_211_Booth_21.pdf,75,"यादी भाग क्र. १ ४ ६ : ६ - म्युनिसिपल घर ८-१ २, अशरफी मंझील, बदलू रंगारी रोड,",91,
BoothVoterList_A4_Ward_211_Booth_21.pdf,76,"यादी भाग क्र. १ ४ ६ : १ १ - बिस्मिल्लाह आर्केड, 3 री सांखळी स्ट्रीट, arg हफिजुद्दिन मार्ग,",88,
BoothVoterList_A4_Ward_211_Booth_21.pdf,77,"यादी भाग क्र. १ ४ ६ : ६ - म्युनिसिपल घर ८-१ २, अशरफी मंझील, बदलू रंगारी रोड,",91,
BoothVoterList_A4_Ward_211_Booth_21.pdf,78,"यादी भाग क्र. १ ४ ६ : ३ - म्युनिसिपल घर २, पत्राचाळ क्रमांक ६, बदलू रंगारी रोड,",92,
BoothVoterList_A4_Ward_211_Booth_21.pdf,79,"यादी भाग क्र. १ ४ ६ : ६ - म्युनिसिपल घर ८-१ २, अशरफी मंझील, बदलू रंगारी रोड,",91,
BoothVoterList_A4_Ward_211_Booth_21.pdf,80,"यादी भाग क्र. १ ४ ६ : १ १ - बिस्मिल्लाह आर्केड, 3 री सांखळी स्ट्रीट, arg हफिजुद्दिन मार्ग,",88,
BoothVoterList_A4_Ward_211_Booth_21.pdf,81,"यादी भाग क्र. १ ४ ६ : ६ - म्युनिसिपल घर ८-१ २, अशरफी मंझील, बदलू रंगारी रोड,",91,
BoothVoterList_A4_Ward_211_Booth_21.pdf,82,"यादी भाग क्र. १ ४ ६ : १ १ - बिस्मिल्लाह आर्केड, 3 री सांखळी स्ट्रीट, arg हफिजुद्दिन मार्ग,",88,
BoothVoterList_A4_Ward_211_Booth_21.pdf,83,"यादी भाग क्र. १ ४ ६ : ३ - म्युनिसिपल घर २, पत्राचाळ क्रमांक ६, बदलू रंगारी रोड,",92,
BoothVoterList_A4_Ward_211_Booth_21.pdf,84,"यादी भाग क्र. १ ४ ६ : ६ - म्युनिसिपल घर ८-१ २, अशरफी मंझील, बदलू रंगारी रोड,",91,
BoothVoterList_A4_Ward_211_Booth_21.pdf,85,"यादी भाग क्र. १ ४ ६ : १ १ - बिस्मिल्लाह आर्केड, 3 री सांखळी स्ट्रीट, arg हफिजुद्दिन मार्ग,",88,
BoothVoterList_A4_Ward_211_Booth_21.pdf,86,"यादी भाग क्र. १ ४ ६ : ६ - म्युनिसिपल घर ८-१ २, अशरफी मंझील, बदलू रंगारी रोड,",91,
BoothVoterList_A4_Ward_211_Booth_21.pdf,87,"यादी भाग क्र. १ ४ ६ : १ १ - बिस्मिल्लाह आर्केड, 3 री सांखळी स्ट्रीट, arg हफिजुद्दिन मार्ग,",88,
BoothVoterList_A4_Ward_211_Booth_22.pdf,2,"यादी भाग क्र. १ ४ ७ : 9 - बंबखान्याजवळील झोपडपट्टी, मेघराज सेठी मार्ग,",90,
BoothVoterList_A4_Ward_211_Booth_22.pdf,9,"यादी भाग क्र. १ ४ ७ : २ - म्युनिसिपल घर १ १ ई, म्युनि. वॉटर dR स्टाफ जवळील चाळ, मेघराज सेठी मार्ग,",88,
BoothVoterList_A4_Ward_211_Booth_22.pdf,10,"यादी भाग क्र. १ ४ ७ : 3 - विठ्ठल मंदिर जवळील चाळ, संतोष भुवन, मेघराज सेठी मार्ग,",91,
BoothVoterList_A4_Ward_211_Booth_22.pdf,13,"यादी भाग क्र. १ ४ ७ : ४ - नमकवाला चाळ, मेघराज सेठी मार्ग,",92,
BoothVoterList_A4_Ward_211_Booth_22.pdf,17,"यादी भाग क्र. १ ४ ७ : 4 - विठ्ठल मंदिर झोपडपट्टी, मेघराज सेठी मार्ग,",90,
BoothVoterList_A4_Ward_211_Booth_22.pdf,20,"यादी भाग क्र. १ ४ ७ : ६- एप्रिल शॉवर बिल्डिंग, मेघराज सेठी मार्ग,",91,
BoothVoterList_A4_Ward_211_Booth_22.pdf,23,"यादी भाग क्र. १ ४ ७ : ७ - आगाखान चाळ, मेघराज सेठी मार्ग,",90,
BoothVoterList_A4_Ward_211_Booth_22.pdf,26,"यादी भाग क्र. १ ४ ७ : ८ - WAS इराणी चाळ, मेघराज सेठी मार्ग,",87,
BoothVoterList_A4_Ward_211_Booth_22.pdf,29,"यादी भाग क्र. १ ४ ७ : ९ - म्युनिसिपल घर ८, मकबा FM, साखळी रोड तिसरी गल्ली,",90,
BoothVoterList_A4_Ward_211_Booth_22.pdf,35,"यादी भाग क्र. १ ४ ७ : १ ० - म्युनिसिपल घर ८, एसियन पॅलेस, साखळी रोड तिसरी गल्ली,",93,
BoothVoterList_A4_Ward_211_Booth_22.pdf,38,"यादी भाग क्र. १ ४ ७ : १ १ - म्युनिसिपल घर 92, कुरेशी मंझिल, साखळी रोड तिसरी गल्ली,",92,
BoothVoterList_A4_Ward_211_Booth_22.pdf,41,"यादी भाग क्र. १ ४ ७ : ४ - नमकवाला चाळ, मेघराज सेठी मार्ग,",92,
BoothVoterList_A4_Ward_211_Booth_22.pdf,42,"यादी भाग क्र. १ ४ ७ : 3 - विठ्ठल मंदिर जवळील चाळ, संतोष भुवन, मेघराज सेठी मार्ग,",91,
BoothVoterList_A4_Ward_211_Booth_22.pdf,43,"यादी भाग क्र. १ ४ ७ : ९ - म्युनिसिपल घर ८, मकबा FM, साखळी रोड तिसरी गल्ली,",90,
BoothVoterList_A4_Ward_211_Booth_22.pdf,44,"यादी भाग क्र. १ ४ ७ : ४ - नमकवाला चाळ, मेघराज सेठी मार्ग,",92,
BoothVoterList_A4_Ward_211_Booth_22.pdf,45,"यादी भाग क्र. १ ४ ७ : १ ० - म्युनिसिपल घर ८, एसियन पॅलेस, साखळी रोड तिसरी गल्ली,",93,
BoothVoterList_A4_Ward_211_Booth_22.pdf,46,"यादी भाग क्र. १ ४ ७ : २ - म्युनिसिपल घर १ १ ई, म्युनि. वॉटर dR स्टाफ जवळील चाळ, मेघराज सेठी मार्ग,",88,
BoothVoterList_A4_Ward_211_Booth_22.pdf,47,"यादी भाग क्र. १ ४ ७ : 3 - विठ्ठल मंदिर जवळील चाळ, संतोष भुवन, मेघराज सेठी मार्ग,",91,
BoothVoterList_A4_Ward_211_Booth_22.pdf,48,"यादी भाग क्र. १ ४ ७ : ६- एप्रिल शॉवर बिल्डिंग, मेघराज सेठी मार्ग,",91,
BoothVoterList_A4_Ward_211_Booth_22.pdf,49,"यादी भाग क्र. १ ४ ७ : ८ - WAS इराणी चाळ, मेघराज सेठी मार्ग,",87,
BoothVoterList_A4_Ward_211_Booth_22.pdf,50,"यादी भाग क्र. १ ४ ७ : २ - म्युनिसिपल घर १ १ ई, म्युनि. वॉटर dR स्टाफ जवळील चाळ, मेघराज सेठी मार्ग,",88,
BoothVoterList_A4_Ward_211_Booth_22.pdf,51,"यादी भाग क्र. १ ४ ७ : ६- एप्रिल शॉवर बिल्डिंग, मेघराज सेठी मार्ग,",91,
BoothVoterList_A4_Ward_211_Booth_22.pdf,52,"यादी भाग क्र. १ ४ ७ : 4 - विठ्ठल मंदिर झोपडपट्टी, मेघराज सेठी मार्ग,",90,
BoothVoterList_A4_Ward_211_Booth_22.pdf,53,"यादी भाग क्र. १ ४ ७ : 9 - बंबखान्याजवळील झोपडपट्टी, मेघराज सेठी मार्ग,",90,
BoothVoterList_A4_Ward_211_Booth_22.pdf,54,"यादी भाग क्र. १ ४ ७ : ९ - म्युनिसिपल घर ८, मकबा FM, साखळी रोड तिसरी गल्ली,",90,
BoothVoterList_A4_Ward_211_Booth_22.pdf,55,"यादी भाग क्र. १ ४ ७ : 3 - विठ्ठल मंदिर जवळील चाळ, संतोष भुवन, मेघराज सेठी मार्ग,",91,
BoothVoterList_A4_Ward_211_Booth_22.pdf,56,"यादी भाग क्र. १ ४ ७ : 9 - बंबखान्याजवळील झोपडपट्टी, मेघराज सेठी मार्ग,",90,
BoothVoterList_A4_Ward_211_Booth_22.pdf,57,"यादी भाग क्र. १ ४ ७ : 3 - विठ्ठल मंदिर जवळील चाळ, संतोष भुवन, मेघराज सेठी मार्ग,",91,
BoothVoterList_A4_Ward_211_Booth_22.pdf,58,"यादी भाग क्र. १ ४ ७ : ६- एप्रिल शॉवर बिल्डिंग, मेघराज सेठी मार्ग,",91,
BoothVoterList_A4_Ward_211_Booth_22.pdf,59,"यादी भाग क्र. १ ४ ७ : १ ० - म्युनिसिपल घर ८, एसियन पॅलेस, साखळी रोड तिसरी गल्ली,",93,
BoothVoterList_A4_Ward_211_Booth_23.pdf,2,"यादी भाग क्र. १ ४ ८ : १ - अपना झोपडपट्टी, मेघराज सेठी मार्ग,",88,
BoothVoterList_A4_Ward_211_Booth_23.pdf,9,"यादी भाग क्र. १ ४ ८ : १ ३ - हनुमान कंपाऊड, दुसरी साखळीस्ट्रीट मेघराज सेठी मार्ग,",90,
BoothVoterList_A4_Ward_211_Booth_23.pdf,10,"यादी भाग क्र. १ ४ ८ : १ - अपना झोपडपट्टी, मेघराज सेठी मार्ग,",88,
BoothVoterList_A4_Ward_211_Booth_23.pdf,11,"यादी भाग क्र. १ ४ ८ : १ ३ - हनुमान कंपाऊड, दुसरी साखळीस्ट्रीट मेघराज सेठी मार्ग,",90,
BoothVoterList_A4_Ward_211_Booth_23.pdf,12,"यादी भाग क्र. १ ६ ७ : १ ६ - म्युनिसिपल घर ५ ० बी, धनकॅसल बिल्डींग, मिर्झा गालिब मार्ग,",88,
BoothVoterList_A4_Ward_211_Booth_23.pdf,13,"यादी भाग क्र. १ ६ ७ : १ ७ -म्युनिसिपल घर क्रमांक ९ ०, लक्ष्मी बिल्डिंग, मिर्झा गालिब मार्ग,",91,
BoothVoterList_A4_Ward_211_Booth_23.pdf,15,"यादी भाग क्र. १ ६ ७ : १ ८ - सागर क्लासिक, मिर्झा गालिब मार्ग,",93,
BoothVoterList_A4_Ward_211_Booth_23.pdf,21,"यादी भाग क्र. १ ६ ७ : १ ९ - म्युनिसिपल घर ५ ० लाईट ऑफ इंडीया रेस्टॉरंट, मिर्झा गालिब मार्ग,",93,
BoothVoterList_A4_Ward_211_Booth_23.pdf,22,"यादी भाग क्र. १ ६ ७ : २ ० - लकी ARM, क्लेअर रोड,",88,
BoothVoterList_A4_Ward_211_Booth_23.pdf,23,"यादी भाग क्र. १ ६ ७ : १ ८ - सागर क्लासिक, मिर्झा गालिब मार्ग,",93,
BoothVoterList_A4_Ward_211_Booth_23.pdf,24,"यादी भाग क्र. १ ६ ७ : २ ५ - तस्लीमा हाइट्स, मिर्जा गालिब मार्ग, नागपाडा, मुंबई सेंट्रल, मुंबई",92,
BoothVoterList_A4_Ward_211_Booth_23.pdf,25,"यादी भाग क्र. १ ६ ७ : १ ६ - म्युनिसिपल घर ५ ० बी, धनकॅसल बिल्डींग, मिर्झा गालिब मार्ग,",88,
BoothVoterList_A4_Ward_211_Booth_24.pdf,2,"यादी भाग क्र. १ ४ ९ : १ - म्युनिसिपल घर १ ८, ईस्लामिया मंझील, बदलू रंगारी रोड,",86,
BoothVoterList_A4_Ward_211_Booth_24.pdf,23,"यादी भाग क्र. १ ४ ९ : २- म्युनिसिपल घरनं २ ०, किस्मत मंझील, बदलू रंगारी रोड,",81,
BoothVoterList_A4_Ward_211_Booth_24.pdf,28,"यादी भाग क्र. १ ४ ९ : ३ - म्युनिसिपल घर १ १ ७-१ १ ९, अरब मस्जिद चाळ, मौलाना आझाद रोड,",93,
BoothVoterList_A4_Ward_211_Booth_24.pdf,29,"यादी भाग क्र. १ ४ ९ : 28 - म्युनिसिपल घर १ २ ३, साबुनवाला बिल्डींग, मौलाना आझाद रोड,",88,
BoothVoterList_A4_Ward_211_Booth_24.pdf,30,"यादी भाग क्र. १ ४ ९ : ५ - म्युनिसिपल घर १ २ ७, मारवाडी चाळ, मौलाना आझाद रोड,",92,
BoothVoterList_A4_Ward_211_Booth_24.pdf,34,"यादी भाग क्र. १ ४ ९ : ६ - म्युनिसिपल घर १ ३ ३, इंडियन बेकरी, मौलाना आझाद रोड, मुंबई",93,
BoothVoterList_A4_Ward_211_Booth_24.pdf,37,"यादी भाग क्र. १ ४ ९ : ८-190-993, अरब मस्जिद चाळ, मौलाना आझाद रोड,",91,
BoothVoterList_A4_Ward_211_Booth_24.pdf,38,"यादी भाग क्र. १ ४ ९ : ९ - के एस ए एल्फ, ४ थी सांखळी स्ट्रीट, मौलाना आझाद रोड मुंबई- ४ ० ० ० ० ८",90,
BoothVoterList_A4_Ward_211_Booth_24.pdf,40,"यादी भाग क्र. १ ४ ९ : २- म्युनिसिपल घरनं २ ०, किस्मत मंझील, बदलू रंगारी रोड,",81,
BoothVoterList_A4_Ward_211_Booth_24.pdf,41,"यादी भाग क्र. १ ४ ९ : १ - म्युनिसिपल घर १ ८, ईस्लामिया मंझील, बदलू रंगारी रोड,",86,
BoothVoterList_A4_Ward_211_Booth_24.pdf,42,"यादी भाग क्र. १ ४ ९ : २- म्युनिसिपल घरनं २ ०, किस्मत मंझील, बदलू रंगारी रोड,",81,
BoothVoterList_A4_Ward_211_Booth_24.pdf,43,"यादी भाग क्र. १ ४ ९ : ९ - के एस ए एल्फ, ४ थी सांखळी स्ट्रीट, मौलाना आझाद रोड मुंबई- ४ ० ० ० ० ८",90,
BoothVoterList_A4_Ward_211_Booth_24.pdf,44,"यादी भाग क्र. १ ४ ९ : १ - म्युनिसिपल घर १ ८, ईस्लामिया मंझील, बदलू रंगारी रोड,",86,
BoothVoterList_A4_Ward_211_Booth_24.pdf,45,"यादी भाग क्र. १ ४ ९ : ९ - के एस ए एल्फ, ४ थी सांखळी स्ट्रीट, मौलाना आझाद रोड मुंबई- ४ ० ० ० ० ८",90,
BoothVoterList_A4_Ward_211_Booth_24.pdf,46,"यादी भाग क्र. १ ४ ९ : १ - म्युनिसिपल घर १ ८, ईस्लामिया मंझील, बदलू रंगारी रोड,",86,
BoothVoterList_A4_Ward_211_Booth_24.pdf,47,"यादी भाग क्र. १ ४ ९ : ६ - म्युनिसिपल घर १ ३ ३, इंडियन बेकरी, मौलाना आझाद रोड, मुंबई",93,
BoothVoterList_A4_Ward_211_Booth_24.pdf,48,"यादी भाग क्र. १ ४ ९ : १ - म्युनिसिपल घर १ ८, ईस्लामिया मंझील, बदलू रंगारी रोड,",86,
BoothVoterList_A4_Ward_211_Booth_24.pdf,49,"यादी भाग क्र. १ ४ ९ : ९ - के एस ए एल्फ, ४ थी सांखळी स्ट्रीट, मौलाना आझाद रोड मुंबई- ४ ० ० ० ० ८",90,
BoothVoterList_A4_Ward_211_Booth_24.pdf,50,"यादी भाग क्र. १ ४ ९ : १ - म्युनिसिपल घर १ ८, ईस्लामिया मंझील, बदलू रंगारी रोड,",86,
BoothVoterList_A4_Ward_211_Booth_24.pdf,51,"यादी भाग क्र. १ ४ ९ : २- म्युनिसिपल घरनं २ ०, किस्मत मंझील, बदलू रंगारी रोड,",81,
BoothVoterList_A4_Ward_211_Booth_24.pdf,52,"यादी भाग क्र. १ ४ ९ : १ - म्युनिसिपल घर १ ८, ईस्लामिया मंझील, बदलू रंगारी रोड,",86,
BoothVoterList_A4_Ward_211_Booth_24.pdf,53,"यादी भाग क्र. १ ४ ९ : ९ - के एस ए एल्फ, ४ थी सांखळी स्ट्रीट, मौलाना आझाद रोड मुंबई- ४ ० ० ० ० ८",90,
BoothVoterList_A4_Ward_211_Booth_24.pdf,54,"यादी भाग क्र. १ ४ ९ : १ - म्युनिसिपल घर १ ८, ईस्लामिया मंझील, बदलू रंगारी रोड,",86,
BoothVoterList_A4_Ward_211_Booth_24.pdf,55,"यादी भाग क्र. १ ४ ९ : ९ - के एस ए एल्फ, ४ थी सांखळी स्ट्रीट, मौलाना आझाद रोड मुंबई- ४ ० ० ० ० ८",90,
BoothVoterList_A4_Ward_211_Booth_25.pdf,2,"यादी भाग क्र. १ ६ ८ : १ - म्युनिसिपल घर.२ भायखळा फायर ब्रीगेड ऑफिसर saree, होख हफिजुद्दीन मार्ग,",88,
BoothVoterList_A4_Ward_211_Booth_25.pdf,3,"यादी भाग क्र. १ ६ ८ : २ - म्युनिसिपल घर-२ १ भायखळा फायर ब्रीगेड स्टाफ क्वार्टर्स, शोख हफिजुद्दीन मार्ग,",80,
BoothVoterList_A4_Ward_211_Booth_25.pdf,5,"यादी भाग क्र. १ ६ ८ : ३ - भायखळा फायर ब्रिगेड न्यू स्टाफ कवार्टर्स, शेख हफिजुद्दीन मार्ग,",90,
BoothVoterList_A4_Ward_211_Booth_25.pdf,9,"यादी भाग क्र. १ ६ ८ : ४ - भायखळा, फायर ब्रिगेड कुंभार चाळ, शोख हफिजुद्दीन मार्ग,",88,
BoothVoterList_A4_Ward_211_Booth_25.pdf,10,"यादी भाग क्र. १ ६ ८ : ५ - भायखळा, फायर ब्रिगेड वॉटर डिपार्टमेंट, होख हफिजुद्दीन मार्ग,",90,
BoothVoterList_A4_Ward_211_Booth_25.pdf,11,"यादी भाग क्र. १ ६ ८ : ६ - म्युनिसिपल घर ८ हजरत टेरेस, शेख हफिजुद्दीन मार्ग, भायखळा,",92,
BoothVoterList_A4_Ward_211_Booth_25.pdf,13,"यादी भाग क्र. १ ६ ८ : 20 - म्युनिसिपल घर १ ६ गुलवाला (गोवावाला) चाळ, शेख हफिजुद्दीन मार्ग, भायखळा,",83,
BoothVoterList_A4_Ward_211_Booth_25.pdf,14,"यादी भाग क्र. १ ६ ८ : ८ - म्युनिसिपल घर २ ४ सुंदरदास बिल्डिंग, शोख हफिजुद्दीन मार्ग, भायखळा,",87,
BoothVoterList_A4_Ward_211_Booth_25.pdf,16,"यादी भाग क्र. १ ६ ८ : ९ - म्युनिसिपल घर ३ २ अपना घर बिल्डिंग, शोख हफिजुद्दीन मार्ग, दुसरी साखळी स्ट्रीट,",88,
BoothVoterList_A4_Ward_211_Booth_25.pdf,20,"यादी भाग क्र. १ ६ ८ : १ ० - म्युनिसिपल घर ४ २, Ade बिल्डिंग-अ, sre हफिजुद्दीन मार्ग, २ री साखळी स्ट्रीट,",89,
BoothVoterList_A4_Ward_211_Booth_25.pdf,24,"यादी भाग क्र. १ ६ ८ : १ १ - म्युनिसिपल घर ४ २, मर्चंट बिल्डिंग-बी, ake हफिजुद्दीन मार्ग, दुसरी साखळी स्ट्रीट,",87,
BoothVoterList_A4_Ward_211_Booth_25.pdf,25,"यादी भाग क्र. १ ६ ८ : १ २ - म्युनिसिपल घर ६ २, फतवात मंझील, शेख हफिजुद्दीन मार्ग, दुसरी साखळी स्ट्रीट,",91,
BoothVoterList_A4_Ward_211_Booth_25.pdf,27,"यादी भाग क्र. १ ६ ८ : १ ३ - बी. एम. सी. ई वार्ड ऑफीस GEM, ई म्युन्सिपल वार्ड कार्यालय, शेख",87,
BoothVoterList_A4_Ward_211_Booth_25.pdf,28,"यादी भाग क्र. १ ६ ८ : १ ४ - म्युनिसिपल घर ४ ८, खैरुन्नीसा We इमारत (लकी ARM), मिर्झा गालिब मार्ग,",89,
BoothVoterList_A4_Ward_211_Booth_25.pdf,30,"यादी भाग क्र. १ ६ ८ : १ ५ - म्युनिसिपल घर ५ ८, श्रॉफ बिल्डिंग (हालीमा मंझील), मिर्झा गालिब मार्ग,",92,
BoothVoterList_A4_Ward_211_Booth_25.pdf,33,"यादी भाग क्र. १ ६ ८ : १ ६ - म्युनिसिपल घर ६ ८, मसिना इमारत, मिर्झा गालिब मार्ग,",93,
BoothVoterList_A4_Ward_211_Booth_25.pdf,36,"यादी भाग क्र. १ ६ ८ : १ ७ - म्युनिसिपल घर ८ २, क्लेअर हाऊस, मिर्झा गालिब मार्ग,",93,
BoothVoterList_A4_Ward_211_Booth_25.pdf,38,"यादी भाग क्र. १ ६ ८ : १ ८ - धन Heo, मिर्झा गालिब मार्ग,",90,
BoothVoterList_A4_Ward_211_Booth_25.pdf,42,"यादी भाग क्र. १ ६ ८ : १ ९ - म्युनिसिपल घर ४ ६-५ ०बी, लकी मेन्हान, मिर्झा गालिब मार्ग,",92,
BoothVoterList_A4_Ward_211_Booth_25.pdf,43,"यादी भाग क्र. १ ६ ८ : २ ० - आशादान, साकळी स्ट्रीट,",92,
BoothVoterList_A4_Ward_211_Booth_25.pdf,46,"यादी भाग क्र. १ ६ ८ : २ १ - G/6-CA, लकी अठनेक्स, साकळी स्ट्रीट, भायखळा,",87,
BoothVoterList_A4_Ward_211_Booth_25.pdf,47,"यादी भाग क्र. १ ६ ८ : 2 22 - भायखळा अग्निशमन केंद्र, कमांड सेंटर बिल्डिंग, भायखळा",83,
BoothVoterList_A4_Ward_211_Booth_25.pdf,48,"यादी भाग क्र. १ ६ ८ : १ ६ - म्युनिसिपल घर ६ ८, मसिना इमारत, मिर्झा गालिब मार्ग,",93,
BoothVoterList_A4_Ward_211_Booth_25.pdf,49,"यादी भाग क्र. १ ६ ८ : १ ५ - म्युनिसिपल घर ५ ८, श्रॉफ बिल्डिंग (हालीमा मंझील), मिर्झा गालिब मार्ग,",92,
BoothVoterList_A4_Ward_211_Booth_25.pdf,50,"यादी भाग क्र. १ ६ ८ : २ - म्युनिसिपल घर-२ १ भायखळा फायर ब्रीगेड स्टाफ क्वार्टर्स, शोख हफिजुद्दीन मार्ग,",80,
BoothVoterList_A4_Ward_211_Booth_25.pdf,51,"यादी भाग क्र. १ ६ ८ : १ ० - म्युनिसिपल घर ४ २, Ade बिल्डिंग-अ, sre हफिजुद्दीन मार्ग, २ री साखळी स्ट्रीट,",89,
BoothVoterList_A4_Ward_211_Booth_25.pdf,52,"यादी भाग क्र. १ ६ ८ : १ १ - म्युनिसिपल घर ४ २, मर्चंट बिल्डिंग-बी, ake हफिजुद्दीन मार्ग, दुसरी साखळी स्ट्रीट,",87,
BoothVoterList_A4_Ward_211_Booth_25.pdf,53,"यादी भाग क्र. १ ६ ८ : १ ६ - म्युनिसिपल घर ६ ८, मसिना इमारत, मिर्झा गालिब मार्ग,",93,
BoothVoterList_A4_Ward_211_Booth_25.pdf,54,"यादी भाग क्र. १ ६ ८ : १ ० - म्युनिसिपल घर ४ २, Ade बिल्डिंग-अ, sre हफिजुद्दीन मार्ग, २ री साखळी स्ट्रीट,",89,
BoothVoterList_A4_Ward_211_Booth_25.pdf,55,"यादी भाग क्र. १ ६ ८ : १ १ - म्युनिसिपल घर ४ २, मर्चंट बिल्डिंग-बी, ake हफिजुद्दीन मार्ग, दुसरी साखळी स्ट्रीट,",87,
BoothVoterList_A4_Ward_211_Booth_25.pdf,56,"यादी भाग क्र. १ ६ ८ : १ ० - म्युनिसिपल घर ४ २, Ade बिल्डिंग-अ, sre हफिजुद्दीन मार्ग, २ री साखळी स्ट्रीट,",89,
BoothVoterList_A4_Ward_211_Booth_25.pdf,57,"यादी भाग क्र. १ ६ ८ : १ ८ - धन Heo, मिर्झा गालिब मार्ग,",90,
BoothVoterList_A4_Ward_211_Booth_25.pdf,58,"यादी भाग क्र. १ ६ ८ : १ ० - म्युनिसिपल घर ४ २, Ade बिल्डिंग-अ, sre हफिजुद्दीन मार्ग, २ री साखळी स्ट्रीट,",89,
BoothVoterList_A4_Ward_211_Booth_25.pdf,59,"यादी भाग क्र. १ ६ ८ : ३ - भायखळा फायर ब्रिगेड न्यू स्टाफ कवार्टर्स, शेख हफिजुद्दीन मार्ग,",90,
BoothVoterList_A4_Ward_211_Booth_25.pdf,60,"यादी भाग क्र. १ ६ ८ : ८ - म्युनिसिपल घर २ ४ सुंदरदास बिल्डिंग, शोख हफिजुद्दीन मार्ग, भायखळा,",87,
BoothVoterList_A4_Ward_211_Booth_26.pdf,2,"यादी भाग क्र. १ ५ १ : १ - म्युनिसिपल घर १, बावला बिल्डींग, १ ली क्रॉस साखळी लेन,",90,
BoothVoterList_A4_Ward_211_Booth_26.pdf,8,"यादी भाग क्र. १ ५ १ : २ - म्युनिसिपल घर ३, फातिमाबाई बिल्डींग (हवा बिल्डिंग), १ ली क्रॉस साखळी लेन",93,
BoothVoterList_A4_Ward_211_Booth_26.pdf,12,"यादी भाग क्र. १ ५ १ : ३ - म्युनिसिपल घर ५, हाजी इस्माईल बिल्डींग, १ ली क्रॉस साखळी लेन,",91,
BoothVoterList_A4_Ward_211_Booth_26.pdf,15,"यादी भाग क्र. १ ५ १ : ४ - म्युनिसिपल घर ६, ताजमेन्शन, १ ली क्रॉस साखळी लेन,",91,
BoothVoterList_A4_Ward_211_Booth_26.pdf,20,"यादी भाग क्र. १ ५ १ : ५ - म्युनिसिपल घर २, राज बिल्डींग, १ ली क्रॉस साखळी लेन,",89,
BoothVoterList_A4_Ward_211_Booth_26.pdf,25,"यादी भाग क्र. १ ५ १ : ६ - म्युनिसिपल घर ४, अलाविया बिल्डींग, २ री क्रॉस साखळी लेन,",90,
BoothVoterList_A4_Ward_211_Booth_26.pdf,26,यादी भाग क्र. १ ५ १ : ७ - के. एस. ए रॉयल Me हफिझुद्दिन मार्ग १ आणि २ सांखळी स्ट्रीट मुंबई -,87,
BoothVoterList_A4_Ward_211_Booth_26.pdf,30,"यादी भाग क्र. १ ५ १ : ¢ - म्युनिसिपल घर ५, महमदी मंझील, तिसरी साखळी स्ट्रीट, क्रॉस लेन,",82,
BoothVoterList_A4_Ward_211_Booth_26.pdf,35,"यादी भाग क्र. १ ५ १ : ९ - आयडीयल अपार्टमेंट(ए), तिसरी साखळी स्ट्रीट, क्रॉस लेन,",93,
BoothVoterList_A4_Ward_211_Booth_26.pdf,38,"यादी भाग क्र. १ ५ १ : १ ० - आयडीयल अपार्टमेंट(बी), तिसरी साखळी स्ट्रीट, क्रॉस लेन,",91,
BoothVoterList_A4_Ward_211_Booth_26.pdf,43,"यादी भाग क्र. १ ५ १ : ५ - म्युनिसिपल घर २, राज बिल्डींग, १ ली क्रॉस साखळी लेन,",89,
BoothVoterList_A4_Ward_211_Booth_26.pdf,44,यादी भाग क्र. १ ५ १ : ७ - के. एस. ए रॉयल Me हफिझुद्दिन मार्ग १ आणि २ सांखळी स्ट्रीट मुंबई -,87,
BoothVoterList_A4_Ward_211_Booth_26.pdf,45,"यादी भाग क्र. १ ५ १ : १ ० - आयडीयल अपार्टमेंट(बी), तिसरी साखळी स्ट्रीट, क्रॉस लेन,",91,
BoothVoterList_A4_Ward_211_Booth_26.pdf,46,"यादी भाग क्र. १ ५ १ : ५ - म्युनिसिपल घर २, राज बिल्डींग, १ ली क्रॉस साखळी लेन,",89,
BoothVoterList_A4_Ward_211_Booth_26.pdf,47,"यादी भाग क्र. १ ५ १ : ४ - म्युनिसिपल घर ६, ताजमेन्शन, १ ली क्रॉस साखळी लेन,",91,
BoothVoterList_A4_Ward_211_Booth_26.pdf,48,यादी भाग क्र. १ ५ १ : ७ - के. एस. ए रॉयल Me हफिझुद्दिन मार्ग १ आणि २ सांखळी स्ट्रीट मुंबई -,87,
BoothVoterList_A4_Ward_211_Booth_26.pdf,49,"यादी भाग क्र. १ ५ १ : ४ - म्युनिसिपल घर ६, ताजमेन्शन, १ ली क्रॉस साखळी लेन,",91,
BoothVoterList_A4_Ward_211_Booth_26.pdf,50,"यादी भाग क्र. १ ५ १ : ¢ - म्युनिसिपल घर ५, महमदी मंझील, तिसरी साखळी स्ट्रीट, क्रॉस लेन,",82,
BoothVoterList_A4_Ward_211_Booth_26.pdf,51,यादी भाग क्र. १ ५ १ : ७ - के. एस. ए रॉयल Me हफिझुद्दिन मार्ग १ आणि २ सांखळी स्ट्रीट मुंबई -,87,
BoothVoterList_A4_Ward_211_Booth_26.pdf,52,"यादी भाग क्र. १ ५ १: ६ - म्युनिसिपल घर ४, अलाविया बिल्डींग, २ री क्रॉस साखळी लेन,",90,
BoothVoterList_A4_Ward_211_Booth_26.pdf,53,"यादी भाग क्र. १ ५ १ : ¢ - म्युनिसिपल घर ५, महमदी मंझील, तिसरी साखळी स्ट्रीट, क्रॉस लेन,",82,
BoothVoterList_A4_Ward_211_Booth_26.pdf,54,"यादी भाग क्र. १ ५ १ : ४ - म्युनिसिपल घर ६, ताजमेन्शन, १ ली क्रॉस साखळी लेन,",91,
BoothVoterList_A4_Ward_211_Booth_26.pdf,55,"यादी भाग क्र. १ ५ १: १ - म्युनिसिपल घर १, बावला बिल्डींग, १ ली क्रॉस साखळी लेन,",90,
BoothVoterList_A4_Ward_211_Booth_26.pdf,56,यादी भाग क्र. १ ५ १ : ७ - के. एस. ए रॉयल Me हफिझुद्दिन मार्ग १ आणि २ सांखळी स्ट्रीट मुंबई -,87,
BoothVoterList_A4_Ward_211_Booth_26.pdf,57,"यादी भाग क्र. १ ५ १ : ५ - म्युनिसिपल घर २, राज बिल्डींग, १ ली क्रॉस साखळी लेन,",89,
BoothVoterList_A4_Ward_211_Booth_26.pdf,58,यादी भाग क्र. १ ५ १ : ७ - के. एस. ए रॉयल Me हफिझुद्दिन मार्ग १ आणि २ सांखळी स्ट्रीट मुंबई -,87,
BoothVoterList_A4_Ward_211_Booth_26.pdf,59,"यादी भाग क्र. १ ५ १ : १ ० - आयडीयल अपार्टमेंट(बी), तिसरी साखळी स्ट्रीट, क्रॉस लेन,",91,
BoothVoterList_A4_Ward_211_Booth_26.pdf,60,"यादी भाग क्र. १ ५ १ : ¢ - म्युनिसिपल घर ५, महमदी मंझील, तिसरी साखळी स्ट्रीट, क्रॉस लेन,",82,
BoothVoterList_A4_Ward_211_Booth_26.pdf,61,यादी भाग क्र. १ ५ १ : ७ - के. एस. ए रॉयल Me हफिझुद्दिन मार्ग १ आणि २ सांखळी स्ट्रीट मुंबई -,87,
BoothVoterList_A4_Ward_211_Booth_26.pdf,62,"यादी भाग क्र. १ ५ १: १ - म्युनिसिपल घर १, बावला बिल्डींग, १ ली क्रॉस साखळी लेन,",90,
BoothVoterList_A4_Ward_211_Booth_26.pdf,63,"यादी भाग क्र. १ ५ १ : ५ - म्युनिसिपल घर २, राज बिल्डींग, १ ली क्रॉस साखळी लेन,",89,
BoothVoterList_A4_Ward_211_Booth_26.pdf,64,"यादी भाग क्र. १ ५ १ : ¢ - म्युनिसिपल घर ५, महमदी मंझील, तिसरी साखळी स्ट्रीट, क्रॉस लेन,",82,
BoothVoterList_A4_Ward_211_Booth_26.pdf,65,यादी भाग क्र. १ ५ १ : ७ - के. एस. ए रॉयल Me हफिझुद्दिन मार्ग १ आणि २ सांखळी स्ट्रीट मुंबई -,87,
BoothVoterList_A4_Ward_211_Booth_27.pdf,2,"यादी भाग क्र. १ ५ २: १ - म्युनिसिपल घर ४, अलाविया बिल्डींग, २ री क्रॉस साखळी लेन,",83,
BoothVoterList_A4_Ward_211_Booth_27.pdf,6,"यादी भाग क्र. १ ५ २ : २ - म्युनिसिपल घर ७, हबीब पेलेस, २ री क्रॉस साखळी लेन,",89,
BoothVoterList_A4_Ward_211_Booth_27.pdf,10,"यादी भाग क्र. १ ५ २ : ३ - म्युनिसिपल घर १ १, मोहसीन मंझिल, W क्रॉस साखळी लेन,",90,
BoothVoterList_A4_Ward_211_Booth_27.pdf,11,"यादी भाग क्र. १ ५ २ : ४ - म्युनिसिपल घर ६, मुबारक मंझिल, २ री क्रॉस साखळी लेन,",89,
BoothVoterList_A4_Ward_211_Booth_27.pdf,16,"यादी भाग क्र. १ ५ २ : ५ - म्युनिसिपल घर ८, सारा मंझिल, २ री क्रॉस साखळी लेन,",92,
BoothVoterList_A4_Ward_211_Booth_27.pdf,21,"यादी भाग क्र. १ ५ २ : ६- हबीब पॅलेस -बी- विंग, २ री क्रॉस साखळी लेन,",92,
BoothVoterList_A4_Ward_211_Booth_27.pdf,24,"यादी भाग क्र. १ ५ २ : ७ - इरफान पॅलेस, Wl क्रॉस साखळी लेन,",89,
BoothVoterList_A4_Ward_211_Booth_27.pdf,27,"यादी भाग क्र. १ ५ २ : ¢ - इरफान पॅलेस, शेख हाफिझुद्दिन मार्ग,",84,
BoothVoterList_A4_Ward_211_Booth_27.pdf,30,"यादी भाग क्र. १ ५ २ : ९ - हबीब पॅलेस, V विंग, २ री क्रॉस साखळी लेन,",87,
BoothVoterList_A4_Ward_211_Booth_27.pdf,33,"यादी भाग क्र. १ ५ २ : १ ० - Ht अपार्टमेंट, बदलु रंगारी स्ट्रीट, भायखळा, मुंबई",87,
BoothVoterList_A4_Ward_211_Booth_27.pdf,35,यादी भाग क्र. १ ५ २ : १ १ - डी के रेसिडेन्सी शैख हफिझुद्दिन मार्ग २ सांखळी स्ट्रीट मुंबई - ४ ० ० ० ० ८,92,
BoothVoterList_A4_Ward_211_Booth_27.pdf,37,"यादी भाग क्र. १ ५ २ : 92 - म्युनिसिपल घर १ ०, पांडरोवाला महल, दुसरी साखळी स्ट्रीट क्रॉस लेन,",92,
BoothVoterList_A4_Ward_211_Booth_27.pdf,41,"यादी भाग क्र. १ ५ २ : १ ३ - म्युनिसिपल घर १ २, स्वदेशी मंझिल, दुसरी साखळी स्ट्रीट क्रॉस लेन,",93,
BoothVoterList_A4_Ward_211_Booth_27.pdf,44,"यादी भाग क्र. १ ५ २ : १ ४ - म्युनिसिपल घर १, जमनादास बिल्डींग (परदा पॅलेस), दुसरी साखळी स्ट्रीट क्रॉस",93,
BoothVoterList_A4_Ward_211_Booth_27.pdf,47,"यादी भाग क्र. १ ५ २ : १ ० - Ht अपार्टमेंट, बदलु रंगारी स्ट्रीट, भायखळा, मुंबई",87,
BoothVoterList_A4_Ward_211_Booth_27.pdf,48,यादी भाग क्र. १ ५ २ : १ १ - डी के रेसिडेन्सी शैख हफिझुद्दिन मार्ग २ सांखळी स्ट्रीट मुंबई - ४ ० ० ० ० ८,92,
BoothVoterList_A4_Ward_211_Booth_27.pdf,49,"यादी भाग क्र. १ ५ २ : ४ - म्युनिसिपल घर ६, मुबारक मंझिल, २ री क्रॉस साखळी लेन,",89,
BoothVoterList_A4_Ward_211_Booth_27.pdf,50,"यादी भाग क्र. १ ५ २ : १ ३ - म्युनिसिपल घर १ २, स्वदेशी मंझिल, दुसरी साखळी स्ट्रीट क्रॉस लेन,",93,
BoothVoterList_A4_Ward_211_Booth_27.pdf,51,"यादी भाग क्र. १ ५ २ : ४ - म्युनिसिपल घर ६, मुबारक मंझिल, २ री क्रॉस साखळी लेन,",89,
BoothVoterList_A4_Ward_211_Booth_27.pdf,52,यादी भाग क्र. १ ५ २ : १ १ - डी के रेसिडेन्सी शैख हफिझुद्दिन मार्ग २ सांखळी स्ट्रीट मुंबई - ४ ० ० ० ० ८,92,
BoothVoterList_A4_Ward_211_Booth_27.pdf,53,"यादी भाग क्र. १ ५ २ : २ - म्युनिसिपल घर ७, हबीब पेलेस, २ री क्रॉस साखळी लेन,",89,
BoothVoterList_A4_Ward_211_Booth_27.pdf,54,"यादी भाग क्र. १ ५ २ : १ ० - Ht अपार्टमेंट, बदलु रंगारी स्ट्रीट, भायखळा, मुंबई",87,
BoothVoterList_A4_Ward_211_Booth_27.pdf,55,"यादी भाग क्र. १ ५ २ : ९ - हबीब पॅलेस, V विंग, २ री क्रॉस साखळी लेन,",87,
BoothVoterList_A4_Ward_211_Booth_27.pdf,56,"यादी भाग क्र. १ ५ २ : १ ४ - म्युनिसिपल घर १, जमनादास बिल्डींग (परदा पॅलेस), दुसरी साखळी स्ट्रीट क्रॉस",93,
BoothVoterList_A4_Ward_211_Booth_27.pdf,57,"यादी भाग क्र. १ ५ २: १ - म्युनिसिपल घर ४, अलाविया बिल्डींग, २ री क्रॉस साखळी लेन,",83,
BoothVoterList_A4_Ward_211_Booth_27.pdf,58,"यादी भाग क्र. १ ५ २ : ९ - हबीब पॅलेस, V विंग, २ री क्रॉस साखळी लेन,",87,
BoothVoterList_A4_Ward_211_Booth_27.pdf,59,"यादी भाग क्र. १ ५ २ : १ ० - Ht अपार्टमेंट, बदलु रंगारी स्ट्रीट, भायखळा, मुंबई",87,
BoothVoterList_A4_Ward_211_Booth_27.pdf,60,"यादी भाग क्र. १ ५ २ : १ ४ - म्युनिसिपल घर १, जमनादास बिल्डींग (परदा पॅलेस), दुसरी साखळी स्ट्रीट क्रॉस",93,
BoothVoterList_A4_Ward_211_Booth_27.pdf,61,"यादी भाग क्र. १ ५ २ : ९ - हबीब पॅलेस, V विंग, २ री क्रॉस साखळी लेन,",87,
BoothVoterList_A4_Ward_211_Booth_27.pdf,62,यादी भाग क्र. १ ५ २ : १ १ - डी के रेसिडेन्सी शैख हफिझुद्दिन मार्ग २ सांखळी स्ट्रीट मुंबई - ४ ० ० ० ० ८,92,
BoothVoterList_A4_Ward_211_Booth_27.pdf,63,"यादी भाग क्र. १ ५ २ : ¢ - इरफान पॅलेस, शेख हाफिझुद्दिन मार्ग,",84,
BoothVoterList_A4_Ward_211_Booth_27.pdf,64,"यादी भाग क्र. १ ५ २ : ९ - हबीब पॅलेस, V विंग, २ री क्रॉस साखळी लेन,",87,
BoothVoterList_A4_Ward_211_Booth_27.pdf,65,यादी भाग क्र. १ ५ २ : १ १ - डी के रेसिडेन्सी शैख हफिझुद्दिन मार्ग २ सांखळी स्ट्रीट मुंबई - ४ ० ० ० ० ८,92,
BoothVoterList_A4_Ward_211_Booth_27.pdf,66,"यादी भाग क्र. १ ५ २ : २ - म्युनिसिपल घर ७, हबीब पेलेस, २ री क्रॉस साखळी लेन,",89,
BoothVoterList_A4_Ward_211_Booth_27.pdf,67,"यादी भाग क्र. १ ५ २ : ७ - इरफान पॅलेस, Wl क्रॉस साखळी लेन,",89,
BoothVoterList_A4_Ward_211_Booth_27.pdf,68,यादी भाग क्र. १ ५ २ : १ १ - डी के रेसिडेन्सी शैख हफिझुद्दिन मार्ग २ सांखळी स्ट्रीट मुंबई - ४ ० ० ० ० ८,92,
BoothVoterList_A4_Ward_211_Booth_27.pdf,69,"यादी भाग क्र. १ ५ २ : १ ० - Ht अपार्टमेंट, बदलु रंगारी स्ट्रीट, भायखळा, मुंबई",87,
BoothVoterList_A4_Ward_211_Booth_27.pdf,70,"यादी भाग क्र. १ ५ २ : 92 - म्युनिसिपल घर १ ०, पांडरोवाला महल, दुसरी साखळी स्ट्रीट क्रॉस लेन,",92,
BoothVoterList_A4_Ward_211_Booth_27.pdf,71,"यादी भाग क्र. १ ५ २ : २ - म्युनिसिपल घर ७, हबीब पेलेस, २ री क्रॉस साखळी लेन,",89,
BoothVoterList_A4_Ward_211_Booth_27.pdf,72,"यादी भाग क्र. १ ५ २ : १ ० - Ht अपार्टमेंट, बदलु रंगारी स्ट्रीट, भायखळा, मुंबई",87,
BoothVoterList_A4_Ward_211_Booth_27.pdf,73,"यादी भाग क्र. १ ५ २ : ७ - इरफान पॅलेस, Wl क्रॉस साखळी लेन,",89,
BoothVoterList_A4_Ward_211_Booth_27.pdf,74,यादी भाग क्र. १ ५ २ : १ १ - डी के रेसिडेन्सी शैख हफिझुद्दिन मार्ग २ सांखळी स्ट्रीट मुंबई - ४ ० ० ० ० ८,92,
BoothVoterList_A4_Ward_211_Booth_27.pdf,75,"यादी भाग क्र. १ ५ २ : १ ० - Ht अपार्टमेंट, बदलु रंगारी स्ट्रीट, भायखळा, मुंबई",87,
BoothVoterList_A4_Ward_211_Booth_27.pdf,76,"यादी भाग क्र. १ ५ २ : ९ - हबीब पॅलेस, V विंग, २ री क्रॉस साखळी लेन,",87,
BoothVoterList_A4_Ward_211_Booth_27.pdf,77,"यादी भाग क्र. १ ५ २ : १ ० - Ht अपार्टमेंट, बदलु रंगारी स्ट्रीट, भायखळा, मुंबई",87,
BoothVoterList_A4_Ward_211_Booth_28.pdf,2,"यादी भाग क्र. १ ५ ३ : १ - म्युनिसिपल घर ७, तेहसीन टॉवर, तिसरी साखळी स्ट्रीट, क्रॉस लेन,",90,
BoothVoterList_A4_Ward_211_Booth_28.pdf,5,"यादी भाग क्र. १ ५ ३ : २ - म्युनिसिपल घर १ १, अलफत् ते ह बिल्डींग, तिसरी साखळी स्ट्रीट, क्रॉस लेन,",92,
BoothVoterList_A4_Ward_211_Booth_28.pdf,10,"यादी भाग क्र. १ ५ ३ : ३ - म्युनिसिपल घर १ ३, रतलाम बिल्डींग-अ, तिसरी साखळी स्ट्रीट, क्रॉस लेन,",92,
BoothVoterList_A4_Ward_211_Booth_28.pdf,15,"यादी भाग क्र. १ ५ ३ : ४ - म्युनिसिपल घर १ ३, रतलाम बिल्डींग-ब, तिसरी साखळी स्ट्रीट, क्रॉस लेन,",92,
BoothVoterList_A4_Ward_211_Booth_28.pdf,18,"यादी भाग क्र. १ ५ ३ : ५ - म्युनिसिपल घर १ ५, फारुख मेन्शन, तिसरी साखळी स्ट्रीट, क्रॉस लेन,",91,
BoothVoterList_A4_Ward_211_Booth_28.pdf,19,"यादी भाग क्र. १ ५ ३ : ६- विठ्ठल मंदिर जवळील झोपड्या, तिसरी साखळी स्ट्रीट, क्रॉस लेन,",90,
BoothVoterList_A4_Ward_211_Booth_28.pdf,21,"यादी भाग क्र. १ ५ ३ : ७ - म्युनिसिपल घर १ ५, रतलाम बिल्डींग, तिसरी साखळी स्ट्रीट, क्रॉस लेन,",92,
BoothVoterList_A4_Ward_211_Booth_28.pdf,22,"यादी भाग क्र. १ ५ ३ : ८ - रेहमानी टॉवर, तिसरी साखळी स्ट्रीट, क्रॉस लेन,",92,
BoothVoterList_A4_Ward_211_Booth_28.pdf,23,"यादी भाग क्र. १ ५ ३ : ९ - तेहसिन टॉवर, तिसरी साखळी स्ट्रीट, क्रॉस लेन,",93,
BoothVoterList_A4_Ward_211_Booth_28.pdf,27,"यादी भाग क्र. १ ५ ३ : १ ० - म्युनिसिपल घर १ ०, पंद्रोवाला महल, दुसरी साखळी स्ट्रीट, भायखळा,",92,
BoothVoterList_A4_Ward_211_Booth_28.pdf,28,"यादी भाग क्र. १ ५ ३ : १ १ - म्युनिसिपल घर १ ५, केएसए. Tow, frat क्रॉस लेन, साखळी स्ट्रीट, भायखळा,",86,
BoothVoterList_A4_Ward_211_Booth_28.pdf,33,"यादी भाग क्र. १ ५ ३ : १ २ - के. एस. ए. हाइटस, दुसरी साकळी स्ट्रीट, भायखळा,",92,
BoothVoterList_A4_Ward_211_Booth_28.pdf,37,"यादी भाग क्र. १ ५ ३ : १ ३ -के एस ए ग्रॅन्ड, ३ री सांखळी स्ट्रीट, मुंबई- ४ ० ० ० ० ८",90,
BoothVoterList_A4_Ward_211_Booth_29.pdf,2,"यादी भाग क्र. १ ५ ३ : १ ३ -के एस ए ग्रॅन्ड, ३ री सांखळी स्ट्रीट, मुंबई- ४ ० ० ० ० ८",90,
BoothVoterList_A4_Ward_211_Booth_29.pdf,7,"यादी भाग क्र. १ ५ ३ : १ ४ - रॉयल टच अल फ ते ह सी. एच. एस लिमिटेड, शेख हफ़ीज़ुद्दीन मार्ग, मदनपुरा",89,
BoothVoterList_A4_Ward_211_Booth_29.pdf,9,"यादी भाग क्र. १ ५ ३ : १ १ - म्युनिसिपल घर १ ५, केएसए. Tow, frat क्रॉस लेन, साखळी स्ट्रीट, भायखळा,",86,
BoothVoterList_A4_Ward_211_Booth_29.pdf,10,"यादी भाग क्र. १ ५ ३ : १ २ - के. एस. ए. हाइटस, दुसरी साकळी स्ट्रीट, भायखळा,",92,
BoothVoterList_A4_Ward_211_Booth_29.pdf,11,"यादी भाग क्र. १ ५ ३ : ९ - तेहसिन टॉवर, तिसरी साखळी स्ट्रीट, क्रॉस लेन,",93,
BoothVoterList_A4_Ward_211_Booth_29.pdf,12,"यादी भाग क्र. १ ५ ३ : १ - म्युनिसिपल घर ७, तेहसीन टॉवर, तिसरी साखळी स्ट्रीट, क्रॉस लेन,",90,
BoothVoterList_A4_Ward_211_Booth_29.pdf,13,"यादी भाग क्र. १ ५ ३ : १ १ - म्युनिसिपल घर १ ५, केएसए. Tow, frat क्रॉस लेन, साखळी स्ट्रीट, भायखळा,",86,
BoothVoterList_A4_Ward_211_Booth_29.pdf,14,"यादी भाग क्र. १ ५ ३ : १ ३ -के एस ए ग्रॅन्ड, ३ री सांखळी स्ट्रीट, मुंबई- ४ ० ० ० ० ८",90,
BoothVoterList_A4_Ward_211_Booth_29.pdf,15,"यादी भाग क्र. १ ५ ३ : १ ४ - रॉयल टच अल फ ते ह सी. एच. एस लिमिटेड, शेख हफ़ीज़ुद्दीन मार्ग, मदनपुरा",89,
BoothVoterList_A4_Ward_211_Booth_29.pdf,16,"यादी भाग क्र. १ ५ ३ : १ ३ -के एस ए ग्रॅन्ड, ३ री सांखळी स्ट्रीट, मुंबई- ४ ० ० ० ० ८",90,
BoothVoterList_A4_Ward_211_Booth_29.pdf,17,"यादी भाग क्र. १ ५ ३ : १ १ - म्युनिसिपल घर १ ५, केएसए. Tow, frat क्रॉस लेन, साखळी स्ट्रीट, भायखळा,",86,
BoothVoterList_A4_Ward_211_Booth_29.pdf,18,"यादी भाग क्र. १ ५ ३ : १ ० - म्युनिसिपल घर १ ०, पंद्रोवाला महल, दुसरी साखळी स्ट्रीट, भायखळा,",92,
BoothVoterList_A4_Ward_211_Booth_29.pdf,19,"यादी भाग क्र. १ ५ ३ : १ २ - के. एस. ए. हाइटस, दुसरी साकळी स्ट्रीट, भायखळा,",92,
BoothVoterList_A4_Ward_211_Booth_29.pdf,20,"यादी भाग क्र. १ ५ ३ : १ १ - म्युनिसिपल घर १ ५, केएसए. Tow, frat क्रॉस लेन, साखळी स्ट्रीट, भायखळा,",86,
BoothVoterList_A4_Ward_211_Booth_29.pdf,21,"यादी भाग क्र. १ ५ ३ : ९ - तेहसिन टॉवर, तिसरी साखळी स्ट्रीट, क्रॉस लेन,",93,
BoothVoterList_A4_Ward_211_Booth_29.pdf,22,"यादी भाग क्र. १ ५ ३ : १ ४ - रॉयल टच अल फ ते ह सी. एच. एस लिमिटेड, शेख हफ़ीज़ुद्दीन मार्ग, मदनपुरा",89,
BoothVoterList_A4_Ward_211_Booth_29.pdf,23,"यादी भाग क्र. १ ५ ३ : १ १ - म्युनिसिपल घर १ ५, केएसए. Tow, frat क्रॉस लेन, साखळी स्ट्रीट, भायखळा,",86,
BoothVoterList_A4_Ward_211_Booth_29.pdf,24,"यादी भाग क्र. १ ५ ३ : २ - म्युनिसिपल घर १ १, अलफत् ते ह बिल्डींग, तिसरी साखळी स्ट्रीट, क्रॉस लेन,",92,
BoothVoterList_A4_Ward_211_Booth_29.pdf,25,"यादी भाग क्र. १ ५ ३ : १ - म्युनिसिपल घर ७, तेहसीन टॉवर, तिसरी साखळी स्ट्रीट, क्रॉस लेन,",90,
BoothVoterList_A4_Ward_211_Booth_29.pdf,26,"यादी भाग क्र. १ ५ ३ : १ २ - के. एस. ए. हाइटस, दुसरी साकळी स्ट्रीट, भायखळा,",92,
BoothVoterList_A4_Ward_211_Booth_29.pdf,27,"यादी भाग क्र. १ ५ ३ : १ ४ - रॉयल टच अल फ ते ह सी. एच. एस लिमिटेड, शेख हफ़ीज़ुद्दीन मार्ग, मदनपुरा",89,
BoothVoterList_A4_Ward_211_Booth_29.pdf,28,"यादी भाग क्र. १ ५ ३ : २ - म्युनिसिपल घर १ १, अलफत् ते ह बिल्डींग, तिसरी साखळी स्ट्रीट, क्रॉस लेन,",92,
BoothVoterList_A4_Ward_211_Booth_29.pdf,29,"यादी भाग क्र. १ ५ ३ : १ २ - के. एस. ए. हाइटस, दुसरी साकळी स्ट्रीट, भायखळा,",92,
BoothVoterList_A4_Ward_211_Booth_29.pdf,30,"यादी भाग क्र. १ ५ ३ : १ ३ -के एस ए ग्रॅन्ड, ३ री सांखळी स्ट्रीट, मुंबई- ४ ० ० ० ० ८",90,
BoothVoterList_A4_Ward_211_Booth_29.pdf,31,"यादी भाग क्र. १ ५ ३ : १ - म्युनिसिपल घर ७, तेहसीन टॉवर, तिसरी साखळी स्ट्रीट, क्रॉस लेन,",90,
BoothVoterList_A4_Ward_211_Booth_29.pdf,32,"यादी भाग क्र. १ ५ ३ : ९ - तेहसिन टॉवर, तिसरी साखळी स्ट्रीट, क्रॉस लेन,",93,
BoothVoterList_A4_Ward_211_Booth_29.pdf,33,"यादी भाग क्र. १ ५ ३ : १ २ - के. एस. ए. हाइटस, दुसरी साकळी स्ट्रीट, भायखळा,",92,
BoothVoterList_A4_Ward_211_Booth_29.pdf,34,"यादी भाग क्र. १ ५ ३ : १ ४ - रॉयल टच अल फ ते ह सी. एच. एस लिमिटेड, शेख हफ़ीज़ुद्दीन मार्ग, मदनपुरा",89,
BoothVoterList_A4_Ward_211_Booth_29.pdf,35,"यादी भाग क्र. १ ५ ३ : १ २ - के. एस. ए. हाइटस, दुसरी साकळी स्ट्रीट, भायखळा,",92,
BoothVoterList_A4_Ward_211_Booth_29.pdf,36,"यादी भाग क्र. १ ५ ३ : १ ४ - रॉयल टच अल फ ते ह सी. एच. एस लिमिटेड, शेख हफ़ीज़ुद्दीन मार्ग, मदनपुरा",89,
BoothVoterList_A4_Ward_211_Booth_29.pdf,37,"यादी भाग क्र. १ ५ ३ : १ २ - के. एस. ए. हाइटस, दुसरी साकळी स्ट्रीट, भायखळा,",92,
BoothVoterList_A4_Ward_211_Booth_29.pdf,38,"यादी भाग क्र. १ ५ ३ : १ १ - म्युनिसिपल घर १ ५, केएसए. Tow, frat क्रॉस लेन, साखळी स्ट्रीट, भायखळा,",86,
BoothVoterList_A4_Ward_211_Booth_29.pdf,39,"यादी भाग क्र. १ ५ ३ : १ २ - के. एस. ए. हाइटस, दुसरी साकळी स्ट्रीट, भायखळा,",92,
BoothVoterList_A4_Ward_211_Booth_29.pdf,40,"यादी भाग क्र. १ ५ ३ : ९ - तेहसिन टॉवर, तिसरी साखळी स्ट्रीट, क्रॉस लेन,",93,
BoothVoterList_A4_Ward_211_Booth_29.pdf,41,"यादी भाग क्र. १ ५ ३ : १ ४ - रॉयल टच अल फ ते ह सी. एच. एस लिमिटेड, शेख हफ़ीज़ुद्दीन मार्ग, मदनपुरा",89,
BoothVoterList_A4_Ward_211_Booth_29.pdf,42,"यादी भाग क्र. १ ५ ३ : १ २ - के. एस. ए. हाइटस, दुसरी साकळी स्ट्रीट, भायखळा,",92,
BoothVoterList_A4_Ward_211_Booth_29.pdf,43,"यादी भाग क्र. १ ५ ४ : ९ - म्युनिसिपल घर ८ ६ ८-८ ९ ८, खटाव मकनजी चाळ क्रमांक २, बापुराव जगताप रोड,",92,
BoothVoterList_A4_Ward_211_Booth_29.pdf,46,"यादी भाग क्र. १ ५ ४ : १ ० - म्युनिसिपल घर 902-828, खटाव मिल चाळ 4.9, बापुराव जगताप रोड,",88,
BoothVoterList_A4_Ward_211_Booth_29.pdf,49,"यादी भाग क्र. १ ५ ४ : १ १ - म्युनिसिपल घर ९ ० ०, खटाव मिल चाळ क्रमांक ४, बापुराव जगताप रोड,",91,
BoothVoterList_A4_Ward_211_Booth_29.pdf,50,"यादी भाग क्र. १ ५ ४ : १ २ - म्युनिसिपल घर ९ ० ०, खटाव मिल चाळ 4.3, बापुराव जगताप रोड,",91,
BoothVoterList_A4_Ward_211_Booth_29.pdf,51,"यादी भाग क्र. १ ५ ४ : 93 - खटाव मिल चाळ न-.४, बापुराव जगताप रोड,",92,
BoothVoterList_A4_Ward_211_Booth_29.pdf,52,"यादी भाग क्र. १ ५ ४ : १ ४-४ ० ० ० १ १, खटाव मिल चाळ न, बापुराव जगताप रोड,",92,
BoothVoterList_A4_Ward_211_Booth_29.pdf,53,"यादी भाग क्र. १ ५ ४ : १ ६ - टितलिस माँटी साउथ, टॉवर-ए, बापूराव जगताप मार्ग, भायखळा फायर",88,
BoothVoterList_A4_Ward_211_Booth_29.pdf,56,"यादी भाग क्र. १ ५ ४ : १ ० - म्युनिसिपल घर 902-828, खटाव मिल चाळ 4.9, बापुराव जगताप रोड,",88,
BoothVoterList_A4_Ward_211_Booth_29.pdf,57,"यादी भाग क्र. १ ५ ४ : १ ६ - टितलिस माँटी साउथ, टॉवर-ए, बापूराव जगताप मार्ग, भायखळा फायर",88,
BoothVoterList_A4_Ward_211_Booth_29.pdf,58,"यादी भाग क्र. १ ५ ४ : 93 - खटाव मिल चाळ न-.४, बापुराव जगताप रोड,",92,
BoothVoterList_A4_Ward_211_Booth_29.pdf,59,"यादी भाग क्र. १ ५ ४ : १ ० - म्युनिसिपल घर 902-828, खटाव मिल चाळ 4.9, बापुराव जगताप रोड,",88,
BoothVoterList_A4_Ward_211_Booth_29.pdf,60,"यादी भाग क्र. १ ५ ४ : १ ६ - टितलिस माँटी साउथ, टॉवर-ए, बापूराव जगताप मार्ग, भायखळा फायर",88,
BoothVoterList_A4_Ward_211_Booth_3.pdf,2,"यादी भाग क्र. २ ० २ : १ - म्युनिसिपल घर १ २ २, के. ई. होम सॅल्वेशाना आर्मी, मौलाना आझाद रोड, मुंबई",89,
BoothVoterList_A4_Ward_211_Booth_3.pdf,4,"यादी भाग क्र. २ ० २ : २ - म्युनिसिपल घर १ ४ ६ ते १ ४ ८, अब्दुला हाऊस (हाजी जमाल बि. ), मौलाना आझाद रोड",93,
BoothVoterList_A4_Ward_211_Booth_3.pdf,6,"यादी भाग क्र. २ ० २ : ३ - म्युनिसिपल घर १ ५ ० इब्राहीम इमारत, मौलाना आझाद रोड,",93,
BoothVoterList_A4_Ward_211_Booth_3.pdf,9,"यादी भाग क्र. २ ० २ : ४ - म्युनिसिपल घर १ ५ ४ आझाद इंडिया इमारत, मौलाना आझाद रोड,",92,
BoothVoterList_A4_Ward_211_Booth_3.pdf,15,"यादी भाग क्र. २ ० २ : ५ - म्युनिसिपल घर १ ६ ६ बडी मस्जिद कंपाऊंड, मौलाना आझाद रोड,",92,
BoothVoterList_A4_Ward_211_Booth_3.pdf,16,"यादी भाग क्र. २ ० २ : ६ - म्युनिसिपल घर १ ६ ८, अमीनाबाई चाळ, मौलाना आझाद रोड,",92,
BoothVoterList_A4_Ward_211_Booth_3.pdf,19,"यादी भाग क्र. २ ० २ : ७ - म्युनिसिपल घर १ ७ ० ते १ ७ २, शरीफाबाई चाळ, मौलाना आझाद रोड,",92,
BoothVoterList_A4_Ward_211_Booth_3.pdf,20,यादी भाग क्र. २ ० २ : ८-१ | अ) मौलाना आझाद रोड,91,
BoothVoterList_A4_Ward_211_Booth_3.pdf,21,"यादी भाग क्र. २ ० २ : ९ - म्युनिसिपल घर १ ८ ६ ते १ ८ ८ कोयता हाऊस, मौलाना आझाद रोड",93,
BoothVoterList_A4_Ward_211_Booth_3.pdf,22,"यादी भाग क्र. २ ० २ : १ ० - म्युनिसिपल घर १ ८ २, रहीम बिल्डींग, मौलाना आझाद रोड,",93,
BoothVoterList_A4_Ward_211_Booth_3.pdf,23,"यादी भाग क्र. २ ० २ : १ १ - म्युनिसिपल घर १ ९ ६, खोजा चाळ, मौलाना आझाद रोड,",93,
BoothVoterList_A4_Ward_211_Booth_3.pdf,29,"यादी भाग क्र. २ ० २ : १ २ - म्युनिसिपल घर २ २, प्रभात वाडी, मौलाना आझाद रोड,",93,
BoothVoterList_A4_Ward_211_Booth_3.pdf,30,"यादी भाग क्र. २ ० २ : 93 - केडी बिल्डींग, मौलाना आझाद रोड,",90,
BoothVoterList_A4_Ward_211_Booth_3.pdf,35,"यादी भाग क्र. २ ० २ : १ ४ - अर रय्यान टॉवर, मौलाना आझाद रोड, झुला मैदान शेजारी, मुंबई- ४ ० ० ० १ १",92,
BoothVoterList_A4_Ward_211_Booth_3.pdf,37,"यादी भाग क्र. २ ० २ : 94 - पोस्ट ऑफिस बिल्डिंग, १ ८ ६ मौलाना आझाद रोड, मदनपुरा मुंबई - ४ ० ० ० ० ८",91,
BoothVoterList_A4_Ward_211_Booth_3.pdf,38,"यादी भाग क्र. २ ० २ : १ १ - म्युनिसिपल घर १ ९ ६, खोजा चाळ, मौलाना आझाद रोड,",93,
BoothVoterList_A4_Ward_211_Booth_3.pdf,39,"यादी भाग क्र. २ ० २ : 93 - केडी बिल्डींग, मौलाना आझाद रोड,",90,
BoothVoterList_A4_Ward_211_Booth_3.pdf,40,"यादी भाग क्र. २ ० २ : १ - म्युनिसिपल घर १ २ २, के. ई. होम सॅल्वेशाना आर्मी, मौलाना आझाद रोड, मुंबई",89,
BoothVoterList_A4_Ward_211_Booth_3.pdf,41,"यादी भाग क्र. २ ० २ : 93 - केडी बिल्डींग, मौलाना आझाद रोड,",90,
BoothVoterList_A4_Ward_211_Booth_3.pdf,42,"यादी भाग क्र. २ ० २ : १ १ - म्युनिसिपल घर १ ९ ६, खोजा चाळ, मौलाना आझाद रोड,",93,
BoothVoterList_A4_Ward_211_Booth_3.pdf,43,"यादी भाग क्र. २ ० २ : 93 - केडी बिल्डींग, मौलाना आझाद रोड,",90,
BoothVoterList_A4_Ward_211_Booth_3.pdf,44,"यादी भाग क्र. २ ० २ : १ १ - म्युनिसिपल घर १ ९ ६, खोजा चाळ, मौलाना आझाद रोड,",93,
BoothVoterList_A4_Ward_211_Booth_3.pdf,45,"यादी भाग क्र. २ ० २ : ४ - म्युनिसिपल घर १ ५ ४ आझाद इंडिया इमारत, मौलाना आझाद रोड,",92,
BoothVoterList_A4_Ward_211_Booth_3.pdf,46,"यादी भाग क्र. २ ० २ : १ १ - म्युनिसिपल घर १ ९ ६, खोजा चाळ, मौलाना आझाद रोड,",93,
BoothVoterList_A4_Ward_211_Booth_3.pdf,47,"यादी भाग क्र. २ ० २ : १ ४ - अर रय्यान टॉवर, मौलाना आझाद रोड, झुला मैदान शेजारी, मुंबई- ४ ० ० ० १ १",92,
BoothVoterList_A4_Ward_211_Booth_3.pdf,48,"यादी भाग क्र. २ ० २ : १ - म्युनिसिपल घर १ २ २, के. ई. होम सॅल्वेशाना आर्मी, मौलाना आझाद रोड, मुंबई",89,
BoothVoterList_A4_Ward_211_Booth_3.pdf,49,"यादी भाग क्र. २ ० २ : १ १ - म्युनिसिपल घर १ ९ ६, खोजा चाळ, मौलाना आझाद रोड,",93,
BoothVoterList_A4_Ward_211_Booth_3.pdf,50,"यादी भाग क्र. २ ० २ : ३ - म्युनिसिपल घर १ ५ ० इब्राहीम इमारत, मौलाना आझाद रोड,",93,
BoothVoterList_A4_Ward_211_Booth_3.pdf,51,"यादी भाग sh, 202 : १ ६ - समुंदर महाल, मौलाना आज़ाद रोड, नागपाडा, मुंबई सेंट्रल, मुंबई",92,
BoothVoterList_A4_Ward_211_Booth_3.pdf,52,"यादी भाग क्र. २ ० २ : १ १ - म्युनिसिपल घर १ ९ ६, खोजा चाळ, मौलाना आझाद रोड,",93,
BoothVoterList_A4_Ward_211_Booth_3.pdf,53,"यादी भाग क्र. २ ० २ : १ ४ - अर रय्यान टॉवर, मौलाना आझाद रोड, झुला मैदान शेजारी, मुंबई- ४ ० ० ० १ १",92,
BoothVoterList_A4_Ward_211_Booth_3.pdf,54,"यादी भाग क्र. २ ० २ : ६ - म्युनिसिपल घर १ ६ ८, अमीनाबाई चाळ, मौलाना आझाद रोड,",92,
BoothVoterList_A4_Ward_211_Booth_3.pdf,55,"यादी भाग क्र. २ ० २ : १ १ - म्युनिसिपल घर १ ९ ६, खोजा चाळ, मौलाना आझाद रोड,",93,
BoothVoterList_A4_Ward_211_Booth_3.pdf,56,"यादी भाग क्र. २ ० २ : 93 - केडी बिल्डींग, मौलाना आझाद रोड,",90,
BoothVoterList_A4_Ward_211_Booth_3.pdf,57,"यादी भाग क्र. २ ० २ : १ ४ - अर रय्यान टॉवर, मौलाना आझाद रोड, झुला मैदान शेजारी, मुंबई- ४ ० ० ० १ १",92,
BoothVoterList_A4_Ward_211_Booth_3.pdf,58,"यादी भाग क्र. २ ० २ : १ १ - म्युनिसिपल घर १ ९ ६, खोजा चाळ, मौलाना आझाद रोड,",93,
BoothVoterList_A4_Ward_211_Booth_3.pdf,59,"यादी भाग क्र. २ ० २ : १ ४ - अर रय्यान टॉवर, मौलाना आझाद रोड, झुला मैदान शेजारी, मुंबई- ४ ० ० ० १ १",92,
BoothVoterList_A4_Ward_211_Booth_3.pdf,60,"यादी भाग क्र. २ ० २ : ६ - म्युनिसिपल घर १ ६ ८, अमीनाबाई चाळ, मौलाना आझाद रोड,",92,
BoothVoterList_A4_Ward_211_Booth_3.pdf,61,"यादी भाग क्र. २ ० २ : ७ - म्युनिसिपल घर १ ७ ० ते १ ७ २, शरीफाबाई चाळ, मौलाना आझाद रोड,",92,
BoothVoterList_A4_Ward_211_Booth_3.pdf,62,"यादी भाग क्र. २ ० २ : १ ४ - अर रय्यान टॉवर, मौलाना आझाद रोड, झुला मैदान शेजारी, मुंबई- ४ ० ० ० १ १",92,
BoothVoterList_A4_Ward_211_Booth_3.pdf,63,"यादी भाग क्र. २ ० २ : १ १ - म्युनिसिपल घर १ ९ ६, खोजा चाळ, मौलाना आझाद रोड,",93,
BoothVoterList_A4_Ward_211_Booth_3.pdf,64,"यादी भाग क्र. २ ० २ : १ ४ - अर रय्यान टॉवर, मौलाना आझाद रोड, झुला मैदान शेजारी, मुंबई- ४ ० ० ० १ १",92,
BoothVoterList_A4_Ward_211_Booth_30.pdf,2,यादी भाग क्र. १ ५ ५ : १ - म्युनिसिपल घर ७ अ - पत्रा चाळ क्रमांक १ बदलु रंगारी रोड भायखळा (प),91,
BoothVoterList_A4_Ward_211_Booth_30.pdf,7,यादी भाग क्र. १ ५ ५ : २ - म्युनिसिपल घर ७ अ - पत्रा चाळ क्रमांक २ बदलु रंगारी रोड,92,
BoothVoterList_A4_Ward_211_Booth_30.pdf,10,यादी भाग क्र. १ ५ ५ : ३ - पत्रा चाळ क्रमांक ३ बदलु रंगारी रोड,90,
BoothVoterList_A4_Ward_211_Booth_30.pdf,12,यादी भाग क्र. १ ५ ५ : ४ - म्युनिसिपल घर ७ अन्वरशेठ चाळ क्रमांक १ बदलु रंगारी रोड,89,
BoothVoterList_A4_Ward_211_Booth_30.pdf,14,यादी भाग क्र. १ ५ ५ : ५ - म्युनिसिपल घर ७ अन्वरशेठ चाळ क्रमांक २ बदलु रंगारी रोड,92,
BoothVoterList_A4_Ward_211_Booth_30.pdf,15,यादी भाग क्र. १ ५ ५ : ६ - म्युनिसिपल घर ७ अन्वरशेठ चाळ क्रमांक ३ बदलु रंगारी रोड,93,
BoothVoterList_A4_Ward_211_Booth_30.pdf,17,यादी भाग क्र. १ ५ ५ : ७ - म्युनिसिपल घर ७ अन्वरशेठ चाळ क्रमांक ४ बदलु रंगारी रोड,87,
BoothVoterList_A4_Ward_211_Booth_30.pdf,18,यादी भाग क्र. १ ५ ५ : ८ - म्युनिसिपल घर ७ अन्वरशेठ चाळ क्रमांक ५ बदलु रंगारी रोड,92,
BoothVoterList_A4_Ward_211_Booth_30.pdf,20,यादी भाग क्र. १ ५ ५ : ९ - म्युनिसिपल घर ७ अन्वरशेठ चाळ क्रमांक ६ बदलु रंगारी रोड,93,
BoothVoterList_A4_Ward_211_Booth_30.pdf,22,यादी भाग क्र. १ ५ ५ : १ ० - म्युनिसिपल घर ७ अन्वरशेठ चाळ 4.0 बदलु रंगारी रोड,91,
BoothVoterList_A4_Ward_211_Booth_30.pdf,23,यादी भाग क्र. १ ५ ५ : १ १ - म्युनिसिपल घर ७ अन्वरशेठ चाळ क्रमांक ८ बदलु रंगारी रोड,92,
BoothVoterList_A4_Ward_211_Booth_30.pdf,24,यादी भाग क्र. १ ५ ५ : 92 - म्युनिसिपल घर ७ अन्वरशेठ चाळ क्रमांक ९ बदलु रंगारी रोड,90,
BoothVoterList_A4_Ward_211_Booth_31.pdf,2,यादी भाग क्र. १ ५ ५ : १ ३ - म्युनिसिपल घर ७ अ फरझन्ड अपार्टमेंट बदलु रंगारी रोड,92,
BoothVoterList_A4_Ward_211_Booth_31.pdf,11,यादी भाग क्र. १ ५ ५ : १ ४ - म्युनिसिपल घर १ १ गुलाब मंझील बदलु रंगारी रोड,92,
BoothVoterList_A4_Ward_211_Booth_31.pdf,14,यादी भाग क्र. १ ५ ५ : १ ५ - म्युनिसिपल घर १ १ नवाब चाळ बदलु रंगारी रोड,93,
BoothVoterList_A4_Ward_211_Booth_31.pdf,18,यादी भाग क्र. १ ५ ५ : १ ६ - म्युनिसिपल घर १ ५ अमिनाबी चाळ बदलु रंगारी रोड,91,
BoothVoterList_A4_Ward_211_Booth_31.pdf,24,"यादी भाग क्र. १ ५ ५ : १ ७ - जुनेद AM, बदलू रंगारी स्ट्रीट, भायखळा,",90,
BoothVoterList_A4_Ward_211_Booth_31.pdf,25,"यादी भाग क्र. १ ५ ५ : १ ८ - बाग-ए-उस्मान हाइटस, बदलू रंगारी स्ट्रीट, भायखळा,",91,
BoothVoterList_A4_Ward_211_Booth_31.pdf,27,यादी भाग क्र. १ ५ ५ : ८ - म्युनिसिपल घर ७ अन्वरशेठ चाळ क्रमांक ५ बदलु रंगारी रोड,92,
BoothVoterList_A4_Ward_211_Booth_31.pdf,28,"यादी भाग क्र. १ ५ ५ : १ ८ - बाग-ए-उस्मान हाइटस, बदलू रंगारी स्ट्रीट, भायखळा,",91,
BoothVoterList_A4_Ward_211_Booth_31.pdf,29,यादी भाग क्र. १ ५ ५ : ८ - म्युनिसिपल घर ७ अन्वरशेठ चाळ क्रमांक ५ बदलु रंगारी रोड,92,
BoothVoterList_A4_Ward_211_Booth_31.pdf,30,यादी भाग क्र. १ ५ ५ : ३ - पत्रा चाळ क्रमांक ३ बदलु रंगारी रोड,90,
BoothVoterList_A4_Ward_211_Booth_31.pdf,31,यादी भाग क्र. १ ५ ५ : १ - म्युनिसिपल घर ७ अ - पत्रा चाळ क्रमांक १ बदलु रंगारी रोड भायखळा (प),91,
BoothVoterList_A4_Ward_211_Booth_31.pdf,32,यादी भाग क्र. १ ५ ५ : १ ४ - म्युनिसिपल घर १ १ गुलाब मंझील बदलु रंगारी रोड,92,
BoothVoterList_A4_Ward_211_Booth_31.pdf,33,यादी भाग क्र. १ ५ ५ : ४ - म्युनिसिपल घर ७ अन्वरशेठ चाळ क्रमांक १ बदलु रंगारी रोड,89,
BoothVoterList_A4_Ward_211_Booth_31.pdf,34,यादी भाग क्र. १ ५ ५ : १ - म्युनिसिपल घर ७ अ - पत्रा चाळ क्रमांक १ बदलु रंगारी रोड भायखळा (प),91,
BoothVoterList_A4_Ward_211_Booth_31.pdf,35,यादी भाग क्र. १ ५ ५ : १ ५ - म्युनिसिपल घर १ १ नवाब चाळ बदलु रंगारी रोड,93,
BoothVoterList_A4_Ward_211_Booth_31.pdf,36,यादी भाग क्र. १ ५ ५ : ६ - म्युनिसिपल घर ७ अन्वरशेठ चाळ क्रमांक ३ बदलु रंगारी रोड,93,
BoothVoterList_A4_Ward_211_Booth_31.pdf,37,"यादी भाग क्र. १ ५ ५ : १ ८ - बाग-ए-उस्मान हाइटस, बदलू रंगारी स्ट्रीट, भायखळा,",91,
BoothVoterList_A4_Ward_211_Booth_31.pdf,38,यादी भाग क्र. १ ५ ५ : १ - म्युनिसिपल घर ७ अ - पत्रा चाळ क्रमांक १ बदलु रंगारी रोड भायखळा (प),91,
BoothVoterList_A4_Ward_211_Booth_31.pdf,39,यादी भाग क्र. १ ५ ५ : ४ - म्युनिसिपल घर ७ अन्वरशेठ चाळ क्रमांक १ बदलु रंगारी रोड,89,
BoothVoterList_A4_Ward_211_Booth_31.pdf,40,यादी भाग क्र. १ ५ ५ : १ - म्युनिसिपल घर ७ अ - पत्रा चाळ क्रमांक १ बदलु रंगारी रोड भायखळा (प),91,
BoothVoterList_A4_Ward_211_Booth_31.pdf,41,यादी भाग क्र. १ ५ ५ : १ ६ - म्युनिसिपल घर १ ५ अमिनाबी चाळ बदलु रंगारी रोड,91,
BoothVoterList_A4_Ward_211_Booth_31.pdf,42,यादी भाग क्र. १ ५ ५ : १ - म्युनिसिपल घर ७ अ - पत्रा चाळ क्रमांक १ बदलु रंगारी रोड भायखळा (प),91,
BoothVoterList_A4_Ward_211_Booth_31.pdf,43,यादी भाग क्र. १ ५ ५ : 92 - म्युनिसिपल घर ७ अन्वरशेठ चाळ क्रमांक ९ बदलु रंगारी रोड,90,
BoothVoterList_A4_Ward_211_Booth_31.pdf,44,यादी भाग क्र. १ ५ ५ : १ ६ - म्युनिसिपल घर १ ५ अमिनाबी चाळ बदलु रंगारी रोड,91,
BoothVoterList_A4_Ward_211_Booth_31.pdf,45,यादी भाग क्र. १ ५ ५ : 92 - म्युनिसिपल घर ७ अन्वरशेठ चाळ क्रमांक ९ बदलु रंगारी रोड,90,
BoothVoterList_A4_Ward_211_Booth_31.pdf,46,यादी भाग क्र. १ ५ ५ : १ - म्युनिसिपल घर ७ अ - पत्रा चाळ क्रमांक १ बदलु रंगारी रोड भायखळा (प),91,
BoothVoterList_A4_Ward_211_Booth_31.pdf,47,यादी भाग क्र. १ ५ ५ : १ ६ - म्युनिसिपल घर १ ५ अमिनाबी चाळ बदलु रंगारी रोड,91,
BoothVoterList_A4_Ward_211_Booth_31.pdf,48,यादी भाग क्र. १ ५ ५ : ४ - म्युनिसिपल घर ७ अन्वरशेठ चाळ क्रमांक १ बदलु रंगारी रोड,89,
BoothVoterList_A4_Ward_211_Booth_31.pdf,49,यादी भाग क्र. १ ५ ५ : १ १ - म्युनिसिपल घर ७ अन्वरशेठ चाळ क्रमांक ८ बदलु रंगारी रोड,92,
BoothVoterList_A4_Ward_211_Booth_31.pdf,50,यादी भाग क्र. १ ५ ५ : १ ६ - म्युनिसिपल घर १ ५ अमिनाबी चाळ बदलु रंगारी रोड,91,
BoothVoterList_A4_Ward_211_Booth_31.pdf,51,"यादी भाग क्र. १ ५ ५ : १ ७ - जुनेद AM, बदलू रंगारी स्ट्रीट, भायखळा,",90,
BoothVoterList_A4_Ward_211_Booth_31.pdf,52,यादी भाग क्र. १ ५ ५ : १ ६ - म्युनिसिपल घर १ ५ अमिनाबी चाळ बदलु रंगारी रोड,91,
BoothVoterList_A4_Ward_211_Booth_31.pdf,53,"यादी भाग क्र. १ ५ ५ : १ ७ - जुनेद AM, बदलू रंगारी स्ट्रीट, भायखळा,",90,
BoothVoterList_A4_Ward_211_Booth_31.pdf,54,"यादी भाग क्र. १ ५ ५ : १ ८ - बाग-ए-उस्मान हाइटस, बदलू रंगारी स्ट्रीट, भायखळा,",91,
BoothVoterList_A4_Ward_211_Booth_31.pdf,55,यादी भाग क्र. १ ५ ५ : १ ६ - म्युनिसिपल घर १ ५ अमिनाबी चाळ बदलु रंगारी रोड,91,
BoothVoterList_A4_Ward_211_Booth_31.pdf,56,"यादी भाग क्र. १ ५ ५ : १ ८ - बाग-ए-उस्मान हाइटस, बदलू रंगारी स्ट्रीट, भायखळा,",91,
BoothVoterList_A4_Ward_211_Booth_31.pdf,57,यादी भाग क्र. १ ५ ५ : १ १ - म्युनिसिपल घर ७ अन्वरशेठ चाळ क्रमांक ८ बदलु रंगारी रोड,92,
BoothVoterList_A4_Ward_211_Booth_31.pdf,58,यादी भाग क्र. १ ५ ५ : १ ६ - म्युनिसिपल घर १ ५ अमिनाबी चाळ बदलु रंगारी रोड,91,
BoothVoterList_A4_Ward_211_Booth_31.pdf,59,"यादी भाग क्र. १ ५ ५ : १ ७ - जुनेद AM, बदलू रंगारी स्ट्रीट, भायखळा,",90,
BoothVoterList_A4_Ward_211_Booth_31.pdf,60,यादी भाग क्र. १ ५ ५ : १ ० - म्युनिसिपल घर ७ अन्वरशेठ चाळ 4.0 बदलु रंगारी रोड,91,
BoothVoterList_A4_Ward_211_Booth_31.pdf,61,"यादी भाग क्र. १ ५ ५ : १ ७ - जुनेद AM, बदलू रंगारी स्ट्रीट, भायखळा,",90,
BoothVoterList_A4_Ward_211_Booth_31.pdf,62,यादी भाग क्र. १ ५ ५ : ४ - म्युनिसिपल घर ७ अन्वरशेठ चाळ क्रमांक १ बदलु रंगारी रोड,89,
BoothVoterList_A4_Ward_211_Booth_31.pdf,63,यादी भाग क्र. १ ५ ५ : ९ - म्युनिसिपल घर ७ अन्वरशेठ चाळ क्रमांक ६ बदलु रंगारी रोड,93,
BoothVoterList_A4_Ward_211_Booth_31.pdf,64,"यादी भाग क्र. १ ५ ५ : १ ८ - बाग-ए-उस्मान हाइटस, बदलू रंगारी स्ट्रीट, भायखळा,",91,
BoothVoterList_A4_Ward_211_Booth_32.pdf,2,यादी भाग क्र. १ ५ ७ : १ - म्युनिसिपल घर १ ५ १ सुगरा मंझील मौलाना आझाद रोड मदनपुरा पोष्ट ऑफीस,93,
BoothVoterList_A4_Ward_211_Booth_32.pdf,3,यादी भाग क्र. १ ५ ७ : 2 - म्युनिसिपल घर १ ५ ३-१ ५ ६ बी - फातीमाबाई बिल्डिंग-फातमा मंझील मौलाना आझाद,87,
BoothVoterList_A4_Ward_211_Booth_32.pdf,6,यादी भाग क्र. १ ५ ७ : ३ - म्युनिसिपल घर १ ५ ५ करीम बिल्डींग मौलाना आझाद रोड,93,
BoothVoterList_A4_Ward_211_Booth_32.pdf,8,यादी भाग क्र. १ ५ ७ : ४ - म्युनिसिपल घर १ ५ ९ चाकुवाला बिल्डिंग मौलाना आझाद रोड,89,
BoothVoterList_A4_Ward_211_Booth_32.pdf,9,यादी भाग क्र. १ ५ ७ : ५ - म्युनिसिपल घर १ ६ ५ इसा शेठ चाळ मौलाना आझाद रोड,92,
BoothVoterList_A4_Ward_211_Booth_32.pdf,10,यादी भाग क्र. १ ५ ७ : ६ - म्युनिसिपल घर १ ६ ५ इसा शेठ चाळ (क) मौलाना आझाद WS,92,
BoothVoterList_A4_Ward_211_Booth_32.pdf,17,यादी भाग क्र. १ ५ ७ : ७ - म्युनिसिपल घर १ ६ ५ बी इसा शेठ चाळ (आडवी) मौलाना आझाद रोड,91,
BoothVoterList_A4_Ward_211_Booth_32.pdf,22,यादी भाग क्र. १ ५ ७ : ८ - म्युनिसिपल घर १ ६ ५ ई नुराणी चाळ मौलाना आझाद रोड,92,
BoothVoterList_A4_Ward_211_Booth_32.pdf,27,यादी भाग क्र. १ ५ ७ : ९ - म्युनिसिपल घर १ ६ ५ S Fy मुकादम चाळ मौलाना आझाद रोड,88,
BoothVoterList_A4_Ward_211_Booth_32.pdf,28,यादी भाग क्र. १ ५ ७ : १ ० - म्युनिसिपल घर १ ६ ५ एफ नुराणी चाळ मौलाना आझाद रोड,92,
BoothVoterList_A4_Ward_211_Booth_32.pdf,31,यादी भाग क्र. १ ५ ७ : १ १ - म्युनिसिपल घर १ ६ ५ सी इसा शेठ बिल्डिंग मौलाना आझाद रोड,93,
BoothVoterList_A4_Ward_211_Booth_32.pdf,34,"यादी भाग क्र. १ ५ ७ : 92 - नारायणदास बिल्डींग, मौलाना आझाद रोड,",91,
BoothVoterList_A4_Ward_211_Booth_32.pdf,35,यादी भाग क्र. १ ५ ७ : ३ - म्युनिसिपल घर १ ५ ५ करीम बिल्डींग मौलाना आझाद रोड,93,
BoothVoterList_A4_Ward_211_Booth_32.pdf,36,यादी भाग क्र. १ ५ ७ : १ १ - म्युनिसिपल घर १ ६ ५ सी इसा शेठ बिल्डिंग मौलाना आझाद रोड,93,
BoothVoterList_A4_Ward_211_Booth_32.pdf,37,"यादी भाग क्र. १ ५ ७ : 92 - नारायणदास बिल्डींग, मौलाना आझाद रोड,",91,
BoothVoterList_A4_Ward_211_Booth_32.pdf,38,यादी भाग क्र. १ ५ ७ : ८ - म्युनिसिपल घर १ ६ ५ ई नुराणी चाळ मौलाना आझाद रोड,92,
BoothVoterList_A4_Ward_211_Booth_32.pdf,39,यादी भाग क्र. १ ५ ७ : ७ - म्युनिसिपल घर १ ६ ५ बी इसा शेठ चाळ (आडवी) मौलाना आझाद रोड,91,
BoothVoterList_A4_Ward_211_Booth_32.pdf,40,यादी भाग क्र. १ ५ ७ : 2 - म्युनिसिपल घर १ ५ ३-१ ५ ६ बी - फातीमाबाई बिल्डिंग-फातमा मंझील मौलाना आझाद,87,
BoothVoterList_A4_Ward_211_Booth_32.pdf,41,यादी भाग क्र. १ ५ ७ : ८ - म्युनिसिपल घर १ ६ ५ ई नुराणी चाळ मौलाना आझाद रोड,92,
BoothVoterList_A4_Ward_211_Booth_32.pdf,42,यादी भाग क्र. १ ५ ७ : ७ - म्युनिसिपल घर १ ६ ५ बी इसा शेठ चाळ (आडवी) मौलाना आझाद रोड,91,
BoothVoterList_A4_Ward_211_Booth_32.pdf,43,यादी भाग क्र. १ ५ ७ : १ १ - म्युनिसिपल घर १ ६ ५ सी इसा शेठ बिल्डिंग मौलाना आझाद रोड,93,
BoothVoterList_A4_Ward_211_Booth_32.pdf,44,यादी भाग क्र. १ ५ ७ : ८ - म्युनिसिपल घर १ ६ ५ ई नुराणी चाळ मौलाना आझाद रोड,92,
BoothVoterList_A4_Ward_211_Booth_32.pdf,45,यादी भाग क्र. १ ५ ७ : ६ - म्युनिसिपल घर १ ६ ५ इसा शेठ चाळ (क) मौलाना आझाद WS,92,
BoothVoterList_A4_Ward_211_Booth_32.pdf,46,यादी भाग क्र. १ ५ ७ : १ ० - म्युनिसिपल घर १ ६ ५ एफ नुराणी चाळ मौलाना आझाद रोड,92,
BoothVoterList_A4_Ward_211_Booth_32.pdf,47,यादी भाग क्र. १ ५ ७ : ६ - म्युनिसिपल घर १ ६ ५ इसा शेठ चाळ (क) मौलाना आझाद WS,92,
BoothVoterList_A4_Ward_211_Booth_32.pdf,48,यादी भाग क्र. १ ५ ७ : १ १ - म्युनिसिपल घर १ ६ ५ सी इसा शेठ बिल्डिंग मौलाना आझाद रोड,93,
BoothVoterList_A4_Ward_211_Booth_32.pdf,49,यादी भाग क्र. १ ५ ७ : ८ - म्युनिसिपल घर १ ६ ५ ई नुराणी चाळ मौलाना आझाद रोड,92,
BoothVoterList_A4_Ward_211_Booth_32.pdf,50,यादी भाग क्र. १ ५ ७ : ६ - म्युनिसिपल घर १ ६ ५ इसा शेठ चाळ (क) मौलाना आझाद WS,92,
BoothVoterList_A4_Ward_211_Booth_32.pdf,51,यादी भाग क्र. १ ५ ७ : ४ - म्युनिसिपल घर १ ५ ९ चाकुवाला बिल्डिंग मौलाना आझाद रोड,89,
BoothVoterList_A4_Ward_211_Booth_32.pdf,52,यादी भाग क्र. १ ५ ७ : १ ० - म्युनिसिपल घर १ ६ ५ एफ नुराणी चाळ मौलाना आझाद रोड,92,
BoothVoterList_A4_Ward_211_Booth_32.pdf,53,यादी भाग क्र. १ ५ ७ : १ १ - म्युनिसिपल घर १ ६ ५ सी इसा शेठ बिल्डिंग मौलाना आझाद रोड,93,
BoothVoterList_A4_Ward_211_Booth_32.pdf,54,यादी भाग क्र. १ ५ ७ : ८ - म्युनिसिपल घर १ ६ ५ ई नुराणी चाळ मौलाना आझाद रोड,92,
BoothVoterList_A4_Ward_211_Booth_33.pdf,2,"यादी भाग क्र. २ २ ५ : १ -म्युनिसिपल घरन. ५, खलिल मॅन्शन, स्पेन्स रोड,",90,
BoothVoterList_A4_Ward_211_Booth_33.pdf,4,"यादी भाग क्र. २ २ ५ : २ - अतिशा अपार्टमेंट, स्पेन्स रोड,",89,
BoothVoterList_A4_Ward_211_Booth_33.pdf,6,"यादी भाग क्र. २ २ ५ : ३ -म्युनिसिपल घरन. ७, मैमुन मंझिल, स्पेन्स रोड,",92,
BoothVoterList_A4_Ward_211_Booth_33.pdf,8,"यादी भाग क्र. २ २ ५ : ४ -म्युनिसिपल घरन. ८, रेहानाबाद को. ऑप. हौ. सो. , स्पेन्स रोड,",93,
BoothVoterList_A4_Ward_211_Booth_33.pdf,10,"यादी भाग क्र. २ २ ५ : ५ -म्युनिसिपल घरन. ६, बीबीभाई टेरेस, स्पेन्स रोड,",85,
BoothVoterList_A4_Ward_211_Booth_33.pdf,12,"यादी भाग क्र. २ २ ५ : ६ -म्युनिसिपल घरन. ८, स्टाफ कवार्टर्स, साबुसिद्दिक कॉलेज. स्पेन्स रोड",90,
BoothVoterList_A4_Ward_211_Booth_33.pdf,13,"यादी भाग क्र. २ २ ५ : ७ -म्युनिसिपल घरन. 332, होंडा ASM, सर जमशेदजी जिजीभॉय रोड,",90,
BoothVoterList_A4_Ward_211_Booth_33.pdf,16,"यादी भाग क्र. २ २ ५ : ८ -म्युनिसिपल घरन. ३ १ ०, भायखळा हाऊस (ए), सर जमशेदजी जिजीभॉय रोड,",92,
BoothVoterList_A4_Ward_211_Booth_33.pdf,19,"यादी भाग क्र. २ २ ५ : ९ -म्युनिसिपल घरन. ३ १ ०, भायखळा SHAS), सर जमशेदजी जिजीभॉय रोड,",83,
BoothVoterList_A4_Ward_211_Booth_33.pdf,22,"यादी भाग क्र. २ २ ५ : १ ० -म्युनिसिपल घरन. ३ १ ०, भायखळा हाऊस (सी), सर जमशेदजी जिजीभॉय रोड,",93,
BoothVoterList_A4_Ward_211_Booth_33.pdf,24,"यादी भाग क्र. २ २ ५ : १ १ -म्युनिसिपल घरन. ३ १ ४, युसुफ मंझील, सर जमशेदजी जिजीभॉय रोड",92,
BoothVoterList_A4_Ward_211_Booth_33.pdf,26,"यादी भाग क्र. २ २ ५ : १ २ -म्युनिसिपल घरन. ३ १ ६, मोहम्मदी चेम्बर, सर जमशेदजी जिजीभॉय रोड,",92,
BoothVoterList_A4_Ward_211_Booth_33.pdf,30,"यादी भाग क्र. २ २ ५ : १ ३ -म्युनिसिपल घरन. 320 डी, हबीब प्लॉट, सर जमशेदजी जिजीभॉय रोड,",91,
BoothVoterList_A4_Ward_211_Booth_33.pdf,32,"यादी भाग क्र. २ २ ५ : १ ४ -म्युनिसिपल घरन. 332 डी, फॅन्सी प्लॉटस, सर जमशेदजी जिजीभॉय रोड,",92,
BoothVoterList_A4_Ward_211_Booth_33.pdf,34,"यादी भाग क्र. २ २ ५ : १ ५ -म्यु. . घ. क्रमांक ३ १ ८, सेवा निकेतन, सर जमशेदजी जिजीभॉय रोड,",93,
BoothVoterList_A4_Ward_211_Booth_33.pdf,35,"यादी भाग क्र. २ २ ५ : १ ६ -म्युनिसिपल घरन. ४, नोमन व्हीला, शेफर्ड रोड,",92,
BoothVoterList_A4_Ward_211_Booth_33.pdf,37,"यादी भाग क्र. २ २ ५ : १ ७ -म्युनिसिपल घरन. ६, इब्राहिम ARM, शेफर्ड रोड,",89,
BoothVoterList_A4_Ward_211_Booth_34.pdf,2,"यादी भाग क्र. २ २ ५ : १ ८ -म्युनिसिपल घरन. ८, साबुसिद्दिक कंपाऊंड, शेफर्ड रोड,",91,
BoothVoterList_A4_Ward_211_Booth_34.pdf,3,"यादी भाग क्र. २ २ ५ : १ ९ -म्युनिसिपल घरन.३ २ ४, फाईन पॅलेस, शेफर्ड रोड,",93,
BoothVoterList_A4_Ward_211_Booth_34.pdf,5,"यादी भाग क्र. २ २ ५ : २ ० - कृषी झेरॉक्स सेन्टर, बृहनमुंबई पोलीस मोटार परीवहनसमोर,",90,
BoothVoterList_A4_Ward_211_Booth_34.pdf,6,यादी भाग क्र. २ २ ५ : २ १ - अली अपार्टमेंट स्पेस रोड,89,
BoothVoterList_A4_Ward_211_Booth_34.pdf,7,यादी भाग क्र. २ २ ५ : २ २ - अलीशा अपार्टमेंट स्पेस रोड,88,
BoothVoterList_A4_Ward_211_Booth_34.pdf,8,"यादी भाग क्र. २ २ ५ : ४ -म्युनिसिपल घरन. ८, रेहानाबाद को. ऑप. हौ. सो. , स्पेन्स रोड,",93,
BoothVoterList_A4_Ward_211_Booth_34.pdf,9,"यादी भाग क्र. २ २ ५ : ७ -म्युनिसिपल घरन. 332, होंडा ASM, सर जमशेदजी जिजीभॉय रोड,",90,
BoothVoterList_A4_Ward_211_Booth_34.pdf,10,यादी भाग क्र. २ २ ५ : २ १ - अली अपार्टमेंट स्पेस रोड,89,
BoothVoterList_A4_Ward_211_Booth_34.pdf,11,"यादी भाग क्र. २ २ ५ : ७ -म्युनिसिपल घरन. 332, होंडा ASM, सर जमशेदजी जिजीभॉय रोड,",90,
BoothVoterList_A4_Ward_211_Booth_34.pdf,12,"यादी भाग क्र. २ २ ५ : ३ -म्युनिसिपल घरन. ७, मैमुन मंझिल, स्पेन्स रोड,",92,
BoothVoterList_A4_Ward_211_Booth_34.pdf,13,"यादी भाग क्र. २ २ ५ : ७ -म्युनिसिपल घरन. 332, होंडा ASM, सर जमशेदजी जिजीभॉय रोड,",90,
BoothVoterList_A4_Ward_211_Booth_34.pdf,14,"यादी भाग क्र. २ २ ५ : १ १ -म्युनिसिपल घरन. ३ १ ४, युसुफ मंझील, सर जमशेदजी जिजीभॉय रोड",92,
BoothVoterList_A4_Ward_211_Booth_34.pdf,15,"यादी भाग क्र. २ २ ५ : ८ -म्युनिसिपल घरन. ३ १ ०, भायखळा हाऊस (ए), सर जमशेदजी जिजीभॉय रोड,",92,
BoothVoterList_A4_Ward_211_Booth_34.pdf,16,"यादी भाग क्र. २ २ ५ : ४ -म्युनिसिपल घरन. ८, रेहानाबाद को. ऑप. हौ. सो. , स्पेन्स रोड,",93,
BoothVoterList_A4_Ward_211_Booth_34.pdf,17,यादी भाग क्र. २ २ ५ : २ १ - अली अपार्टमेंट स्पेस रोड,89,
BoothVoterList_A4_Ward_211_Booth_34.pdf,18,"यादी भाग क्र. २ २ ५ : ४ -म्युनिसिपल घरन. ८, रेहानाबाद को. ऑप. हौ. सो. , स्पेन्स रोड,",93,
BoothVoterList_A4_Ward_211_Booth_34.pdf,19,"यादी भाग क्र. २ २ ५ : ९ -म्युनिसिपल घरन. ३ १ ०, भायखळा SHAS), सर जमशेदजी जिजीभॉय रोड,",83,
BoothVoterList_A4_Ward_211_Booth_34.pdf,20,"यादी भाग क्र. २ २ ५ : ४ -म्युनिसिपल घरन. ८, रेहानाबाद को. ऑप. हौ. सो. , स्पेन्स रोड,",93,
BoothVoterList_A4_Ward_211_Booth_34.pdf,21,यादी भाग क्र. २ २ ५ : २ १ - अली अपार्टमेंट स्पेस रोड,89,
BoothVoterList_A4_Ward_211_Booth_34.pdf,22,"यादी भाग क्र. २ २ ५ : १ २ -म्युनिसिपल घरन. ३ १ ६, मोहम्मदी चेम्बर, सर जमशेदजी जिजीभॉय रोड,",92,
BoothVoterList_A4_Ward_211_Booth_34.pdf,23,"यादी भाग क्र. २ २ ५ : ३ -म्युनिसिपल घरन. ७, मैमुन मंझिल, स्पेन्स रोड,",92,
BoothVoterList_A4_Ward_211_Booth_34.pdf,24,"यादी भाग क्र. २ २ ५ : १ २ -म्युनिसिपल घरन. ३ १ ६, मोहम्मदी चेम्बर, सर जमशेदजी जिजीभॉय रोड,",92,
BoothVoterList_A4_Ward_211_Booth_34.pdf,25,"यादी भाग क्र. २ २ ५ : ८ -म्युनिसिपल घरन. ३ १ ०, भायखळा हाऊस (ए), सर जमशेदजी जिजीभॉय रोड,",92,
BoothVoterList_A4_Ward_211_Booth_34.pdf,26,"यादी भाग क्र. २ २ ६ : ८ - म्युनिसिपल घर ५, लोबो ARM, क्लेअर रोड,",86,
BoothVoterList_A4_Ward_211_Booth_34.pdf,28,"यादी भाग क्र. २ २ ६ : ९ - म्युनिसिपल घर ७, कोर्ट रॉयल FHA रोड,",90,
BoothVoterList_A4_Ward_211_Booth_34.pdf,30,"यादी भाग क्र. २ २ ६ : १ ० - म्युनिसिपल घर ९, स्टार ASMA ए, क्लेअर रोड,",87,
BoothVoterList_A4_Ward_211_Booth_34.pdf,32,"यादी भाग क्र. २ २ ६ : १ १ - म्युनिसिपल घर ९, स्टार ASM Y क्लेअर रोड,",82,
BoothVoterList_A4_Ward_211_Booth_34.pdf,34,"यादी भाग क्र. २ २ ६ : १ २ - हरुण कोर्ट, क्लेअर रोड,",86,
BoothVoterList_A4_Ward_211_Booth_34.pdf,36,यादी भाग क्र. २ २ ६ : १ ३ - HISKE चर्च रोड मुंबई म्युनिसिपल घर ६ हेवन मंझिल ऑफ क्लेअर रोड,90,
BoothVoterList_A4_Ward_211_Booth_34.pdf,37,"यादी भाग क्र. २ २ ६ : १ ४ - म्युनिसिपल घर ८, कांचवाला चेम्बर,",91,
BoothVoterList_A4_Ward_211_Booth_34.pdf,40,"यादी भाग क्र. २ २ ६ : १ ६ - स्टार मेन्हान, बी-विंग, क्राईस्ट चर्च पुढे, मिर्झा गालिब मार्ग,",92,
BoothVoterList_A4_Ward_211_Booth_34.pdf,41,"यादी भाग क्र. २ २ ६ : १ १ - म्युनिसिपल घर ९, स्टार ASM Y क्लेअर रोड,",82,
BoothVoterList_A4_Ward_211_Booth_34.pdf,42,"यादी भाग क्र. २ २ ६ : १ ६ - स्टार मेन्हान, बी-विंग, क्राईस्ट चर्च पुढे, मिर्झा गालिब मार्ग,",92,
BoothVoterList_A4_Ward_211_Booth_34.pdf,43,"यादी भाग क्र. २ २ ६ : १ ४ - म्युनिसिपल घर ८, कांचवाला चेम्बर,",91,
BoothVoterList_A4_Ward_211_Booth_35.pdf,2,"यादी भाग क्र. २ २ ७ : १ - म्युनिसिपल घर १ ७-२ ३ ए विन विला, मिर्झा गालिब मार्ग,",92,
BoothVoterList_A4_Ward_211_Booth_35.pdf,3,"यादी भाग क्र. २ २ ७ : २ - म्युनिसिपल घर ३ ९ क्रॉईस्ट चर्च लॉज, मिर्झा गालिब मार्ग,",93,
BoothVoterList_A4_Ward_211_Booth_35.pdf,4,"यादी भाग क्र. २ २ ७ : ३ - म्युनिसिपल घर ३ ९ क्रॉईस्ट चर्च झोपडपट्टी, मिर्झा गालिब मार्ग,",92,
BoothVoterList_A4_Ward_211_Booth_35.pdf,5,"यादी भाग क्र. २ २ ७ : ४ - म्युनिसिपल घर ३ ९ क्रॉईस्ट चर्च स्टाफ gare, मिर्झा गालिब मार्ग,",88,
BoothVoterList_A4_Ward_211_Booth_35.pdf,7,"यादी भाग क्र. २ २ ७ : ५ - म्युनिसिपल घर ४ १-४ ९ क्रॉईस्ट चर्च ज्युस सेंटर, मिर्झा गालिब मार्ग",91,
BoothVoterList_A4_Ward_211_Booth_35.pdf,8,"यादी भाग क्र. २ २ ७ : ६ - म्युनिसिपल घर ३ ९ क्रॉईस्ट चर्च (ओल्ड Wo), मिर्झा गालिब मार्ग,",90,
BoothVoterList_A4_Ward_211_Booth_35.pdf,9,"यादी भाग क्र. २ २ ७ : ७ - म्युनिसिपल घर ५ ३ सी पिन्स कोर्ट, मिर्झा गालिब मार्ग,",92,
BoothVoterList_A4_Ward_211_Booth_35.pdf,10,"यादी भाग क्र. २ २ ७ : ८ - म्युनिसिपल घर ५ ३ SSI हाऊस, मिर्झा गालिब मार्ग,",88,
BoothVoterList_A4_Ward_211_Booth_35.pdf,11,"यादी भाग क्र. २ २ ७ : ९ - म्युनिसिपल घर ५ १-५ १ बी हाजी मोहम्मद कोर्ट, मिर्झा गालिब मार्ग,",93,
BoothVoterList_A4_Ward_211_Booth_35.pdf,13,"यादी भाग क्र. २ २ ७ : १ ० - म्युनिसिपल घर ५ ९ सतनाम पॅलेस, मिर्झा गालिब मार्ग,",93,
BoothVoterList_A4_Ward_211_Booth_35.pdf,14,"यादी भाग क्र. २ २ ७ : 99 -प्रिझन बिल्डींग डिसोझा इंटरप्रायझेस, मिर्झा गालिब मार्ग,",91,
BoothVoterList_A4_Ward_211_Booth_35.pdf,15,"यादी भाग क्र. २ २ ७ : १ २ - म्युनिसिपल घर ६ ३ लिग ऑफ मर्शी (होल्डर), मिर्झा गालिब मार्ग,",91,
BoothVoterList_A4_Ward_211_Booth_35.pdf,16,"यादी भाग क्र. २ २ ७ : 93 - म्युनिसिपल घर ५ १-५ १ बी सैफी कोर्ट, मिर्झा गालिब मार्ग,",88,
BoothVoterList_A4_Ward_211_Booth_35.pdf,18,"यादी भाग क्र. २ २ ७ : १ ४ - म्युनिसिपल घर ५ ९ सतनम पॅलेस, मिर्झा गालिब मार्ग,",92,
BoothVoterList_A4_Ward_211_Booth_35.pdf,20,"यादी भाग क्र. २ २ ७ : १ ५ - म्युनिसिपल घर ५ ७ पिक्की डॉली सी, मिर्झा गालिब मार्ग,",93,
BoothVoterList_A4_Ward_211_Booth_35.pdf,22,"यादी भाग क्र. २ २ ७ : १ ६ - म्युनिसिपल घर ५ ७ पिक्की डॉली बी, मिर्झा गालिब मार्ग,",92,
BoothVoterList_A4_Ward_211_Booth_35.pdf,24,"यादी भाग क्र. २ २ ७ : १ ७ - म्युनिसिपल घर ५ ७ पिक्की डॉली ए, मिर्झा गालिब मार्ग,",92,
BoothVoterList_A4_Ward_211_Booth_35.pdf,26,"यादी भाग क्र. २ २ ७ : १ ८ - म्युनिसिपल घर ५ ५ए रोशनी बिल्डींग, मिर्झा गालिब मार्ग,",90,
BoothVoterList_A4_Ward_211_Booth_35.pdf,29,"यादी भाग क्र. २ २ ७ : १ ९ - म्युनिसिपल घर ६ २ अ भायखळा प्रिझन बिल्डींग, मिर्झा गालिब मार्ग,",93,
BoothVoterList_A4_Ward_211_Booth_35.pdf,30,"यादी भाग क्र. २ २ ७ : 20 - म्युनिसिपल घर ४ १-४ ९ बी हबीब पार्क, मिर्झा गालिब मार्ग,",91,
BoothVoterList_A4_Ward_211_Booth_35.pdf,36,"यादी भाग क्र. २ २ ७ : २ १ - म्युनिसिपल घर ५ ५ ऑक्सफर्ड चेंबर्स, मिर्झा गालिब मार्ग",92,
BoothVoterList_A4_Ward_211_Booth_35.pdf,42,"यादी भाग क्र. २ २ ७ : २ २ - जेल पोलिस लाईन, मिर्झा गालिब मार्ग,",93,
BoothVoterList_A4_Ward_211_Booth_35.pdf,43,"यादी भाग क्र. २ २ ७ : २ ३ - मॉर्डन हेअर कटिंग सलुन (हबीबपार्क), मिर्झा गालिब मार्ग,",91,
BoothVoterList_A4_Ward_211_Booth_35.pdf,44,"यादी भाग क्र. २ २ ७ : २ ४ - प्रगती बिल्डिंग, मिर्जा गालिब मार्ग, क्ले रोड, भायखळा (FAA),",86,
BoothVoterList_A4_Ward_211_Booth_35.pdf,46,"यादी भाग क्र. २ २ ७ : १ ७ - म्युनिसिपल घर ५ ७ पिक्की डॉली ए, मिर्झा गालिब मार्ग,",92,
BoothVoterList_A4_Ward_211_Booth_35.pdf,47,"यादी भाग क्र. २ २ ७ : 20 - म्युनिसिपल घर ४ १-४ ९ बी हबीब पार्क, मिर्झा गालिब मार्ग,",91,
BoothVoterList_A4_Ward_211_Booth_35.pdf,48,"यादी भाग क्र. २ २ ७ : २ ४ - प्रगती बिल्डिंग, मिर्जा गालिब मार्ग, क्ले रोड, भायखळा (FAA),",86,
BoothVoterList_A4_Ward_211_Booth_35.pdf,49,"यादी भाग क्र. २ २ ७ : १ ० - म्युनिसिपल घर ५ ९ सतनाम पॅलेस, मिर्झा गालिब मार्ग,",93,
BoothVoterList_A4_Ward_211_Booth_35.pdf,50,"यादी भाग क्र. २ २ ७ : 20 - म्युनिसिपल घर ४ १-४ ९ बी हबीब पार्क, मिर्झा गालिब मार्ग,",91,
BoothVoterList_A4_Ward_211_Booth_35.pdf,51,"यादी भाग क्र. २ २ ७ : ७ - म्युनिसिपल घर ५ ३ सी पिन्स कोर्ट, मिर्झा गालिब मार्ग,",92,
BoothVoterList_A4_Ward_211_Booth_35.pdf,52,"यादी भाग क्र. २ २ ७ : 20 - म्युनिसिपल घर ४ १-४ ९ बी हबीब पार्क, मिर्झा गालिब मार्ग,",91,
BoothVoterList_A4_Ward_211_Booth_35.pdf,53,"यादी भाग क्र. २ २ ७ : २ १ - म्युनिसिपल घर ५ ५ ऑक्सफर्ड चेंबर्स, मिर्झा गालिब मार्ग",92,
BoothVoterList_A4_Ward_211_Booth_35.pdf,54,"यादी भाग क्र. २ २ ७ : 20 - म्युनिसिपल घर ४ १-४ ९ बी हबीब पार्क, मिर्झा गालिब मार्ग,",91,
BoothVoterList_A4_Ward_211_Booth_35.pdf,55,"यादी भाग क्र. २ २ ७ : ३ - म्युनिसिपल घर ३ ९ क्रॉईस्ट चर्च झोपडपट्टी, मिर्झा गालिब मार्ग,",92,
BoothVoterList_A4_Ward_211_Booth_35.pdf,56,"यादी भाग क्र. २ २ ७ : 20 - म्युनिसिपल घर ४ १-४ ९ बी हबीब पार्क, मिर्झा गालिब मार्ग,",91,
BoothVoterList_A4_Ward_211_Booth_35.pdf,57,"यादी भाग क्र. २ २ ७ : 93 - म्युनिसिपल घर ५ १-५ १ बी सैफी कोर्ट, मिर्झा गालिब मार्ग,",88,
BoothVoterList_A4_Ward_211_Booth_35.pdf,58,"यादी भाग क्र. २ २ ७ : २ २ - जेल पोलिस लाईन, मिर्झा गालिब मार्ग,",93,
BoothVoterList_A4_Ward_211_Booth_35.pdf,59,"यादी भाग क्र. २ २ ७ : २ ४ - प्रगती बिल्डिंग, मिर्जा गालिब मार्ग, क्ले रोड, भायखळा (FAA),",86,
BoothVoterList_A4_Ward_211_Booth_35.pdf,60,"यादी भाग क्र. २ २ ७ : १ ४ - म्युनिसिपल घर ५ ९ सतनम पॅलेस, मिर्झा गालिब मार्ग,",92,
BoothVoterList_A4_Ward_211_Booth_35.pdf,61,"यादी भाग क्र. २ २ ७ : २ ४ - प्रगती बिल्डिंग, मिर्जा गालिब मार्ग, क्ले रोड, भायखळा (FAA),",86,
BoothVoterList_A4_Ward_211_Booth_35.pdf,62,"यादी भाग क्र. २ २ ७ : १ ० - म्युनिसिपल घर ५ ९ सतनाम पॅलेस, मिर्झा गालिब मार्ग,",93,
BoothVoterList_A4_Ward_211_Booth_35.pdf,63,"यादी भाग क्र. २ २ ७ : १ ८ - म्युनिसिपल घर ५ ५ए रोशनी बिल्डींग, मिर्झा गालिब मार्ग,",90,
BoothVoterList_A4_Ward_211_Booth_35.pdf,64,"यादी भाग क्र. २ २ ७ : २ १ - म्युनिसिपल घर ५ ५ ऑक्सफर्ड चेंबर्स, मिर्झा गालिब मार्ग",92,
BoothVoterList_A4_Ward_211_Booth_35.pdf,65,"यादी भाग क्र. २ २ ७ : १ ८ - म्युनिसिपल घर ५ ५ए रोशनी बिल्डींग, मिर्झा गालिब मार्ग,",90,
BoothVoterList_A4_Ward_211_Booth_35.pdf,66,"यादी भाग क्र. २ २ ७ : ६ - म्युनिसिपल घर ३ ९ क्रॉईस्ट चर्च (ओल्ड Wo), मिर्झा गालिब मार्ग,",90,
BoothVoterList_A4_Ward_211_Booth_35.pdf,67,"यादी भाग क्र. २ २ ७ : २ १ - म्युनिसिपल घर ५ ५ ऑक्सफर्ड चेंबर्स, मिर्झा गालिब मार्ग",92,
BoothVoterList_A4_Ward_211_Booth_35.pdf,68,"यादी भाग क्र. २ २ ७ : २ २ - जेल पोलिस लाईन, मिर्झा गालिब मार्ग,",93,
BoothVoterList_A4_Ward_211_Booth_35.pdf,69,"यादी भाग क्र. २ २ ७ : 93 - म्युनिसिपल घर ५ १-५ १ बी सैफी कोर्ट, मिर्झा गालिब मार्ग,",88,
BoothVoterList_A4_Ward_211_Booth_35.pdf,70,"यादी भाग क्र. २ २ ७ : १ ७ - म्युनिसिपल घर ५ ७ पिक्की डॉली ए, मिर्झा गालिब मार्ग,",92,
BoothVoterList_A4_Ward_211_Booth_36.pdf,2,यादी भाग क्र. २ ५ : १ - म्युनिसिपल घर ६ १ राजा बिल्डींग AA हफिजुद्दीन मार्ग भायखळा,82,
BoothVoterList_A4_Ward_211_Booth_36.pdf,4,यादी भाग क्र. २ ५ : २ - म्युनिसिपल घर ८ ७ कावराना बिल्डींग शोख हफिजुद्दीन मार्ग भायखळा,87,
BoothVoterList_A4_Ward_211_Booth_36.pdf,10,"यादी भाग क्र. २ ५ : 23 - म्युनिसिपल घर ८ ७ कांचवाला कपाउंड (न्यु धोबीघाट) बे, शोख हफिजुद्दीन मार्ग,",86,
BoothVoterList_A4_Ward_211_Booth_36.pdf,14,"यादी भाग क्र. २ ५ : ४ - सिमला बेकरी, शेख हफिजुद्दीन मार्ग, भायखळा",89,
BoothVoterList_A4_Ward_211_Booth_36.pdf,15,"यादी भाग क्र. २ ५ : 4 - कावराना बिल्डींगच्या बाजूला, शोख हफिजुद्दीन मार्ग, भायखळा,",88,
BoothVoterList_A4_Ward_211_Booth_36.pdf,16,"यादी भाग क्र. २ ५ : ६ - म्युनिसिपल घर १ ६ ७ ए इसासेठ चाळ, मौलाना आझाद रोड, भायखळा, (प)",88,
BoothVoterList_A4_Ward_211_Booth_36.pdf,19,"यादी भाग क्र. २ ५ : ७ - म्युनिसिपल घर १ ६ ७ बी SSH चाळ, मौलाना आझाद रोड, भायखळा, (प)",91,
BoothVoterList_A4_Ward_211_Booth_36.pdf,20,"यादी भाग क्र. २ ५: ८ - म्युनिसिपल घर १ ६ ७ सी नुराणी चाळ, मौलाना आझाद रोड, भायखळा (प)",92,
BoothVoterList_A4_Ward_211_Booth_36.pdf,24,"यादी भाग क्र. २ ५ : ९ - म्युनिसिपल घर १ ६ ७ डी नुराणी चाळ, मौलाना आझाद रोड, भायखळा (प)",89,
BoothVoterList_A4_Ward_211_Booth_36.pdf,28,"यादी भाग क्र. २ ५ : १ ० - म्युनिसिपल घर १ ७ १ नुराणी चाळ, न ५, मौलाना आझाद रोड, भायखळा (प)",92,
BoothVoterList_A4_Ward_211_Booth_36.pdf,34,"यादी भाग क्र. २ ५ : १ १ - म्युनिसिपल घर १ ७ १ बी नुराणी चाळ, मौलाना आझाद रोड, भायखळा (प)",90,
BoothVoterList_A4_Ward_211_Booth_36.pdf,35,"यादी भाग क्र. २ ५ : १ २ - म्युनिसिपल घर १ ७ १ बी TAR, मौलाना आझाद रोड, भायखळा (प)",90,
BoothVoterList_A4_Ward_211_Booth_36.pdf,36,"यादी भाग क्र. २ ५ : १ ३ - म्युनिसिपल घर १ ७ १ हबीब मंझिल, मौलाना आझाद रोड, भायखळा (प)",93,
BoothVoterList_A4_Ward_211_Booth_36.pdf,38,"यादी भाग क्र. २ ५ : १ ४ - म्युनिसिपल घर १ ७ ३ हाजी ईसमाईल टिन चाळ, मौलाना आझाद रोड, भायखळा (प)",93,
BoothVoterList_A4_Ward_211_Booth_36.pdf,39,"यादी भाग क्र. २ ५ : १ ५ - म्युनिसिपल घर १ ७ ३ साडी बाजार CARTS), मौलाना आझाद रोड, भायखळा (प)",91,
BoothVoterList_A4_Ward_211_Booth_36.pdf,41,"यादी भाग क्र. २ ५ : १ ६ - म्युनिसिपल घर १ ७ ३ साडी बाजार, मौलाना आझाद रोड, भायखळा (प)",93,
BoothVoterList_A4_Ward_211_Booth_36.pdf,45,"यादी भाग क्र. २ ५ : १ ७-४ ० ० ० १ १, साडी बाजार TARTS), मौलाना आझाद WS, भायखळा (प)",90,
BoothVoterList_A4_Ward_211_Booth_36.pdf,46,"यादी भाग क्र. २ ५ : 23 - म्युनिसिपल घर ८ ७ कांचवाला कपाउंड (न्यु धोबीघाट) बे, शोख हफिजुद्दीन मार्ग,",86,
BoothVoterList_A4_Ward_211_Booth_36.pdf,47,यादी भाग क्र. २ ५ : १ - म्युनिसिपल घर ६ १ राजा बिल्डींग AA हफिजुद्दीन मार्ग भायखळा,82,
BoothVoterList_A4_Ward_211_Booth_36.pdf,48,"यादी भाग क्र. २ ५ : १ ० - म्युनिसिपल घर १ ७ १ नुराणी चाळ, न ५, मौलाना आझाद रोड, भायखळा (प)",92,
BoothVoterList_A4_Ward_211_Booth_36.pdf,49,"यादी भाग क्र. २ ५ : १ १ - म्युनिसिपल घर १ ७ १ बी नुराणी चाळ, मौलाना आझाद रोड, भायखळा (प)",90,
BoothVoterList_A4_Ward_211_Booth_36.pdf,50,यादी भाग क्र. २ ५ : २ - म्युनिसिपल घर ८ ७ कावराना बिल्डींग शोख हफिजुद्दीन मार्ग भायखळा,87,
BoothVoterList_A4_Ward_211_Booth_36.pdf,51,"यादी भाग क्र. २ ५ : ९ - म्युनिसिपल घर १ ६ ७ डी नुराणी चाळ, मौलाना आझाद रोड, भायखळा (प)",89,
BoothVoterList_A4_Ward_211_Booth_36.pdf,52,"यादी भाग क्र. २ ५ : १ ५ - म्युनिसिपल घर १ ७ ३ साडी बाजार CARTS), मौलाना आझाद रोड, भायखळा (प)",91,
BoothVoterList_A4_Ward_211_Booth_36.pdf,53,"यादी भाग क्र. २ ५ : ८ - म्युनिसिपल घर १ ६ ७ सी नुराणी चाळ, मौलाना आझाद रोड, भायखळा (प)",92,
BoothVoterList_A4_Ward_211_Booth_36.pdf,54,"यादी भाग क्र. २ ५ : १ ३ - म्युनिसिपल घर १ ७ १ हबीब मंझिल, मौलाना आझाद रोड, भायखळा (प)",93,
BoothVoterList_A4_Ward_211_Booth_36.pdf,55,"यादी भाग क्र. २ ५ : 23 - म्युनिसिपल घर ८ ७ कांचवाला कपाउंड (न्यु धोबीघाट) बे, शोख हफिजुद्दीन मार्ग,",86,
BoothVoterList_A4_Ward_211_Booth_36.pdf,56,"यादी भाग क्र. २ ५ : १ ६ - म्युनिसिपल घर १ ७ ३ साडी बाजार, मौलाना आझाद रोड, भायखळा (प)",93,
BoothVoterList_A4_Ward_211_Booth_36.pdf,57,"यादी भाग क्र. २ ५ : १ ३ - म्युनिसिपल घर १ ७ १ हबीब मंझिल, मौलाना आझाद रोड, भायखळा (प)",93,
BoothVoterList_A4_Ward_211_Booth_36.pdf,58,"यादी भाग क्र. २ ५ : 23 - म्युनिसिपल घर ८ ७ कांचवाला कपाउंड (न्यु धोबीघाट) बे, शोख हफिजुद्दीन मार्ग,",86,
BoothVoterList_A4_Ward_211_Booth_36.pdf,59,"यादी भाग क्र. २ ५ : ९ - म्युनिसिपल घर १ ६ ७ डी नुराणी चाळ, मौलाना आझाद रोड, भायखळा (प)",89,
BoothVoterList_A4_Ward_211_Booth_36.pdf,60,"यादी भाग क्र. २ ५ : १ ३ - म्युनिसिपल घर १ ७ १ हबीब मंझिल, मौलाना आझाद रोड, भायखळा (प)",93,
BoothVoterList_A4_Ward_211_Booth_36.pdf,61,"यादी भाग क्र. २ ५ : ८ - म्युनिसिपल घर १ ६ ७ सी नुराणी चाळ, मौलाना आझाद रोड, भायखळा (प)",92,
BoothVoterList_A4_Ward_211_Booth_36.pdf,62,"यादी भाग क्र. २ ५ : 23 - म्युनिसिपल घर ८ ७ कांचवाला कपाउंड (न्यु धोबीघाट) बे, शोख हफिजुद्दीन मार्ग,",86,
BoothVoterList_A4_Ward_211_Booth_36.pdf,63,यादी भाग क्र. २ ५ : १ - म्युनिसिपल घर ६ १ राजा बिल्डींग AA हफिजुद्दीन मार्ग भायखळा,82,
BoothVoterList_A4_Ward_211_Booth_36.pdf,64,"यादी भाग क्र. २ ५ : 23 - म्युनिसिपल घर ८ ७ कांचवाला कपाउंड (न्यु धोबीघाट) बे, शोख हफिजुद्दीन मार्ग,",86,
BoothVoterList_A4_Ward_211_Booth_36.pdf,65,यादी भाग क्र. २ ५ : २ - म्युनिसिपल घर ८ ७ कावराना बिल्डींग शोख हफिजुद्दीन मार्ग भायखळा,87,
BoothVoterList_A4_Ward_211_Booth_36.pdf,66,"यादी भाग क्र. २ ५ : 23 - म्युनिसिपल घर ८ ७ कांचवाला कपाउंड (न्यु धोबीघाट) बे, शोख हफिजुद्दीन मार्ग,",86,
BoothVoterList_A4_Ward_211_Booth_36.pdf,67,यादी भाग क्र. २ ५ : १ - म्युनिसिपल घर ६ १ राजा बिल्डींग AA हफिजुद्दीन मार्ग भायखळा,82,
BoothVoterList_A4_Ward_211_Booth_36.pdf,68,"यादी भाग क्र. २ ५ : १ ० - म्युनिसिपल घर १ ७ १ नुराणी चाळ, न ५, मौलाना आझाद रोड, भायखळा (प)",92,
BoothVoterList_A4_Ward_211_Booth_36.pdf,69,"यादी भाग क्र. २ ५ : 23 - म्युनिसिपल घर ८ ७ कांचवाला कपाउंड (न्यु धोबीघाट) बे, शोख हफिजुद्दीन मार्ग,",86,
BoothVoterList_A4_Ward_211_Booth_36.pdf,70,"यादी भाग क्र. २ ५ : ९ - म्युनिसिपल घर १ ६ ७ डी नुराणी चाळ, मौलाना आझाद रोड, भायखळा (प)",89,
BoothVoterList_A4_Ward_211_Booth_36.pdf,71,यादी भाग क्र. २ ५ : २ - म्युनिसिपल घर ८ ७ कावराना बिल्डींग शोख हफिजुद्दीन मार्ग भायखळा,87,
BoothVoterList_A4_Ward_211_Booth_36.pdf,72,"यादी भाग क्र. २ ५ : ९ - म्युनिसिपल घर १ ६ ७ डी नुराणी चाळ, मौलाना आझाद रोड, भायखळा (प)",89,
BoothVoterList_A4_Ward_211_Booth_37.pdf,2,"यादी भाग क्र. १ ३ ९ : १ - म्युनिसिपल घर ५, काली बिल्डिंग, मोहम्मद उमर रजब रोड,",88,
BoothVoterList_A4_Ward_211_Booth_37.pdf,6,"यादी भाग क्र. १ ३ ९ : २ - म्युनिसिपल घर ९, रहमानी टॉवर, मोहम्मद उमर रजब रोड,",89,
BoothVoterList_A4_Ward_211_Booth_37.pdf,12,"यादी भाग क्र. १ ३ ९ : ३ - म्युनिसिपल घर १ ५, चक्कीवाला चाळ, मोहम्मद उमर रजब रोड,",88,
BoothVoterList_A4_Ward_211_Booth_37.pdf,14,"यादी भाग क्र. १ ३ ९ : ४ - म्युनिसिपल घर १ ७, चष्मावाला चाळ, मोहम्मद उमर रजब रोड,",86,
BoothVoterList_A4_Ward_211_Booth_37.pdf,19,"यादी भाग क्र. १ ३ ९ : ५ - म्युनिसिपल घर १ ९-ए, बीडीवाला चाळ, मोहम्मद उमर रजब रोड,",87,
BoothVoterList_A4_Ward_211_Booth_37.pdf,23,"यादी भाग क्र. १ ३ ९ : ६ - म्युनिसिपल घर २ १-ए, रझिया बिल्डिंग, मोहम्मद उमर रजब रोड,",89,
BoothVoterList_A4_Ward_211_Booth_37.pdf,28,"यादी भाग क्र. १ ३ ९ : ७ - म्युनिसिपल घर २ ३-ए, पटेल बिल्डिंग, मोहम्मद उमर रजब रोड,",91,
BoothVoterList_A4_Ward_211_Booth_37.pdf,30,"यादी भाग क्र. १ ३ ९ : ८-७ ०आर्मी सेल्वेशन चाळ (ज्युबिली हॉल), शेख हाफिजुद्दीन मार्ग,",91,
BoothVoterList_A4_Ward_211_Booth_37.pdf,33,"यादी भाग क्र. १ ३ ९ : ९ - म्युनिसिपल घर ८ ४, विलिंग्डन कंपाऊन्ड, शोख हाफिजुद्दीन मार्ग, मुंबई",90,
BoothVoterList_A4_Ward_211_Booth_37.pdf,34,"यादी भाग क्र. १ ३ ९ : १ ० - म्युनिसिपल घर ७ ० ते ८ ४, सेल्वेशन आर्मी SSR, he हाफिजुद्दीन मार्ग,",83,
BoothVoterList_A4_Ward_211_Booth_37.pdf,35,"यादी भाग क्र. १ ३ ९ : १ १ - साल्वेशन आर्मी समोरील झोपडपट्टी, शेख हाफिजुद्दीन मार्ग,",87,
BoothVoterList_A4_Ward_211_Booth_37.pdf,38,"यादी भाग क्र. १ ३ ९ : 92 - साल्वेशन आर्मी ब्लॅन्ड हॉस्टेल, शेख हाफिजुद्दीन मार्ग,",90,
BoothVoterList_A4_Ward_211_Booth_37.pdf,39,"यादी भाग क्र. १ ३ ९ : ५ - म्युनिसिपल घर १ ९-ए, बीडीवाला चाळ, मोहम्मद उमर रजब रोड,",87,
BoothVoterList_A4_Ward_211_Booth_37.pdf,40,"यादी भाग क्र. १ ३ ९ : ६ - म्युनिसिपल घर २ १-ए, रझिया बिल्डिंग, मोहम्मद उमर रजब रोड,",89,
BoothVoterList_A4_Ward_211_Booth_37.pdf,41,"यादी भाग क्र. १ ३ ९ : ३ - म्युनिसिपल घर १ ५, चक्कीवाला चाळ, मोहम्मद उमर रजब रोड,",88,
BoothVoterList_A4_Ward_211_Booth_37.pdf,42,"यादी भाग क्र. १ ३ ९ : 92 - साल्वेशन आर्मी ब्लॅन्ड हॉस्टेल, शेख हाफिजुद्दीन मार्ग,",90,
BoothVoterList_A4_Ward_211_Booth_37.pdf,43,"यादी भाग क्र. १ ३ ९ : ३ - म्युनिसिपल घर १ ५, चक्कीवाला चाळ, मोहम्मद उमर रजब रोड,",88,
BoothVoterList_A4_Ward_211_Booth_37.pdf,44,"यादी भाग क्र. १ ३ ९ : २ - म्युनिसिपल घर ९, रहमानी टॉवर, मोहम्मद उमर रजब रोड,",89,
BoothVoterList_A4_Ward_211_Booth_37.pdf,45,"यादी भाग क्र. १ ३ ९ : ४ - म्युनिसिपल घर १ ७, चष्मावाला चाळ, मोहम्मद उमर रजब रोड,",86,
BoothVoterList_A4_Ward_211_Booth_37.pdf,46,"यादी भाग क्र. १ ३ ९ : २ - म्युनिसिपल घर ९, रहमानी टॉवर, मोहम्मद उमर रजब रोड,",89,
BoothVoterList_A4_Ward_211_Booth_37.pdf,47,"यादी भाग क्र. १ ३ ९ : ४ - म्युनिसिपल घर १ ७, चष्मावाला चाळ, मोहम्मद उमर रजब रोड,",86,
BoothVoterList_A4_Ward_211_Booth_37.pdf,48,"यादी भाग क्र. १ ३ ९ : ३ - म्युनिसिपल घर १ ५, चक्कीवाला चाळ, मोहम्मद उमर रजब रोड,",88,
BoothVoterList_A4_Ward_211_Booth_37.pdf,49,"यादी भाग क्र. १ ३ ९ : ५ - म्युनिसिपल घर १ ९-ए, बीडीवाला चाळ, मोहम्मद उमर रजब रोड,",87,
BoothVoterList_A4_Ward_211_Booth_37.pdf,50,"यादी भाग क्र. १ ३ ९ : २ - म्युनिसिपल घर ९, रहमानी टॉवर, मोहम्मद उमर रजब रोड,",89,
BoothVoterList_A4_Ward_211_Booth_37.pdf,51,"यादी भाग क्र. १ ३ ९ : ६ - म्युनिसिपल घर २ १-ए, रझिया बिल्डिंग, मोहम्मद उमर रजब रोड,",89,
BoothVoterList_A4_Ward_211_Booth_37.pdf,52,"यादी भाग क्र. १ ३ ९ : ३ - म्युनिसिपल घर १ ५, चक्कीवाला चाळ, मोहम्मद उमर रजब रोड,",88,
BoothVoterList_A4_Ward_211_Booth_37.pdf,53,"यादी भाग क्र. १ ३ ९ : ४ - म्युनिसिपल घर १ ७, चष्मावाला चाळ, मोहम्मद उमर रजब रोड,",86,
BoothVoterList_A4_Ward_211_Booth_37.pdf,54,"यादी भाग क्र. १ ३ ९ : १ - म्युनिसिपल घर ५, काली बिल्डिंग, मोहम्मद उमर रजब रोड,",88,
BoothVoterList_A4_Ward_211_Booth_37.pdf,55,"यादी भाग क्र. १ ३ ९ : २ - म्युनिसिपल घर ९, रहमानी टॉवर, मोहम्मद उमर रजब रोड,",89,
BoothVoterList_A4_Ward_211_Booth_37.pdf,56,"यादी भाग क्र. १ ३ ९ : ४ - म्युनिसिपल घर १ ७, चष्मावाला चाळ, मोहम्मद उमर रजब रोड,",86,
BoothVoterList_A4_Ward_211_Booth_37.pdf,57,"यादी भाग क्र. १ ३ ९ : ६ - म्युनिसिपल घर २ १-ए, रझिया बिल्डिंग, मोहम्मद उमर रजब रोड,",89,
BoothVoterList_A4_Ward_211_Booth_37.pdf,58,"यादी भाग क्र. १ ३ ९ : २ - म्युनिसिपल घर ९, रहमानी टॉवर, मोहम्मद उमर रजब रोड,",89,
BoothVoterList_A4_Ward_211_Booth_37.pdf,59,"यादी भाग क्र. १ ३ ९ : ३ - म्युनिसिपल घर १ ५, चक्कीवाला चाळ, मोहम्मद उमर रजब रोड,",88,
BoothVoterList_A4_Ward_211_Booth_37.pdf,60,"यादी भाग क्र. १ ३ ९ : ६ - म्युनिसिपल घर २ १-ए, रझिया बिल्डिंग, मोहम्मद उमर रजब रोड,",89,
BoothVoterList_A4_Ward_211_Booth_37.pdf,61,"यादी भाग क्र. १ ३ ९ : ४ - म्युनिसिपल घर १ ७, चष्मावाला चाळ, मोहम्मद उमर रजब रोड,",86,
BoothVoterList_A4_Ward_211_Booth_37.pdf,62,"यादी भाग क्र. १ ३ ९ : २ - म्युनिसिपल घर ९, रहमानी टॉवर, मोहम्मद उमर रजब रोड,",89,
BoothVoterList_A4_Ward_211_Booth_38.pdf,2,यादी भाग क्र. १ १ ८ : १ - म्युनिसिपल घर ८ १-८ ५ दगड चाळ मोहम्मद शहिद मार्ग ARS रोड),88,
BoothVoterList_A4_Ward_211_Booth_38.pdf,23,यादी भाग क्र. १ १ ८ : २ - अरब तबेला मोहम्मद शहिद मार्ग (मोरलॅन्ड रोड),82,
BoothVoterList_A4_Ward_211_Booth_38.pdf,24,यादी भाग क्र. १ १ ८ : 3 - पटनी चाळ मोहम्मद शहिद मार्ग (मोरलॅन्ड रोड),91,
BoothVoterList_A4_Ward_211_Booth_38.pdf,27,"यादी भाग क्र. १ १ ८ : ४-४ ० ० ० ० ८, पटनी चाळ मोहम्मद शहिद मार्ग (मोरलॅन्ड रोड)",92,
BoothVoterList_A4_Ward_211_Booth_38.pdf,28,"यादी भाग क्र. १ १ ८ : ५ - शिरिनबाई चाळ, मोहम्मद ales मार्ग, (मॉरलॅन्ड रोड),",85,
BoothVoterList_A4_Ward_211_Booth_38.pdf,31,"यादी भाग क्र. १ १ ८ : ६- शिरिनबाई चाळ क्रमांक ६, मोहम्मद शहिद मार्ग, (मॉरलॅन्ड रोड),",89,
BoothVoterList_A4_Ward_211_Booth_38.pdf,35,"यादी भाग क्र. १ १ ८ : ७ - शिरिनबाई चाळ 71.4, मोहम्मद शहिद मार्ग, (मॉरलॅन्ड रोड),",80,
BoothVoterList_A4_Ward_211_Booth_38.pdf,41,"यादी भाग क्र. १ १ ८ : ८ - शिरिनबाई चाळ क्रमांक ७, मोहम्मद शहिद मार्ग, (मॉरलॅन्ड रोड),",92,
BoothVoterList_A4_Ward_211_Booth_38.pdf,42,"यादी भाग क्र. १ १ ८ : ७ - शिरिनबाई चाळ 71.4, मोहम्मद शहिद मार्ग, (मॉरलॅन्ड रोड),",80,
BoothVoterList_A4_Ward_211_Booth_38.pdf,43,यादी भाग क्र. १ १ ८ : 3 - पटनी चाळ मोहम्मद शहिद मार्ग (मोरलॅन्ड रोड),91,
BoothVoterList_A4_Ward_211_Booth_38.pdf,44,"यादी भाग क्र. १ १ ८ : ७ - शिरिनबाई चाळ 71.4, मोहम्मद शहिद मार्ग, (मॉरलॅन्ड रोड),",80,
BoothVoterList_A4_Ward_211_Booth_38.pdf,45,यादी भाग क्र. १ १ ८ : १ - म्युनिसिपल घर ८ १-८ ५ दगड चाळ मोहम्मद शहिद मार्ग ARS रोड),88,
BoothVoterList_A4_Ward_211_Booth_38.pdf,46,"यादी भाग क्र. १ १ ८ : ५ - शिरिनबाई चाळ, मोहम्मद ales मार्ग, (मॉरलॅन्ड रोड),",85,
BoothVoterList_A4_Ward_211_Booth_38.pdf,47,यादी भाग क्र. १ १ ८ : १ - म्युनिसिपल घर ८ १-८ ५ दगड चाळ मोहम्मद शहिद मार्ग ARS रोड),88,
BoothVoterList_A4_Ward_211_Booth_38.pdf,48,यादी भाग क्र. १ १ ८ : 3 - पटनी चाळ मोहम्मद शहिद मार्ग (मोरलॅन्ड रोड),91,
BoothVoterList_A4_Ward_211_Booth_38.pdf,49,यादी भाग क्र. १ १ ८ : १ - म्युनिसिपल घर ८ १-८ ५ दगड चाळ मोहम्मद शहिद मार्ग ARS रोड),88,
BoothVoterList_A4_Ward_211_Booth_38.pdf,50,"यादी भाग क्र. १ १ ८ : ६- शिरिनबाई चाळ क्रमांक ६, मोहम्मद शहिद मार्ग, (मॉरलॅन्ड रोड),",89,
BoothVoterList_A4_Ward_211_Booth_38.pdf,51,यादी भाग क्र. १ १ ८ : 3 - पटनी चाळ मोहम्मद शहिद मार्ग (मोरलॅन्ड रोड),91,
BoothVoterList_A4_Ward_211_Booth_38.pdf,52,"यादी भाग क्र. १ १ ८ : ७ - शिरिनबाई चाळ 71.4, मोहम्मद शहिद मार्ग, (मॉरलॅन्ड रोड),",80,
BoothVoterList_A4_Ward_211_Booth_38.pdf,53,यादी भाग क्र. १ १ ८ : १ - म्युनिसिपल घर ८ १-८ ५ दगड चाळ मोहम्मद शहिद मार्ग ARS रोड),88,
BoothVoterList_A4_Ward_211_Booth_38.pdf,54,"यादी भाग क्र. १ १ ८ : ६- शिरिनबाई चाळ क्रमांक ६, मोहम्मद शहिद मार्ग, (मॉरलॅन्ड रोड),",89,
BoothVoterList_A4_Ward_211_Booth_38.pdf,55,"यादी भाग क्र. १ १ ८ : ७ - शिरिनबाई चाळ 71.4, मोहम्मद शहिद मार्ग, (मॉरलॅन्ड रोड),",80,
BoothVoterList_A4_Ward_211_Booth_38.pdf,56,"यादी भाग क्र. १ १ ८ : ५ - शिरिनबाई चाळ, मोहम्मद ales मार्ग, (मॉरलॅन्ड रोड),",85,
BoothVoterList_A4_Ward_211_Booth_38.pdf,57,"यादी भाग क्र. १ १ ८ : ७ - शिरिनबाई चाळ 71.4, मोहम्मद शहिद मार्ग, (मॉरलॅन्ड रोड),",80,
BoothVoterList_A4_Ward_211_Booth_38.pdf,58,यादी भाग क्र. १ १ ८ : १ - म्युनिसिपल घर ८ १-८ ५ दगड चाळ मोहम्मद शहिद मार्ग ARS रोड),88,
BoothVoterList_A4_Ward_211_Booth_38.pdf,59,"यादी भाग क्र. १ १ ८ : ७ - शिरिनबाई चाळ 71.4, मोहम्मद शहिद मार्ग, (मॉरलॅन्ड रोड),",80,
BoothVoterList_A4_Ward_211_Booth_38.pdf,60,"यादी भाग क्र. १ १ ८ : ६- शिरिनबाई चाळ क्रमांक ६, मोहम्मद शहिद मार्ग, (मॉरलॅन्ड रोड),",89,
BoothVoterList_A4_Ward_211_Booth_38.pdf,61,"यादी भाग क्र. १ १ ८ : ७ - शिरिनबाई चाळ 71.4, मोहम्मद शहिद मार्ग, (मॉरलॅन्ड रोड),",80,
BoothVoterList_A4_Ward_211_Booth_38.pdf,62,"यादी भाग क्र. १ १ ८ : ६- शिरिनबाई चाळ क्रमांक ६, मोहम्मद शहिद मार्ग, (मॉरलॅन्ड रोड),",89,
BoothVoterList_A4_Ward_211_Booth_38.pdf,63,"यादी भाग क्र. १ १ ८ : ७ - शिरिनबाई चाळ 71.4, मोहम्मद शहिद मार्ग, (मॉरलॅन्ड रोड),",80,
BoothVoterList_A4_Ward_211_Booth_38.pdf,64,"यादी भाग क्र. १ १ ८ : ६- शिरिनबाई चाळ क्रमांक ६, मोहम्मद शहिद मार्ग, (मॉरलॅन्ड रोड),",89,
BoothVoterList_A4_Ward_211_Booth_38.pdf,65,यादी भाग क्र. १ १ ८ : १ - म्युनिसिपल घर ८ १-८ ५ दगड चाळ मोहम्मद शहिद मार्ग ARS रोड),88,
BoothVoterList_A4_Ward_211_Booth_38.pdf,66,"यादी भाग क्र. १ १ ८ : ८ - शिरिनबाई चाळ क्रमांक ७, मोहम्मद शहिद मार्ग, (मॉरलॅन्ड रोड),",92,
BoothVoterList_A4_Ward_211_Booth_38.pdf,67,यादी भाग क्र. १ १ ८ : १ - म्युनिसिपल घर ८ १-८ ५ दगड चाळ मोहम्मद शहिद मार्ग ARS रोड),88,
BoothVoterList_A4_Ward_211_Booth_38.pdf,68,यादी भाग क्र. १ १ ८ : 3 - पटनी चाळ मोहम्मद शहिद मार्ग (मोरलॅन्ड रोड),91,
BoothVoterList_A4_Ward_211_Booth_38.pdf,69,"यादी भाग क्र. १ १ ८ : ७ - शिरिनबाई चाळ 71.4, मोहम्मद शहिद मार्ग, (मॉरलॅन्ड रोड),",80,
BoothVoterList_A4_Ward_211_Booth_38.pdf,70,यादी भाग क्र. १ १ ८ : 3 - पटनी चाळ मोहम्मद शहिद मार्ग (मोरलॅन्ड रोड),91,
BoothVoterList_A4_Ward_211_Booth_38.pdf,71,"यादी भाग क्र. १ १ ८ : ७ - शिरिनबाई चाळ 71.4, मोहम्मद शहिद मार्ग, (मॉरलॅन्ड रोड),",80,
BoothVoterList_A4_Ward_211_Booth_38.pdf,72,"यादी भाग क्र. १ १ ८ : ५ - शिरिनबाई चाळ, मोहम्मद ales मार्ग, (मॉरलॅन्ड रोड),",85,
BoothVoterList_A4_Ward_211_Booth_38.pdf,73,"यादी भाग क्र. १ १ ८ : ७ - शिरिनबाई चाळ 71.4, मोहम्मद शहिद मार्ग, (मॉरलॅन्ड रोड),",80,
BoothVoterList_A4_Ward_211_Booth_38.pdf,74,यादी भाग क्र. १ १ ८ : १ - म्युनिसिपल घर ८ १-८ ५ दगड चाळ मोहम्मद शहिद मार्ग ARS रोड),88,
BoothVoterList_A4_Ward_211_Booth_38.pdf,75,"यादी भाग क्र. १ १ ८ : ५ - शिरिनबाई चाळ, मोहम्मद ales मार्ग, (मॉरलॅन्ड रोड),",85,
BoothVoterList_A4_Ward_211_Booth_38.pdf,76,यादी भाग क्र. १ १ ८ : 3 - पटनी चाळ मोहम्मद शहिद मार्ग (मोरलॅन्ड रोड),91,
BoothVoterList_A4_Ward_211_Booth_38.pdf,77,यादी भाग क्र. १ १ ८ : १ - म्युनिसिपल घर ८ १-८ ५ दगड चाळ मोहम्मद शहिद मार्ग ARS रोड),88,
BoothVoterList_A4_Ward_211_Booth_38.pdf,78,"यादी भाग क्र. १ १ ८ : ५ - शिरिनबाई चाळ, मोहम्मद ales मार्ग, (मॉरलॅन्ड रोड),",85,
BoothVoterList_A4_Ward_211_Booth_38.pdf,79,यादी भाग क्र. १ १ ८ : १ - म्युनिसिपल घर ८ १-८ ५ दगड चाळ मोहम्मद शहिद मार्ग ARS रोड),88,
BoothVoterList_A4_Ward_211_Booth_38.pdf,80,"यादी भाग क्र. १ १ ८ : ५ - शिरिनबाई चाळ, मोहम्मद ales मार्ग, (मॉरलॅन्ड रोड),",85,
BoothVoterList_A4_Ward_211_Booth_38.pdf,81,यादी भाग क्र. १ १ ८ : १ - म्युनिसिपल घर ८ १-८ ५ दगड चाळ मोहम्मद शहिद मार्ग ARS रोड),88,
BoothVoterList_A4_Ward_211_Booth_38.pdf,82,"यादी भाग क्र. १ १ ८ : ८ - शिरिनबाई चाळ क्रमांक ७, मोहम्मद शहिद मार्ग, (मॉरलॅन्ड रोड),",92,
BoothVoterList_A4_Ward_211_Booth_38.pdf,83,"यादी भाग क्र. १ १ ८ : ७ - शिरिनबाई चाळ 71.4, मोहम्मद शहिद मार्ग, (मॉरलॅन्ड रोड),",80,
BoothVoterList_A4_Ward_211_Booth_38.pdf,84,यादी भाग क्र. १ १ ८ : २ - अरब तबेला मोहम्मद शहिद मार्ग (मोरलॅन्ड रोड),82,
BoothVoterList_A4_Ward_211_Booth_38.pdf,85,"यादी भाग क्र. १ १ ८ : ७ - शिरिनबाई चाळ 71.4, मोहम्मद शहिद मार्ग, (मॉरलॅन्ड रोड),",80,
BoothVoterList_A4_Ward_211_Booth_38.pdf,86,"यादी भाग क्र. १ १ ८ : ५ - शिरिनबाई चाळ, मोहम्मद ales मार्ग, (मॉरलॅन्ड रोड),",85,
BoothVoterList_A4_Ward_211_Booth_39.pdf,2,"यादी भाग क्र. १ २ २ : ६ - म्युनिसिपल घर ६ ५/७ ५ न्यू पत्रा शेड 4.9, मोहम्मद शहिद मार्ग,",90,
BoothVoterList_A4_Ward_211_Booth_39.pdf,3,"यादी भाग क्र. १ २ २ : ७ - म्युनिसिपल घर ६ ५/७ ५न्यु. पत्रा होड क्रमांक २, मोहम्मद शहिद मार्ग,",86,
BoothVoterList_A4_Ward_211_Booth_39.pdf,4,"यादी भाग क्र. १ २ २ : ८ - म्युनिसिपल घर ६ ५/७ ५न्यु. पत्रा होड 41.3, मोहम्मद शहिद मार्ग,",89,
BoothVoterList_A4_Ward_211_Booth_39.pdf,5,"यादी भाग क्र. १ २ २ : ९ - म्युनिसिपल घर ६ ५/७ ५न्यु. पत्रा होड क्रमांक ५, मोहम्मद शहिद मार्ग,",85,
BoothVoterList_A4_Ward_211_Booth_39.pdf,6,"यादी भाग क्र. १ २ २ : १ ० - म्युनिसिपल घर ६ ५/७ ५न्यु. पत्रा शेड क्रमांक ६, मोहम्मद शहिद मार्ग,",89,
BoothVoterList_A4_Ward_211_Booth_39.pdf,7,"यादी भाग क्र. १ २ २ : १ १ - म्युनिसिपल घर ६ ५/७ ५न्यु. पत्रा शेड नं ७, मोहम्मद शहिद मार्ग,",89,
BoothVoterList_A4_Ward_211_Booth_39.pdf,8,"यादी भाग क्र. १ २ २ : १ २ - म्युनिसिपल घर ६ ५/७ ५न्यु. पत्रा होड AC, मोहम्मद शहिद मार्ग,",87,
BoothVoterList_A4_Ward_211_Booth_39.pdf,9,"यादी भाग क्र. १ २ २ : 93 - म्युनिसिपल घर ६ ५/७ ५न्यु. पत्रा as नं ४, मोहम्मद शहिद मार्ग,",87,
BoothVoterList_A4_Ward_211_Booth_39.pdf,10,"यादी भाग क्र. १ २ २ : १ ४ - न्यु पत्राचाळ क्रमांक ६, मोहम्मद शहीद मार्ग,",91,
BoothVoterList_A4_Ward_211_Booth_39.pdf,11,"यादी भाग क्र. १ २ २ : १ २ - म्युनिसिपल घर ६ ५/७ ५न्यु. पत्रा होड AC, मोहम्मद शहिद मार्ग,",87,
BoothVoterList_A4_Ward_211_Booth_39.pdf,12,"यादी भाग क्र. १ २ २ : 93 - म्युनिसिपल घर ६ ५/७ ५न्यु. पत्रा as नं ४, मोहम्मद शहिद मार्ग,",87,
BoothVoterList_A4_Ward_211_Booth_39.pdf,13,"यादी भाग क्र. १ २ २ : १ ४ - न्यु पत्राचाळ क्रमांक ६, मोहम्मद शहीद मार्ग,",91,
BoothVoterList_A4_Ward_211_Booth_39.pdf,14,"यादी भाग क्र. १ २ ६ : १ ५ -शिरीनबाई चाळ, इब्राहीम इस्टेट, मॉरलँड रोड,",87,
BoothVoterList_A4_Ward_211_Booth_39.pdf,15,"यादी भाग क्र. १ २ ९ : ५ - म्युनिसिपल घर ३ सेंट Vegas चर्च, मेघराज सेठी मार्ग,",85,
BoothVoterList_A4_Ward_211_Booth_39.pdf,18,"यादी भाग क्र. १ २ ९ : ६ - म्युनिसिपल घर २ सेंट ऐन्ड्र्युज चर्च जवळील झोपडपट्टी, मेघराज सेठी मार्ग,",88,
BoothVoterList_A4_Ward_211_Booth_39.pdf,20,"यादी भाग क्र. १ २ ९ : ७ - म्युनिसिपल घर २, सेंट ऐन्ड््युज चर्च, मेघराज सेठी मार्ग,",86,
BoothVoterList_A4_Ward_211_Booth_39.pdf,21,"यादी भाग क्र. १ २ ९ : ८ - सेंट ऐन्ड्र्युज चर्च, मेघराज सेठी मार्ग,",83,
BoothVoterList_A4_Ward_211_Booth_39.pdf,22,"यादी भाग क्र. १ २ ९ : १ २ - मुक्ति दवाखाना (महिला मिलन) मार्ग, मेघराज सेठी मार्ग,",91,
BoothVoterList_A4_Ward_211_Booth_39.pdf,23,"यादी भाग क्र. १ २ ९ : १ ३ - अब्बास मंझील, 180/982, मौलाना आझाद रोड,",90,
BoothVoterList_A4_Ward_211_Booth_39.pdf,24,"यादी भाग क्र. १ २ ९ : १ ६ - म्युनिसिपल घर ९ ७ सी. ममसा इस्टेट, मोहम्मद शाहिद मार्ग, (मॉरलॅन्ड रोड)",93,
BoothVoterList_A4_Ward_211_Booth_39.pdf,28,"यादी भाग क्र. १ २ ९ : १ ७ - म्युनिसिपल घर ९ ९ टी. बी. आय काँलेज, कंपाऊंड झोपड्या, मोहम्मद शाहिद मार्ग",92,
BoothVoterList_A4_Ward_211_Booth_39.pdf,30,"यादी भाग क्र. १ २ ९ : ६ - म्युनिसिपल घर २ सेंट ऐन्ड्र्युज चर्च जवळील झोपडपट्टी, मेघराज सेठी मार्ग,",88,
BoothVoterList_A4_Ward_211_Booth_39.pdf,31,"यादी भाग क्र. १ २ ९ : १ ७ - म्युनिसिपल घर ९ ९ टी. बी. आय काँलेज, कंपाऊंड झोपड्या, मोहम्मद शाहिद मार्ग",92,
BoothVoterList_A4_Ward_211_Booth_39.pdf,32,"यादी भाग क्र. १ २ ९ : १ ६ - म्युनिसिपल घर ९ ७ सी. ममसा इस्टेट, मोहम्मद शाहिद मार्ग, (मॉरलॅन्ड रोड)",93,
BoothVoterList_A4_Ward_211_Booth_39.pdf,33,"यादी भाग क्र. १ २ ९ : १ ७ - म्युनिसिपल घर ९ ९ टी. बी. आय काँलेज, कंपाऊंड झोपड्या, मोहम्मद शाहिद मार्ग",92,
BoothVoterList_A4_Ward_211_Booth_39.pdf,34,"यादी भाग क्र. १ २ ९ : ५ - म्युनिसिपल घर ३ सेंट Vegas चर्च, मेघराज सेठी मार्ग,",85,
BoothVoterList_A4_Ward_211_Booth_39.pdf,35,"यादी भाग क्र. १ २ ९ : १ ७ - म्युनिसिपल घर ९ ९ टी. बी. आय काँलेज, कंपाऊंड झोपड्या, मोहम्मद शाहिद मार्ग",92,
BoothVoterList_A4_Ward_211_Booth_39.pdf,36,"यादी भाग क्र. १ २ ९ : १ ३ - अब्बास मंझील, 180/982, मौलाना आझाद रोड,",90,
BoothVoterList_A4_Ward_211_Booth_39.pdf,37,"यादी भाग क्र. १ २ ९ : १ ६ - म्युनिसिपल घर ९ ७ सी. ममसा इस्टेट, मोहम्मद शाहिद मार्ग, (मॉरलॅन्ड रोड)",93,
BoothVoterList_A4_Ward_211_Booth_39.pdf,38,"यादी भाग क्र. १ २ ९ : १ ३ - अब्बास मंझील, 180/982, मौलाना आझाद रोड,",90,
BoothVoterList_A4_Ward_211_Booth_39.pdf,39,"यादी भाग क्र. १ २ ९ : ८ - सेंट ऐन्ड्र्युज चर्च, मेघराज सेठी मार्ग,",83,
BoothVoterList_A4_Ward_211_Booth_39.pdf,40,"यादी भाग क्र. १ २ ९ : १ ३ - अब्बास मंझील, 180/982, मौलाना आझाद रोड,",90,
BoothVoterList_A4_Ward_211_Booth_39.pdf,41,"यादी भाग क्र. १ २ ९ : ५ - म्युनिसिपल घर ३ सेंट Vegas चर्च, मेघराज सेठी मार्ग,",85,
BoothVoterList_A4_Ward_211_Booth_39.pdf,42,"यादी भाग क्र. १ २ ९ : १ ७ - म्युनिसिपल घर ९ ९ टी. बी. आय काँलेज, कंपाऊंड झोपड्या, मोहम्मद शाहिद मार्ग",92,
BoothVoterList_A4_Ward_211_Booth_4.pdf,2,"यादी भाग क्र. २ ० ६ : १ -म्यु. घनं-२, पिंटो हाऊस जवळील झोपडपट्टी, मेघराज सेठी मार्ग,",93,
BoothVoterList_A4_Ward_211_Booth_4.pdf,9,"यादी भाग क्र. २ ० ६ : ६- खटाव मिलच्या मागील झोपडपट्टी, मेघराज सेठी मार्ग,",91,
BoothVoterList_A4_Ward_211_Booth_4.pdf,10,"यादी भाग क्र. २ ० ६ : 23 - सॉवटर रोड भायखळा फायर ब्रिगेड झोपडपट्टी, गणेश हरी पारुंडेकर मार्ग,",90,
BoothVoterList_A4_Ward_211_Booth_4.pdf,11,"यादी भाग क्र. २ ० ६ : २ ४ - अपना झोपडपट्टी, इस्लाम बिल्डींग मागील झोपडपट्टी, मेघराज eT AM,",87,
BoothVoterList_A4_Ward_211_Booth_4.pdf,12,"यादी भाग क्र. २ ० ६ : ६- खटाव मिलच्या मागील झोपडपट्टी, मेघराज सेठी मार्ग,",91,
BoothVoterList_A4_Ward_211_Booth_4.pdf,13,"यादी भाग क्र. २ ० ६ : 23 - सॉवटर रोड भायखळा फायर ब्रिगेड झोपडपट्टी, गणेश हरी पारुंडेकर मार्ग,",90,
BoothVoterList_A4_Ward_211_Booth_4.pdf,14,"यादी भाग क्र. २ ० ६ : १ -म्यु. घनं-२, पिंटो हाऊस जवळील झोपडपट्टी, मेघराज सेठी मार्ग,",93,
BoothVoterList_A4_Ward_211_Booth_4.pdf,15,"यादी भाग क्र. २ ० ६ : २ ४ - अपना झोपडपट्टी, इस्लाम बिल्डींग मागील झोपडपट्टी, मेघराज eT AM,",87,
BoothVoterList_A4_Ward_211_Booth_40.pdf,2,यादी भाग क्र. १ ९ ९ : १ - छोटी कमल बिल्डींग क्रमांक २ मोहम्मद ASA रोड (गोर-त बाजार),87,
BoothVoterList_A4_Ward_211_Booth_40.pdf,5,यादी भाग क्र. १ ९ ९ : २ -म्युनिसिपल घर 4.3 आक्सा मझिल ए मोहम्मद ASA रोड (गोर-त बाजार),84,
BoothVoterList_A4_Ward_211_Booth_40.pdf,11,यादी भाग क्र. १ ९ ९ : ३ -म्युनिसिपल घर 4.3 आक्सा मंझिल बी मौलाना आझाद रोड (गोर-त बाजार),89,
BoothVoterList_A4_Ward_211_Booth_40.pdf,18,यादी भाग क्र. १ ९ ९ : ४ -म्युनिसिपल घर क्रमांक ७ आक्सा मंझिल सी मौलाना आझाद रोड (गोर-त बाजार),87,
BoothVoterList_A4_Ward_211_Booth_40.pdf,26,यादी भाग क्र. १ ९ ९ : ५ -म्युनिसिपल घर क्रमांक ७ आक्सा मंझिल डी मौलाना आझाद रोड (गोस्त बाजार),89,
BoothVoterList_A4_Ward_211_Booth_40.pdf,34,यादी भाग क्र. १ ९ ९ : ६- आक्सा मंझिल-ई मौलाना आझाद रोड (गोस्त बाजार),90,
BoothVoterList_A4_Ward_211_Booth_40.pdf,  35,यादी भाग sh. १ ९ ९ : ७ - ठम्युनिसिपल घरनं-७ आक्सा मंजिल,75,
BoothVoterList_A4_Ward_211_Booth_40.pdf,36,यादी भाग क्र. १ ९ ९ : ८ - युसुफ बाग-क मौलाना आझाद रोड (गोस्त बाजार),92,
BoothVoterList_A4_Ward_211_Booth_40.pdf,37,"यादी भाग क्र. १ ९ ९ : ९ - लतीफ चमडेवाली चाळ मौलाना आझाद WS, मदनपुरा",88,
BoothVoterList_A4_Ward_211_Booth_40.pdf,38,"यादी भाग क्र. १ ९ ९ : १ ०-१ ६-१ ८, राबीया मंझिल, दुसरी घेलाभाई स्ट्रीट, भायखळा,",92,
BoothVoterList_A4_Ward_211_Booth_40.pdf,39,यादी भाग क्र. १ ९ ९ : ३ -म्युनिसिपल घर 4.3 आक्सा मंझिल बी मौलाना आझाद रोड (गोर-त बाजार),89,
BoothVoterList_A4_Ward_211_Booth_40.pdf,40,यादी भाग क्र. १ ९ ९ : ५ -म्युनिसिपल घर क्रमांक ७ आक्सा मंझिल डी मौलाना आझाद रोड (गोस्त बाजार),89,
BoothVoterList_A4_Ward_211_Booth_40.pdf,41,यादी भाग क्र. १ ९ ९ : १ - छोटी कमल बिल्डींग क्रमांक २ मोहम्मद ASA रोड (गोर-त बाजार),87,
BoothVoterList_A4_Ward_211_Booth_40.pdf,42,यादी भाग क्र. १ ९ ९ : ५ -म्युनिसिपल घर क्रमांक ७ आक्सा मंझिल डी मौलाना आझाद रोड (गोस्त बाजार),89,
BoothVoterList_A4_Ward_211_Booth_40.pdf,43,यादी भाग क्र. १ ९ ९ : २ -म्युनिसिपल घर 4.3 आक्सा मझिल ए मोहम्मद ASA रोड (गोर-त बाजार),84,
BoothVoterList_A4_Ward_211_Booth_40.pdf,44,यादी भाग क्र. १ ९ ९ : ४ -म्युनिसिपल घर क्रमांक ७ आक्सा मंझिल सी मौलाना आझाद रोड (गोर-त बाजार),87,
BoothVoterList_A4_Ward_211_Booth_40.pdf,45,यादी भाग क्र. १ ९ ९ : ५ -म्युनिसिपल घर क्रमांक ७ आक्सा मंझिल डी मौलाना आझाद रोड (गोस्त बाजार),89,
BoothVoterList_A4_Ward_211_Booth_40.pdf,46,"यादी भाग क्र. १ ९ ९ : १ ०-१ ६-१ ८, राबीया मंझिल, दुसरी घेलाभाई स्ट्रीट, भायखळा,",92,
BoothVoterList_A4_Ward_211_Booth_40.pdf,47,यादी भाग क्र. १ ९ ९ : ४ -म्युनिसिपल घर क्रमांक ७ आक्सा मंझिल सी मौलाना आझाद रोड (गोर-त बाजार),87,
BoothVoterList_A4_Ward_211_Booth_40.pdf,48,यादी भाग क्र. १ ९ ९ : २ -म्युनिसिपल घर 4.3 आक्सा मझिल ए मोहम्मद ASA रोड (गोर-त बाजार),84,
BoothVoterList_A4_Ward_211_Booth_40.pdf,49,यादी भाग क्र. १ ९ ९ : ४ -म्युनिसिपल घर क्रमांक ७ आक्सा मंझिल सी मौलाना आझाद रोड (गोर-त बाजार),87,
BoothVoterList_A4_Ward_211_Booth_40.pdf,50,"यादी भाग क्र. १ ९ ९ : १ ०-१ ६-१ ८, राबीया मंझिल, दुसरी घेलाभाई स्ट्रीट, भायखळा,",92,
BoothVoterList_A4_Ward_211_Booth_40.pdf,51,यादी भाग क्र. १ ९ ९ : ३ -म्युनिसिपल घर 4.3 आक्सा मंझिल बी मौलाना आझाद रोड (गोर-त बाजार),89,
BoothVoterList_A4_Ward_211_Booth_40.pdf,52,यादी भाग क्र. १ ९ ९ : २ -म्युनिसिपल घर 4.3 आक्सा मझिल ए मोहम्मद ASA रोड (गोर-त बाजार),84,
BoothVoterList_A4_Ward_211_Booth_40.pdf,53,यादी भाग क्र. १ ९ ९ : ५ -म्युनिसिपल घर क्रमांक ७ आक्सा मंझिल डी मौलाना आझाद रोड (गोस्त बाजार),89,
BoothVoterList_A4_Ward_211_Booth_40.pdf,54,यादी भाग क्र. १ ९ ९ : ४ -म्युनिसिपल घर क्रमांक ७ आक्सा मंझिल सी मौलाना आझाद रोड (गोर-त बाजार),87,
BoothVoterList_A4_Ward_211_Booth_40.pdf,55,यादी भाग क्र. १ ९ ९ : ५ -म्युनिसिपल घर क्रमांक ७ आक्सा मंझिल डी मौलाना आझाद रोड (गोस्त बाजार),89,
BoothVoterList_A4_Ward_211_Booth_40.pdf,56,यादी भाग क्र. १ ९ ९ : ४ -म्युनिसिपल घर क्रमांक ७ आक्सा मंझिल सी मौलाना आझाद रोड (गोर-त बाजार),87,
BoothVoterList_A4_Ward_211_Booth_40.pdf,57,यादी भाग क्र. १ ९ ९ : ३ -म्युनिसिपल घर 4.3 आक्सा मंझिल बी मौलाना आझाद रोड (गोर-त बाजार),89,
BoothVoterList_A4_Ward_211_Booth_40.pdf,58,यादी भाग क्र. १ ९ ९ : ४ -म्युनिसिपल घर क्रमांक ७ आक्सा मंझिल सी मौलाना आझाद रोड (गोर-त बाजार),87,
BoothVoterList_A4_Ward_211_Booth_40.pdf,59,यादी भाग क्र. १ ९ ९ : ५ -म्युनिसिपल घर क्रमांक ७ आक्सा मंझिल डी मौलाना आझाद रोड (गोस्त बाजार),89,
BoothVoterList_A4_Ward_211_Booth_40.pdf,60,यादी भाग क्र. १ ९ ९ : २ -म्युनिसिपल घर 4.3 आक्सा मझिल ए मोहम्मद ASA रोड (गोर-त बाजार),84,
BoothVoterList_A4_Ward_211_Booth_40.pdf,61,यादी भाग क्र. १ ९ ९ : ५ -म्युनिसिपल घर क्रमांक ७ आक्सा मंझिल डी मौलाना आझाद रोड (गोस्त बाजार),89,
BoothVoterList_A4_Ward_211_Booth_40.pdf,62,यादी भाग क्र. १ ९ ९ : १ - छोटी कमल बिल्डींग क्रमांक २ मोहम्मद ASA रोड (गोर-त बाजार),87,
BoothVoterList_A4_Ward_211_Booth_40.pdf,63,यादी भाग क्र. १ ९ ९ : ५ -म्युनिसिपल घर क्रमांक ७ आक्सा मंझिल डी मौलाना आझाद रोड (गोस्त बाजार),89,
BoothVoterList_A4_Ward_211_Booth_40.pdf,64,यादी भाग क्र. १ ९ ९ : १ - छोटी कमल बिल्डींग क्रमांक २ मोहम्मद ASA रोड (गोर-त बाजार),87,
BoothVoterList_A4_Ward_211_Booth_40.pdf,65,यादी भाग क्र. १ ९ ९ : २ -म्युनिसिपल घर 4.3 आक्सा मझिल ए मोहम्मद ASA रोड (गोर-त बाजार),84,
BoothVoterList_A4_Ward_211_Booth_40.pdf,66,यादी भाग क्र. १ ९ ९ : ६- आक्सा मंझिल-ई मौलाना आझाद रोड (गोस्त बाजार),90,
BoothVoterList_A4_Ward_211_Booth_40.pdf,67,यादी भाग क्र. १ ९ ९ : ३ -म्युनिसिपल घर 4.3 आक्सा मंझिल बी मौलाना आझाद रोड (गोर-त बाजार),89,
BoothVoterList_A4_Ward_211_Booth_40.pdf,68,यादी भाग क्र. १ ९ ९ : ५ -म्युनिसिपल घर क्रमांक ७ आक्सा मंझिल डी मौलाना आझाद रोड (गोस्त बाजार),89,
BoothVoterList_A4_Ward_211_Booth_41.pdf,2,"यादी भाग क्र. २ ० ० : १ - म्य. घ. क्रमांक 3-4, कमिटी चाळ, घेलाभाई रोड, भायखळा (प),",92,
BoothVoterList_A4_Ward_211_Booth_41.pdf,11,"यादी भाग क्र. २ ० ० : २ - म्युनिसिपल घर ७, खतिजा टावर घेलाभाई रोड, भायखळा (प),",91,
BoothVoterList_A4_Ward_211_Booth_41.pdf,14,"यादी भाग क्र. २ ० ० : ३ - म्युनिसिपल घर ९ (अ), करीम चाळ, घेलाभाई रोड, भायखळा (प),",93,
BoothVoterList_A4_Ward_211_Booth_41.pdf,19,"यादी भाग क्र. २ ० ० : ४ - म्युनिसिपल घर १ ४, ऐटलास बिल्डिंग, घेलाभाई रोड, भायखळा (प),",91,
BoothVoterList_A4_Ward_211_Booth_41.pdf,20,"यादी भाग क्र. २ ० ० : ५ - म्युनिसिपल घर १ ६ ऐ,. रेहमान बिल्डिंग, मौलाना आझाद रोड, (गोस बाजार),",92,
BoothVoterList_A4_Ward_211_Booth_41.pdf,25,"यादी भाग क्र. २ ० ० : ६ - म्युनिसिपल घर २ २, नव बहार बिल्डिंग, मौलाना आझाद रोड, (गोस त बाजार),",92,
BoothVoterList_A4_Ward_211_Booth_41.pdf,31,"यादी भाग क्र. २ ० ० : ७ - ऐ समन चाळ (रसुल बिल्डिंग), मौलाना आझाद Ws, (गोस बाजार),",89,
BoothVoterList_A4_Ward_211_Booth_41.pdf,33,"यादी भाग क्र. २ ० ० : ८ - HRA मंझिल बिल्डिंग, मौलाना आझाद रोड, (गोस बाजार),",89,
BoothVoterList_A4_Ward_211_Booth_41.pdf,34,"यादी भाग क्र. २ ० ० : ९ - काचवाला बिल्डींग, मौलाना आझाद WS, (गोस बाजार),",91,
BoothVoterList_A4_Ward_211_Booth_41.pdf,35,"यादी भाग क्र. २ ० ० : १ ०-१ १ ० ५खादीजा टॉवर ३ री घेलाबाई स्ट्रीट मॉरलण्ड रोड, मौलाना आझाद",91,
BoothVoterList_A4_Ward_211_Booth_41.pdf,44,"यादी भाग क्र. २ ० ० : ८ - HRA मंझिल बिल्डिंग, मौलाना आझाद रोड, (गोस बाजार),",89,
BoothVoterList_A4_Ward_211_Booth_41.pdf,45,"यादी भाग क्र. २ ० ० : १ ०-१ १ ० ५खादीजा टॉवर ३ री घेलाबाई स्ट्रीट मॉरलण्ड रोड, मौलाना आझाद",91,
BoothVoterList_A4_Ward_211_Booth_41.pdf,46,"यादी भाग क्र. २ ० ० : १ - म्य. घ. क्रमांक 3-4, कमिटी चाळ, घेलाभाई रोड, भायखळा (प),",92,
BoothVoterList_A4_Ward_211_Booth_41.pdf,47,"यादी भाग क्र. २ ० ० : ३ - म्युनिसिपल घर ९ (अ), करीम चाळ, घेलाभाई रोड, भायखळा (प),",93,
BoothVoterList_A4_Ward_211_Booth_41.pdf,48,"यादी भाग क्र. २ ० ० : ६ - म्युनिसिपल घर २ २, नव बहार बिल्डिंग, मौलाना आझाद रोड, (गोस त बाजार),",92,
BoothVoterList_A4_Ward_211_Booth_41.pdf,49,"यादी भाग क्र. २ ० ० : १ ०-१ १ ० ५खादीजा टॉवर ३ री घेलाबाई स्ट्रीट मॉरलण्ड रोड, मौलाना आझाद",91,
BoothVoterList_A4_Ward_211_Booth_41.pdf,50,"यादी भाग क्र. २ ० ० : ५ - म्युनिसिपल घर १ ६ ऐ,. रेहमान बिल्डिंग, मौलाना आझाद रोड, (गोस बाजार),",92,
BoothVoterList_A4_Ward_211_Booth_41.pdf,51,"यादी भाग क्र. २ ० ० : ६ - म्युनिसिपल घर २ २, नव बहार बिल्डिंग, मौलाना आझाद रोड, (गोस त बाजार),",92,
BoothVoterList_A4_Ward_211_Booth_41.pdf,52,"यादी भाग क्र. २ ० ० : ३ - म्युनिसिपल घर ९ (अ), करीम चाळ, घेलाभाई रोड, भायखळा (प),",93,
BoothVoterList_A4_Ward_211_Booth_41.pdf,53,"यादी भाग क्र. २ ० ० : ६ - म्युनिसिपल घर २ २, नव बहार बिल्डिंग, मौलाना आझाद रोड, (गोस त बाजार),",92,
BoothVoterList_A4_Ward_211_Booth_41.pdf,54,"यादी भाग क्र. २ ० ० : ५ - म्युनिसिपल घर १ ६ ऐ,. रेहमान बिल्डिंग, मौलाना आझाद रोड, (गोस बाजार),",92,
BoothVoterList_A4_Ward_211_Booth_41.pdf,55,"यादी भाग क्र. २ ० ० : ३ - म्युनिसिपल घर ९ (अ), करीम चाळ, घेलाभाई रोड, भायखळा (प),",93,
BoothVoterList_A4_Ward_211_Booth_41.pdf,56,"यादी भाग क्र. २ ० ० : १ - म्य. घ. क्रमांक 3-4, कमिटी चाळ, घेलाभाई रोड, भायखळा (प),",92,
BoothVoterList_A4_Ward_211_Booth_41.pdf,57,"यादी भाग क्र. २ ० ० : ६ - म्युनिसिपल घर २ २, नव बहार बिल्डिंग, मौलाना आझाद रोड, (गोस त बाजार),",92,
BoothVoterList_A4_Ward_211_Booth_41.pdf,58,"यादी भाग क्र. २ ० ० : १ - म्य. घ. क्रमांक 3-4, कमिटी चाळ, घेलाभाई रोड, भायखळा (प),",92,
BoothVoterList_A4_Ward_211_Booth_41.pdf,59,"यादी भाग क्र. २ ० ० : १ ०-१ १ ० ५खादीजा टॉवर ३ री घेलाबाई स्ट्रीट मॉरलण्ड रोड, मौलाना आझाद",91,
BoothVoterList_A4_Ward_211_Booth_41.pdf,60,"यादी भाग क्र. २ ० ० : ५ - म्युनिसिपल घर १ ६ ऐ,. रेहमान बिल्डिंग, मौलाना आझाद रोड, (गोस बाजार),",92,
BoothVoterList_A4_Ward_211_Booth_41.pdf,61,"यादी भाग क्र. २ ० ० : २ - म्युनिसिपल घर ७, खतिजा टावर घेलाभाई रोड, भायखळा (प),",91,
BoothVoterList_A4_Ward_211_Booth_41.pdf,62,"यादी भाग क्र. २ ० ० : ५ - म्युनिसिपल घर १ ६ ऐ,. रेहमान बिल्डिंग, मौलाना आझाद रोड, (गोस बाजार),",92,
BoothVoterList_A4_Ward_211_Booth_41.pdf,63,"यादी भाग क्र. २ ० ० : ६ - म्युनिसिपल घर २ २, नव बहार बिल्डिंग, मौलाना आझाद रोड, (गोस त बाजार),",92,
BoothVoterList_A4_Ward_211_Booth_41.pdf,64,"यादी भाग क्र. २ ० ० : ८ - HRA मंझिल बिल्डिंग, मौलाना आझाद रोड, (गोस बाजार),",89,
BoothVoterList_A4_Ward_211_Booth_42.pdf,2,"यादी भाग क्र. २ ० १ : १ - म्युनिसिपल घर 2 युसुफ मंझील, सिध्दीक लेन, मदनपूरा,",91,
BoothVoterList_A4_Ward_211_Booth_42.pdf,3,"यादी भाग क्र. २ ० १ : २ - म्युनिसिपल घर ८ युसूफ मंझील, सिध्दीक लेन, मदनपूरा,",90,
BoothVoterList_A4_Ward_211_Booth_42.pdf,5,"यादी भाग क्र. २ ० १ : ३ - RL TA. ८ सीआदम सिद्धिकी चाळ, सिध्दीक लेन, मदनपूरा,",86,
BoothVoterList_A4_Ward_211_Booth_42.pdf,9,"यादी भाग क्र. २ ० १ : ४ - म्युनिसिपल घर ८ ईआदम सिद्धिकी चाळ, सिध्दीक लेन, मदनपूरा,",90,
BoothVoterList_A4_Ward_211_Booth_42.pdf,12,"यादी भाग क्र. २ ० १ : 4 - म्युनिसिपल घर १ ४ जुनेद मंझील, सिध्दीक लेन, मदनपूरा,",90,
BoothVoterList_A4_Ward_211_Booth_42.pdf,18,"यादी भाग क्र. २ ० १ : ६ - म्युनिसिपल घर १ १ अंजुमन मुकीदुल्ला यतमा प्राथमिक शाळ, सिध्दीक",92,
BoothVoterList_A4_Ward_211_Booth_42.pdf,19,"यादी भाग क्र. २ ० १ : ७ - म्युनिसिपल घर 92 जमिल मस्जिद मंझील, सिध्दीक लेन, मदनपूरा,",91,
BoothVoterList_A4_Ward_211_Booth_42.pdf,20,"यादी भाग क्र. २ ० १ : ८ - म्युनिसिपल घर २ ते ८ ARR बिल्डिंग, मोहम्मद उमर रजब US, मदनपूरा,",90,
BoothVoterList_A4_Ward_211_Booth_42.pdf,25,"यादी भाग क्र. २ ० १ : ९ - म्युनिसिपल घर ६ ते १ २ मन्सुर बिल्डिंग, मोहम्मद उमर रजब रोड, मदनपूरा,",92,
BoothVoterList_A4_Ward_211_Booth_42.pdf,26,"यादी भाग क्र. २ ० १ : १ ० - म्युनिसिपल घर १ ८ ते २ २ अ हुसेन बिल्डिंग, मोहम्मद उमर रजब रोड, मदनपूरा",92,
BoothVoterList_A4_Ward_211_Booth_42.pdf,33,"यादी भाग क्र. २ ० १ : १ १ - म्युनिसिपल घर 22 बी हुसेन बिल्डिंग, मोहम्मद उमर रजब रोड, मदनपूरा",90,
BoothVoterList_A4_Ward_211_Booth_42.pdf,38,"यादी भाग क्र. २ ० १ : १ २ - म्युनिसिपल घर २ ६ ए जरीवाला चाळ, मोहम्मद उमर रजब रोड, भायखळा (प),",89,
BoothVoterList_A4_Ward_211_Booth_42.pdf,46,"यादी भाग क्र. २ ० १ : ९ - म्युनिसिपल घर ६ ते १ २ मन्सुर बिल्डिंग, मोहम्मद उमर रजब रोड, मदनपूरा,",92,
BoothVoterList_A4_Ward_211_Booth_42.pdf,47,"यादी भाग क्र. २ ० १ : ४ - म्युनिसिपल घर ८ ईआदम सिद्धिकी चाळ, सिध्दीक लेन, मदनपूरा,",90,
BoothVoterList_A4_Ward_211_Booth_42.pdf,48,"यादी भाग क्र. २ ० १ : ९ - म्युनिसिपल घर ६ ते १ २ मन्सुर बिल्डिंग, मोहम्मद उमर रजब रोड, मदनपूरा,",92,
BoothVoterList_A4_Ward_211_Booth_42.pdf,49,"यादी भाग क्र. २ ० १ : 4 - म्युनिसिपल घर १ ४ जुनेद मंझील, सिध्दीक लेन, मदनपूरा,",90,
BoothVoterList_A4_Ward_211_Booth_42.pdf,50,"यादी भाग क्र. २ ० १ : ८ - म्युनिसिपल घर २ ते ८ ARR बिल्डिंग, मोहम्मद उमर रजब US, मदनपूरा,",90,
BoothVoterList_A4_Ward_211_Booth_42.pdf,51,"यादी भाग क्र. २ ० १ : १ १ - म्युनिसिपल घर 22 बी हुसेन बिल्डिंग, मोहम्मद उमर रजब रोड, मदनपूरा",90,
BoothVoterList_A4_Ward_211_Booth_42.pdf,52,"यादी भाग क्र. २ ० १ : १ २ - म्युनिसिपल घर २ ६ ए जरीवाला चाळ, मोहम्मद उमर रजब रोड, भायखळा (प),",89,
BoothVoterList_A4_Ward_211_Booth_42.pdf,53,"यादी भाग क्र. २ ० १ : १ - म्युनिसिपल घर 2 युसुफ मंझील, सिध्दीक लेन, मदनपूरा,",91,
BoothVoterList_A4_Ward_211_Booth_42.pdf,54,"यादी भाग क्र. २ ० १ : 4 - म्युनिसिपल घर १ ४ जुनेद मंझील, सिध्दीक लेन, मदनपूरा,",90,
BoothVoterList_A4_Ward_211_Booth_42.pdf,55,"यादी भाग क्र. २ ० १ : १ - म्युनिसिपल घर 2 युसुफ मंझील, सिध्दीक लेन, मदनपूरा,",91,
BoothVoterList_A4_Ward_211_Booth_42.pdf,56,"यादी भाग क्र. २ ० १ : १ २ - म्युनिसिपल घर २ ६ ए जरीवाला चाळ, मोहम्मद उमर रजब रोड, भायखळा (प),",89,
BoothVoterList_A4_Ward_211_Booth_42.pdf,57,"यादी भाग क्र. २ ० १ : १ ० - म्युनिसिपल घर १ ८ ते २ २ अ हुसेन बिल्डिंग, मोहम्मद उमर रजब रोड, मदनपूरा",92,
BoothVoterList_A4_Ward_211_Booth_42.pdf,58,"यादी भाग क्र. २ ० १ : १ २ - म्युनिसिपल घर २ ६ ए जरीवाला चाळ, मोहम्मद उमर रजब रोड, भायखळा (प),",89,
BoothVoterList_A4_Ward_211_Booth_42.pdf,59,"यादी भाग क्र. २ ० १ : १ ० - म्युनिसिपल घर १ ८ ते २ २ अ हुसेन बिल्डिंग, मोहम्मद उमर रजब रोड, मदनपूरा",92,
BoothVoterList_A4_Ward_211_Booth_42.pdf,60,"यादी भाग क्र. २ ० १ : १ १ - म्युनिसिपल घर 22 बी हुसेन बिल्डिंग, मोहम्मद उमर रजब रोड, मदनपूरा",90,
BoothVoterList_A4_Ward_211_Booth_42.pdf,61,"यादी भाग क्र. २ ० १ : ९ - म्युनिसिपल घर ६ ते १ २ मन्सुर बिल्डिंग, मोहम्मद उमर रजब रोड, मदनपूरा,",92,
BoothVoterList_A4_Ward_211_Booth_42.pdf,62,"यादी भाग क्र. २ ० १ : १ - म्युनिसिपल घर 2 युसुफ मंझील, सिध्दीक लेन, मदनपूरा,",91,
BoothVoterList_A4_Ward_211_Booth_42.pdf,63,"यादी भाग क्र. २ ० १ : ३ - RL TA. ८ सीआदम सिद्धिकी चाळ, सिध्दीक लेन, मदनपूरा,",86,
BoothVoterList_A4_Ward_211_Booth_42.pdf,64,"यादी भाग क्र. २ ० १ : १ ० - म्युनिसिपल घर १ ८ ते २ २ अ हुसेन बिल्डिंग, मोहम्मद उमर रजब रोड, मदनपूरा",92,
BoothVoterList_A4_Ward_211_Booth_42.pdf,65,"यादी भाग क्र. २ ० १ : ३ - RL TA. ८ सीआदम सिद्धिकी चाळ, सिध्दीक लेन, मदनपूरा,",86,
BoothVoterList_A4_Ward_211_Booth_42.pdf,66,"यादी भाग क्र. २ ० १ : १ १ - म्युनिसिपल घर 22 बी हुसेन बिल्डिंग, मोहम्मद उमर रजब रोड, मदनपूरा",90,
BoothVoterList_A4_Ward_211_Booth_42.pdf,67,"यादी भाग क्र. २ ० १ : ८ - म्युनिसिपल घर २ ते ८ ARR बिल्डिंग, मोहम्मद उमर रजब US, मदनपूरा,",90,
BoothVoterList_A4_Ward_211_Booth_43.pdf,2,"यादी भाग क्र. २ ० ४ : १ - म्युनिसिपल घर २ ५-२ ९, सफिया बिल्डींग, मोहम्मद उमर रजब रोड, भायखळा (प),",89,
BoothVoterList_A4_Ward_211_Booth_43.pdf,3,"यादी भाग क्र. २ ० ४ : २ - म्युनिसिपल घर 34, रतनजी नैनसी बिल्डिंग, मोहम्मद उमर रजब US, भायखळा (प),",91,
BoothVoterList_A4_Ward_211_Booth_43.pdf,5,"यादी भाग क्र. २ ० ४ : ३ - म्युनिसिपल घर 33, सफिया बिल्डिंग, मोहम्मद उमर रजब रोड, भायखळा (प),",89,
BoothVoterList_A4_Ward_211_Booth_43.pdf,8,"यादी भाग क्र. २ ० ४ : ४ - म्यु. घ क्रमांक ४ ३, फातमाबाई चाळ, मोहम्मद उमर रजब रोड, भायखळा (५),",88,
BoothVoterList_A4_Ward_211_Booth_43.pdf,9,"यादी भाग क्र. २ ० ४ : 4 - ALTA. ४ ५-४ ५, मोहम्मदी पेलेस, मोहम्मद उमर रजब रोड, भायखळा (प)",89,
BoothVoterList_A4_Ward_211_Booth_43.pdf,12,"यादी भाग क्र. २ ० ४ : ६ - मुन्शी मंझील, मोमबत्तीवाला चाळ, मोहम्मद उमर रजब रोड, भायखळा (प),",90,
BoothVoterList_A4_Ward_211_Booth_43.pdf,13,"यादी भाग क्र. २ ० ४ : ७ - म्युनिसिपल घर ५ ५, कय्युम मंझील, मोहम्मद उमर रजब रोड, भायखळा (प),",88,
BoothVoterList_A4_Ward_211_Booth_43.pdf,16,"यादी भाग क्र. २ ० ४ : ८ - म्युनिसिपल घर ४ ७-49, FRM मंझील, मोमबत्तीवाला चाळ, मोहम्मद उमर रजब",88,
BoothVoterList_A4_Ward_211_Booth_43.pdf,24,"यादी भाग क्र. २ ० ४ : ९ - म्युनिसिपल घर ३ ०-32, MAI अकबर Aviles, मोहम्मद उमर रजब WS, भायखळा",85,
BoothVoterList_A4_Ward_211_Booth_43.pdf,29,"यादी भाग क्र. २ ० ४ : १ ० - म्युनिसिपल घर ४ ०-४ ६, बेग महम्मद चाळ, मोहम्मद उमर रजब US, भायखळा",93,
BoothVoterList_A4_Ward_211_Booth_43.pdf,37,"यादी भाग क्र. २ ० ४ : १ १ -म्युनिसिपल उर्दू शाळा, मोहम्मद उमर रजब रोड, भायखळा (प),",93,
BoothVoterList_A4_Ward_211_Booth_43.pdf,38,"यादी भाग क्र. २ ० ४ : 92 - चंपा कंपाऊंड चाळ 71.4, मोहम्मद उमर रजब रोड, भायखळा (प),",87,
BoothVoterList_A4_Ward_211_Booth_43.pdf,39,"यादी भाग क्र. २ ० ४ : १ ३ - पटेल मंझील, मोहम्मद उमर रजब रोड, भायखळा (प)",92,
BoothVoterList_A4_Ward_211_Booth_43.pdf,40,"यादी भाग क्र. २ ० ४ : १ ४ - म्युनिसिपल घर ४ ३, अब्बास मंझील, मोहम्मद उमर रजब US, भायखळा (प),",92,
BoothVoterList_A4_Ward_211_Booth_43.pdf,41,"यादी भाग क्र. २ ० ४ : १ ५ - म्युनिसिपल घर ५ ०-५ २, ए बेग मोहम्मद चाळ, मोहम्मद उमर रजब रोड, भायखळा",92,
BoothVoterList_A4_Ward_211_Booth_43.pdf,43,"यादी भाग क्र. २ ० ४ : १ ६ - म्युनिसिपल घर ४ ०-४ ६ बेग मोहम्मद चाळ, मोहम्मद उमर रजब रोड, भायखळा (प),",93,
BoothVoterList_A4_Ward_211_Booth_43.pdf,44,"यादी भाग क्र. २ ० ४ : १ ७ - मोहम्मदी पॅलेस, मोहम्मद उमर रजब US, भायखळा (प),",92,
BoothVoterList_A4_Ward_211_Booth_43.pdf,46,"यादी भाग क्र. २ ० ४ : १ ८ - चंपा कंपाउंड चाळ, ARGS रोड,",90,
BoothVoterList_A4_Ward_211_Booth_43.pdf,47,"यादी भाग क्र. २ ० ४ : १ ९-४ ० ० ० १ १, बेग मोहम्मद चाळ, मोहम्मद उमर रजब WS, भायखळा (प),",93,
BoothVoterList_A4_Ward_211_Booth_43.pdf,48,"यादी भाग क्र. २ ० ४ : २ ० - म्युनिसिपल घर २, पिंटो हाऊस, मेघराज सेठी मार्ग, भायखळा (प),",92,
BoothVoterList_A4_Ward_211_Booth_43.pdf,49,"यादी भाग क्र. २ ० ४ : २ १ - म्युनिसिपल घर २, पिंटो हाऊस जवळील झोपडपट्टी, मेघराज सेठी मार्ग,.",92,
BoothVoterList_A4_Ward_211_Booth_43.pdf,55,"यादी भाग क्र. २ ० ४ : १ ५ - म्युनिसिपल घर ५ ०-५ २, ए बेग मोहम्मद चाळ, मोहम्मद उमर रजब रोड, भायखळा",92,
BoothVoterList_A4_Ward_211_Booth_43.pdf,56,"यादी भाग क्र. २ ० ४ : ३ - म्युनिसिपल घर 33, सफिया बिल्डिंग, मोहम्मद उमर रजब रोड, भायखळा (प),",89,
BoothVoterList_A4_Ward_211_Booth_43.pdf,57,"यादी भाग क्र. २ ० ४ : १ ६ - म्युनिसिपल घर ४ ०-४ ६ बेग मोहम्मद चाळ, मोहम्मद उमर रजब रोड, भायखळा (प),",93,
BoothVoterList_A4_Ward_211_Booth_43.pdf,58,"यादी भाग क्र. २ ० ४ : ३ - म्युनिसिपल घर 33, सफिया बिल्डिंग, मोहम्मद उमर रजब रोड, भायखळा (प),",89,
BoothVoterList_A4_Ward_211_Booth_43.pdf,59,"यादी भाग क्र. २ ० ४ : १ ० - म्युनिसिपल घर ४ ०-४ ६, बेग महम्मद चाळ, मोहम्मद उमर रजब US, भायखळा",93,
BoothVoterList_A4_Ward_211_Booth_43.pdf,60,"यादी भाग क्र. २ ० ४ : ८ - म्युनिसिपल घर ४ ७-49, FRM मंझील, मोमबत्तीवाला चाळ, मोहम्मद उमर रजब",88,
BoothVoterList_A4_Ward_211_Booth_43.pdf,61,"यादी भाग क्र. २ ० ४ : १ ५ - म्युनिसिपल घर ५ ०-५ २, ए बेग मोहम्मद चाळ, मोहम्मद उमर रजब रोड, भायखळा",92,
BoothVoterList_A4_Ward_211_Booth_43.pdf,62,"यादी भाग क्र. २ ० ४ : २ १ - म्युनिसिपल घर २, पिंटो हाऊस जवळील झोपडपट्टी, मेघराज सेठी मार्ग,.",92,
BoothVoterList_A4_Ward_211_Booth_43.pdf,63,"यादी भाग क्र. २ ० ४ : १ ० - म्युनिसिपल घर ४ ०-४ ६, बेग महम्मद चाळ, मोहम्मद उमर रजब US, भायखळा",93,
BoothVoterList_A4_Ward_211_Booth_43.pdf,64,"यादी भाग क्र. २ ० ४ : १ ६ - म्युनिसिपल घर ४ ०-४ ६ बेग मोहम्मद चाळ, मोहम्मद उमर रजब रोड, भायखळा (प),",93,
BoothVoterList_A4_Ward_211_Booth_43.pdf,65,"यादी भाग क्र. २ ० ४ : १ १ -म्युनिसिपल उर्दू शाळा, मोहम्मद उमर रजब रोड, भायखळा (प),",93,
BoothVoterList_A4_Ward_211_Booth_43.pdf,66,"यादी भाग क्र. २ ० ४ : १ ० - म्युनिसिपल घर ४ ०-४ ६, बेग महम्मद चाळ, मोहम्मद उमर रजब US, भायखळा",93,
BoothVoterList_A4_Ward_211_Booth_43.pdf,67,"यादी भाग क्र. २ ० ४ : १ १ -म्युनिसिपल उर्दू शाळा, मोहम्मद उमर रजब रोड, भायखळा (प),",93,
BoothVoterList_A4_Ward_211_Booth_43.pdf,68,"यादी भाग क्र. २ ० ४ : ९ - म्युनिसिपल घर ३ ०-32, MAI अकबर Aviles, मोहम्मद उमर रजब WS, भायखळा",85,
BoothVoterList_A4_Ward_211_Booth_43.pdf,69,"यादी भाग क्र. २ ० ४ : ८ - म्युनिसिपल घर ४ ७-49, FRM मंझील, मोमबत्तीवाला चाळ, मोहम्मद उमर रजब",88,
BoothVoterList_A4_Ward_211_Booth_43.pdf,70,"यादी भाग क्र. २ ० ४ : ३ - म्युनिसिपल घर 33, सफिया बिल्डिंग, मोहम्मद उमर रजब रोड, भायखळा (प),",89,
BoothVoterList_A4_Ward_211_Booth_43.pdf,71,"यादी भाग क्र. २ ० ४ : ८ - म्युनिसिपल घर ४ ७-49, FRM मंझील, मोमबत्तीवाला चाळ, मोहम्मद उमर रजब",88,
BoothVoterList_A4_Ward_211_Booth_43.pdf,72,"यादी भाग क्र. २ ० ४ : १ ७ - मोहम्मदी पॅलेस, मोहम्मद उमर रजब US, भायखळा (प),",92,
BoothVoterList_A4_Ward_211_Booth_43.pdf,73,"यादी भाग क्र. २ ० ४ : १ ८ - चंपा कंपाउंड चाळ, ARGS रोड,",90,
BoothVoterList_A4_Ward_211_Booth_43.pdf,74,"यादी भाग क्र. २ ० ४ : २ - म्युनिसिपल घर 34, रतनजी नैनसी बिल्डिंग, मोहम्मद उमर रजब US, भायखळा (प),",91,
BoothVoterList_A4_Ward_211_Booth_43.pdf,75,"यादी भाग क्र. २ ० ४ : १ ३ - पटेल मंझील, मोहम्मद उमर रजब रोड, भायखळा (प)",92,
BoothVoterList_A4_Ward_211_Booth_43.pdf,76,"यादी भाग क्र. २ ० ४ : ८ - म्युनिसिपल घर ४ ७-49, FRM मंझील, मोमबत्तीवाला चाळ, मोहम्मद उमर रजब",88,
BoothVoterList_A4_Ward_211_Booth_43.pdf,77,"यादी भाग क्र. २ ० ४ : १ ७ - मोहम्मदी पॅलेस, मोहम्मद उमर रजब US, भायखळा (प),",92,
BoothVoterList_A4_Ward_211_Booth_43.pdf,78,"यादी भाग क्र. २ ० ४ : 4 - ALTA. ४ ५-४ ५, मोहम्मदी पेलेस, मोहम्मद उमर रजब रोड, भायखळा (प)",89,
BoothVoterList_A4_Ward_211_Booth_43.pdf,79,"यादी भाग क्र. २ ० ४ : १ ५ - म्युनिसिपल घर ५ ०-५ २, ए बेग मोहम्मद चाळ, मोहम्मद उमर रजब रोड, भायखळा",92,
BoothVoterList_A4_Ward_211_Booth_44.pdf,2,"यादी भाग क्र. १ ८ ९ : १ - म्युनिसिपल घर ६ ९-७ ३, फानुसवाला बिल्डींग), होख हाफीजउद्दीन मार्ग भायखळा -",87,
BoothVoterList_A4_Ward_211_Booth_44.pdf,9,"यादी भाग क्र. १ ८ ९ : २ - म्युनिसिपल घर ५ ५-७ ६सी, फानुसवाला चाळ-ब, शेख हाफीजउद्दीन मार्ग, भायखळा -",88,
BoothVoterList_A4_Ward_211_Booth_44.pdf,13,"यादी भाग क्र. १ ८ ९: ३ - म्युनिसिपल घर २ ३ ४, नगरी कंपाउंड CARTS), मौलाना आझाद रोड (साखळी स्ट्रीट)",85,
BoothVoterList_A4_Ward_211_Booth_44.pdf,21,"यादी भाग क्र. १ ८ ९ : ४ - म्युनिसिपल घर २ २ ६, वगरी बिल्डिंग, मौलाना आझाद रोड (साखळी स्ट्रीट),",92,
BoothVoterList_A4_Ward_211_Booth_44.pdf,25,"यादी भाग क्र. १ ८ ९ : ५ - म्युनिसिपल घर २ ३ ४, नगरी कंपाउंड, मौलाना आझाद रोड (साखळी स्ट्रीट) भायखळा-",91,
BoothVoterList_A4_Ward_211_Booth_44.pdf,26,"यादी भाग क्र. १ ८ ९ : ६ - म्युनिसिपल घर २ ३ ४-अ, नगरी बिल्डिंग, मौलाना आझाद रोड (साखळी स्ट्रीट)",91,
BoothVoterList_A4_Ward_211_Booth_44.pdf,28,यादी भाग क्र. १ ८ ९ : ७ - फणसवाला चाळ (अ) शेख हाफिजउद्दीन रोड साखळी स्ट्रीट भायखळा - प.,89,
BoothVoterList_A4_Ward_211_Booth_44.pdf,29,यादी भाग क्र. १ ८ ९ : ८ -म्युनिसिपल घरन.२ ३ ६(ड) - अहमद बिल्डींग मौलाना आझाद रोड,92,
BoothVoterList_A4_Ward_211_Booth_44.pdf,30,यादी भाग क्र. १ ८ ९ : ९ -म्युनिसिपल घरन.२ ३ ६(ए) - अहमद बिल्डींग मौलाना आझाद रोड,88,
BoothVoterList_A4_Ward_211_Booth_44.pdf,35,यादी भाग क्र. १ ८ ९ : १ ० -म्युनिसिपल घरन.२ ३ ६-२ ४ ० बिस्मिला हॉटेल मौलाना आझाद रोड,93,
BoothVoterList_A4_Ward_211_Booth_44.pdf,36,यादी भाग क्र. १ ८ ९ : १ १ -म्युनिसिपल घरन.२ ४ ६ हवाबाई बिल्डिंग मौलाना आझाद रोड,92,
BoothVoterList_A4_Ward_211_Booth_44.pdf,37,यादी भाग क्र. १ ८ ९ : १ २ - के. डी. बिल्डिंग कौ. औ. हौ. सोसायटी मौलाना आझाद रोड,84,
BoothVoterList_A4_Ward_211_Booth_44.pdf,39,यादी भाग क्र. १ ८ ९ : १ ३ - म्युनिसिपल घर २ ५ २ एफ साजन बिल्डींग मौलाना आझाद रोड,93,
BoothVoterList_A4_Ward_211_Booth_44.pdf,40,यादी भाग क्र. १ ८ ९ : 98 - म्युनिसिपल घर २ ५ २ जी साजन बिल्डींग मौलाना आझाद रोड,93,
BoothVoterList_A4_Ward_211_Booth_44.pdf,41,यादी भाग क्र. १ ८ ९ : 94 - हॉटेल वशीर (साजन कंपाऊंड) मौलाना आझाद रोड,86,
BoothVoterList_A4_Ward_211_Booth_44.pdf,42,यादी भाग क्र. १ ८ ९ : १ ६-पटेल व सोनी आर्किटेक्ट मौलाना आझाद रोड,84,
BoothVoterList_A4_Ward_211_Booth_44.pdf,43,यादी भाग क्र. १ ८ ९ : १ ७ - अरब मस्जीद मौलाना आझाद रोड,91,
BoothVoterList_A4_Ward_211_Booth_44.pdf,44,यादी भाग क्र. १ ८ ९ : १ ८ - आगाखान चाळ समोरील झोपडया मौलाना आझाद रोड,94,
BoothVoterList_A4_Ward_211_Booth_44.pdf,45,"यादी भाग क्र. १ ८ ९ : १ ९ - मोईज रेसिडेन्सी, मौलाना आझाद रोड, नागपाडा,",92,
BoothVoterList_A4_Ward_211_Booth_44.pdf,46,"यादी भाग क्र. १ ८ ९ : २ ० - अल-रय्यान बिल्डिंग, मौलाना आज़ाद रोड, मदनपुरा, मुंबई, मुंबई",91,
BoothVoterList_A4_Ward_211_Booth_44.pdf,51,"यादी भाग क्र. १ ८ ९ : ६ - म्युनिसिपल घर २ ३ ४-अ, नगरी बिल्डिंग, मौलाना आझाद रोड (साखळी स्ट्रीट)",91,
BoothVoterList_A4_Ward_211_Booth_44.pdf,52,"यादी भाग क्र. १ ८ ९ : १ - म्युनिसिपल घर ६ ९-७ ३, फानुसवाला बिल्डींग), होख हाफीजउद्दीन मार्ग भायखळा -",87,
BoothVoterList_A4_Ward_211_Booth_44.pdf,53,"यादी भाग क्र. १ ८ ९ : २ ० - अल-रय्यान बिल्डिंग, मौलाना आज़ाद रोड, मदनपुरा, मुंबई, मुंबई",91,
BoothVoterList_A4_Ward_211_Booth_44.pdf,54,"यादी भाग क्र. १ ८ ९ : १ ९ - मोईज रेसिडेन्सी, मौलाना आझाद रोड, नागपाडा,",92,
BoothVoterList_A4_Ward_211_Booth_44.pdf,55,"यादी भाग क्र. १ ८ ९ : ६ - म्युनिसिपल घर २ ३ ४-अ, नगरी बिल्डिंग, मौलाना आझाद रोड (साखळी स्ट्रीट)",91,
BoothVoterList_A4_Ward_211_Booth_44.pdf,56,"यादी भाग क्र. १ ८ ९ : १ ९ - मोईज रेसिडेन्सी, मौलाना आझाद रोड, नागपाडा,",92,
BoothVoterList_A4_Ward_211_Booth_44.pdf,57,यादी भाग क्र. १ ८ ९ : ९ -म्युनिसिपल घरन.२ ३ ६(ए) - अहमद बिल्डींग मौलाना आझाद रोड,88,
BoothVoterList_A4_Ward_211_Booth_44.pdf,58,"यादी भाग क्र. १ ८ ९ : ६ - म्युनिसिपल घर २ ३ ४-अ, नगरी बिल्डिंग, मौलाना आझाद रोड (साखळी स्ट्रीट)",91,
BoothVoterList_A4_Ward_211_Booth_44.pdf,59,"यादी भाग क्र. १ ८ ९ : २ ० - अल-रय्यान बिल्डिंग, मौलाना आज़ाद रोड, मदनपुरा, मुंबई, मुंबई",91,
BoothVoterList_A4_Ward_211_Booth_44.pdf,60,"यादी भाग क्र. १ ८ ९ : १ - म्युनिसिपल घर ६ ९-७ ३, फानुसवाला बिल्डींग), होख हाफीजउद्दीन मार्ग भायखळा -",87,
BoothVoterList_A4_Ward_211_Booth_44.pdf,61,यादी भाग क्र. १ ८ ९ : १ १ -म्युनिसिपल घरन.२ ४ ६ हवाबाई बिल्डिंग मौलाना आझाद रोड,92,
BoothVoterList_A4_Ward_211_Booth_44.pdf,62,"यादी भाग क्र. १ ८ ९ : १ ९ - मोईज रेसिडेन्सी, मौलाना आझाद रोड, नागपाडा,",92,
BoothVoterList_A4_Ward_211_Booth_44.pdf,63,"यादी भाग क्र. १ ८ ९ : १ - म्युनिसिपल घर ६ ९-७ ३, फानुसवाला बिल्डींग), होख हाफीजउद्दीन मार्ग भायखळा -",87,
BoothVoterList_A4_Ward_211_Booth_44.pdf,64,"यादी भाग क्र. १ ८ ९ : २ ० - अल-रय्यान बिल्डिंग, मौलाना आज़ाद रोड, मदनपुरा, मुंबई, मुंबई",91,
BoothVoterList_A4_Ward_211_Booth_44.pdf,65,"यादी भाग क्र. १ ८ ९ : १ - म्युनिसिपल घर ६ ९-७ ३, फानुसवाला बिल्डींग), होख हाफीजउद्दीन मार्ग भायखळा -",87,
BoothVoterList_A4_Ward_211_Booth_44.pdf,66,"यादी भाग क्र. १ ८ ९ : २ ० - अल-रय्यान बिल्डिंग, मौलाना आज़ाद रोड, मदनपुरा, मुंबई, मुंबई",91,
BoothVoterList_A4_Ward_211_Booth_44.pdf,67,"यादी भाग क्र. १ ८ ९ : १ - म्युनिसिपल घर ६ ९-७ ३, फानुसवाला बिल्डींग), होख हाफीजउद्दीन मार्ग भायखळा -",87,
BoothVoterList_A4_Ward_211_Booth_44.pdf,68,"यादी भाग क्र. १ ८ ९ : १ ९ - मोईज रेसिडेन्सी, मौलाना आझाद रोड, नागपाडा,",92,
BoothVoterList_A4_Ward_211_Booth_44.pdf,69,"यादी भाग क्र. १ ८ ९ : ६ - म्युनिसिपल घर २ ३ ४-अ, नगरी बिल्डिंग, मौलाना आझाद रोड (साखळी स्ट्रीट)",91,
BoothVoterList_A4_Ward_211_Booth_44.pdf,70,"यादी भाग क्र. १ ८ ९ : २ ० - अल-रय्यान बिल्डिंग, मौलाना आज़ाद रोड, मदनपुरा, मुंबई, मुंबई",91,
BoothVoterList_A4_Ward_211_Booth_44.pdf,71,यादी भाग क्र. १ ८ ९ : ७ - फणसवाला चाळ (अ) शेख हाफिजउद्दीन रोड साखळी स्ट्रीट भायखळा - प.,89,
BoothVoterList_A4_Ward_211_Booth_44.pdf,72,"यादी भाग क्र. १ ८ ९ : ६ - म्युनिसिपल घर २ ३ ४-अ, नगरी बिल्डिंग, मौलाना आझाद रोड (साखळी स्ट्रीट)",91,
BoothVoterList_A4_Ward_211_Booth_44.pdf,73,"यादी भाग क्र. १ ८ ९ : २ ० - अल-रय्यान बिल्डिंग, मौलाना आज़ाद रोड, मदनपुरा, मुंबई, मुंबई",91,
BoothVoterList_A4_Ward_211_Booth_44.pdf,74,"यादी भाग क्र. १ ८ ९ : १ - म्युनिसिपल घर ६ ९-७ ३, फानुसवाला बिल्डींग), होख हाफीजउद्दीन मार्ग भायखळा -",87,
BoothVoterList_A4_Ward_211_Booth_44.pdf,75,"यादी भाग क्र. १ ८ ९ : १ ९ - मोईज रेसिडेन्सी, मौलाना आझाद रोड, नागपाडा,",92,
BoothVoterList_A4_Ward_211_Booth_44.pdf,76,"यादी भाग क्र. १ ८ ९ : २ ० - अल-रय्यान बिल्डिंग, मौलाना आज़ाद रोड, मदनपुरा, मुंबई, मुंबई",91,
BoothVoterList_A4_Ward_211_Booth_44.pdf,77,"यादी भाग क्र. १ ८ ९ : ६ - म्युनिसिपल घर २ ३ ४-अ, नगरी बिल्डिंग, मौलाना आझाद रोड (साखळी स्ट्रीट)",91,
BoothVoterList_A4_Ward_211_Booth_44.pdf,78,"यादी भाग क्र. १ ८ ९ : १ ९ - मोईज रेसिडेन्सी, मौलाना आझाद रोड, नागपाडा,",92,
BoothVoterList_A4_Ward_211_Booth_44.pdf,79,"यादी भाग क्र. १ ८ ९ : २ ० - अल-रय्यान बिल्डिंग, मौलाना आज़ाद रोड, मदनपुरा, मुंबई, मुंबई",91,
BoothVoterList_A4_Ward_211_Booth_44.pdf,80,यादी भाग क्र. १ ८ ९ : १ २ - के. डी. बिल्डिंग कौ. औ. हौ. सोसायटी मौलाना आझाद रोड,84,
BoothVoterList_A4_Ward_211_Booth_44.pdf,81,"यादी भाग क्र. १ ८ ९ : २ ० - अल-रय्यान बिल्डिंग, मौलाना आज़ाद रोड, मदनपुरा, मुंबई, मुंबई",91,
BoothVoterList_A4_Ward_211_Booth_44.pdf,82,"यादी भाग क्र. १ ८ ९ : १ ९ - मोईज रेसिडेन्सी, मौलाना आझाद रोड, नागपाडा,",92,
BoothVoterList_A4_Ward_211_Booth_44.pdf,83,"यादी भाग क्र. १ ८ ९ : २ ० - अल-रय्यान बिल्डिंग, मौलाना आज़ाद रोड, मदनपुरा, मुंबई, मुंबई",91,
BoothVoterList_A4_Ward_211_Booth_44.pdf,84,"यादी भाग क्र. १ ८ ९ : ३ - म्युनिसिपल घर २ ३ ४, नगरी कंपाउंड CARTS), मौलाना आझाद रोड (साखळी स्ट्रीट)",85,
BoothVoterList_A4_Ward_211_Booth_45.pdf,2,यादी भाग क्र. २ ० ९ : १ - म्युनिसिपल घर ९ खुदाबक्ष चाळ हुसेनी बाग रिपन रोड दुसरी क्रॉस लेन मदनपुरा,93,
BoothVoterList_A4_Ward_211_Booth_45.pdf,7,यादी भाग क्र. २ ० ९ : २ - म्युनिसिपल घर ७ बी खुदाबक्ष वाडी सैफुद्दीन मंझील हुसेनी बाग रिपन रोड दुसरी क्रॉस,92,
BoothVoterList_A4_Ward_211_Booth_45.pdf,10,यादी भाग क्र. २ ० ९ : ३ - म्युनिसिपल घर १ १ मसालावाला बिल्डिंग हुसेनी बाग रिपन रोड दुसरी क्रॉस लेन,92,
BoothVoterList_A4_Ward_211_Booth_45.pdf,14,यादी भाग क्र. 208 : ४ - म्युनिसिपल घर १ ३ नूर मंझील हुसेनी बाग रिपन रोड दुसरी क्रॉस लेन,92,
BoothVoterList_A4_Ward_211_Booth_45.pdf,16,यादी भाग क्र. २ ० ९ : ५ - म्युनिसिपल घर ६ (आसमा मंझील) SAA बाग रिपन रोड दुसरी क्रॉस लेन,89,
BoothVoterList_A4_Ward_211_Booth_45.pdf,21,यादी भाग क्र. २ ० ९ : ६ - म्युनिसिपल घर ८ हकीम मंझील हुसेनी बाग रिपन रोड दुसरी क्रॉस लेन,93,
BoothVoterList_A4_Ward_211_Booth_45.pdf,23,यादी भाग क्र. २ ० ९ : ७ - म्युनिसिपल घर १ ७ मरीयमबाई चाळ हुसेनी बाग रिपन रोड दुसरी क्रॉस लेन,93,
BoothVoterList_A4_Ward_211_Booth_45.pdf,26,यादी भाग क्र. २ ० ९ : ८ - म्युनिसिपल घर १ २ छत्रीवाला चाळ हुसेनी बाग रिपन रोड दुसरी क्रॉस लेन,92,
BoothVoterList_A4_Ward_211_Booth_45.pdf,27,यादी भाग क्र. २ ० ९ : ९ - म्युनिसिपल घर १ ५ चुनावाला चाळ (झहिरा मंझील) हुसेनी बाग रिपन रोड दुसरी क्रॉस,92,
BoothVoterList_A4_Ward_211_Booth_45.pdf,28,यादी भाग क्र. २ ० ९ : १ ० - दलाल चाळ SAA बाग रिपन रोड दुसरी क्रॉस लेन,90,
BoothVoterList_A4_Ward_211_Booth_45.pdf,29,यादी भाग क्र. २ ० ९ : १ १ - म्युनिसिपल घर ९ खुदाबइत चाळ हुसेनी बाग रिपन रोड दुसरी क्रॉस लेन,90,
BoothVoterList_A4_Ward_211_Booth_45.pdf,30,यादी भाग क्र. २ ० ९ : 92 - बालडिवाला अपार्टमेंट मौलाना आझाद रोड. रिपन रोड दुसरी क्रॉस लेन,92,
BoothVoterList_A4_Ward_211_Booth_45.pdf,32,"यादी भाग क्र. २ ० ९ : 93 - के एस ए बिल्डिंग, हुसैन बाग, रिपन रोड, मुंबई-४ ० ० ० ० ८",84,
BoothVoterList_A4_Ward_211_Booth_45.pdf,33,"यादी भाग क्र. २ ० ९ : १ ४ - म्युनिसिपल घर १ ४, जाफरबोरी चाळ, (छत्रीवाला चाळ), SAAT बाग, रीपन रोड,",91,
BoothVoterList_A4_Ward_211_Booth_45.pdf,39,"यादी भाग क्र. २ ० ९ : १ ५ - म्युनिसिपल घर १ ८, जाफरबोरी चाळ, हुसेनी बाग, दुसरी क्रॉस लेन, रीपन रोड,",92,
BoothVoterList_A4_Ward_211_Booth_45.pdf,46,यादी भाग क्र. २ ० ९ : ४ - म्युनिसिपल घर १ ३ नूर मंझील हुसेनी बाग रिपन रोड दुसरी क्रॉस लेन,92,
BoothVoterList_A4_Ward_211_Booth_45.pdf,47,यादी भाग क्र. २ ० ९ : १ - म्युनिसिपल घर ९ खुदाबक्ष चाळ हुसेनी बाग रिपन रोड दुसरी क्रॉस लेन मदनपुरा,93,
BoothVoterList_A4_Ward_211_Booth_45.pdf,48,यादी भाग क्र. २ ० ९ : ३ - म्युनिसिपल घर १ १ मसालावाला बिल्डिंग हुसेनी बाग रिपन रोड दुसरी क्रॉस लेन,92,
BoothVoterList_A4_Ward_211_Booth_45.pdf,49,यादी भाग क्र. २ ० ९ : २ - म्युनिसिपल घर ७ बी खुदाबक्ष वाडी सैफुद्दीन मंझील हुसेनी बाग रिपन रोड दुसरी क्रॉस,92,
BoothVoterList_A4_Ward_211_Booth_45.pdf,50,यादी भाग क्र. २ ० ९ : ४ - म्युनिसिपल घर १ ३ नूर मंझील हुसेनी बाग रिपन रोड दुसरी क्रॉस लेन,92,
BoothVoterList_A4_Ward_211_Booth_45.pdf,51,यादी भाग क्र. २ ० ९ : १ - म्युनिसिपल घर ९ खुदाबक्ष चाळ हुसेनी बाग रिपन रोड दुसरी क्रॉस लेन मदनपुरा,93,
BoothVoterList_A4_Ward_211_Booth_45.pdf,52,यादी भाग क्र. २ ० ९ : 92 - बालडिवाला अपार्टमेंट मौलाना आझाद रोड. रिपन रोड दुसरी क्रॉस लेन,92,
BoothVoterList_A4_Ward_211_Booth_45.pdf,53,"यादी भाग क्र. २ ० ९ : १ ५ - म्युनिसिपल घर १ ८, जाफरबोरी चाळ, हुसेनी बाग, दुसरी क्रॉस लेन, रीपन रोड,",92,
BoothVoterList_A4_Ward_211_Booth_45.pdf,54,यादी भाग क्र. २ ० ९ : ३ - म्युनिसिपल घर १ १ मसालावाला बिल्डिंग हुसेनी बाग रिपन रोड दुसरी क्रॉस लेन,92,
BoothVoterList_A4_Ward_211_Booth_45.pdf,55,यादी भाग क्र. २ ० ९ : ७ - म्युनिसिपल घर १ ७ मरीयमबाई चाळ हुसेनी बाग रिपन रोड दुसरी क्रॉस लेन,93,
BoothVoterList_A4_Ward_211_Booth_45.pdf,56,यादी भाग क्र. २ ० ९ : 92 - बालडिवाला अपार्टमेंट मौलाना आझाद रोड. रिपन रोड दुसरी क्रॉस लेन,92,
BoothVoterList_A4_Ward_211_Booth_45.pdf,57,यादी भाग क्र. २ ० ९ : ४ - म्युनिसिपल घर १ ३ नूर मंझील हुसेनी बाग रिपन रोड दुसरी क्रॉस लेन,92,
BoothVoterList_A4_Ward_211_Booth_45.pdf,58,"यादी भाग क्र. २ ० ९ : १ ५ - म्युनिसिपल घर १ ८, जाफरबोरी चाळ, हुसेनी बाग, दुसरी क्रॉस लेन, रीपन रोड,",92,
BoothVoterList_A4_Ward_211_Booth_45.pdf,59,यादी भाग क्र. २ ० ९ : १ - म्युनिसिपल घर ९ खुदाबक्ष चाळ हुसेनी बाग रिपन रोड दुसरी क्रॉस लेन मदनपुरा,93,
BoothVoterList_A4_Ward_211_Booth_46.pdf,2,"यादी भाग क्र. २ १ ० : १ - म्युनिसिपल घर २ ०, नुरमंझिल - १, हुसेनी बाग, दुसरी क्रास लेन, रीपन रोड,",90,
BoothVoterList_A4_Ward_211_Booth_46.pdf,6,"यादी भाग क्र. २ १ ० : २ - म्युनिसिपल घर २ ४ ५ बी, नुरमंझिल, मौलाना आजाद रोड, मदनपुरा,",90,
BoothVoterList_A4_Ward_211_Booth_46.pdf,11,"यादी भाग क्र. २ १ ० : ३ - म्युनिसिपल घर २ ४ ३ इ, जुबीली बिल्डींग, मौलाना आजाद रोड,",93,
BoothVoterList_A4_Ward_211_Booth_46.pdf,16,"यादी भाग क्र. २ १ ० : ४ - म्युनिसिपल घर २ ४ ५, इन्क्लाब मंझिल, (इंपिरिअल मेन्हान), मौलाना आजाद रोड,",92,
BoothVoterList_A4_Ward_211_Booth_46.pdf,20,"यादी भाग क्र. २ १ ० : ५-२ ४ ३ रिझवी कलीअरनस गुजारीया मंझील, मौलाना आजाद रोड,",91,
BoothVoterList_A4_Ward_211_Booth_46.pdf,21,"यादी भाग क्र. २ १ ० : & - गुजारीया मंझिल, मौलाना आजाद रोड,",91,
BoothVoterList_A4_Ward_211_Booth_46.pdf,22,"यादी भाग क्र. २ १ ० : ७ - म्युनिसिपल घर २ ४ ७, ताझ मंझिल, मौलाना आजाद रोड",93,
BoothVoterList_A4_Ward_211_Booth_46.pdf,24,"यादी भाग क्र. 290 : ८ - म्युनिसिपल घर २ ४ ९, रिपन हाऊस, मौलाना आजाद रोड,",94,
BoothVoterList_A4_Ward_211_Booth_46.pdf,25,"यादी भाग क्र. २ १ ० : ९ - म्युनिसिपल घर २ ५ ३, लक्ष्मी बिल्डींग - ऐ, मौलाना आजाद रोड,",92,
BoothVoterList_A4_Ward_211_Booth_46.pdf,26,"यादी भाग क्र. २ १ ० : १ ० - म्युनिसिपल घर २ ५ ३ (बी), लक्ष्मी बिल्डींग, मौलाना आजाद रोड",94,
BoothVoterList_A4_Ward_211_Booth_46.pdf,27,"यादी भाग क्र. २ १ ० : १ १ - म्युनिसिपल घर २ ५ ४ (सी), लक्ष्मी बिल्डींग, मौलाना आजाद रोड,",93,
BoothVoterList_A4_Ward_211_Booth_46.pdf,28,"यादी भाग क्र. २ १ ० : १ २ - म्युनिसिपल घर २ ५ १, मोहम्मद रावजी बिल्डींग, (आमीन मंझील), मौलाना आजाद",94,
BoothVoterList_A4_Ward_211_Booth_46.pdf,30,"यादी भाग क्र. २ १ ० : 93 - युनायटेड ANY, मदनपुरा, हुसेनीबाग, दुसरी क्रॉसलेन रोड, मौलाना",90,
BoothVoterList_A4_Ward_211_Booth_46.pdf,34,यादी भाग क्र. २ १ ० : १ ४ - म्युनिसिपल घर २ ४ ३ इ -जुबीली बिल्डींग क्रास लेन नसरत तुल्ला अब्बासी रोड,92,
BoothVoterList_A4_Ward_211_Booth_46.pdf,35,यादी भाग क्र. २ १ ० : 94 - के. एस. ए. रेजेन्सी हुसैनी बाग मौलाना आजाद रोड,89,
BoothVoterList_A4_Ward_211_Booth_46.pdf,43,यादी भाग क्र. २ १ ० : १ ६ - MAT टावर मौलाना आजाद रोड,89,
BoothVoterList_A4_Ward_211_Booth_46.pdf,48,"यादी भाग क्र. २ १ ० : १ ७ - जब्बार मंझील, हसैनी बाग, मौलाना आझाद रोड,",89,
BoothVoterList_A4_Ward_211_Booth_46.pdf,49,"यादी भाग क्र. २ १ ० : १ ८ - अब्दुल रजाक मियादीन चाळ, १ ८, हुसैनी बाग, मौलाना आझाद रोड, मुंबई",92,
BoothVoterList_A4_Ward_211_Booth_46.pdf,50,"यादी भाग क्र. २ १ ० : १ ९-२ ४ ३-इ, रहमत मंझिल, नसरतउल्लाह AAR रोड, बाटक गल्ली,",90,
BoothVoterList_A4_Ward_211_Booth_46.pdf,51,यादी भाग क्र. २ १ ० : १ ६ - MAT टावर मौलाना आजाद रोड,89,
BoothVoterList_A4_Ward_211_Booth_46.pdf,52,"यादी भाग क्र. २ १ ० : ४ - म्युनिसिपल घर २ ४ ५, इन्क्लाब मंझिल, (इंपिरिअल मेन्हान), मौलाना आजाद रोड,",92,
BoothVoterList_A4_Ward_211_Booth_46.pdf,53,यादी भाग क्र. २ १ ० : १ ६ - MAT टावर मौलाना आजाद रोड,89,
BoothVoterList_A4_Ward_211_Booth_46.pdf,54,"यादी भाग क्र. २ १ ० : ४ - म्युनिसिपल घर २ ४ ५, इन्क्लाब मंझिल, (इंपिरिअल मेन्हान), मौलाना आजाद रोड,",92,
BoothVoterList_A4_Ward_211_Booth_46.pdf,55,"यादी भाग क्र. २ १ ० : १ ८ - अब्दुल रजाक मियादीन चाळ, १ ८, हुसैनी बाग, मौलाना आझाद रोड, मुंबई",92,
BoothVoterList_A4_Ward_211_Booth_46.pdf,56,"यादी भाग क्र. २ १ ० : 93 - युनायटेड ANY, मदनपुरा, हुसेनीबाग, दुसरी क्रॉसलेन रोड, मौलाना",90,
BoothVoterList_A4_Ward_211_Booth_46.pdf,57,"यादी भाग क्र. २ १ ० : ४ - म्युनिसिपल घर २ ४ ५, इन्क्लाब मंझिल, (इंपिरिअल मेन्हान), मौलाना आजाद रोड,",92,
BoothVoterList_A4_Ward_211_Booth_46.pdf,58,"यादी भाग क्र. २ १ ० : ३ - म्युनिसिपल घर २ ४ ३ इ, जुबीली बिल्डींग, मौलाना आजाद रोड,",93,
BoothVoterList_A4_Ward_211_Booth_46.pdf,59,यादी भाग क्र. २ १ ० : 94 - के. एस. ए. रेजेन्सी हुसैनी बाग मौलाना आजाद रोड,89,
BoothVoterList_A4_Ward_211_Booth_46.pdf,60,यादी भाग क्र. २ १ ० : १ ६ - MAT टावर मौलाना आजाद रोड,89,
BoothVoterList_A4_Ward_211_Booth_46.pdf,61,यादी भाग क्र. २ १ ० : 94 - के. एस. ए. रेजेन्सी हुसैनी बाग मौलाना आजाद रोड,89,
BoothVoterList_A4_Ward_211_Booth_46.pdf,62,"यादी भाग क्र. २ १ ० : 93 - युनायटेड ANY, मदनपुरा, हुसेनीबाग, दुसरी क्रॉसलेन रोड, मौलाना",90,
BoothVoterList_A4_Ward_211_Booth_46.pdf,63,"यादी भाग क्र. २ १ ० : ४ - म्युनिसिपल घर २ ४ ५, इन्क्लाब मंझिल, (इंपिरिअल मेन्हान), मौलाना आजाद रोड,",92,
BoothVoterList_A4_Ward_211_Booth_46.pdf,64,"यादी भाग क्र. २ १ ० : १ - म्युनिसिपल घर २ ०, नुरमंझिल - १, हुसेनी बाग, दुसरी क्रास लेन, रीपन रोड,",90,
BoothVoterList_A4_Ward_211_Booth_46.pdf,65,"यादी भाग क्र. २ १ ० : ४ - म्युनिसिपल घर २ ४ ५, इन्क्लाब मंझिल, (इंपिरिअल मेन्हान), मौलाना आजाद रोड,",92,
BoothVoterList_A4_Ward_211_Booth_46.pdf,66,यादी भाग क्र. २ १ ० : 94 - के. एस. ए. रेजेन्सी हुसैनी बाग मौलाना आजाद रोड,89,
BoothVoterList_A4_Ward_211_Booth_46.pdf,67,यादी भाग क्र. २ १ ० : १ ६ - MAT टावर मौलाना आजाद रोड,89,
BoothVoterList_A4_Ward_211_Booth_46.pdf,68,"यादी भाग क्र. २ १ ० : १ ८ - अब्दुल रजाक मियादीन चाळ, १ ८, हुसैनी बाग, मौलाना आझाद रोड, मुंबई",92,
BoothVoterList_A4_Ward_211_Booth_46.pdf,69,यादी भाग क्र. २ १ ० : १ ६ - MAT टावर मौलाना आजाद रोड,89,
BoothVoterList_A4_Ward_211_Booth_46.pdf,70,"यादी भाग क्र. २ १ ० : & - गुजारीया मंझिल, मौलाना आजाद रोड,",91,
BoothVoterList_A4_Ward_211_Booth_46.pdf,71,यादी भाग क्र. २ १ ० : १ ६ - MAT टावर मौलाना आजाद रोड,89,
BoothVoterList_A4_Ward_211_Booth_46.pdf,72,यादी भाग क्र. २ १ ० : 94 - के. एस. ए. रेजेन्सी हुसैनी बाग मौलाना आजाद रोड,89,
BoothVoterList_A4_Ward_211_Booth_46.pdf,73,"यादी भाग क्र. २ १ ० : 93 - युनायटेड ANY, मदनपुरा, हुसेनीबाग, दुसरी क्रॉसलेन रोड, मौलाना",90,
BoothVoterList_A4_Ward_211_Booth_46.pdf,74,"यादी भाग क्र. २ १ ० : ३ - म्युनिसिपल घर २ ४ ३ इ, जुबीली बिल्डींग, मौलाना आजाद रोड,",93,
BoothVoterList_A4_Ward_211_Booth_46.pdf,75,यादी भाग क्र. २ १ ० : १ ६ - MAT टावर मौलाना आजाद रोड,89,
BoothVoterList_A4_Ward_211_Booth_46.pdf,76,"यादी भाग क्र. २ १ ० : 93 - युनायटेड ANY, मदनपुरा, हुसेनीबाग, दुसरी क्रॉसलेन रोड, मौलाना",90,
BoothVoterList_A4_Ward_211_Booth_46.pdf,77,यादी भाग क्र. २ १ ० : 94 - के. एस. ए. रेजेन्सी हुसैनी बाग मौलाना आजाद रोड,89,
BoothVoterList_A4_Ward_211_Booth_46.pdf,78,यादी भाग क्र. २ १ ० : १ ६ - MAT टावर मौलाना आजाद रोड,89,
BoothVoterList_A4_Ward_211_Booth_47.pdf,2,"यादी भाग क्र. २ १ १ : १ - म्युनिसिपल घर २-२ २, रेडीमनी बिल्डिंग, मिर्झा गालीब रोड, - क्लेअर रोड, भायखळा",88,
BoothVoterList_A4_Ward_211_Booth_47.pdf,5,"यादी भाग क्र. २ १ १ : २ - म्युनिसिपल घर १ ४-२ ४, रेडीमनी बिल्डिंग, मिर्झा गालीब रोड, क्लेअर रोड,",89,
BoothVoterList_A4_Ward_211_Booth_47.pdf,8,"यादी भाग क्र. २ १ १ : ३ - म्युनिसिपल घर २ २-३ ०, रेडीमनी बिल्डिंग, मिर्झा गालीब रोड, क्लेअर रोड,",90,
BoothVoterList_A4_Ward_211_Booth_47.pdf,11,"यादी भाग क्र. २ १ १ : ४ - म्युनिसिपल घर १ २-ए, रेडीमनी बिल्डिंग, मिर्झा गालीब रोड, क्लेअर रोड,",88,
BoothVoterList_A4_Ward_211_Booth_47.pdf,16,"यादी भाग क्र. २ १ १ : ५ - म्युनिसिपल घर ३ २-३ ६, बेग महम्मद अली बिल्डिंग, मिर्झा गालीब रोड, क्लेअर रोड,",90,
BoothVoterList_A4_Ward_211_Booth_47.pdf,18,"यादी भाग क्र. २ १ १ : ६ - म्युनिसिपल घर ३ ८, टेलर मेमोरिअल चर्च कंपाउंड, मिर्झा गालीब रोड, क्लेअर रोड,",92,
BoothVoterList_A4_Ward_211_Booth_47.pdf,19,"यादी भाग क्र. २ १ १ : ७ - म्युनिसिपल घर ४ ४, आगाखान बिल्डिंग, मिर्झा गालीब रोड, क्लेअर रोड,",90,
BoothVoterList_A4_Ward_211_Booth_47.pdf,21,"यादी भाग क्र. २ १ १ : ८ - म्युनिसिपल घर ४ ४, नवरोज मोनोर, मिर्झा गालीब रोड, क्लेअर रोड,",91,
BoothVoterList_A4_Ward_211_Booth_47.pdf,26,"यादी भाग क्र. २ १ १ : ९ - इस्लामिया को. ऑप. सोसा. , मिर्झा गालीब रोड, क्लेअर रोड,",91,
BoothVoterList_A4_Ward_211_Booth_47.pdf,27,"यादी भाग क्र. २ १ १ : १ ० - म्युनिसिपल घर ४ ४-जी, अडेल्फी चेंबर, मिर्झा गालीब रोड, क्लेअर रोड,",91,
BoothVoterList_A4_Ward_211_Booth_47.pdf,30,"यादी भाग क्र. २ १ १ : १ १ - म्युनिसिपल घर ४ ४-ई, एडल्फी चेंबर्स, मिर्झा गालीब रोड, क्लेअर रोड",91,
BoothVoterList_A4_Ward_211_Booth_47.pdf,33,"यादी भाग क्र. २ १ १ : १ २ - म्युनिसिपल घर ४ ४, सिल्वर टॉवर 44M, मिर्झा गालीब रोड, क्लेअर रोड,",88,
BoothVoterList_A4_Ward_211_Booth_47.pdf,37,"यादी भाग क्र. २ १ १ : १ ३ - सेंट अँगेनस हायस्कुल, मिर्झा गालीब रोड, क्लेअर रोड,",91,
BoothVoterList_A4_Ward_211_Booth_47.pdf,38,"यादी भाग क्र. २ १ १ : १ ४ - रेडिमनी कंपाऊंड, मिर्झा गालीब रोड, क्लेअर रोड,",90,
BoothVoterList_A4_Ward_211_Booth_47.pdf,39,"यादी भाग क्र. २ १ १ : १ ५ - रेडिमनी कंपाऊंड (हफिजामंझील), मिर्झा गालीब रोड, क्लेअर रोड,",90,
BoothVoterList_A4_Ward_211_Booth_47.pdf,40,"यादी भाग क्र. २ १ १ : १ ६ - रेडिमनी बिल्डींग नं-४ समोर बिल्डींग 4.9, मिर्झा गालीब रोड, क्लेअर रोड,",88,
BoothVoterList_A4_Ward_211_Booth_47.pdf,41,"यादी भाग क्र. २ १ १ : १ ७ - इस लामिया को-ऑप. सोसायटी, मिर्झा गालीब रोड, क्लेअर रोड,",91,
BoothVoterList_A4_Ward_211_Booth_47.pdf,42,"यादी भाग क्र. २ १ १ : १ ८ - इस लामिया को-ऑप. सोसायटी, मिर्झा गालीब रोड, क्लेअर रोड,",92,
BoothVoterList_A4_Ward_211_Booth_47.pdf,43,"यादी भाग क्र. २ १ १ : १ ९ - नवी रेडिमनी बिल्डींग, मिर्झा गालीब रोड, क्लेअर रोड,",91,
BoothVoterList_A4_Ward_211_Booth_47.pdf,44,"यादी भाग क्र. २ १ १ : २ ० - अल हाफिजा मंझिल, मिर्झा गालीब रोड, क्लेअर रोड,",90,
BoothVoterList_A4_Ward_211_Booth_47.pdf,47,"यादी भाग क्र. २ १ १ : २ १ - म्युनिसिपल घर १ २ए, न्यु रेडीमनी बिल्डींग ४, मिर्झा गालीब रोड, क्लेअर रोड,",87,
BoothVoterList_A4_Ward_211_Booth_47.pdf,48,"यादी भाग क्र. २ १ १ : २ २ - म्युनिसिपल घर १ ७, नुराणी चाळ क्रमांक ६,. मौलाना आझाद रोड",91,
BoothVoterList_A4_Ward_211_Booth_47.pdf,51,"यादी भाग क्र. २ १ १ : २ ३ - म्युनिसिपल घर ४ ४, TRIG टॉवर, मिर्झा गालीब रोड, क्लेअर रोड,",90,
BoothVoterList_A4_Ward_211_Booth_47.pdf,52,"यादी भाग क्र. २ १ १ : २ ४-३ २-३ ६, युसुफ मनोर, मिर्झा गालीब रोड, क्लेअर रोड, भायखला,",92,
BoothVoterList_A4_Ward_211_Booth_47.pdf,53,"यादी भाग क्र. २ १ १ : १ ३ - सेंट अँगेनस हायस्कुल, मिर्झा गालीब रोड, क्लेअर रोड,",91,
BoothVoterList_A4_Ward_211_Booth_47.pdf,54,"यादी भाग क्र. २ १ १ : २ ० - अल हाफिजा मंझिल, मिर्झा गालीब रोड, क्लेअर रोड,",90,
BoothVoterList_A4_Ward_211_Booth_47.pdf,55,"यादी भाग क्र. २ १ १ : ९ - इस्लामिया को. ऑप. सोसा. , मिर्झा गालीब रोड, क्लेअर रोड,",91,
BoothVoterList_A4_Ward_211_Booth_47.pdf,56,"यादी भाग क्र. २ १ १ : २ २ - म्युनिसिपल घर १ ७, नुराणी चाळ क्रमांक ६,. मौलाना आझाद रोड",91,
BoothVoterList_A4_Ward_211_Booth_47.pdf,57,"यादी भाग क्र. २ १ १ : १ ४ - रेडिमनी कंपाऊंड, मिर्झा गालीब रोड, क्लेअर रोड,",90,
BoothVoterList_A4_Ward_211_Booth_47.pdf,58,"यादी भाग क्र. २ १ १ : १ २ - म्युनिसिपल घर ४ ४, सिल्वर टॉवर 44M, मिर्झा गालीब रोड, क्लेअर रोड,",88,
BoothVoterList_A4_Ward_211_Booth_47.pdf,59,"यादी भाग क्र. २ १ १ : १ ४ - रेडिमनी कंपाऊंड, मिर्झा गालीब रोड, क्लेअर रोड,",90,
BoothVoterList_A4_Ward_211_Booth_47.pdf,60,"यादी भाग क्र. २ १ १ : ४ - म्युनिसिपल घर १ २-ए, रेडीमनी बिल्डिंग, मिर्झा गालीब रोड, क्लेअर रोड,",88,
BoothVoterList_A4_Ward_211_Booth_47.pdf,61,"यादी भाग क्र. २ १ १ : १ - म्युनिसिपल घर २-२ २, रेडीमनी बिल्डिंग, मिर्झा गालीब रोड, - क्लेअर रोड, भायखळा",88,
BoothVoterList_A4_Ward_211_Booth_47.pdf,62,"यादी भाग क्र. २ १ १ : ६ - म्युनिसिपल घर ३ ८, टेलर मेमोरिअल चर्च कंपाउंड, मिर्झा गालीब रोड, क्लेअर रोड,",92,
BoothVoterList_A4_Ward_211_Booth_47.pdf,63,"यादी भाग क्र. २ १ १ : १ ० - म्युनिसिपल घर ४ ४-जी, अडेल्फी चेंबर, मिर्झा गालीब रोड, क्लेअर रोड,",91,
BoothVoterList_A4_Ward_211_Booth_47.pdf,64,"यादी भाग क्र. 299 : ४ - म्युनिसिपल घर १ २-ए, रेडीमनी बिल्डिंग, मिर्झा गालीब रोड, क्लेअर रोड,",88,
BoothVoterList_A4_Ward_211_Booth_47.pdf,65,"यादी भाग क्र. २ १ १ : २ २ - म्युनिसिपल घर १ ७, नुराणी चाळ क्रमांक ६,. मौलाना आझाद रोड",91,
BoothVoterList_A4_Ward_211_Booth_47.pdf,66,"यादी भाग क्र. २ १ १ : ९ - इस्लामिया को. ऑप. सोसा. , मिर्झा गालीब रोड, क्लेअर रोड,",91,
BoothVoterList_A4_Ward_211_Booth_47.pdf,67,"यादी भाग क्र. २ १ १ : ८ - म्युनिसिपल घर ४ ४, नवरोज मोनोर, मिर्झा गालीब रोड, क्लेअर रोड,",91,
BoothVoterList_A4_Ward_211_Booth_47.pdf,68,"यादी भाग क्र. २ १ १ : ९ - इस्लामिया को. ऑप. सोसा. , मिर्झा गालीब रोड, क्लेअर रोड,",91,
BoothVoterList_A4_Ward_211_Booth_47.pdf,69,"यादी भाग क्र. २ १ १ : २ २ - म्युनिसिपल घर १ ७, नुराणी चाळ क्रमांक ६,. मौलाना आझाद रोड",91,
BoothVoterList_A4_Ward_211_Booth_47.pdf,70,"यादी भाग क्र. २ १ १ : १ ५ - रेडिमनी कंपाऊंड (हफिजामंझील), मिर्झा गालीब रोड, क्लेअर रोड,",90,
BoothVoterList_A4_Ward_211_Booth_47.pdf,71,"यादी भाग क्र. २ १ १ : २ २ - म्युनिसिपल घर १ ७, नुराणी चाळ क्रमांक ६,. मौलाना आझाद रोड",91,
BoothVoterList_A4_Ward_211_Booth_47.pdf,72,"यादी भाग क्र. २ १ १ : २ ० - अल हाफिजा मंझिल, मिर्झा गालीब रोड, क्लेअर रोड,",90,
BoothVoterList_A4_Ward_211_Booth_47.pdf,73,"यादी भाग क्र. २ १ १ : २ - म्युनिसिपल घर १ ४-२ ४, रेडीमनी बिल्डिंग, मिर्झा गालीब रोड, क्लेअर रोड,",89,
BoothVoterList_A4_Ward_211_Booth_47.pdf,74,"यादी भाग क्र. २ १ १ : १ २ - म्युनिसिपल घर ४ ४, सिल्वर टॉवर 44M, मिर्झा गालीब रोड, क्लेअर रोड,",88,
BoothVoterList_A4_Ward_211_Booth_48.pdf,2,"यादी भाग क्र. २ १ २ : १ - म्युनिसिपल घर १ ९ ९ बी, युसुफ FAS, मौलाना आझाद रोड, भायखळा (प),",90,
BoothVoterList_A4_Ward_211_Booth_48.pdf,3,"यादी भाग क्र. २ १ २ : २ - म्युनिसिपल घर २ ० १, कुर्बान बिल्डींग, मौलाना आझाद रोड,",93,
BoothVoterList_A4_Ward_211_Booth_48.pdf,4,"यादी भाग क्र. २ १ २ : ३ - म्युनिसिपल घर 209, GIN कंपाऊड, मौलाना आझाद रोड,",91,
BoothVoterList_A4_Ward_211_Booth_48.pdf,5,"यादी भाग क्र. २ १ २ : ४ - ALTA. 203, काचवाला बिल्डींग, मौलाना आझाद रोड,",88,
BoothVoterList_A4_Ward_211_Booth_48.pdf,7,"यादी भाग क्र. २ १ २ : ५ - ALTA, 204, हवालदार कंपाऊड, मौलाना आझाद रोड,",89,
BoothVoterList_A4_Ward_211_Booth_48.pdf,11,"यादी भाग क्र. २ १ २ : ६ - म्युनिसिपल घर २ १ १ ते २ १ ३, हुसैनी बिल्डींग, मौलाना आझाद रोड,",93,
BoothVoterList_A4_Ward_211_Booth_48.pdf,12,"यादी भाग क्र. २ १ २ : ७ - म्युनिसिपल घर २ ० ९, हुसैनी मस्जिद चाळ, मौलाना आझाद रोड,",93,
BoothVoterList_A4_Ward_211_Booth_48.pdf,13,"यादी भाग क्र. २ १ २ : ८ - म्युनिसिपल घर २ १ ७, फिदवी मंझिल, मौलाना आझाद रोड,",93,
BoothVoterList_A4_Ward_211_Booth_48.pdf,15,"यादी भाग क्र. २ १ २ : ९ - म्युनिसिपल घर २ २ १ बी, शिपरा मंझिल, मौलाना आझाद रोड,",93,
BoothVoterList_A4_Ward_211_Booth_48.pdf,17,"यादी भाग क्र. २ १ २ : १ ० - म्युनिसिपल घर २ २ ३-२ २ ५, गुलाम रसुल बिल्डींग (लाल बावरा), मौलाना आझाद",92,
BoothVoterList_A4_Ward_211_Booth_48.pdf,21,"यादी भाग क्र. २ १ २ : १ १ - म्युनिसिपल घर २ २ ७-239, सोसायटी बिल्डींग, मौलाना आझाद रोड,",92,
BoothVoterList_A4_Ward_211_Booth_48.pdf,27,"यादी भाग क्र. २ १ २ : १ २ - म्युनिसिपल घर २ २ ७-239, करीम बिल्डींग, मौलाना आझाद रोड,",89,
BoothVoterList_A4_Ward_211_Booth_48.pdf,33,"यादी भाग क्र. २ १ २ : १ ३ - म्युनिसिपल घर २ ४ १, जोजारिया बिल्डींग, मौलाना आझाद रोड,",93,
BoothVoterList_A4_Ward_211_Booth_48.pdf,36,"यादी भाग क्र. २ १ २ : १ ४ - म्युनिसिपल घर २ ० १, HATA कंपाऊंड, मौलाना आझाद रोड,",91,
BoothVoterList_A4_Ward_211_Booth_48.pdf,37,"यादी भाग क्र. २ १ २ : १ ५ - म्युनिसिपल घर २ २ ७, मदिना रेस्टॉरंट, मौलाना आझाद रोड,",93,
BoothVoterList_A4_Ward_211_Booth_48.pdf,38,"यादी भाग क्र. २ १ २ : १ ६ - स्मॉल बंगला, मौलाना आझाद रोड, भायखळा (7),",89,
BoothVoterList_A4_Ward_211_Booth_48.pdf,39,"यादी भाग क्र. २ १ २ : १ ८ - प्लॉट क्रमांक २ ४ ४ मौलाना आझाद US, मदनपुरा, मुंबई सेंट्रल, मुंबई -४ ० ० ० ० ८",91,
BoothVoterList_A4_Ward_211_Booth_48.pdf,40,"यादी भाग क्र. २ १ २ : १ ९ - बॉम्बे सिटी व्हिव सी. एच. एस, मौलाना आज़ाद रोड, मदनपुरा, मुंबई सेंट्रल,",91,
BoothVoterList_A4_Ward_211_Booth_48.pdf,41,यादी भाग क्र. २ १ २ : ९ ९ ९ -,91,
BoothVoterList_A4_Ward_211_Booth_48.pdf,42,"यादी भाग क्र. २ १ २ : ५ - ALTA, 204, हवालदार कंपाऊड, मौलाना आझाद रोड,",89,
BoothVoterList_A4_Ward_211_Booth_48.pdf,43,"यादी भाग क्र. 292 : १ १ - म्युनिसिपल घर २ २ ७-239, सोसायटी बिल्डींग, मौलाना आझाद रोड,",92,
BoothVoterList_A4_Ward_211_Booth_48.pdf,44,"यादी भाग क्र. २ १ २ : १ ० - म्युनिसिपल घर २ २ ३-२ २ ५, गुलाम रसुल बिल्डींग (लाल बावरा), मौलाना आझाद",92,
BoothVoterList_A4_Ward_211_Booth_48.pdf,45,"यादी भाग क्र. २ १ २ : ५ - ALTA, 204, हवालदार कंपाऊड, मौलाना आझाद रोड,",89,
BoothVoterList_A4_Ward_211_Booth_48.pdf,46,"यादी भाग क्र. २ १ २ : १ ० - म्युनिसिपल घर २ २ ३-२ २ ५, गुलाम रसुल बिल्डींग (लाल बावरा), मौलाना आझाद",92,
BoothVoterList_A4_Ward_211_Booth_48.pdf,47,"यादी भाग क्र. २ १ २ : १ १ - म्युनिसिपल घर २ २ ७-239, सोसायटी बिल्डींग, मौलाना आझाद रोड,",92,
BoothVoterList_A4_Ward_211_Booth_48.pdf,48,"यादी भाग क्र. २ १ २ : १ ० - म्युनिसिपल घर २ २ ३-२ २ ५, गुलाम रसुल बिल्डींग (लाल बावरा), मौलाना आझाद",92,
BoothVoterList_A4_Ward_211_Booth_48.pdf,49,"यादी भाग क्र. २ १ २ : ५ - ALTA, 204, हवालदार कंपाऊड, मौलाना आझाद रोड,",89,
BoothVoterList_A4_Ward_211_Booth_48.pdf,50,"यादी भाग क्र. 292 : १ १ - म्युनिसिपल घर २ २ ७-239, सोसायटी बिल्डींग, मौलाना आझाद रोड,",92,
BoothVoterList_A4_Ward_211_Booth_48.pdf,51,"यादी भाग क्र. 292 : ८ - म्युनिसिपल घर २ १ ७, फिदवी मंझिल, मौलाना आझाद रोड,",93,
BoothVoterList_A4_Ward_211_Booth_48.pdf,52,"यादी भाग क्र. 292 : ९ - म्युनिसिपल घर २ २ १ बी, शिपरा मंझिल, मौलाना आझाद रोड,",93,
BoothVoterList_A4_Ward_211_Booth_48.pdf,53,"यादी भाग क्र. २ १ २ : १ ९ - बॉम्बे सिटी व्हिव सी. एच. एस, मौलाना आज़ाद रोड, मदनपुरा, मुंबई सेंट्रल,",91,
BoothVoterList_A4_Ward_211_Booth_48.pdf,54,"यादी भाग क्र. 292 : ९ - म्युनिसिपल घर २ २ १ बी, शिपरा मंझिल, मौलाना आझाद रोड,",93,
BoothVoterList_A4_Ward_211_Booth_48.pdf,55,"यादी भाग क्र. २ १ २ : १ ९ - बॉम्बे सिटी व्हिव सी. एच. एस, मौलाना आज़ाद रोड, मदनपुरा, मुंबई सेंट्रल,",91,
BoothVoterList_A4_Ward_211_Booth_48.pdf,56,"यादी भाग क्र. 292 : ४ - ALTA. 203, काचवाला बिल्डींग, मौलाना आझाद रोड,",88,
BoothVoterList_A4_Ward_211_Booth_49.pdf,2,यादी भाग क्र. २ १ ३ : १ - म यु. घ. क्रमांक ३ ३ सी ज्युबली बिल्डींग शोख हफीजुद्दीन मार्ग,88,
BoothVoterList_A4_Ward_211_Booth_49.pdf,3,यादी भाग क्र. २ १ ३ : २ - म्युनिसिपल घर ५-५ डी रेडीमनी बिल्डींग शेख हफीजुद्दीन मार्ग,90,
BoothVoterList_A4_Ward_211_Booth_49.pdf,4,यादी भाग क्र. २ १ ३ : ३ - म्युनिसिपल घर ७ डी रेडीमनी बिल्डींग शेख हफीजुद्दीन मार्ग,90,
BoothVoterList_A4_Ward_211_Booth_49.pdf,5,यादी भाग क्र. २ १ ३ : ४ - म्युनिसिपल घर ९ रेडीमनी बिल्डींग शेख हफीजुद्दीन मार्ग,88,
BoothVoterList_A4_Ward_211_Booth_49.pdf,6,यादी भाग क्र. २ १ ३ : ५ - म्युनिसिपल घर १ ३ बी. के. हॉल शेख हफीजुद्दीन मार्ग,84,
BoothVoterList_A4_Ward_211_Booth_49.pdf,7,यादी भाग क्र. २ १ ३ : ६ - रॉबिन्सन चर्च शोख हफीजुद्दीन मार्ग,91,
BoothVoterList_A4_Ward_211_Booth_49.pdf,9,यादी भाग क्र. २ १ ३ : ७ - म्युनिसिपल घर ३ ३ ए जुबिली बिल्डींग शेख हफीजुद्दीन मार्ग,90,
BoothVoterList_A4_Ward_211_Booth_49.pdf,11,यादी भाग क्र. २ १ ३ : ८ - म्युनिसिपल घर ३ ३ बी जुबली बिल्डींग शोख हफीजुद्दीन मार्ग,91,
BoothVoterList_A4_Ward_211_Booth_49.pdf,13,यादी भाग क्र. २ १ ३ : ९ - म्युनिसिपल घर ३ ३ सी जुबली बिल्डींग शेख हफीजुद्दीन मार्ग,90,
BoothVoterList_A4_Ward_211_Booth_49.pdf,16,यादी भाग क्र. २ १ ३ : १ ० - म्युनिसिपल घर ३ ७ सैफी बिल्डींग शोख हफीजुद्दीन मार्ग,91,
BoothVoterList_A4_Ward_211_Booth_49.pdf,17,यादी भाग क्र. २ १ ३ : १ १ - म्युनिसिपल घर ८ १ हिंदुस्तान लिवर कंपाऊंड शेख हफीजुद्दीन मार्ग,92,
BoothVoterList_A4_Ward_211_Booth_49.pdf,18,यादी भाग क्र. २ १ ३ : १ २ - कांचवाला इंड. न्यु. धोबीघाट शेख हफीजुद्दीन मार्ग,89,
BoothVoterList_A4_Ward_211_Booth_49.pdf,22,यादी भाग क्र. २ १ ३ : १ ३ - म्युनिसिपल घर ५ ७ ए इसासेठ चाळ शेख हफीजुद्दीन मार्ग,85,
BoothVoterList_A4_Ward_211_Booth_49.pdf,24,यादी भाग क्र. २ १ ३ : १ ४ - म्युनिसिपल घर ५ ७ बी इसाशेठ चाळ शेख हफीजुद्दीन मार्ग,91,
BoothVoterList_A4_Ward_211_Booth_49.pdf,25,यादी भाग क्र. २ १ ३ : १ ५ - म्युनिसिपल घर ५ ७ डी इसाशेठ चाळ शेख हफीजुद्दीन मार्ग,86,
BoothVoterList_A4_Ward_211_Booth_49.pdf,26,यादी भाग क्र. २ १ ३ : १ ६ - म्युनिसिपल घर ५ ७ ई इसाशेठ चाळ ई शेख हफीजुद्दीन मार्ग,89,
BoothVoterList_A4_Ward_211_Booth_49.pdf,27,यादी भाग क्र. २ १ ३ : १ ७ - म्युनिसिपल घर ५ ७ एफ इसाशेठ चाळ शेख हफीजुद्दीन मार्ग,92,
BoothVoterList_A4_Ward_211_Booth_49.pdf,29,यादी भाग क्र. २ १ ३ : १ ८ - म यु. घ. क्रमांक ५ ९ ए इसा शेठ चाळ शेख हफीजुद्दीन मार्ग,90,
BoothVoterList_A4_Ward_211_Booth_49.pdf,30,यादी भाग क्र. २ १ ३ : १ ९ - म्युनिसिपल घर ५ ९ डी इसाशेठ चाळ मस्जीद चाळ शेख हफीजुद्दीन मार्ग,91,
BoothVoterList_A4_Ward_211_Booth_49.pdf,31,यादी भाग क्र. २ १ ३ : २ ० - म्युनिसिपल घर ५ ९ ई इसाशेठ चाळ शेख हफीजुद्दीन मार्ग,90,
BoothVoterList_A4_Ward_211_Booth_49.pdf,32,यादी भाग क्र. २ १ ३ : २ १ - म्युनिसिपल घर ५ ९ एफ इसाशेठ चाळ शेख हफीजुद्दीन मार्ग,91,
BoothVoterList_A4_Ward_211_Booth_49.pdf,34,यादी भाग क्र. २ १ ३ : 22 - म्युनिसिपल घर ५ ९ जी इसाशेठ चाळ शेख हफीजुद्दीन मार्ग,90,
BoothVoterList_A4_Ward_211_Booth_49.pdf,37,यादी भाग क्र. २ १ ३ : २ ३ - म्युनिसिपल घर ३-३ ए रेडिमनी बिल्डींग शोख हफीजुद्दीन मार्ग,89,
BoothVoterList_A4_Ward_211_Booth_49.pdf,38,यादी भाग क्र. २ १ ३ : W - रेडिमनी कंपाऊंड शेख हफीजुद्दीन मार्ग,91,
BoothVoterList_A4_Ward_211_Booth_49.pdf,39,यादी भाग क्र. २ १ ३ : 24 - म यु. घ. क्रमांक ९ ३ रोबिस चर्च शेख हफीजुद्दीन मार्ग,87,
BoothVoterList_A4_Ward_211_Booth_49.pdf,40,यादी भाग क्र. २ १ ३ : २ ६ - म यु. घ. क्रमांक ३ ३ बी ज युबिली बिल्डींग शोख हफीजुद्दीन मार्ग,89,
BoothVoterList_A4_Ward_211_Booth_49.pdf,41,यादी भाग क्र. २ १ ३ : २ ७ - म यु. घ. क्रमांक ८ ७-८ ९ काचवाला SA यु धोबी घाट शेख SHRM मार्ग,86,
BoothVoterList_A4_Ward_211_Booth_49.pdf,42,यादी भाग क्र. २ १ ३ : २ ८ - रॉबिनसन मेमोरियल चर्च शेख हफीजुद्दीन मार्ग,89,
BoothVoterList_A4_Ward_211_Booth_49.pdf,43,यादी भाग क्र. २ १ ३ : २ ९ - जुनी मसजीद कंपाऊंड शेख हफीजुद्दीन मार्ग,92,
BoothVoterList_A4_Ward_211_Booth_49.pdf,44,"यादी भाग sh, 293 : 30 - करुणा इमारत शेख हफीजुद्दीन मार्ग",92,
BoothVoterList_A4_Ward_211_Booth_49.pdf,45,यादी भाग क्र. २ १ ३ : ३ १ - पडदावाला कंपाऊंड शेख हफीजुद्दीन मार्ग,92,
BoothVoterList_A4_Ward_211_Booth_49.pdf,46,यादी भाग क्र. २ १ ३ : 32 - रेडीमनी बि. सी शेख हफीजुद्दीन मार्ग,90,
BoothVoterList_A4_Ward_211_Booth_49.pdf,47,यादी भाग क्र. २ १ ३ : 33 - ज्युबिली कंपाऊंड शेख हफीजुद्दीन मार्ग,88,
BoothVoterList_A4_Ward_211_Booth_49.pdf,48,यादी भाग क्र. २ १ ३ : ३ ४-५ ९ जुनी मसजीद चाळ शेख हफीजुद्दीन मार्ग,92,
BoothVoterList_A4_Ward_211_Booth_49.pdf,49,यादी भाग क्र. २ १ ३ : 34 - काचवाला इं. न यू धोबीघाट शेख हफीजुद्दीन मार्ग,90,
BoothVoterList_A4_Ward_211_Booth_49.pdf,50,यादी भाग क्र. २ १ ३ : ३ ६-५ ९ जी अन्सार मंझिल जुनी मस्जिद कम्पाऊंड सांखळी स्ट्रीट मदनपुरा,93,
BoothVoterList_A4_Ward_211_Booth_49.pdf,51,यादी भाग क्र. २ १ ३ : ९ ९ ९ -,91,
BoothVoterList_A4_Ward_211_Booth_49.pdf,52,यादी भाग क्र. २ १ ३ : १ २ - कांचवाला इंड. न्यु. धोबीघाट शेख हफीजुद्दीन मार्ग,89,
BoothVoterList_A4_Ward_211_Booth_49.pdf,53,"यादी भाग sh, २ १ ३ : 30 - करुणा इमारत शेख हफीजुद्दीन मार्ग",92,
BoothVoterList_A4_Ward_211_Booth_49.pdf,54,यादी भाग क्र. २ १ ३ : १ - म यु. घ. क्रमांक ३ ३ सी ज्युबली बिल्डींग शोख हफीजुद्दीन मार्ग,88,
BoothVoterList_A4_Ward_211_Booth_49.pdf,55,यादी भाग क्र. २ १ ३ : ६ - रॉबिन्सन चर्च शोख हफीजुद्दीन मार्ग,91,
BoothVoterList_A4_Ward_211_Booth_49.pdf,56,यादी भाग क्र. २ १ ३ : 33 - ज्युबिली कंपाऊंड शेख हफीजुद्दीन मार्ग,88,
BoothVoterList_A4_Ward_211_Booth_49.pdf,57,यादी भाग क्र. २ १ ३ : १ २ - कांचवाला इंड. न्यु. धोबीघाट शेख हफीजुद्दीन मार्ग,89,
BoothVoterList_A4_Ward_211_Booth_49.pdf,58,यादी भाग क्र. २ १ ३ : २ - म्युनिसिपल घर ५-५ डी रेडीमनी बिल्डींग शेख हफीजुद्दीन मार्ग,90,
BoothVoterList_A4_Ward_211_Booth_49.pdf,59,यादी भाग क्र. २ १ ३ : १ २ - कांचवाला इंड. न्यु. धोबीघाट शेख हफीजुद्दीन मार्ग,89,
BoothVoterList_A4_Ward_211_Booth_49.pdf,60,यादी भाग क्र. २ १ ३ : ६ - रॉबिन्सन चर्च शोख हफीजुद्दीन मार्ग,91,
BoothVoterList_A4_Ward_211_Booth_49.pdf,61,यादी भाग क्र. २ १ ३ : १ २ - कांचवाला इंड. न्यु. धोबीघाट शेख हफीजुद्दीन मार्ग,89,
BoothVoterList_A4_Ward_211_Booth_49.pdf,62,यादी भाग क्र. २ १ ३ : १ ३ - म्युनिसिपल घर ५ ७ ए इसासेठ चाळ शेख हफीजुद्दीन मार्ग,85,
BoothVoterList_A4_Ward_211_Booth_49.pdf,63,यादी भाग क्र. २ १ ३ : ३ ६-५ ९ जी अन्सार मंझिल जुनी मस्जिद कम्पाऊंड सांखळी स्ट्रीट मदनपुरा,93,
BoothVoterList_A4_Ward_211_Booth_49.pdf,64,यादी भाग क्र. २ १ ३ : ८ - म्युनिसिपल घर ३ ३ बी जुबली बिल्डींग शोख हफीजुद्दीन मार्ग,91,
BoothVoterList_A4_Ward_211_Booth_49.pdf,65,यादी भाग क्र. २ १ ३ : १ ३ - म्युनिसिपल घर ५ ७ ए इसासेठ चाळ शेख हफीजुद्दीन मार्ग,85,
BoothVoterList_A4_Ward_211_Booth_49.pdf,66,यादी भाग क्र. २ १ ३ : ८ - म्युनिसिपल घर ३ ३ बी जुबली बिल्डींग शोख हफीजुद्दीन मार्ग,91,
BoothVoterList_A4_Ward_211_Booth_49.pdf,67,"यादी भाग sh, 293 : 30 - करुणा इमारत शेख हफीजुद्दीन मार्ग",92,
BoothVoterList_A4_Ward_211_Booth_49.pdf,68,यादी भाग क्र. २ १ ३ : ६ - रॉबिन्सन चर्च शोख हफीजुद्दीन मार्ग,91,
BoothVoterList_A4_Ward_211_Booth_49.pdf,69,यादी भाग क्र. २ १ ३ : ३ १ - पडदावाला कंपाऊंड शेख हफीजुद्दीन मार्ग,92,
BoothVoterList_A4_Ward_211_Booth_49.pdf,70,यादी भाग क्र. २ १ ३ : १ ६ - म्युनिसिपल घर ५ ७ ई इसाशेठ चाळ ई शेख हफीजुद्दीन मार्ग,89,
BoothVoterList_A4_Ward_211_Booth_49.pdf,71,यादी भाग क्र. २ १ ३ : ३ १ - पडदावाला कंपाऊंड शेख हफीजुद्दीन मार्ग,92,
BoothVoterList_A4_Ward_211_Booth_49.pdf,72,यादी भाग क्र. २ १ ३ : १ ३ - म्युनिसिपल घर ५ ७ ए इसासेठ चाळ शेख हफीजुद्दीन मार्ग,85,
BoothVoterList_A4_Ward_211_Booth_49.pdf,73,यादी भाग क्र. २ १ ३ : ८ - म्युनिसिपल घर ३ ३ बी जुबली बिल्डींग शोख हफीजुद्दीन मार्ग,91,
BoothVoterList_A4_Ward_211_Booth_49.pdf,74,यादी भाग क्र. २ १ ३ : १ २ - कांचवाला इंड. न्यु. धोबीघाट शेख हफीजुद्दीन मार्ग,89,
BoothVoterList_A4_Ward_211_Booth_5.pdf,2,"यादी भाग क्र. १ ३ ८ : १ - म्युनिसिपल घर २-४, इसाई सुमरशेठ चाळ, दुसरा घेलाभाई रोड,",91,
BoothVoterList_A4_Ward_211_Booth_5.pdf,5,"यादी भाग क्र. १ ३ ८ : २ - म्युनिसिपल घर १ २, सफीनाबाई चाळ, दुसरा घेलाभाई रोड,",86,
BoothVoterList_A4_Ward_211_Booth_5.pdf,9,"यादी भाग क्र. १ ३ ८ : ३ - म्युनिसिपल घर २ ४-४ २, Pre चाळ, दुसरा घेलाभाई रोड,",89,
BoothVoterList_A4_Ward_211_Booth_5.pdf,23,"यादी भाग क्र. १ ३ ८ : ४ - म्युनिसिपल घर ७, करीम बिल्डिंग, तिसरा घेलाभाई स्ट्रीट,",92,
BoothVoterList_A4_Ward_211_Booth_5.pdf,25,"यादी भाग क्र. १ ३ ८ : ५ - म्युनिसिपल घर १ ९-२ १, हनीफ NS चाळ, दुसरा घेलाभाई रोड,",86,
BoothVoterList_A4_Ward_211_Booth_5.pdf,27,"यादी भाग क्र. १ ३ ८ : ६ - म्युनिसिपल घर २ ०, सुभेदार बिल्डिंग, दुसरा घेलाभाई रोड,",92,
BoothVoterList_A4_Ward_211_Booth_5.pdf,30,"यादी भाग क्र. १ ३ ८ : ७ - म्युनिसिपल घर २ ० अ, सुभेदार बिल्डिंग, दुसरा घेलाभाई रोड,",90,
BoothVoterList_A4_Ward_211_Booth_5.pdf,32,"यादी भाग क्र. १ ३ ८ : ९ - अजमल हाईटस, २ घेलाभाई स्ट्रीट, मदनपुरा, मुंबई सेंट्रल, मुंबई -४ ० ० ० ० ८",91,
BoothVoterList_A4_Ward_211_Booth_5.pdf,35,"यादी भाग क्र. १ ३ ८ : २ - म्युनिसिपल घर १ २, सफीनाबाई चाळ, दुसरा घेलाभाई रोड,",86,
BoothVoterList_A4_Ward_211_Booth_5.pdf,36,"यादी भाग क्र. १ ३ ८ : ९ - अजमल हाईटस, २ घेलाभाई स्ट्रीट, मदनपुरा, मुंबई सेंट्रल, मुंबई -४ ० ० ० ० ८",91,
BoothVoterList_A4_Ward_211_Booth_5.pdf,37,"यादी भाग क्र. १ ३ ८ : ३ - म्युनिसिपल घर २ ४-४ २, Pre चाळ, दुसरा घेलाभाई रोड,",89,
BoothVoterList_A4_Ward_211_Booth_5.pdf,38,"यादी भाग क्र. १ ३ ८ : ९ - अजमल हाईटस, २ घेलाभाई स्ट्रीट, मदनपुरा, मुंबई सेंट्रल, मुंबई -४ ० ० ० ० ८",91,
BoothVoterList_A4_Ward_211_Booth_5.pdf,39,"यादी भाग क्र. १ ३ ८ : ३ - म्युनिसिपल घर २ ४-४ २, Pre चाळ, दुसरा घेलाभाई रोड,",89,
BoothVoterList_A4_Ward_211_Booth_5.pdf,40,"यादी भाग क्र. १ ३ ८ : ९ - अजमल हाईटस, २ घेलाभाई स्ट्रीट, मदनपुरा, मुंबई सेंट्रल, मुंबई -४ ० ० ० ० ८",91,
BoothVoterList_A4_Ward_211_Booth_5.pdf,41,"यादी भाग क्र. १ ३ ८ : ४ - म्युनिसिपल घर ७, करीम बिल्डिंग, तिसरा घेलाभाई स्ट्रीट,",92,
BoothVoterList_A4_Ward_211_Booth_5.pdf,42,"यादी भाग क्र. १ ३ ८ : ९ - अजमल हाईटस, २ घेलाभाई स्ट्रीट, मदनपुरा, मुंबई सेंट्रल, मुंबई -४ ० ० ० ० ८",91,
BoothVoterList_A4_Ward_211_Booth_5.pdf,43,"यादी भाग क्र. १ ३ ८ : ३ - म्युनिसिपल घर २ ४-४ २, Pre चाळ, दुसरा घेलाभाई रोड,",89,
BoothVoterList_A4_Ward_211_Booth_5.pdf,44,"यादी भाग क्र. १ ३ ८ : ६ - म्युनिसिपल घर २ ०, सुभेदार बिल्डिंग, दुसरा घेलाभाई रोड,",92,
BoothVoterList_A4_Ward_211_Booth_5.pdf,45,"यादी भाग क्र. १ ३ ८ : ९ - अजमल हाईटस, २ घेलाभाई स्ट्रीट, मदनपुरा, मुंबई सेंट्रल, मुंबई -४ ० ० ० ० ८",91,
BoothVoterList_A4_Ward_211_Booth_5.pdf,46,"यादी भाग क्र. १ ३ ८ : ७ - म्युनिसिपल घर २ ० अ, सुभेदार बिल्डिंग, दुसरा घेलाभाई रोड,",90,
BoothVoterList_A4_Ward_211_Booth_5.pdf,47,"यादी भाग क्र. १ ३ ८ : ६ - म्युनिसिपल घर २ ०, सुभेदार बिल्डिंग, दुसरा घेलाभाई रोड,",92,
BoothVoterList_A4_Ward_211_Booth_5.pdf,48,"यादी भाग क्र. १ ३ ८ : ९ - अजमल हाईटस, २ घेलाभाई स्ट्रीट, मदनपुरा, मुंबई सेंट्रल, मुंबई -४ ० ० ० ० ८",91,
BoothVoterList_A4_Ward_211_Booth_5.pdf,49,"यादी भाग क्र. १ ३ ८ : ३ - म्युनिसिपल घर २ ४-४ २, Pre चाळ, दुसरा घेलाभाई रोड,",89,
BoothVoterList_A4_Ward_211_Booth_5.pdf,50,"यादी भाग क्र. १ ३ ८ : ९ - अजमल हाईटस, २ घेलाभाई स्ट्रीट, मदनपुरा, मुंबई सेंट्रल, मुंबई -४ ० ० ० ० ८",91,
BoothVoterList_A4_Ward_211_Booth_5.pdf,51,"यादी भाग क्र. १ ३ ८ : ४ - म्युनिसिपल घर ७, करीम बिल्डिंग, तिसरा घेलाभाई स्ट्रीट,",92,
BoothVoterList_A4_Ward_211_Booth_5.pdf,52,"यादी भाग क्र. १ ३ ८ : ९ - अजमल हाईटस, २ घेलाभाई स्ट्रीट, मदनपुरा, मुंबई सेंट्रल, मुंबई -४ ० ० ० ० ८",91,
BoothVoterList_A4_Ward_211_Booth_5.pdf,53,"यादी भाग क्र. १ ३ ८ : ६ - म्युनिसिपल घर २ ०, सुभेदार बिल्डिंग, दुसरा घेलाभाई रोड,",92,
BoothVoterList_A4_Ward_211_Booth_50.pdf,2,"यादी भाग क्र. १ ० : १ - म्युनिसिपल घर १ ० ८ सुलतान मंझिल, सोफिया झुबेर रोड म्युनिसिपल घर ५ ० ते १ १ ०, खंड १,",89,
BoothVoterList_A4_Ward_211_Booth_50.pdf,4,"यादी भाग क्र. १ ० : 2 - म्युनिसिपल घर १ १ ० न्यू नागपाडा पो. लाईन ऑफिस FATEH, सोफिया Fax रोड,",84,
BoothVoterList_A4_Ward_211_Booth_50.pdf,9,"यादी भाग क्र. १ ० : 3 - म्युनिसिपल घर ३ ० नर्सेस EACH, सोफिया Wax Ws, 30 ते ४ ८ (महानगरपालिका ३ १) खंड 2,",72,
BoothVoterList_A4_Ward_211_Booth_50.pdf,10,"यादी भाग क्र. १ ०: ४ - म्युनिसिपल घर ३ ० डॉक्टर्स FATA, सोफिया Fax Us, 30 ते ४ ८ (महानगरपालिका ३ १) खंड २,",77,
BoothVoterList_A4_Ward_211_Booth_50.pdf,11,"यादी भाग क्र. १ ० : ५ - म्युनिसिपल घर ३ ० फार्मासिस्ट कवार्टस, सोफिया Fax Ww, 30 ते ४ ८ (महानगरपालिका ३ १) खंड",82,
BoothVoterList_A4_Ward_211_Booth_50.pdf,12,"यादी भाग क्र. १ ० : ६ - म्युनिसिपल घर ३ ० पोलीस हॉस्पीटल EACH, सोफिया झुबेर Ws, 30 ते ४ ८ (महानगरपालिका ३ १)",78,
BoothVoterList_A4_Ward_211_Booth_50.pdf,13,"यादी भाग क्र. १ ० : ७ - म्युनिसिपल घर ३ ०बी डॉक्टर्स FACT, सोफिया झुबेर Ws, 30 ते ४ ८ (महानगरपालिका ३ १) खंड 2,",80,
BoothVoterList_A4_Ward_211_Booth_50.pdf,14,"यादी भाग क्र. १ ० : 6 - म्युनिसिपल घर ३ ० बी सवर्हन्ट क्वार्टस, सोफिया झुबेर रोड, 30 ते ४ ८ (महानगरपालिका ३ १) खंड",83,
BoothVoterList_A4_Ward_211_Booth_50.pdf,16,"यादी भाग क्र. १ ० : 8 - म्युनिसिपल घर ४ ८ हिरजी गोविंदजी बिल्डींग ए. बी. सी. , सोफिया झुबेर रोड 30 ते ४ ८",90,
BoothVoterList_A4_Ward_211_Booth_50.pdf,20,"यादी भाग क्र. १ ० : 90 - म्युनिसिपल घर ४ ८बी हिरजी गोविंदजी बिल्डींग, सोफिया झुबेर Ws, 30 ते ४ ८",88,
BoothVoterList_A4_Ward_211_Booth_50.pdf,23,"यादी भाग क्र. १ ० : १ १ - म्युनिसिपल घर ४ ८सी हिरजी गोविंदजी बिल्डींग क, सोफिया झुबेर रोड, 30 ते ४ ८",90,
BoothVoterList_A4_Ward_211_Booth_50.pdf,26,"यादी भाग क्र. १ ० : १ २ - म्युनिसिपल घर १ १ १-१ १ ९ मरीयम मंझिल, सोफिया झुबेर रोड, 9990998 (महानगरपालिका ३ १)",86,
BoothVoterList_A4_Ward_211_Booth_50.pdf,30,"यादी भाग क्र. १ ० : १ ३-२ ० ए ५ २ गॉरडन हॉल अपार्टमेंट, सोफिया झुबेर रोड, १ १ १ ते १ १ ९ (महानगरपालिका ३ १)",91,
BoothVoterList_A4_Ward_211_Booth_50.pdf,31,"यादी भाग क्र. १ ० : १ ४ - म्युनिसिपल घर ९ बी पोलीस लाईन, शेफर्ड रोड, म्युनिसिपल घर ९ ते २ १ (महानगरपालिका ३ १) खंड १,",87,
BoothVoterList_A4_Ward_211_Booth_50.pdf,38,"यादी भाग क्र. १ ० : १ ५ - म्युनिसिपल घर १ ९ सी पोलीस लाईन, शेफर्ड रोड म्युनिसिपल घर ९ ते २ १ (महानगरपालिका ३ १) खंड १,",90,
BoothVoterList_A4_Ward_211_Booth_50.pdf,43,"यादी भाग क्र. १ ० : १ ६ - म्युनिसिपल घर ९ ते २ १ पोलीस लाईन, शेफर्ड रोड, (महानगरपालिका ३ १) खंड 9,",89,
BoothVoterList_A4_Ward_211_Booth_50.pdf,44,"यादी भाग क्र. १ ० : १ ४ - म्युनिसिपल घर ९ बी पोलीस लाईन, शेफर्ड रोड, म्युनिसिपल घर ९ ते २ १ (महानगरपालिका ३ १) खंड १,",87,
BoothVoterList_A4_Ward_211_Booth_50.pdf,45,"यादी भाग क्र. १ ० : १ - म्युनिसिपल घर १ ० ८ सुलतान मंझिल, सोफिया झुबेर रोड म्युनिसिपल घर ५ ० ते १ १ ०, खंड १,",89,
BoothVoterList_A4_Ward_211_Booth_50.pdf,46,"यादी भाग क्र. १ ० : 8 - म्युनिसिपल घर ४ ८ हिरजी गोविंदजी बिल्डींग ए. बी. सी. , सोफिया झुबेर रोड 30 ते ४ ८",90,
BoothVoterList_A4_Ward_211_Booth_50.pdf,47,"यादी भाग क्र. १ ० : 2 - म्युनिसिपल घर १ १ ० न्यू नागपाडा पो. लाईन ऑफिस FATEH, सोफिया Fax रोड,",84,
BoothVoterList_A4_Ward_211_Booth_50.pdf,48,"यादी भाग क्र. १ ० : १ ५ - म्युनिसिपल घर १ ९ सी पोलीस लाईन, शेफर्ड रोड म्युनिसिपल घर ९ ते २ १ (महानगरपालिका ३ १) खंड १,",90,
BoothVoterList_A4_Ward_211_Booth_50.pdf,49,"यादी भाग क्र. १ ० : 2 - म्युनिसिपल घर १ १ ० न्यू नागपाडा पो. लाईन ऑफिस FATEH, सोफिया Fax रोड,",84,
BoothVoterList_A4_Ward_211_Booth_50.pdf,50,"यादी भाग क्र. १ ० : 6 - म्युनिसिपल घर ३ ० बी सवर्हन्ट क्वार्टस, सोफिया झुबेर रोड, 30 ते ४ ८ (महानगरपालिका ३ १) खंड",83,
BoothVoterList_A4_Ward_211_Booth_50.pdf,51,"यादी भाग क्र. १ ० : 90 - म्युनिसिपल घर ४ ८बी हिरजी गोविंदजी बिल्डींग, सोफिया झुबेर Ws, 30 ते ४ ८",88,
BoothVoterList_A4_Ward_211_Booth_51.pdf,2,"यादी भाग क्र. १ १ : १- गॉर्डन हॉल अपार्टमेंट ए, सोफिया झुबेर रोड, 3 ते १ ० ९ ARES हाऊस GS ४,",92,
BoothVoterList_A4_Ward_211_Booth_51.pdf,5,"यादी भाग क्र. १ १ : २- गॉर्डन हॉल अपार्टमेंट बी, सोफिया झुबेर रोड, 3 ते १ ० ९ नेबरहूड हाऊस ४,",92,
BoothVoterList_A4_Ward_211_Booth_51.pdf,9,"यादी भाग क्र. १ १ : ३- गॉर्डन हॉल अपार्टमेंट सी, सोफिया झुबेर रोड, ३ ते १ ० ९ AMES हाऊस ४,",86,
BoothVoterList_A4_Ward_211_Booth_51.pdf,12,"यादी भाग क्र. १ १ : ४- गार्डन हॉल समोरील झोपडपट्टी, सोफिया झुबेर रोड, 3 ते १ ० ९ AES हाऊस",90,
BoothVoterList_A4_Ward_211_Booth_51.pdf,14,"यादी भाग क्र. १ १ : ५ - म्युनिसिपल घर १ ० ७ नेबरहुड हाऊस, सोफिया झुबेर रोड, ३ ते १ ० ९ AES हाऊस",85,
BoothVoterList_A4_Ward_211_Booth_51.pdf,15,"यादी भाग क्र. १ १ : & - म्युनिसिपल घर १ ० ९ ARES हाऊस मेन हाऊस, सोफिया YX रोड, ३ ते १ ० ९ नेबरहूड",84,
BoothVoterList_A4_Ward_211_Booth_51.pdf,17,"यादी भाग क्र. १ १ : ७- म्युनिसिपल घर १ ० ९ ARES हाऊस GSN हॉस्टेल, सोफिया झुबेर रोड, ३ ते १ ० ९",86,
BoothVoterList_A4_Ward_211_Booth_51.pdf,18,"यादी भाग क्र. १ १ : ८ - म्युनिसिपल घर १ ० ९ नेबरहुड हाऊस मेन्स हॉस्टेल, सोफिया झुबेर रोड, ३ ते १ ० ९",93,
BoothVoterList_A4_Ward_211_Booth_51.pdf,19,"यादी भाग क्र. १ १ : ९ - म्युनिसिपल घर हनुमान मंदीर, सोफिया झुबेर रोड, ३ ते १ ० ९ ARES हाऊस खंड ४,",88,
BoothVoterList_A4_Ward_211_Booth_51.pdf,20,"यादी भाग क्र. १ १ : १ ० - म्युनिसिपल घर ३ ३ (१ ७-१ ९), ला विजन (मद्रासवाला बिल्डिंग), शेफर्ड रोड,",91,
BoothVoterList_A4_Ward_211_Booth_51.pdf,25,"यादी भाग क्र. १ १ : १ १ - म्युनिसिपल घर बैठी चाळ, शेफर्ड रोड, म्युनिसिपल घर ९ ते २ १ (महानगरपालिका ३ १) खंड १,",88,
BoothVoterList_A4_Ward_211_Booth_51.pdf,27,"यादी भाग क्र. १ १ : 92-१ ५ऐ शेफर्ड अपार्टमेंट, शेफर्ड रोड, म्युनिसिपल घर ९ ते २ १ (महानगरपालिका ३ १) खंड १,",80,
BoothVoterList_A4_Ward_211_Booth_51.pdf,30,"यादी भाग क्र. १ १ : 93-१ ८ऐं पोलीस लाईन, शेफर्ड रोड, म्युनिसिपल घर ९ ते २ १ (महानगरपालिका ३ १) खंड १,",77,
BoothVoterList_A4_Ward_211_Booth_51.pdf,37,"यादी भाग क्र. १ १ : १ ४ - म्युनिसिपल घर १ ८ सी पोलीस लाईन, शेफर्ड रोड, म्युनिसिपल घर ९ ते २ १ (महानगरपालिका ३ १) खंड",85,
BoothVoterList_A4_Ward_211_Booth_51.pdf,38,"यादी भाग क्र. १ १ : १ ५ - म्युनिसिपल घरमोती मस्जीद, एम टी सेंक्शन जवळ, शेफर्ड रोड, म्युनिसिपल घर ९ ते २ १",91,
BoothVoterList_A4_Ward_211_Booth_51.pdf,39,"यादी भाग क्र. १ १ : १ ० - म्युनिसिपल घर ३ ३ (१ ७-१ ९), ला विजन (मद्रासवाला बिल्डिंग), शेफर्ड रोड,",91,
BoothVoterList_A4_Ward_211_Booth_51.pdf,40,"यादी भाग क्र. १ १ : २- गॉर्डन हॉल अपार्टमेंट बी, सोफिया झुबेर रोड, 3 ते १ ० ९ नेबरहूड हाऊस ४,",92,
BoothVoterList_A4_Ward_211_Booth_51.pdf,41,"यादी भाग क्र. १ १ : १ ० - म्युनिसिपल घर ३ ३ (१ ७-१ ९), ला विजन (मद्रासवाला बिल्डिंग), शेफर्ड रोड,",91,
BoothVoterList_A4_Ward_211_Booth_51.pdf,42,"यादी भाग क्र. १ १ : 96 - Mths विडोस होम, Ws रोड, मुंबई मध्य, मुंबई",80,
BoothVoterList_A4_Ward_211_Booth_51.pdf,43,"यादी भाग क्र. १ १ : & - म्युनिसिपल घर १ ० ९ ARES हाऊस मेन हाऊस, सोफिया YX रोड, ३ ते १ ० ९ नेबरहूड",84,
BoothVoterList_A4_Ward_211_Booth_52.pdf,2,"यादी भाग क्र. १ २ : १ - म्युनिसिपल घर ५ ० ART मॅनशन, सोफिया झुबेर रोड म्युनिसिपल घर ५ ० ते १ १ ०, खंड १,",85,
BoothVoterList_A4_Ward_211_Booth_52.pdf,4,"यादी भाग क्र. १ २ : २ - म्युनिसिपल घर ६ ४-८ ४ आयाशाबी (आयशाबाई) चेंबर, सोफिया जुबेर रोड, म्युनिसिपल घर ५ ०",86,
BoothVoterList_A4_Ward_211_Booth_52.pdf,12,"यादी भाग क्र. १ २ : ३ - म्युनिसिपल घर ८ ६-९ ० ग्रीन चेंम्बर, सोफिया झुबेर रोड म्युनिसिपल घर ५ ० ते १ १ ०, खंड १,",86,
BoothVoterList_A4_Ward_211_Booth_52.pdf,14,"यादी भाग क्र. १ २ : ४ - म्युनिसिपल घर ९ २-१ ० २, एलीया मंझील (९ ६, दिलाराम मंझिल), सोफिया झुबेर रोड,",88,
BoothVoterList_A4_Ward_211_Booth_52.pdf,17,"यादी भाग क्र. १ २ : ५ - म्युनिसिपल घर १ ० ४ हजरत पिरानी बिल्डिंग, सोफिया झुबेर रोड म्युनिसिपल घर ५ ० ते",87,
BoothVoterList_A4_Ward_211_Booth_52.pdf,19,"यादी भाग क्र. १ २ : & - म्युनिसिपल घर १ ० ६ तय्यब बिल्डींग, सोफिया झुबेर रोड म्युनिसिपल घर ५ ० ते १ १ ०, खंड १,",89,
BoothVoterList_A4_Ward_211_Booth_52.pdf,21,"यादी भाग क्र. १ २ : ७- म्युनिसिपल घर १ लहरी हाऊस (इसाक बिल्डींग), सोफिया झुबेर रोड, ३ ते १ ० ९ नेबरहूड",88,
BoothVoterList_A4_Ward_211_Booth_52.pdf,25,"यादी भाग क्र. १ २ : ८ - म्युनिसिपल घर ३ १ ते ४ १ देवजी धरशी बिल्डिंग, सोफिया Fax रोड, 3 ते १ ० ९ नेबरहूड",89,
BoothVoterList_A4_Ward_211_Booth_52.pdf,29,"यादी भाग क्र. 92 : 8 - म्युनिसिपल घर ४ ३ ते ५ १ तेजुकाया बिल्डिंग, सोफिया झुबेर रोड, 3 ते १ ० ९ AES",88,
BoothVoterList_A4_Ward_211_Booth_52.pdf,32,"यादी भाग क्र. १ २ : १ ० - म्युनिसिपल घर ५ ३ ते ६ ५ जमनादास प्रभुदास चाळ, सोफिया झुबेर रोड, ३ ते १ ० ९,",92,
BoothVoterList_A4_Ward_211_Booth_52.pdf,37,"यादी भाग क्र. १ २ : १ १ - म्युनिसिपल घर ६ ७ ते ७ १ आप्पाजी खांडेराव चाळ, सौफिया Fae Ws, 3 ते १ ० ९",80,
BoothVoterList_A4_Ward_211_Booth_52.pdf,40,"यादी भाग क्र. १ २ : १ २ - म्युनिसिपल घर ८ ५ अस्मा मंझिल, सोफिया झुबेर रोड, 3 ते १ ० ९ ARES हाऊस खंड",88,
BoothVoterList_A4_Ward_211_Booth_52.pdf,45,"यादी भाग क्र. 92 : २ - म्युनिसिपल घर ६ ४-८ ४ आयाशाबी (आयशाबाई) चेंबर, सोफिया जुबेर रोड, म्युनिसिपल घर ५ ०",86,
BoothVoterList_A4_Ward_211_Booth_52.pdf,46,"यादी भाग क्र. १ २ : ४ - म्युनिसिपल घर ९ २-१ ० २, एलीया मंझील (९ ६, दिलाराम मंझिल), सोफिया झुबेर रोड,",88,
BoothVoterList_A4_Ward_211_Booth_52.pdf,47,"यादी भाग क्र. १ २ : १ २ - म्युनिसिपल घर ८ ५ अस्मा मंझिल, सोफिया झुबेर रोड, 3 ते १ ० ९ ARES हाऊस खंड",88,
BoothVoterList_A4_Ward_211_Booth_52.pdf,48,"यादी भाग क्र. १ २ : १ १ - म्युनिसिपल घर ६ ७ ते ७ १ आप्पाजी खांडेराव चाळ, सौफिया Fae Ws, 3 ते १ ० ९",80,
BoothVoterList_A4_Ward_211_Booth_52.pdf,49,"यादी भाग क्र. १ २ : & - म्युनिसिपल घर १ ० ६ तय्यब बिल्डींग, सोफिया झुबेर रोड म्युनिसिपल घर ५ ० ते १ १ ०, खंड १,",89,
BoothVoterList_A4_Ward_211_Booth_52.pdf,50,"यादी भाग क्र. १ २ : ७- म्युनिसिपल घर १ लहरी हाऊस (इसाक बिल्डींग), सोफिया झुबेर रोड, ३ ते १ ० ९ नेबरहूड",88,
BoothVoterList_A4_Ward_211_Booth_52.pdf,51,"यादी भाग क्र. १ २ : १ १ - म्युनिसिपल घर ६ ७ ते ७ १ आप्पाजी खांडेराव चाळ, सौफिया Fae Ws, 3 ते १ ० ९",80,
BoothVoterList_A4_Ward_211_Booth_52.pdf,52,"यादी भाग क्र. 92 : २ - म्युनिसिपल घर ६ ४-८ ४ आयाशाबी (आयशाबाई) चेंबर, सोफिया जुबेर रोड, म्युनिसिपल घर ५ ०",86,
BoothVoterList_A4_Ward_211_Booth_52.pdf,53,"यादी भाग क्र. १ २ : ४ - म्युनिसिपल घर ९ २-१ ० २, एलीया मंझील (९ ६, दिलाराम मंझिल), सोफिया झुबेर रोड,",88,
BoothVoterList_A4_Ward_211_Booth_52.pdf,54,"यादी भाग क्र. १ २ : १ १ - म्युनिसिपल घर ६ ७ ते ७ १ आप्पाजी खांडेराव चाळ, सौफिया Fae Ws, 3 ते १ ० ९",80,
BoothVoterList_A4_Ward_211_Booth_52.pdf,55,"यादी भाग क्र. १ २ : १ ० - म्युनिसिपल घर ५ ३ ते ६ ५ जमनादास प्रभुदास चाळ, सोफिया झुबेर रोड, ३ ते १ ० ९,",92,
BoothVoterList_A4_Ward_211_Booth_52.pdf,56,"यादी भाग क्र. 92 : १ - म्युनिसिपल घर ५ ० ART मॅनशन, सोफिया झुबेर रोड म्युनिसिपल घर ५ ० ते १ १ ०, खंड १,",85,
BoothVoterList_A4_Ward_211_Booth_52.pdf,57,"यादी भाग क्र. 92 : २ - म्युनिसिपल घर ६ ४-८ ४ आयाशाबी (आयशाबाई) चेंबर, सोफिया जुबेर रोड, म्युनिसिपल घर ५ ०",86,
BoothVoterList_A4_Ward_211_Booth_52.pdf,58,"यादी भाग क्र. १ २ : १ १ - म्युनिसिपल घर ६ ७ ते ७ १ आप्पाजी खांडेराव चाळ, सौफिया Fae Ws, 3 ते १ ० ९",80,
BoothVoterList_A4_Ward_211_Booth_52.pdf,59,"यादी भाग क्र. १ २ : १ २ - म्युनिसिपल घर ८ ५ अस्मा मंझिल, सोफिया झुबेर रोड, 3 ते १ ० ९ ARES हाऊस खंड",88,
BoothVoterList_A4_Ward_211_Booth_53.pdf,2,"यादी भाग क्र. १ ३ : १ - म्युनिसिपल घर १ ते १ ९ इसाक बिल्डिंग, ३ री पीरखान स्टीट, (महानगरपालिका ३ ०) खंड १,",89,
BoothVoterList_A4_Ward_211_Booth_53.pdf,6,"यादी भाग क्र. १ ३ : २ - म्युनिसिपल घर १ ३ ते १ ४ इस्माइल बिल्डिंग, ३ री पीरखान Kile, (महानगरपालिका ३ ०) खंड १,",87,
BoothVoterList_A4_Ward_211_Booth_53.pdf,8,"यादी भाग क्र. १ ३ : 23 - म्युनिसिपल घर इस्माइल बिल्डिंग जवळ (म्युनसिपल कंपाऊड) झोपडी, ३ री पीरखान",86,
BoothVoterList_A4_Ward_211_Booth_53.pdf,9,"यादी भाग क्र. १ ३ : ४ - म्युनिसिपल घर ३ १ सिताराम बिल्डिंग, ३ री पीरखान स्टीट, (महानगरपालिका ३ ०) खंड १,",83,
BoothVoterList_A4_Ward_211_Booth_53.pdf,12,"यादी भाग क्र. १ ३ : ५ - म्युनिसिपल घर ३ १ सिताराम बिल्डिंग जवळील झोपडपटटी, 3 री पीरखान स्टीट,",89,
BoothVoterList_A4_Ward_211_Booth_53.pdf,13,"यादी भाग क्र. १ ३ : ६ - म्युनिसिपल घर ४ ५-४ ७ आरसीवाला बिल्डींग, ३ री पीरखान स्टीट (महानगरपालिका ३ ०) खंड 9,",90,
BoothVoterList_A4_Ward_211_Booth_53.pdf,19,"यादी भाग क्र. १ ३ : ७ - म्युनिसिपल घर २-१ ० युसुफ मंझील, ३ री पीरखान Kc, (महानगरपालिका ३ ०) खंड १,",81,
BoothVoterList_A4_Ward_211_Booth_53.pdf,25,"यादी भाग क्र. १ ३ : ८ - म्युनिसिपल घर १ ६ ते २ ४ मोहम्मदी बिल्डिंग, ३ री पीरखान स्टीट, (महानगरपालिका ३ ०) खंड १,",88,
BoothVoterList_A4_Ward_211_Booth_53.pdf,30,"यादी भाग क्र. १ ३ : ९ - म्युनिसिपल घर ३ ६ ते ४ ४ अलमेहरवान सोसायटी, ३ री पीरखान Kc, (महानगरपालिका ३ ०) खंड",81,
BoothVoterList_A4_Ward_211_Booth_53.pdf,32,"यादी भाग क्र. १ ३ : 0 - अलमेहरवान सोसायटीच्या बाजुला (महिला मिलन झो. ), ३ री पीरखान स्टीट,",86,
BoothVoterList_A4_Ward_211_Booth_53.pdf,37,"यादी भाग क्र. १ ३ : ६ - म्युनिसिपल घर ४ ५-४ ७ आरसीवाला बिल्डींग, ३ री पीरखान स्टीट (महानगरपालिका ३ ०) खंड 9,",90,
BoothVoterList_A4_Ward_211_Booth_53.pdf,38,"यादी भाग क्र. १ ३ : ८ - म्युनिसिपल घर १ ६ ते २ ४ मोहम्मदी बिल्डिंग, ३ री पीरखान स्टीट, (महानगरपालिका ३ ०) खंड १,",88,
BoothVoterList_A4_Ward_211_Booth_53.pdf,39,"यादी भाग क्र. १ ३ : ६ - म्युनिसिपल घर ४ ५-४ ७ आरसीवाला बिल्डींग, ३ री पीरखान स्टीट (महानगरपालिका ३ ०) खंड 9,",90,
BoothVoterList_A4_Ward_211_Booth_53.pdf,40,"यादी भाग क्र. १ ३ : ८ - म्युनिसिपल घर १ ६ ते २ ४ मोहम्मदी बिल्डिंग, ३ री पीरखान स्टीट, (महानगरपालिका ३ ०) खंड १,",88,
BoothVoterList_A4_Ward_211_Booth_53.pdf,41,"यादी भाग क्र. १ ३ : ७ - म्युनिसिपल घर २-१ ० युसुफ मंझील, ३ री पीरखान Kc, (महानगरपालिका ३ ०) खंड १,",81,
BoothVoterList_A4_Ward_211_Booth_53.pdf,42,"यादी भाग क्र. १ ३ : ६ - म्युनिसिपल घर ४ ५-४ ७ आरसीवाला बिल्डींग, ३ री पीरखान स्टीट (महानगरपालिका ३ ०) खंड 9,",90,
BoothVoterList_A4_Ward_211_Booth_53.pdf,43,"यादी भाग क्र. १ ३ : ८ - म्युनिसिपल घर १ ६ ते २ ४ मोहम्मदी बिल्डिंग, ३ री पीरखान स्टीट, (महानगरपालिका ३ ०) खंड १,",88,
BoothVoterList_A4_Ward_211_Booth_53.pdf,44,"यादी भाग क्र. १ ३ : ६ - म्युनिसिपल घर ४ ५-४ ७ आरसीवाला बिल्डींग, ३ री पीरखान स्टीट (महानगरपालिका ३ ०) खंड 9,",90,
BoothVoterList_A4_Ward_211_Booth_53.pdf,45,"यादी भाग क्र. १ ३ : ९ - म्युनिसिपल घर ३ ६ ते ४ ४ अलमेहरवान सोसायटी, ३ री पीरखान Kc, (महानगरपालिका ३ ०) खंड",81,
BoothVoterList_A4_Ward_211_Booth_53.pdf,46,"यादी भाग क्र. १ ३ : ४ - म्युनिसिपल घर ३ १ सिताराम बिल्डिंग, ३ री पीरखान स्टीट, (महानगरपालिका ३ ०) खंड १,",83,
BoothVoterList_A4_Ward_211_Booth_53.pdf,47,"यादी भाग क्र. १ ३ : ५ - म्युनिसिपल घर ३ १ सिताराम बिल्डिंग जवळील झोपडपटटी, 3 री पीरखान स्टीट,",89,
BoothVoterList_A4_Ward_211_Booth_53.pdf,48,"यादी भाग क्र. १ ३ : ४ - म्युनिसिपल घर ३ १ सिताराम बिल्डिंग, ३ री पीरखान स्टीट, (महानगरपालिका ३ ०) खंड १,",83,
BoothVoterList_A4_Ward_211_Booth_53.pdf,49,"यादी भाग क्र. १ ३ : ७ - म्युनिसिपल घर २-१ ० युसुफ मंझील, ३ री पीरखान Kc, (महानगरपालिका ३ ०) खंड १,",81,
BoothVoterList_A4_Ward_211_Booth_53.pdf,50,"यादी भाग क्र. १ ३ : ६ - म्युनिसिपल घर ४ ५-४ ७ आरसीवाला बिल्डींग, ३ री पीरखान स्टीट (महानगरपालिका ३ ०) खंड 9,",90,
BoothVoterList_A4_Ward_211_Booth_53.pdf,51,"यादी भाग क्र. १ ३ : ८ - म्युनिसिपल घर १ ६ ते २ ४ मोहम्मदी बिल्डिंग, ३ री पीरखान स्टीट, (महानगरपालिका ३ ०) खंड १,",88,
BoothVoterList_A4_Ward_211_Booth_54.pdf,2,"यादी भाग क्र. १ ४ : १ - म्युनिसिपल घर १ ते १ ९ इसाक बिल्डिंग, ३ री पीरखान स्टीट, (महानगरपालिका ३ ०) खंड १,",86,
BoothVoterList_A4_Ward_211_Booth_54.pdf,3,"यादी भाग क्र. १ ४ : २ - म्युनिसिपल घर इस्माइल बिल्डिंग जवळ (म्युनसिपल कंपाऊड) झोपडी, 3 री पीरखान",88,
BoothVoterList_A4_Ward_211_Booth_54.pdf,4,"यादी भाग क्र. १ ४ : ३ - म्युनिसिपल घर ३ १ सिताराम बिल्डिंग, 38 पीरखान ee, (महानगरपालिका ३ ०) खंड १,",79,
BoothVoterList_A4_Ward_211_Booth_54.pdf,5,"यादी भाग क्र. १ ४ : ४ - म्युनिसिपल घर ४ ६ ते ५ ० आगाखान बिल्डिंग, ३ री पीरखान स्टीट, (महानगरपालिका ३ ०) खंड १,",86,
BoothVoterList_A4_Ward_211_Booth_54.pdf,6,"यादी भाग क्र. १ ४ : १ ० - म्युनिसिपल घर ५ ४ साजन बिल्डिंग, २ री पीरखान गल्ली, (महानगरपालिका ३ १) खंड १,",88,
BoothVoterList_A4_Ward_211_Booth_54.pdf,7,"यादी भाग क्र. १ ४ : १ १ - म्युनिसिपल घर ५ ६ डायमंड लॉज बिल्डिंग, २ री पीरखान गल्ली, (महानगरपालिका ३ १) खंड १,",88,
BoothVoterList_A4_Ward_211_Booth_54.pdf,16,"यादी भाग क्र. १ ४ : १ २ - डायमंड लॉज मागील झोपडपट्टी, २ री पीरखान गल्ली, APfa39) खंड १,",87,
BoothVoterList_A4_Ward_211_Booth_54.pdf,18,"यादी भाग क्र. १ ४ : १ ३ - म्युनिसिपल घर ५ ८ मुस्तफा मंझिल, WT पीरखान गल्ली, (महानगरपालिका ३ १) खंड 9,",88,
BoothVoterList_A4_Ward_211_Booth_54.pdf,23,"यादी भाग क्र. १ ४ : १ ४ - Wl पीरखान गल्ली, (महानगरपालिका | १) खंड १,",81,
BoothVoterList_A4_Ward_211_Booth_54.pdf,24,"यादी भाग क्र. १ ४ : १ ३ - म्युनिसिपल घर ५ ८ मुस्तफा मंझिल, WT पीरखान गल्ली, (महानगरपालिका ३ १) खंड 9,",88,
BoothVoterList_A4_Ward_211_Booth_54.pdf,25,"यादी भाग क्र. १ ४: १ २ - डायमंड लॉज मागील झोपडपट्टी, २ री पीरखान गल्ली, APfa39) खंड १,",87,
BoothVoterList_A4_Ward_211_Booth_54.pdf,26,"यादी भाग क्र. १ ४ : १ ३ - म्युनिसिपल घर ५ ८ मुस्तफा मंझिल, WT पीरखान गल्ली, (महानगरपालिका ३ १) खंड 9,",88,
BoothVoterList_A4_Ward_211_Booth_54.pdf,27,"यादी भाग क्र. १ ४ : १ १ - म्युनिसिपल घर ५ ६ डायमंड लॉज बिल्डिंग, २ री पीरखान गल्ली, (महानगरपालिका ३ १) खंड १,",88,
BoothVoterList_A4_Ward_211_Booth_54.pdf,28,"यादी भाग क्र. १ ४ : १ २ - डायमंड लॉज मागील झोपडपट्टी, २ री पीरखान गल्ली, APfa39) खंड १,",87,
BoothVoterList_A4_Ward_211_Booth_54.pdf,29,"यादी भाग क्र. १ ४ : १ ३ - म्युनिसिपल घर ५ ८ मुस्तफा मंझिल, WT पीरखान गल्ली, (महानगरपालिका ३ १) खंड 9,",88,
BoothVoterList_A4_Ward_211_Booth_54.pdf,30,"यादी भाग क्र. १ ४ : १ १ - म्युनिसिपल घर ५ ६ डायमंड लॉज बिल्डिंग, २ री पीरखान गल्ली, (महानगरपालिका ३ १) खंड १,",88,
BoothVoterList_A4_Ward_211_Booth_54.pdf,31,"यादी भाग क्र. १ ४ : ३ - म्युनिसिपल घर ३ १ सिताराम बिल्डिंग, 38 पीरखान ee, (महानगरपालिका ३ ०) खंड १,",79,
BoothVoterList_A4_Ward_211_Booth_54.pdf,32,"यादी भाग क्र. १ ४ : १ ३ - म्युनिसिपल घर ५ ८ मुस्तफा मंझिल, WT पीरखान गल्ली, (महानगरपालिका ३ १) खंड 9,",88,
BoothVoterList_A4_Ward_211_Booth_54.pdf,33,"यादी भाग क्र. १ ४ : १ २ - डायमंड लॉज मागील झोपडपट्टी, २ री पीरखान गल्ली, APfa39) खंड १,",87,
BoothVoterList_A4_Ward_211_Booth_54.pdf,34,"यादी भाग क्र. १ ४ : १ १ - म्युनिसिपल घर ५ ६ डायमंड लॉज बिल्डिंग, २ री पीरखान गल्ली, (महानगरपालिका ३ १) खंड १,",88,
BoothVoterList_A4_Ward_211_Booth_54.pdf,35,"यादी भाग क्र. १ ४ : १ ० - म्युनिसिपल घर ५ ४ साजन बिल्डिंग, २ री पीरखान गल्ली, (महानगरपालिका ३ १) खंड १,",88,
BoothVoterList_A4_Ward_211_Booth_54.pdf,36,"यादी भाग क्र. १ ४ : १ १ - म्युनिसिपल घर ५ ६ डायमंड लॉज बिल्डिंग, २ री पीरखान गल्ली, (महानगरपालिका ३ १) खंड १,",88,
BoothVoterList_A4_Ward_211_Booth_54.pdf,37,"यादी भाग क्र. १ ४ : २ - म्युनिसिपल घर इस्माइल बिल्डिंग जवळ (म्युनसिपल कंपाऊड) झोपडी, 3 री पीरखान",88,
BoothVoterList_A4_Ward_211_Booth_54.pdf,38,"यादी भाग क्र. १ ५ : १ ५ - म्युनिसिपल घर उंद्रीया म्युनि. स्कुल, W पीरखान गल्ली, (महानगरपालिका ३ १) खंड 9,",86,
BoothVoterList_A4_Ward_211_Booth_55.pdf,2,"यादी भाग क्र. १ ६: १ - म्युनिसिपल घर १ ते ७ कागलवाला बिल्डिंग, २ री पीरखान गल्ली, (महानगरपालिका ३ १) खंड 9,",90,
BoothVoterList_A4_Ward_211_Booth_55.pdf,6,"यादी भाग क्र. १ ६ : २- कागलवाला बिल्डिंग जवळील झोपडपटटी, २ री पीरखान गल्ली, (महानगरपालिका ३ १)",84,
BoothVoterList_A4_Ward_211_Booth_55.pdf,7,"यादी भाग क्र. १ ६ : 23 - म्युनिसिपल घर ९ जुम्माशरीफ बिल्डिंग, २ री पीरखान गल्ली, (महानगरपालिका ३ १) खंड १,",81,
BoothVoterList_A4_Ward_211_Booth_55.pdf,15,"यादी भाग क्र. १ ६ : ४ - म्युनिसिपल घर ६ ० मुस्तफा मंझिल, WT पीरखान गल्ली, (महानगरपालिका ३ १) खंड १,",91,
BoothVoterList_A4_Ward_211_Booth_55.pdf,16,"यादी भाग क्र. १ ६ : 4 - म्युनिसिपल घर ६ २-६ ६, हुसेनी बिल्डिंग (मुस्तफा पॅलेस), २ री पीरखान लेन, (मणीवी ३ १",88,
BoothVoterList_A4_Ward_211_Booth_55.pdf,19,"यादी भाग क्र. १ ६ : & - महिला मिलन झोपडपट्टी, W पीरखान गल्ली, (महानगरपालिका ३ १) खंड १,",89,
BoothVoterList_A4_Ward_211_Booth_55.pdf,22,"यादी भाग क्र. १ ६ : 20 - म्युनिसिपल घर ९ ते १ १ दिलवर मंझिल, १ ली पिरखान रोड, (महानगरपालिकाइ १) खंड 9,",82,
BoothVoterList_A4_Ward_211_Booth_55.pdf,26,"यादी भाग क्र. १ ६ : ८ - म्युनिसिपल घर ९ ते १ १ पत्रा चाळ झोपडपट्टी, १ ली पिरखान रोड, (महानगरपालिका ३ १) खंड १,",89,
BoothVoterList_A4_Ward_211_Booth_55.pdf,32,"यादी भाग क्र. १ ६ : 23 - म्युनिसिपल घर ९ जुम्माशरीफ बिल्डिंग, २ री पीरखान गल्ली, (महानगरपालिका ३ १) खंड १,",81,
BoothVoterList_A4_Ward_211_Booth_55.pdf,33,"यादी भाग क्र. १ ६ : १ - म्युनिसिपल घर १ ते ७ कागलवाला बिल्डिंग, २ री पीरखान गल्ली, (महानगरपालिका ३ १) खंड 9,",90,
BoothVoterList_A4_Ward_211_Booth_55.pdf,34,"यादी भाग क्र. १ ६ : ८ - म्युनिसिपल घर ९ ते १ १ पत्रा चाळ झोपडपट्टी, १ ली पिरखान रोड, (महानगरपालिका ३ १) खंड १,",89,
BoothVoterList_A4_Ward_211_Booth_55.pdf,35,"यादी भाग क्र. १ ६ : १ - म्युनिसिपल घर १ ते ७ कागलवाला बिल्डिंग, २ री पीरखान गल्ली, (महानगरपालिका ३ १) खंड 9,",90,
BoothVoterList_A4_Ward_211_Booth_55.pdf,36,"यादी भाग क्र. १ ६ : 23 - म्युनिसिपल घर ९ जुम्माशरीफ बिल्डिंग, २ री पीरखान गल्ली, (महानगरपालिका ३ १) खंड १,",81,
BoothVoterList_A4_Ward_211_Booth_55.pdf,37,"यादी भाग क्र. १ ६ : १ - म्युनिसिपल घर १ ते ७ कागलवाला बिल्डिंग, २ री पीरखान गल्ली, (महानगरपालिका ३ १) खंड 9,",90,
BoothVoterList_A4_Ward_211_Booth_55.pdf,38,"यादी भाग क्र. १ ६ : ८ - म्युनिसिपल घर ९ ते १ १ पत्रा चाळ झोपडपट्टी, १ ली पिरखान रोड, (महानगरपालिका ३ १) खंड १,",89,
BoothVoterList_A4_Ward_211_Booth_55.pdf,39,"यादी भाग क्र. १ ६ : 23 - म्युनिसिपल घर ९ जुम्माशरीफ बिल्डिंग, २ री पीरखान गल्ली, (महानगरपालिका ३ १) खंड १,",81,
BoothVoterList_A4_Ward_211_Booth_55.pdf,40,"यादी भाग क्र. १ ६ : ४ - म्युनिसिपल घर ६ ० मुस्तफा मंझिल, WT पीरखान गल्ली, (महानगरपालिका ३ १) खंड १,",91,
BoothVoterList_A4_Ward_211_Booth_55.pdf,41,"यादी भाग क्र. १ ६ : ८ - म्युनिसिपल घर ९ ते १ १ पत्रा चाळ झोपडपट्टी, १ ली पिरखान रोड, (महानगरपालिका ३ १) खंड १,",89,
BoothVoterList_A4_Ward_211_Booth_55.pdf,42,"यादी भाग क्र. १ ६ : 23 - म्युनिसिपल घर ९ जुम्माशरीफ बिल्डिंग, २ री पीरखान गल्ली, (महानगरपालिका ३ १) खंड १,",81,
BoothVoterList_A4_Ward_211_Booth_56.pdf,2,"यादी भाग क्र. २ ० : १ - म्युनिसिपल घर ८ २-८ ४ मज्जिद संकटधाम, डिमटीमकर रोड, ८ २ ते १ ४ ४ (महानगरपालिका ३ ९)",91,
BoothVoterList_A4_Ward_211_Booth_56.pdf,3,"यादी भाग क्र. २ ० : २ - म्युनिसिपल घर ९ ६ हाजी बिल्डींग, डिमटीमकर Us, ८ २ ते १ ४ ४ (महानगरपालिका ३ ९) खंड 4,",89,
BoothVoterList_A4_Ward_211_Booth_56.pdf,15,"यादी भाग क्र. २ ० : ३ - म्युनिसिपल घरहाजी बिल्डींग जवळील झोपडी, डिमटीमकर रोड, ८ २ ते १ ४ ४",93,
BoothVoterList_A4_Ward_211_Booth_56.pdf,16,"यादी भाग क्र. २ ० : ४ - म्युनिसिपल घर १ ० २-१ १ ६ नुरानी पटेल बिल्डिंग, डिमटीमकर रोड, ८ २ ते १ ४ ४",93,
BoothVoterList_A4_Ward_211_Booth_56.pdf,23,"यादी भाग क्र. २ ० : ५ - म्युनिसिपल घर १ ० २ ते १ ० ६ नुरानी पटेल बिल्डींग जवळील झोपडपटटी, डिमटीमकर",90,
BoothVoterList_A4_Ward_211_Booth_56.pdf,24,"यादी भाग क्र. २ ० : ६ - म्युनिसिपल घर १ १ ८-१ ४ २ रझाक मंझील, डिमटीमकर Us, ८ २ ते १ ४ ४ (महानगरपालिका ३ ९) खंड",84,
BoothVoterList_A4_Ward_211_Booth_56.pdf,39,"यादी भाग क्र. 20 : ७ - म्युनिसिपल घर १ ४ ४ बूटवाला बिल्डींग, डिमटीमकर रोड, ८ २ ते १ ४ ४ (महानगरपालिका ३ ९) खंड",87,
BoothVoterList_A4_Ward_211_Booth_56.pdf,43,"यादी भाग क्र. २ ० : ८ - म्युनिसिपल घर बॉम्बे रेस्टॉरंट समोरील झोपडया, डिमटीमकर रोड, ८ २ ते १ ४ ४",92,
BoothVoterList_A4_Ward_211_Booth_56.pdf,45,"यादी भाग क्र. २ ० : ९ - म्युनिसिपल घर बॉम्बे रेस्टॉरंट समोरील झोपडया, डिमटीमकर रोड, ८ २ ते १ ४ ४",93,
BoothVoterList_A4_Ward_211_Booth_56.pdf,46,"यादी भाग क्र. २ ० : ४ - म्युनिसिपल घर १ ० २-१ १ ६ नुरानी पटेल बिल्डिंग, डिमटीमकर रोड, ८ २ ते १ ४ ४",93,
BoothVoterList_A4_Ward_211_Booth_56.pdf,47,"यादी भाग क्र. २ ० : ३ - म्युनिसिपल घरहाजी बिल्डींग जवळील झोपडी, डिमटीमकर रोड, ८ २ ते १ ४ ४",93,
BoothVoterList_A4_Ward_211_Booth_56.pdf,48,"यादी भाग क्र. २ ० : २ - म्युनिसिपल घर ९ ६ हाजी बिल्डींग, डिमटीमकर Us, ८ २ ते १ ४ ४ (महानगरपालिका ३ ९) खंड 4,",89,
BoothVoterList_A4_Ward_211_Booth_56.pdf,49,"यादी भाग क्र. २ ० : ४ - म्युनिसिपल घर १ ० २-१ १ ६ नुरानी पटेल बिल्डिंग, डिमटीमकर रोड, ८ २ ते १ ४ ४",93,
BoothVoterList_A4_Ward_211_Booth_56.pdf,50,"यादी भाग क्र. २ ० : २ - म्युनिसिपल घर ९ ६ हाजी बिल्डींग, डिमटीमकर Us, ८ २ ते १ ४ ४ (महानगरपालिका ३ ९) खंड 4,",89,
BoothVoterList_A4_Ward_211_Booth_56.pdf,51,"यादी भाग क्र. 20 : ७ - म्युनिसिपल घर १ ४ ४ बूटवाला बिल्डींग, डिमटीमकर रोड, ८ २ ते १ ४ ४ (महानगरपालिका ३ ९) खंड",87,
BoothVoterList_A4_Ward_211_Booth_56.pdf,52,"यादी भाग क्र. २ ० : ४ - म्युनिसिपल घर १ ० २-१ १ ६ नुरानी पटेल बिल्डिंग, डिमटीमकर रोड, ८ २ ते १ ४ ४",93,
BoothVoterList_A4_Ward_211_Booth_56.pdf,53,"यादी भाग क्र. २ ० : २ - म्युनिसिपल घर ९ ६ हाजी बिल्डींग, डिमटीमकर Us, ८ २ ते १ ४ ४ (महानगरपालिका ३ ९) खंड 4,",89,
BoothVoterList_A4_Ward_211_Booth_56.pdf,54,"यादी भाग क्र. 20 : ७ - म्युनिसिपल घर १ ४ ४ बूटवाला बिल्डींग, डिमटीमकर रोड, ८ २ ते १ ४ ४ (महानगरपालिका ३ ९) खंड",87,
BoothVoterList_A4_Ward_211_Booth_56.pdf,55,"यादी भाग क्र. २ ० : ४ - म्युनिसिपल घर १ ० २-१ १ ६ नुरानी पटेल बिल्डिंग, डिमटीमकर रोड, ८ २ ते १ ४ ४",93,
BoothVoterList_A4_Ward_211_Booth_56.pdf,56,"यादी भाग क्र. २ ० : ६ - म्युनिसिपल घर १ १ ८-१ ४ २ रझाक मंझील, डिमटीमकर Us, ८ २ ते १ ४ ४ (महानगरपालिका ३ ९) खंड",84,
BoothVoterList_A4_Ward_211_Booth_56.pdf,57,"यादी भाग क्र. २ ० : ४ - म्युनिसिपल घर १ ० २-१ १ ६ नुरानी पटेल बिल्डिंग, डिमटीमकर रोड, ८ २ ते १ ४ ४",93,
BoothVoterList_A4_Ward_211_Booth_56.pdf,58,"यादी भाग क्र. २ ० : ६ - म्युनिसिपल घर १ १ ८-१ ४ २ रझाक मंझील, डिमटीमकर Us, ८ २ ते १ ४ ४ (महानगरपालिका ३ ९) खंड",84,
BoothVoterList_A4_Ward_211_Booth_56.pdf,59,"यादी भाग क्र. २ ० : २ - म्युनिसिपल घर ९ ६ हाजी बिल्डींग, डिमटीमकर Us, ८ २ ते १ ४ ४ (महानगरपालिका ३ ९) खंड 4,",89,
BoothVoterList_A4_Ward_211_Booth_56.pdf,60,"यादी भाग क्र. २ ० : ४ - म्युनिसिपल घर १ ० २-१ १ ६ नुरानी पटेल बिल्डिंग, डिमटीमकर रोड, ८ २ ते १ ४ ४",93,
BoothVoterList_A4_Ward_211_Booth_56.pdf,61,"यादी भाग क्र. २ ० : ६ - म्युनिसिपल घर १ १ ८-१ ४ २ रझाक मंझील, डिमटीमकर Us, ८ २ ते १ ४ ४ (महानगरपालिका ३ ९) खंड",84,
BoothVoterList_A4_Ward_211_Booth_57.pdf,2,"यादी भाग क्र. ३ ७ : १ ८ - म्युनिसिपल घर ३ ४ ६ हिराणी गोविंदजी बिल्डींग क्रमांक २, सर जमशेदजी जिजीभॉय रोड,",91,
BoothVoterList_A4_Ward_211_Booth_57.pdf,11,"यादी भाग क्र. ७ ६ : 9 - दावूदी बोहरा ट्रस्ट (पत्राशेड बि), सर जे. जी. रोड, 368-830 (म. नि. वि.३ १),",86,
BoothVoterList_A4_Ward_211_Booth_57.pdf,19,"यादी भाग क्र. ७ ६ : २ - म्युनिसिपल घर ३ ९ ६ अक्रेडीया बिल्डिंग, सर जे. जे. रोड, ३ ८ ४-४ ३ ० (म. ण. वी ३ १)",86,
BoothVoterList_A4_Ward_211_Booth_57.pdf,23,"यादी भाग क्र. ७ ६ : ३ - म्युनिसिपल घर ३ ९ ६ अक्रेडिया बिल्डिंग बी. ब्लॉक, सर जे. जी. रोड, ३ ८ ४-४ ३ ०",86,
BoothVoterList_A4_Ward_211_Booth_57.pdf,25,"यादी भाग क्र. ७ ६ : ४ - म्युनिसिपल घर ४ १ २ आदिल हाऊस, सर जे. जी. रोड, ३ ८ ४-४ ३ ० (म. नि. वि.३ १) खंड 9,",92,
BoothVoterList_A4_Ward_211_Booth_57.pdf,27,"यादी भाग क्र. ७ ६ : ५ - म्युनिसिपल घर ४ २ ० ते ४ २ २ मेरी महल, सर जे. जी. रोड, ३ ८ ४-४ ३ ० (म. नि. वि.३ १) खंड",91,
BoothVoterList_A4_Ward_211_Booth_57.pdf,30,"यादी भाग क्र. ७ ६ : ६ -म्युनिसिपल घरन.४ २ ४ ते ४ ३ ० डायमंड कटर बिल्डींग, सर जे. जी. रोड, ३ ८ ४-४ ३ ०",93,
BoothVoterList_A4_Ward_211_Booth_57.pdf,34,"यादी भाग क्र. ७ ६ : 92 - म्युनिसिपल घर २ ८-२ ९ डायमंड कटर, टेमकर स्ट्रीट, म्युनिसिपल घर ४ ते 42 (म. नि. वि.३ ०)",87,
BoothVoterList_A4_Ward_211_Booth_57.pdf,35,"यादी भाग क्र. ७ ६ : १ ६-382-382 डी. युनायटेड अपार्टमेंट, सर जे. जे. रोड, न्यु नागपाडा, मुंबई",91,
BoothVoterList_A4_Ward_211_Booth_57.pdf,39,"यादी भाग क्र. ७ ६ : ६ -म्युनिसिपल घरन.४ २ ४ ते ४ ३ ० डायमंड कटर बिल्डींग, सर जे. जी. रोड, ३ ८ ४-४ ३ ०",93,
BoothVoterList_A4_Ward_211_Booth_57.pdf,40,"यादी भाग क्र. ७ ६ : २ - म्युनिसिपल घर ३ ९ ६ अक्रेडीया बिल्डिंग, सर जे. जे. रोड, ३ ८ ४-४ ३ ० (म. ण. वी ३ १)",86,
BoothVoterList_A4_Ward_211_Booth_57.pdf,41,"यादी भाग क्र. ७ ६ : ४ - म्युनिसिपल घर ४ १ २ आदिल हाऊस, सर जे. जी. रोड, ३ ८ ४-४ ३ ० (म. नि. वि.३ १) खंड 9,",92,
BoothVoterList_A4_Ward_211_Booth_57.pdf,42,"यादी भाग क्र. ७ ६ : २ - म्युनिसिपल घर ३ ९ ६ अक्रेडीया बिल्डिंग, सर जे. जे. रोड, ३ ८ ४-४ ३ ० (म. ण. वी ३ १)",86,
BoothVoterList_A4_Ward_211_Booth_57.pdf,43,"यादी भाग क्र. ७ ६ : 9 - दावूदी बोहरा ट्रस्ट (पत्राशेड बि), सर जे. जी. रोड, 368-830 (म. नि. वि.३ १),",86,
BoothVoterList_A4_Ward_211_Booth_57.pdf,44,"यादी भाग क्र. ७ ६ : १ ६-382-382 डी. युनायटेड अपार्टमेंट, सर जे. जे. रोड, न्यु नागपाडा, मुंबई",91,
BoothVoterList_A4_Ward_211_Booth_57.pdf,45,"यादी भाग क्र. ७ ६ : ४ - म्युनिसिपल घर ४ १ २ आदिल हाऊस, सर जे. जी. रोड, ३ ८ ४-४ ३ ० (म. नि. वि.३ १) खंड 9,",92,
BoothVoterList_A4_Ward_211_Booth_57.pdf,46,"यादी भाग क्र. ७ ६ : २ - म्युनिसिपल घर ३ ९ ६ अक्रेडीया बिल्डिंग, सर जे. जे. रोड, ३ ८ ४-४ ३ ० (म. ण. वी ३ १)",86,
BoothVoterList_A4_Ward_211_Booth_57.pdf,47,"यादी भाग क्र. ७ ६ : १ ६-382-382 डी. युनायटेड अपार्टमेंट, सर जे. जे. रोड, न्यु नागपाडा, मुंबई",91,
BoothVoterList_A4_Ward_211_Booth_57.pdf,48,"यादी भाग क्र. ७ ६ : २ - म्युनिसिपल घर ३ ९ ६ अक्रेडीया बिल्डिंग, सर जे. जे. रोड, ३ ८ ४-४ ३ ० (म. ण. वी ३ १)",86,
BoothVoterList_A4_Ward_211_Booth_57.pdf,49,"यादी भाग क्र. ७ ६ : १ ६-382-382 डी. युनायटेड अपार्टमेंट, सर जे. जे. रोड, न्यु नागपाडा, मुंबई",91,
BoothVoterList_A4_Ward_211_Booth_57.pdf,50,"यादी भाग क्र. ७ ६ : ५ - म्युनिसिपल घर ४ २ ० ते ४ २ २ मेरी महल, सर जे. जी. रोड, ३ ८ ४-४ ३ ० (म. नि. वि.३ १) खंड",91,
BoothVoterList_A4_Ward_211_Booth_57.pdf,51,"यादी भाग क्र. ७ ६ : ४ - म्युनिसिपल घर ४ १ २ आदिल हाऊस, सर जे. जी. रोड, ३ ८ ४-४ ३ ० (म. नि. वि.३ १) खंड 9,",92,
BoothVoterList_A4_Ward_211_Booth_57.pdf,52,"यादी भाग क्र. ७ ६ : २ - म्युनिसिपल घर ३ ९ ६ अक्रेडीया बिल्डिंग, सर जे. जे. रोड, ३ ८ ४-४ ३ ० (म. ण. वी ३ १)",86,
BoothVoterList_A4_Ward_211_Booth_57.pdf,53,"यादी भाग क्र. ७ ६ : ६ -म्युनिसिपल घरन.४ २ ४ ते ४ ३ ० डायमंड कटर बिल्डींग, सर जे. जी. रोड, ३ ८ ४-४ ३ ०",93,
BoothVoterList_A4_Ward_211_Booth_57.pdf,54,"यादी भाग क्र. ७ ६ : 9 - दावूदी बोहरा ट्रस्ट (पत्राशेड बि), सर जे. जी. रोड, 368-830 (म. नि. वि.३ १),",86,
BoothVoterList_A4_Ward_211_Booth_57.pdf,55,"यादी भाग क्र. ७ ६ : १ ६-382-382 डी. युनायटेड अपार्टमेंट, सर जे. जे. रोड, न्यु नागपाडा, मुंबई",91,
BoothVoterList_A4_Ward_211_Booth_57.pdf,56,"यादी भाग क्र. ७ ६ : ६ -म्युनिसिपल घरन.४ २ ४ ते ४ ३ ० डायमंड कटर बिल्डींग, सर जे. जी. रोड, ३ ८ ४-४ ३ ०",93,
BoothVoterList_A4_Ward_211_Booth_57.pdf,57,"यादी भाग क्र. ७ ६ : 9 - दावूदी बोहरा ट्रस्ट (पत्राशेड बि), सर जे. जी. रोड, 368-830 (म. नि. वि.३ १),",86,
BoothVoterList_A4_Ward_211_Booth_57.pdf,58,"यादी भाग क्र. ७ ६ : ४ - म्युनिसिपल घर ४ १ २ आदिल हाऊस, सर जे. जी. रोड, ३ ८ ४-४ ३ ० (म. नि. वि.३ १) खंड 9,",92,
BoothVoterList_A4_Ward_211_Booth_57.pdf,59,"यादी भाग क्र. ७ ६ : 9 - दावूदी बोहरा ट्रस्ट (पत्राशेड बि), सर जे. जी. रोड, 368-830 (म. नि. वि.३ १),",86,
BoothVoterList_A4_Ward_211_Booth_57.pdf,60,"यादी भाग क्र. ७ ६ : २ - म्युनिसिपल घर ३ ९ ६ अक्रेडीया बिल्डिंग, सर जे. जे. रोड, ३ ८ ४-४ ३ ० (म. ण. वी ३ १)",86,
BoothVoterList_A4_Ward_211_Booth_57.pdf,61,"यादी भाग क्र. ७ ७ : १ - म्युनिसिपल घर ३ ४ ० यहुदी चाळ, सर जमशेदजी जिजीभॉय रोड, ३ ४ ० ते ३ ४ ६ (महानगरपालिका",92,
BoothVoterList_A4_Ward_211_Booth_57.pdf,62,"यादी भाग क्र. ७ ७ : 2 - म्युनिसिपल घर ३ ४ ० यहुदी चाळ TAR, सर जमशेदजी जिजीभॉय रोड, ३ ४ ० ते ३ ४ ६",90,
BoothVoterList_A4_Ward_211_Booth_57.pdf,63,"यादी भाग क्र. ७ ७ : ३ - म्युनिसिपल घर ३ ४ ४ हिराणी बिल्डींग क्रमांक १, सर जमशेदजी जिजीभॉय Ws, ३ ४ ० ते ३ ४ ६",92,
BoothVoterList_A4_Ward_211_Booth_57.pdf,64,"यादी भाग क्र. ७ ७ : 8 - हिरजी नागोरी गोविंदजी बिल्डींग जवळील झोपडपट्टी, सर जमशेदजी",93,
BoothVoterList_A4_Ward_211_Booth_57.pdf,65,"यादी भाग क्र. ७ ७ : 4 - सर जेकब ससून हायस्कूल, सर जमशेदजी जिजीभॉय रोड, ३ ४ ० ते ३ ४ ६ (महानगरपालिका",90,
BoothVoterList_A4_Ward_211_Booth_57.pdf,66,"यादी भाग क्र. ७ ७ : ६ - म्युनिसिपल घर १ ३-१ ९ पेठा पुरावाला बिल्डींग, ४ थी पिरखान रोड, (महानगरपालिका ३ १) खंड 9,",92,
BoothVoterList_A4_Ward_211_Booth_57.pdf,72,"यादी भाग क्र. ७ ७ : ७ - म्युनिसिपल घर १ ९ देवजी धारजी बिल्डींग, ४ थी पिरखान रोड, (महानगरपालिका 39) खंड १,",89,
BoothVoterList_A4_Ward_211_Booth_57.pdf,76,"यादी भाग क्र. ७ ७ : ८ - म्युनिसिपल घर ३ १-३ ५ जोहरा 4AM, ४ थी पिरखान रोड, (महानगरपालिका 39) खंड १, मुंबई",89,
BoothVoterList_A4_Ward_211_Booth_57.pdf,79,"यादी भाग क्र. ७ ७ : ९-१ ४-२ ६ loses मंदिर जवळील झोपडपटटी, ४ थी पिरखान रोड, (महानगरपालिका ३ १)",88,
BoothVoterList_A4_Ward_211_Booth_57.pdf,80,"यादी भाग क्र. ७ ७ : १ ० - जे. जे. रोड दुकान गल्ली (ज्युस सेंटर), ४ थी पिरखान रोड, (महानगरपालिका ३ १) खंड १,",93,
BoothVoterList_A4_Ward_211_Booth_57.pdf,81,"यादी भाग क्र. ७ ७ : ६ - म्युनिसिपल घर १ ३-१ ९ पेठा पुरावाला बिल्डींग, ४ थी पिरखान रोड, (महानगरपालिका ३ १) खंड 9,",92,
BoothVoterList_A4_Ward_211_Booth_57.pdf,82,"यादी भाग क्र. ७ ७ : ८ - म्युनिसिपल घर ३ १-३ ५ जोहरा 4AM, ४ थी पिरखान रोड, (महानगरपालिका 39) खंड १, मुंबई",89,
BoothVoterList_A4_Ward_211_Booth_57.pdf,83,"यादी भाग क्र. ७ ७ : ६ - म्युनिसिपल घर १ ३-१ ९ पेठा पुरावाला बिल्डींग, ४ थी पिरखान रोड, (महानगरपालिका ३ १) खंड 9,",92,
BoothVoterList_A4_Ward_211_Booth_58.pdf,2,"यादी भाग क्र. ८ ६ : १-९ ०-बी. बी. आय. टी. चाळ 4.99 (संकल्प-१ ७ गृहनिर्माण संस्था मर्या), Aa",75,
BoothVoterList_A4_Ward_211_Booth_58.pdf,12,"यादी भाग क्र. ८ ६ : २ - म्युनिसिपल घर ९ ०-बी. बी. आय. टी. चाळ क्रमांक १ ८, सोफिया FN रोड, ९ ०बी ते ९ ०सी",89,
BoothVoterList_A4_Ward_211_Booth_58.pdf,26,"यादी भाग क्र. ८ ६ : १ ३ - म्युनिसिपल घर ९ ० ए बी. आय. टी चाळ क्रमांक १ ७ व १ ८ मगल झोपडपट्टी, सोफिया झुबेर",91,
BoothVoterList_A4_Ward_211_Booth_58.pdf,27,"यादी भाग क्र. ८ ६ : १ ५ - राजकमल प्राइड, गणेश मंच मार्ग, सोफिया Wax रोड, मुंबई मध्य, मुंबई",91,
BoothVoterList_A4_Ward_211_Booth_58.pdf,28,"यादी भाग क्र. ८ ६ : १-९ ०-बी. बी. आय. टी. चाळ 4.99 (संकल्प-१ ७ गृहनिर्माण संस्था मर्या), Aa",75,
BoothVoterList_A4_Ward_211_Booth_58.pdf,29,"यादी भाग क्र. ८ ६ : २ - म्युनिसिपल घर ९ ०-बी. बी. आय. टी. चाळ क्रमांक १ ८, सोफिया FN रोड, ९ ०बी ते ९ ०सी",89,
BoothVoterList_A4_Ward_211_Booth_58.pdf,30,"यादी भाग क्र. ८ ६ : १-९ ०-बी. बी. आय. टी. चाळ 4.99 (संकल्प-१ ७ गृहनिर्माण संस्था मर्या), Aa",75,
BoothVoterList_A4_Ward_211_Booth_58.pdf,31,"यादी भाग क्र. ८ ६ : १ ५ - राजकमल प्राइड, गणेश मंच मार्ग, सोफिया Wax रोड, मुंबई मध्य, मुंबई",91,
BoothVoterList_A4_Ward_211_Booth_58.pdf,32,"यादी भाग क्र. ८ ६ : २ - म्युनिसिपल घर ९ ०-बी. बी. आय. टी. चाळ क्रमांक १ ८, सोफिया FN रोड, ९ ०बी ते ९ ०सी",89,
BoothVoterList_A4_Ward_211_Booth_58.pdf,33,"यादी भाग क्र. ८ ६ : १-९ ०-बी. बी. आय. टी. चाळ 4.99 (संकल्प-१ ७ गृहनिर्माण संस्था मर्या), Aa",75,
BoothVoterList_A4_Ward_211_Booth_58.pdf,34,"यादी भाग क्र. ८ ६ : २ - म्युनिसिपल घर ९ ०-बी. बी. आय. टी. चाळ क्रमांक १ ८, सोफिया FN रोड, ९ ०बी ते ९ ०सी",89,
BoothVoterList_A4_Ward_211_Booth_58.pdf,35,"यादी भाग क्र. ८ ६ : १-९ ०-बी. बी. आय. टी. चाळ 4.99 (संकल्प-१ ७ गृहनिर्माण संस्था मर्या), Aa",75,
BoothVoterList_A4_Ward_211_Booth_58.pdf,36,"यादी भाग क्र. ८ ६ : २ - म्युनिसिपल घर ९ ०-बी. बी. आय. टी. चाळ क्रमांक १ ८, सोफिया FN रोड, ९ ०बी ते ९ ०सी",89,
BoothVoterList_A4_Ward_211_Booth_58.pdf,37,"यादी भाग क्र. ८ ६ : १ ५ - राजकमल प्राइड, गणेश मंच मार्ग, सोफिया Wax रोड, मुंबई मध्य, मुंबई",91,
BoothVoterList_A4_Ward_211_Booth_58.pdf,38,"यादी भाग क्र. ८ ६ : २ - म्युनिसिपल घर ९ ०-बी. बी. आय. टी. चाळ क्रमांक १ ८, सोफिया FN रोड, ९ ०बी ते ९ ०सी",89,
BoothVoterList_A4_Ward_211_Booth_58.pdf,39,"यादी भाग क्र. ८ ६ : १ ५ - राजकमल प्राइड, गणेश मंच मार्ग, सोफिया Wax रोड, मुंबई मध्य, मुंबई",91,
BoothVoterList_A4_Ward_211_Booth_58.pdf,40,"यादी भाग क्र. ८ ६ : २ - म्युनिसिपल घर ९ ०-बी. बी. आय. टी. चाळ क्रमांक १ ८, सोफिया FN रोड, ९ ०बी ते ९ ०सी",89,
BoothVoterList_A4_Ward_211_Booth_58.pdf,41,"यादी भाग क्र. ८ ६ : १ ५ - राजकमल प्राइड, गणेश मंच मार्ग, सोफिया Wax रोड, मुंबई मध्य, मुंबई",91,
BoothVoterList_A4_Ward_211_Booth_58.pdf,42,"यादी भाग क्र. ८ ६ : २ - म्युनिसिपल घर ९ ०-बी. बी. आय. टी. चाळ क्रमांक १ ८, सोफिया FN रोड, ९ ०बी ते ९ ०सी",89,
BoothVoterList_A4_Ward_211_Booth_58.pdf,43,"यादी भाग क्र. ८ ६ : १ ५ - राजकमल प्राइड, गणेश मंच मार्ग, सोफिया Wax रोड, मुंबई मध्य, मुंबई",91,
BoothVoterList_A4_Ward_211_Booth_58.pdf,44,"यादी भाग क्र. ८ ६ : १-९ ०-बी. बी. आय. टी. चाळ 4.99 (संकल्प-१ ७ गृहनिर्माण संस्था मर्या), Aa",75,
BoothVoterList_A4_Ward_211_Booth_58.pdf,45,"यादी भाग क्र. ८ ६ : १ ५ - राजकमल प्राइड, गणेश मंच मार्ग, सोफिया Wax रोड, मुंबई मध्य, मुंबई",91,
BoothVoterList_A4_Ward_211_Booth_58.pdf,46,"यादी भाग क्र. ८ ६ : १-९ ०-बी. बी. आय. टी. चाळ 4.99 (संकल्प-१ ७ गृहनिर्माण संस्था मर्या), Aa",75,
BoothVoterList_A4_Ward_211_Booth_58.pdf,47,"यादी भाग क्र. ८ ६ : १ ५ - राजकमल प्राइड, गणेश मंच मार्ग, सोफिया Wax रोड, मुंबई मध्य, मुंबई",91,
BoothVoterList_A4_Ward_211_Booth_59.pdf,2,"यादी भाग क्र. ८ ७ : १ - म्युनिसिपल घर ९ ० ए बी आय. टी. चाळ 4.92, सोफीया झुबेर रोड, ९ ०ए ते एस. पी. रोड",90,
BoothVoterList_A4_Ward_211_Booth_59.pdf,23,"यादी भाग क्र. ८ ७ : २ - म्युनिसिपल घर २ २ खान मंझिल, डिमटिमकर रोड, २ २ ते ६ २ (महानगरपालिका ३ १) खंड १, मुंबई",89,
BoothVoterList_A4_Ward_211_Booth_59.pdf,30,"यादी भाग क्र. ८ ७ : 3 - म्युनिसिपल घर ३ ६-४ ८ नुरजहॉ AM, डिमटिमकर रोड, २ २ ते ६ २ (महानगरपालिका 39) खंड",80,
BoothVoterList_A4_Ward_211_Booth_59.pdf,36,"यादी भाग क्र. ८ ७ : ४ - म्युनिसिपल घर ४ २ रोशन बिल्डींग, डिमटिमकर रोड, २ २ ते ६ २ (महानगरपालिका 39) खंड १,",90,
BoothVoterList_A4_Ward_211_Booth_59.pdf,37,"यादी भाग क्र. ८ ७ : ५ - म्युनिसिपल घर ५ ०-६ २ हबीब मंझिल, डिमटिमकर रोड, 22 ते ६ २ (महानगरपालिका 39) खंड १,",89,
BoothVoterList_A4_Ward_211_Booth_59.pdf,41,"यादी भाग क्र. ८ ७ : ६ - म्युनिसिपल घर ३ ६-४ ८ आफियाह हाईट्स को-ऑप. ERAT सोसाइटी, डिमटिमकर",87,
BoothVoterList_A4_Ward_211_Booth_59.pdf,47,"यादी भाग क्र. ८ ७ : १ - म्युनिसिपल घर ९ ० ए बी आय. टी. चाळ 4.92, सोफीया झुबेर रोड, ९ ०ए ते एस. पी. रोड",90,
BoothVoterList_A4_Ward_211_Booth_59.pdf,48,"यादी भाग क्र. ८ ७ : ६ - म्युनिसिपल घर ३ ६-४ ८ आफियाह हाईट्स को-ऑप. ERAT सोसाइटी, डिमटिमकर",87,
BoothVoterList_A4_Ward_211_Booth_59.pdf,49,"यादी भाग क्र. ८ ७ : १ - म्युनिसिपल घर ९ ० ए बी आय. टी. चाळ 4.92, सोफीया झुबेर रोड, ९ ०ए ते एस. पी. रोड",90,
BoothVoterList_A4_Ward_211_Booth_59.pdf,50,"यादी भाग क्र. ८ ७ : ६ - म्युनिसिपल घर ३ ६-४ ८ आफियाह हाईट्स को-ऑप. ERAT सोसाइटी, डिमटिमकर",87,
BoothVoterList_A4_Ward_211_Booth_59.pdf,51,"यादी भाग क्र. ८ ७ : २ - म्युनिसिपल घर २ २ खान मंझिल, डिमटिमकर रोड, २ २ ते ६ २ (महानगरपालिका ३ १) खंड १, मुंबई",89,
BoothVoterList_A4_Ward_211_Booth_59.pdf,52,"यादी भाग क्र. ८ ७ : ६ - म्युनिसिपल घर ३ ६-४ ८ आफियाह हाईट्स को-ऑप. ERAT सोसाइटी, डिमटिमकर",87,
BoothVoterList_A4_Ward_211_Booth_59.pdf,53,"यादी भाग क्र. ८ ७ : १ - म्युनिसिपल घर ९ ० ए बी आय. टी. चाळ 4.92, सोफीया झुबेर रोड, ९ ०ए ते एस. पी. रोड",90,
BoothVoterList_A4_Ward_211_Booth_59.pdf,54,"यादी भाग क्र. ८ ७ : ६ - म्युनिसिपल घर ३ ६-४ ८ आफियाह हाईट्स को-ऑप. ERAT सोसाइटी, डिमटिमकर",87,
BoothVoterList_A4_Ward_211_Booth_59.pdf,55,"यादी भाग क्र. ८ ७ : १ - म्युनिसिपल घर ९ ० ए बी आय. टी. चाळ 4.92, सोफीया झुबेर रोड, ९ ०ए ते एस. पी. रोड",90,
BoothVoterList_A4_Ward_211_Booth_59.pdf,56,"यादी भाग क्र. ८ ७ : ६ - म्युनिसिपल घर ३ ६-४ ८ आफियाह हाईट्स को-ऑप. ERAT सोसाइटी, डिमटिमकर",87,
BoothVoterList_A4_Ward_211_Booth_59.pdf,57,"यादी भाग क्र. ८ ७ : १ - म्युनिसिपल घर ९ ० ए बी आय. टी. चाळ 4.92, सोफीया झुबेर रोड, ९ ०ए ते एस. पी. रोड",90,
BoothVoterList_A4_Ward_211_Booth_59.pdf,58,"यादी भाग क्र. ८ ७ : ६ - म्युनिसिपल घर ३ ६-४ ८ आफियाह हाईट्स को-ऑप. ERAT सोसाइटी, डिमटिमकर",87,
BoothVoterList_A4_Ward_211_Booth_59.pdf,59,"यादी भाग क्र. ८ ७ : १ - म्युनिसिपल घर ९ ० ए बी आय. टी. चाळ 4.92, सोफीया झुबेर रोड, ९ ०ए ते एस. पी. रोड",90,
BoothVoterList_A4_Ward_211_Booth_59.pdf,60,"यादी भाग क्र. ८ ७ : ६ - म्युनिसिपल घर ३ ६-४ ८ आफियाह हाईट्स को-ऑप. ERAT सोसाइटी, डिमटिमकर",87,
BoothVoterList_A4_Ward_211_Booth_59.pdf,61,"यादी भाग क्र. ८ ७ : १ - म्युनिसिपल घर ९ ० ए बी आय. टी. चाळ 4.92, सोफीया झुबेर रोड, ९ ०ए ते एस. पी. रोड",90,
BoothVoterList_A4_Ward_211_Booth_59.pdf,62,"यादी भाग क्र. ८ ७ : ५ - म्युनिसिपल घर ५ ०-६ २ हबीब मंझिल, डिमटिमकर रोड, 22 ते ६ २ (महानगरपालिका 39) खंड १,",89,
BoothVoterList_A4_Ward_211_Booth_59.pdf,63,"यादी भाग क्र. ८ ७ : ६ - म्युनिसिपल घर ३ ६-४ ८ आफियाह हाईट्स को-ऑप. ERAT सोसाइटी, डिमटिमकर",87,
BoothVoterList_A4_Ward_211_Booth_6.pdf,2,"यादी भाग क्र. १ ४ ० : १ - आदम सिद्दीकी चाळ 9, पहिला घेलाभाई रोड,",92,
BoothVoterList_A4_Ward_211_Booth_6.pdf,7,"यादी भाग क्र. १ ४ ० : 2 - मौलाना सलिम चाळ 9, पहिला घेलाभाई रोड,",91,
BoothVoterList_A4_Ward_211_Booth_6.pdf,9,"यादी भाग क्र. १ ४ ० : 3 - बखार चाळ १, पहिला घेलाभाई रोड,",88,
BoothVoterList_A4_Ward_211_Booth_6.pdf,21,"यादी भाग क्र. १ ४ ० : ४ - काझी चाळ 4, पहिला घेलाभाई रोड,",91,
BoothVoterList_A4_Ward_211_Booth_6.pdf,28,"यादी भाग क्र. १ ४ ० : 4 - TAR चाळ १-९ बी १, पहिला घेलाभाई रोड,",90,
BoothVoterList_A4_Ward_211_Booth_6.pdf,29,"यादी भाग क्र. १ ४ ० : ६-बखार चाळ, पहिला घेलाभाई रोड,",92,
BoothVoterList_A4_Ward_211_Booth_6.pdf,30,"यादी भाग क्र. १ ४ ० : ७ - रेहमानी टॉवर, मोहम्मद उमर रज्जब रोड,",93,
BoothVoterList_A4_Ward_211_Booth_7.pdf,2,"यादी भाग क्र. १ ४ ० : ८ - इस्माईल पॅलेस, पहिला घेलाभाई रोड,",92,
BoothVoterList_A4_Ward_211_Booth_7.pdf,6,"यादी भाग क्र. १ ४ ० : ९ - म्युनिसिपल घर २ १ २-२ १ ४, सुरतवाला बिल्डिंग, मौलाना आझाद रोड,",89,
BoothVoterList_A4_Ward_211_Booth_7.pdf,9,"यादी भाग क्र. १ ४ ० : १ ० - म्युनिसिपल घर २ १ ६, ए. सी. लोहे की चाळ, मौलाना आझाद रोड, ARRAS रोड),",89,
BoothVoterList_A4_Ward_211_Booth_7.pdf,13,"यादी भाग क्र. १ ४ ० : १ - आदम सिद्दीकी चाळ 9, पहिला घेलाभाई रोड,",92,
BoothVoterList_A4_Ward_211_Booth_7.pdf,14,"यादी भाग क्र. १ ४ ० : 3 - बखार चाळ १, पहिला घेलाभाई रोड,",88,
BoothVoterList_A4_Ward_211_Booth_7.pdf,15,"यादी भाग क्र. १ ४ ० : १ ० - म्युनिसिपल घर २ १ ६, ए. सी. लोहे की चाळ, मौलाना आझाद रोड, ARRAS रोड),",89,
BoothVoterList_A4_Ward_211_Booth_7.pdf,16,"यादी भाग क्र. १ ४ ० : ८ - इस्माईल पॅलेस, पहिला घेलाभाई रोड,",92,
BoothVoterList_A4_Ward_211_Booth_7.pdf,17,"यादी भाग क्र. १ ४ ० : 3 - बखार चाळ १, पहिला घेलाभाई रोड,",88,
BoothVoterList_A4_Ward_211_Booth_7.pdf,18,"यादी भाग क्र. १ ४ ० : ७ - रेहमानी टॉवर, मोहम्मद उमर रज्जब रोड,",93,
BoothVoterList_A4_Ward_211_Booth_7.pdf,19,"यादी भाग क्र. १ ४ ० : ८ - इस्माईल पॅलेस, पहिला घेलाभाई रोड,",92,
BoothVoterList_A4_Ward_211_Booth_7.pdf,20,"यादी भाग क्र. १ ४ ० : १ ० - म्युनिसिपल घर २ १ ६, ए. सी. लोहे की चाळ, मौलाना आझाद रोड, ARRAS रोड),",89,
BoothVoterList_A4_Ward_211_Booth_7.pdf,21,"यादी भाग क्र. १ ४ ० : ८ - इस्माईल पॅलेस, पहिला घेलाभाई रोड,",92,
BoothVoterList_A4_Ward_211_Booth_7.pdf,22,"यादी भाग क्र. १ ४ ० : 4 - TAR चाळ १-९ बी १, पहिला घेलाभाई रोड,",90,
BoothVoterList_A4_Ward_211_Booth_7.pdf,23,"यादी भाग क्र. १ ४ ० : ८ - इस्माईल पॅलेस, पहिला घेलाभाई रोड,",92,
BoothVoterList_A4_Ward_211_Booth_7.pdf,24,"यादी भाग क्र. १ ४ ० : १ - आदम सिद्दीकी चाळ 9, पहिला घेलाभाई रोड,",92,
BoothVoterList_A4_Ward_211_Booth_7.pdf,25,"यादी भाग क्र. १ ४ ० : ४ - काझी चाळ 4, पहिला घेलाभाई रोड,",91,
BoothVoterList_A4_Ward_211_Booth_7.pdf,26,"यादी भाग क्र. १ ४ ० : 4 - TAR चाळ १-९ बी १, पहिला घेलाभाई रोड,",90,
BoothVoterList_A4_Ward_211_Booth_7.pdf,27,"यादी भाग क्र. १ ४ ० : 3 - बखार चाळ १, पहिला घेलाभाई रोड,",88,
BoothVoterList_A4_Ward_211_Booth_7.pdf,28,"यादी भाग क्र. १ ४ ० : ४ - काझी चाळ 4, पहिला घेलाभाई रोड,",91,
BoothVoterList_A4_Ward_211_Booth_7.pdf,29,"यादी भाग क्र. १ ४ ० : ६-बखार चाळ, पहिला घेलाभाई रोड,",92,
BoothVoterList_A4_Ward_211_Booth_7.pdf,30,"यादी भाग क्र. १ ४ ० : ४ - काझी चाळ 4, पहिला घेलाभाई रोड,",91,
BoothVoterList_A4_Ward_211_Booth_7.pdf,31,"यादी भाग क्र. १ ४ ० : ९ - म्युनिसिपल घर २ १ २-२ १ ४, सुरतवाला बिल्डिंग, मौलाना आझाद रोड,",89,
BoothVoterList_A4_Ward_211_Booth_7.pdf,32,"यादी भाग क्र. १ ४ ० : १ - आदम सिद्दीकी चाळ 9, पहिला घेलाभाई रोड,",92,
BoothVoterList_A4_Ward_211_Booth_7.pdf,33,"यादी भाग क्र. १ ४ ० : 2 - मौलाना सलिम चाळ 9, पहिला घेलाभाई रोड,",91,
BoothVoterList_A4_Ward_211_Booth_7.pdf,34,"यादी भाग क्र. १ ४ ० : १ - आदम सिद्दीकी चाळ 9, पहिला घेलाभाई रोड,",92,
BoothVoterList_A4_Ward_211_Booth_7.pdf,35,"यादी भाग क्र. १ ४ ० : 2 - मौलाना सलिम चाळ 9, पहिला घेलाभाई रोड,",91,
BoothVoterList_A4_Ward_211_Booth_7.pdf,36,"यादी भाग क्र. १ ४ ० : १ - आदम सिद्दीकी चाळ 9, पहिला घेलाभाई रोड,",92,
BoothVoterList_A4_Ward_211_Booth_7.pdf,37,"यादी भाग क्र. १ ४ ० : 3 - बखार चाळ १, पहिला घेलाभाई रोड,",88,
BoothVoterList_A4_Ward_211_Booth_7.pdf,38,"यादी भाग क्र. १ ४ ० : १ - आदम सिद्दीकी चाळ 9, पहिला घेलाभाई रोड,",92,
BoothVoterList_A4_Ward_211_Booth_7.pdf,39,"यादी भाग क्र. १ ४ ० : 4 - TAR चाळ १-९ बी १, पहिला घेलाभाई रोड,",90,
BoothVoterList_A4_Ward_211_Booth_7.pdf,40,"यादी भाग क्र. १ ४ ० : ४ - काझी चाळ 4, पहिला घेलाभाई रोड,",91,
BoothVoterList_A4_Ward_211_Booth_7.pdf,41,"यादी भाग क्र. १ ४ ० : 4 - TAR चाळ १-९ बी १, पहिला घेलाभाई रोड,",90,
BoothVoterList_A4_Ward_211_Booth_7.pdf,42,"यादी भाग क्र. १ ४ ० : 3 - बखार चाळ १, पहिला घेलाभाई रोड,",88,
BoothVoterList_A4_Ward_211_Booth_7.pdf,43,"यादी भाग क्र. १ ४ ० : १ - आदम सिद्दीकी चाळ 9, पहिला घेलाभाई रोड,",92,
BoothVoterList_A4_Ward_211_Booth_7.pdf,44,"यादी भाग क्र. १ ४ ० : ४ - काझी चाळ 4, पहिला घेलाभाई रोड,",91,
BoothVoterList_A4_Ward_211_Booth_7.pdf,45,"यादी भाग क्र. १ ४ ० : १ - आदम सिद्दीकी चाळ 9, पहिला घेलाभाई रोड,",92,
BoothVoterList_A4_Ward_211_Booth_7.pdf,46,"यादी भाग क्र. १ ४ ० : 3 - बखार चाळ १, पहिला घेलाभाई रोड,",88,
BoothVoterList_A4_Ward_211_Booth_7.pdf,47,"यादी भाग क्र. १ ४ ० : 2 - मौलाना सलिम चाळ 9, पहिला घेलाभाई रोड,",91,
BoothVoterList_A4_Ward_211_Booth_7.pdf,48,"यादी भाग क्र. १ ४ ० : ४ - काझी चाळ 4, पहिला घेलाभाई रोड,",91,
BoothVoterList_A4_Ward_211_Booth_7.pdf,49,"यादी भाग क्र. १ ४ ० : ८ - इस्माईल पॅलेस, पहिला घेलाभाई रोड,",92,
BoothVoterList_A4_Ward_211_Booth_7.pdf,50,"यादी भाग क्र. १ ४ १ : १ - म्युनिसिपल घर ९ ३ डी, सत्तार मझील मोहम्मद शाहिद मार्ग, (मोरलॅन्ड रोड),",92,
BoothVoterList_A4_Ward_211_Booth_7.pdf,51,"यादी भाग क्र. १ ४ १ : 2 - शिरिन मंझील ९ ३-ई, मोहम्मद शाहिद मार्ग, ARGS रोड),",87,
BoothVoterList_A4_Ward_211_Booth_8.pdf,2,"यादी भाग क्र. १ ४ १ : ३ - हालीमा अपार्टमेंट अ, मोहम्मद शाहिद मार्ग, (मोरलॅन्ड रोड),",91,
BoothVoterList_A4_Ward_211_Booth_8.pdf,6,"यादी भाग क्र. १ ४ १ : ४ - हालीमा अपार्टमेंट ब, मोहम्मद शाहिद मार्ग, (मोरलॅन्ड रोड),",92,
BoothVoterList_A4_Ward_211_Booth_8.pdf,11,"यादी भाग क्र. १ ४ १ : ५ - हालीमा अपार्टमेंट क, मोहम्मद शाहिद मार्ग, ARGS रोड),",89,
BoothVoterList_A4_Ward_211_Booth_8.pdf,14,"यादी भाग क्र. १ ४ १ : ६ - म्युनिसिपल घर ९ ७, मामसा इस्टेट चाळ, मोहम्मद शाहिद मार्ग, (मोरलॅन्ड रोड),",90,
BoothVoterList_A4_Ward_211_Booth_8.pdf,22,"यादी भाग क्र. १ ४ १ : ७ - म्युनिसिपल घर ९ ७, मामसा इस्टेट चाळ H-3 (नया नगर), मोहम्मद शाहिद मार्ग",92,
BoothVoterList_A4_Ward_211_Booth_8.pdf,32,"यादी भाग क्र. १ ४ १ : ८ - म्युनिसिपल घर २ ० ०-ए, दारूवाला बिल्डींग, मौलाना आझाद रोड,",93,
BoothVoterList_A4_Ward_211_Booth_8.pdf,34,"यादी भाग क्र. १ ४ १ : ९-2o बी दगड चाळ, BENT बाग, मोहम्मद शाहिद मार्ग, (मोरलॅन्ड रोड),",87,
BoothVoterList_A4_Ward_211_Booth_8.pdf,36,यादी भाग क्र. १ ४ १ : १ ० - म्युनिसिपल घर ९ ३ अरब तबेला मोहम्मद शाहिद मार्ग - मोरलॅन्ड रोड,92,
BoothVoterList_A4_Ward_211_Booth_8.pdf,37,यादी भाग क्र. १ ४ १ : १ १ - ओटावाला हॉटेल मोहम्मद शाहिद मार्ग - मोरलॅन्ड रोड,91,
BoothVoterList_A4_Ward_211_Booth_8.pdf,38,"यादी भाग क्र. १ ४ १ : 92 - म्युनिसिपल घर २ १ ०, कोयता इस्टेट, मौलाना आझाद रोड,",92,
BoothVoterList_A4_Ward_211_Booth_8.pdf,39,"यादी भाग क्र. १ ४ १ : 93 - म्युनिसिपल घर २ १ ०, मौलाना आझाद रोड,",92,
BoothVoterList_A4_Ward_211_Booth_8.pdf,40,"यादी भाग क्र. १ ४ १ : १ ४ - म्युनिसिपल घर २ १ ०, कोयता इस्टेट 3-4, मौलाना आझाद रोड,",94,
BoothVoterList_A4_Ward_211_Booth_8.pdf,41,"यादी भाग क्र. १ ४ १ : १ ५ - म्युनिसिपल घर २ ० ४, घोघारी बाग, मौलाना आझाद रोड,",93,
BoothVoterList_A4_Ward_211_Booth_8.pdf,42,"यादी भाग क्र. १ ४ १ : 9G -२ १ ० घोघरी बाग (हश्मी डेरी फार्म), मौलाना आझाद रोड,",89,
BoothVoterList_A4_Ward_211_Booth_8.pdf,43,"यादी भाग क्र. १ ४ १ : १ ७ - म्युनिसिपल घर ९ ७, होड 4-4, मोहम्मद शाहिद मार्ग, (मोरलॅन्ड रोड),",88,
BoothVoterList_A4_Ward_211_Booth_8.pdf,44,यादी भाग क्र. १ ४ १ : १ ८ - फातिमा मेन्हान मौलाना आझाद रोड क्रॉस लेन मुंबई -४ ० ० ० ० ८,93,
BoothVoterList_A4_Ward_211_Booth_8.pdf,45,"यादी भाग क्र. १ ४ १ : १ ९ - मजिदिआ मंझिल, प्लॉट क्रमांक 292-298 मौलाना आज़ाद रोड, मुंबई सेंट्रल,",92,
BoothVoterList_A4_Ward_211_Booth_8.pdf,46,"यादी भाग क्र. १ ४ १ : ७ - म्युनिसिपल घर ९ ७, मामसा इस्टेट चाळ H-3 (नया नगर), मोहम्मद शाहिद मार्ग",92,
BoothVoterList_A4_Ward_211_Booth_8.pdf,47,"यादी भाग क्र. १ ४ १ : ६ - म्युनिसिपल घर ९ ७, मामसा इस्टेट चाळ, मोहम्मद शाहिद मार्ग, (मोरलॅन्ड रोड),",90,
BoothVoterList_A4_Ward_211_Booth_8.pdf,48,"यादी भाग क्र. १ ४ १ : ३ - हालीमा अपार्टमेंट अ, मोहम्मद शाहिद मार्ग, (मोरलॅन्ड रोड),",91,
BoothVoterList_A4_Ward_211_Booth_8.pdf,49,"यादी भाग क्र. १ ४ १ : ४ - हालीमा अपार्टमेंट ब, मोहम्मद शाहिद मार्ग, (मोरलॅन्ड रोड),",92,
BoothVoterList_A4_Ward_211_Booth_8.pdf,50,"यादी भाग क्र. १ ४ १ : ७ - म्युनिसिपल घर ९ ७, मामसा इस्टेट चाळ H-3 (नया नगर), मोहम्मद शाहिद मार्ग",92,
BoothVoterList_A4_Ward_211_Booth_8.pdf,51,"यादी भाग क्र. १ ४ १ : ६ - म्युनिसिपल घर ९ ७, मामसा इस्टेट चाळ, मोहम्मद शाहिद मार्ग, (मोरलॅन्ड रोड),",90,
BoothVoterList_A4_Ward_211_Booth_8.pdf,52,"यादी भाग क्र. १ ४ १ : ७ - म्युनिसिपल घर ९ ७, मामसा इस्टेट चाळ H-3 (नया नगर), मोहम्मद शाहिद मार्ग",92,
BoothVoterList_A4_Ward_211_Booth_8.pdf,53,"यादी भाग क्र. १ ४ १ : ३ - हालीमा अपार्टमेंट अ, मोहम्मद शाहिद मार्ग, (मोरलॅन्ड रोड),",91,
BoothVoterList_A4_Ward_211_Booth_8.pdf,54,"यादी भाग क्र. १ ४ १ : ७ - म्युनिसिपल घर ९ ७, मामसा इस्टेट चाळ H-3 (नया नगर), मोहम्मद शाहिद मार्ग",92,
BoothVoterList_A4_Ward_211_Booth_8.pdf,55,"यादी भाग क्र. १ ४ १ : 2 - शिरिन मंझील ९ ३-ई, मोहम्मद शाहिद मार्ग, ARGS रोड),",87,
BoothVoterList_A4_Ward_211_Booth_8.pdf,56,"यादी भाग क्र. १ ४ १ : ३ - हालीमा अपार्टमेंट अ, मोहम्मद शाहिद मार्ग, (मोरलॅन्ड रोड),",91,
BoothVoterList_A4_Ward_211_Booth_8.pdf,57,"यादी भाग क्र. १ ४ १ : ४ - हालीमा अपार्टमेंट ब, मोहम्मद शाहिद मार्ग, (मोरलॅन्ड रोड),",92,
BoothVoterList_A4_Ward_211_Booth_8.pdf,58,"यादी भाग क्र. १ ४ १ : ६ - म्युनिसिपल घर ९ ७, मामसा इस्टेट चाळ, मोहम्मद शाहिद मार्ग, (मोरलॅन्ड रोड),",90,
BoothVoterList_A4_Ward_211_Booth_8.pdf,59,"यादी भाग क्र. १ ४ १ : ७ - म्युनिसिपल घर ९ ७, मामसा इस्टेट चाळ H-3 (नया नगर), मोहम्मद शाहिद मार्ग",92,
BoothVoterList_A4_Ward_211_Booth_8.pdf,60,"यादी भाग क्र. १ ४ १ : १ ९ - मजिदिआ मंझिल, प्लॉट क्रमांक 292-298 मौलाना आज़ाद रोड, मुंबई सेंट्रल,",92,
BoothVoterList_A4_Ward_211_Booth_8.pdf,61,"यादी भाग क्र. १ ४ १ : 2 - शिरिन मंझील ९ ३-ई, मोहम्मद शाहिद मार्ग, ARGS रोड),",87,
BoothVoterList_A4_Ward_211_Booth_8.pdf,62,"यादी भाग क्र. १ ४ १ : ६ - म्युनिसिपल घर ९ ७, मामसा इस्टेट चाळ, मोहम्मद शाहिद मार्ग, (मोरलॅन्ड रोड),",90,
BoothVoterList_A4_Ward_211_Booth_8.pdf,63,"यादी भाग क्र. १ ४ १ : ४ - हालीमा अपार्टमेंट ब, मोहम्मद शाहिद मार्ग, (मोरलॅन्ड रोड),",92,
BoothVoterList_A4_Ward_211_Booth_8.pdf,64,"यादी भाग क्र. १ ४ १ : ७ - म्युनिसिपल घर ९ ७, मामसा इस्टेट चाळ H-3 (नया नगर), मोहम्मद शाहिद मार्ग",92,
BoothVoterList_A4_Ward_211_Booth_8.pdf,65,"यादी भाग क्र. १ ४ १ : ८ - म्युनिसिपल घर २ ० ०-ए, दारूवाला बिल्डींग, मौलाना आझाद रोड,",93,
BoothVoterList_A4_Ward_211_Booth_8.pdf,66,"यादी भाग क्र. १ ४ १ : ७ - म्युनिसिपल घर ९ ७, मामसा इस्टेट चाळ H-3 (नया नगर), मोहम्मद शाहिद मार्ग",92,
BoothVoterList_A4_Ward_211_Booth_8.pdf,67,"यादी भाग क्र. १ ४ १ : ६ - म्युनिसिपल घर ९ ७, मामसा इस्टेट चाळ, मोहम्मद शाहिद मार्ग, (मोरलॅन्ड रोड),",90,
BoothVoterList_A4_Ward_211_Booth_8.pdf,68,"यादी भाग क्र. १ ४ १ : ५ - हालीमा अपार्टमेंट क, मोहम्मद शाहिद मार्ग, ARGS रोड),",89,
BoothVoterList_A4_Ward_211_Booth_9.pdf,2,"यादी भाग क्र. १ ३ ७ : १ - म्युनिसिपल घर ९ ७ सी ममसा इस्टेट (क), मोहम्मद शाहिद AM ARGS रोड)",86,
BoothVoterList_A4_Ward_211_Booth_9.pdf,9,"यादी भाग क्र. १ ३ ७ : २ - म्युनिसिपल घर ९ ७ सी ममसा इस्टेट (बी), मोहम्मद ales मार्ग ARGS रोड)",88,
BoothVoterList_A4_Ward_211_Booth_9.pdf,13,"यादी भाग क्र. १ ३ ० : ३ - म्युनिसिपल घर १ ० ९ फातिमा अपार्टमेंट, बी वींग, मोहम्मद शाहिद मार्ग ARGS रोड)",89,
BoothVoterList_A4_Ward_211_Booth_9.pdf,18,"यादी भाग क्र. १ ३ ० : ४-१ ० १ जुम्मा मजिद, मोहम्मद शाहिद मार्ग( मॉरलॅन्ड रोड)",90,
BoothVoterList_A4_Ward_211_Booth_9.pdf,21,"यादी भाग क्र. १ ३ ७ : 4-999 जुम्मा मजिद चाळ, मोहम्मद शाहिद मार्ग (मॉरलॅन्ड रोड)",88,
BoothVoterList_A4_Ward_211_Booth_9.pdf,23,"यादी भाग क्र. १ ३ ७ : ६- युसुफ आदम चाळ, मोहम्मद शाहिद मार्ग, ( मॉरलॅन्ड रोड)",82,
BoothVoterList_A4_Ward_211_Booth_9.pdf,24,"यादी भाग क्र. १ ३ ० : ९ - मामसा इस्टेट अ( मोरलॅन्ड रोड) मोहम्मद शाहिद मार्ग,",89,
BoothVoterList_A4_Ward_211_Booth_9.pdf,27,"यादी भाग क्र. १ ३ ७ : 94 - फातिमा अपार्टमेंट अ, सायरस Vary पथ,",89,
BoothVoterList_A4_Ward_211_Booth_9.pdf,29,"यादी भाग क्र. १ ३ ० : ३ - म्युनिसिपल घर १ ० ९ फातिमा अपार्टमेंट, बी वींग, मोहम्मद शाहिद मार्ग ARGS रोड)",89,
BoothVoterList_A4_Ward_211_Booth_9.pdf,30,"यादी भाग क्र. १ ३ ७ : 4-999 जुम्मा मजिद चाळ, मोहम्मद शाहिद मार्ग (मॉरलॅन्ड रोड)",88,
BoothVoterList_A4_Ward_211_Booth_9.pdf,31,"यादी भाग क्र. १ ३ ० : ३ - म्युनिसिपल घर १ ० ९ फातिमा अपार्टमेंट, बी वींग, मोहम्मद शाहिद मार्ग ARGS रोड)",89,
BoothVoterList_A4_Ward_211_Booth_9.pdf,32,"यादी भाग क्र. १ ३ ० : ९ - मामसा इस्टेट अ( मोरलॅन्ड रोड) मोहम्मद शाहिद मार्ग,",89,
BoothVoterList_A4_Ward_211_Booth_9.pdf,33,"यादी भाग क्र. १ ३ ७ : १ - म्युनिसिपल घर ९ ७ सी ममसा इस्टेट (क), मोहम्मद शाहिद AM ARGS रोड)",86,
BoothVoterList_A4_Ward_211_Booth_9.pdf,34,"यादी भाग क्र. १ ३ ० : ४-१ ० १ जुम्मा मजिद, मोहम्मद शाहिद मार्ग( मॉरलॅन्ड रोड)",90,
BoothVoterList_A4_Ward_211_Booth_9.pdf,35,"यादी भाग क्र. १ ३ ७ : 4-999 जुम्मा मजिद चाळ, मोहम्मद शाहिद मार्ग (मॉरलॅन्ड रोड)",88,
BoothVoterList_A4_Ward_211_Booth_9.pdf,36,"यादी भाग क्र. १ ३ ७ : १ - म्युनिसिपल घर ९ ७ सी ममसा इस्टेट (क), मोहम्मद शाहिद AM ARGS रोड)",86,
BoothVoterList_A4_Ward_211_Booth_9.pdf,37,"यादी भाग क्र. १ ३ ७ : 94 - फातिमा अपार्टमेंट अ, सायरस Vary पथ,",89,
