filename,page,content,confidence,original_content
001-Keshavrao_Khade_Road.pdf,2,काशिनाथ बिल्डींग संत गाडगेबाबा महाराज चौकाजवळ. साने गुरूजी मार्ग 307 ए ते 327. पिनकोड 400011,82,
001-Keshavrao_Khade_Road.pdf,6,मॉडन मिल कंपाऊंड चाळ क्रमांक 2 शिरीन सिनेमाजवळ. केशवराव खाडये. साने गुरूजी मार्ग 307 ए ते 327. पिनकोड 400011,83,
001-Keshavrao_Khade_Road.pdf,9,मॉडन मिल कंपाऊंड चाळ क्रमांक 3 शिरीन सिनेमाजवळ. केशवराव खाडये. साने गुरूजी मार्ग 307 ए ते 327. पिनकोड 400011,85,
001-Keshavrao_Khade_Road.pdf,10,मॉडन मिल कंपाऊंड चाळ क्रमांक 4 शिरीन सिनेमाजवळ. केशवराव खाडये. साने गुरूजी मार्ग 307 ए ते 327. पिनकोड 400011,84,
001-Keshavrao_Khade_Road.pdf,13,मॉडन मिल कंपाऊंड चाळ क्रमांक 5 शिरीन सिनेमाजवळ. केशवराव खाडये. साने गुरूजी मार्ग 307 ए ते 327. पिनकोड 400011,85,
001-Keshavrao_Khade_Road.pdf,14,मॉडन मिल कंपाऊंड चाळ क्रमांक 6 शिरीन सिनेमाजवळ. केशवराव खाडये. साने गुरूजी मार्ग 307 ए ते 327. पिनकोड 400011,84,
001-Keshavrao_Khade_Road.pdf,18,मॉडन मिल कंपाऊंड चाळ क्रमांक 7 शिरान सिनेमाजवळ. केशवराव खाडये. साने गुरूजी मार्ग 307 ए ते 327. पिनकोड 400011,80,
001-Keshavrao_Khade_Road.pdf,19,मार्डन मिल कम्पाऊंड चाळ क्रमांक 1 पिनकोड 400011,88,
002-Keshavrao_Khade_Road.pdf,2,अलमास अपाटॅमेंट हिंदुस्तान मिल समोर साने गुरुजी मार्ग 173 ते 209. मुंबई शहर पिनकोड 400011,88,
002-Keshavrao_Khade_Road.pdf,3,अलमास अपाटॅमेट हिंदुस्तान मिल समोर साने गुरुजी मार्ग 173 ते 209. मुंबई शहर पिनकोड 400011,88,
002-Keshavrao_Khade_Road.pdf,4,अलमास अपाटॅमेट हिंदुस्तान मिल समोर साने गुरुजी मार्ग 173 ते 209. मुंबई शहर पिनकोड 400011,89,
002-Keshavrao_Khade_Road.pdf,7,अपाटॅमॅट हिंदुस्तान मिल समोर साने गुरुजी मार्ग 173 ते 209. मुंबई शहर पिनकोड 400011,90,
002-Keshavrao_Khade_Road.pdf,16,अलखदिजा अपाटॅमेॅट. साने गुरुजी मार्ग 386 प्राचाळ. मुंबई शहर पिनकोड 400011,84,
002-Keshavrao_Khade_Road.pdf,17,अलखदिजा अपाटॅमॅट. साने गुरुजी मार्ग 386 पत्राचाळ. मुंबई शहर पिनकोड 400011,83,
002-Keshavrao_Khade_Road.pdf,18,पत्राचाळ. साने गुरुजी मार्ग 386 पत्राचाळ. मुंबई शहर पिनकोड 400011,89,
002-Keshavrao_Khade_Road.pdf,25,भरुचा कंपाऊंड झोपडया. साने गुरुजी मार्ग 386 पत्राचाळ. पिनकोड 400011,86,
002-Keshavrao_Khade_Road.pdf,26,भरुचा कंपाऊंड (गंगाराम गॅरेज). साने गुरुजी मार्ग 386 पत्राचाळ. पिनकोड 400011,87,
002-Keshavrao_Khade_Road.pdf,27,भरुचा कंपाऊंड 384-बी. साने गुरुजी मार्ग 386 पत्राचाळ. पिनकोड 400011,87,
002-Keshavrao_Khade_Road.pdf,28,महालक्ष्मी सदन हिंदुस्तान मिल समोर. साने गुरुजी मार्ग 386 पत्राचाळ. पिनकोड 400011,88,
002-Keshavrao_Khade_Road.pdf,29,महालक्ष्मी सदन बाजुला पत्राशेड 2. साने गुरुजी मार्ग 326-342. पिनकोड 400011,90,
003-Farooq_S_Umar_Bhai_Path.pdf,2,रंगवाला चाळ क्रमांक 1 ब्रँडबरी मिल समोर ठी मौलाना आझाद रोड रंगबाला चाळ मुंबई शहर पिनकोड 400011,86,
003-Farooq_S_Umar_Bhai_Path.pdf,3,रंगवाला चाळ क्रमांक 1 ब्रँडबरी मिल समोर मौलाना आझाद रोड रंगवाला चाळ मुंबई शहर पिनकोड 400011,84,
003-Farooq_S_Umar_Bhai_Path.pdf,7,रंगवाला चाळ क्रमांक 2 ब्रँडबरी मिल समोर मौलाना आझाद रोड रंगवाला चाळ मुंबई शहर पिनकोड 400011,84,
003-Farooq_S_Umar_Bhai_Path.pdf,9,रंगवाला चाळ क्रमांक 3 ब्रँडबरी मिल समोर मौलाना आझाद रोड रंगवाला चाळ मुंबई शहर पिनकोड 400011,83,
003-Farooq_S_Umar_Bhai_Path.pdf,12,रंगवाला चाळ क्रमांक 4 ब्रँडबरी मिल समोर मौलाना आझाद रोड रंगवाला चाळ मुंबई शहर पिनकोड 400011,84,
003-Farooq_S_Umar_Bhai_Path.pdf,15,रंगवाला चाळ क्रमांक 5 ब्रँंडबरी मिल समोर मौलाना आझाद रोड रंगवाला चाळ मुंबई शहर पिनकोड 400011,78,
003-Farooq_S_Umar_Bhai_Path.pdf,19,रंगवाला चाळ क्रमांक 6 ब्रँडबरी मिल समोर मौलाना आझाद रोड रंगवाला चाळ मुंबई शहर पिनकोड 400011,87,
003-Farooq_S_Umar_Bhai_Path.pdf,21,धोबी पत्राशेड 34 ब्रंडबरी मिल समोर मौलाना आझाद रोड रंगबाला चाळ. पिनकोड 400011,84,
003-Farooq_S_Umar_Bhai_Path.pdf,22,धोबी पत्राशेड 34 ब्रंडबरी मिल समोर मौलाना आझाद रोड रंगवाला चाळ. पिनकोड 400011,84,
003-Farooq_S_Umar_Bhai_Path.pdf,25,रंगवाला कंपाऊंड झोपडपट्टी ब्रँडबरी मिल समोर मौलाना आझाद रोड रंगवाला चाळ. पिनकोड 400011,82,
004-Farooq_S_Umar_Bhai_Path.pdf,2,न्यु पोलिस चाळ कालापानी पोलीस बिट जवळ आर. बी. चांदोरकर मार्ग. मुंबई शहर पिनकोड 400011,88,
004-Farooq_S_Umar_Bhai_Path.pdf,5,ओल्ड पोलिस चाळ आर. बी. चांदोरकर मार्ग. मुंबई शहर पिनकोड 400011,89,
004-Farooq_S_Umar_Bhai_Path.pdf,10,म्युनिसिपल ड्रेनेज कायालय कंपाउंड बी. आय. टी. क्रमांक 5 समोर आर. बी. चांदोरकर मार्ग. मुंबई शहर पिनकोड 400011,85,
004-Farooq_S_Umar_Bhai_Path.pdf,11,साबुवाला बिल्डिंग बेकरी जवळ आर. बी. चांदोरकर मार्ग. मुंबई शहर पिनकोड 400011,88,
004-Farooq_S_Umar_Bhai_Path.pdf,13,प्रभात बिल्डिंग आर. बी. चांदोरकर मार्ग. मुंबई शहर पिनकोड 400011,88,
005-Farooq_S_Umar_Bhai_Path.pdf,2,हुमायुन महल मोटलीबाई रोड. मुंबई शहर पिनकोड 400011,83,
005-Farooq_S_Umar_Bhai_Path.pdf,3,हूमायून महल मोटलीबाई रोड. मुंबई शहर पिनकोड 400011,68,
005-Farooq_S_Umar_Bhai_Path.pdf,4,स्टार चेम्बर्स - मोटलीबाई रोड. मुंबई शहर पिनकोड 400011,81,
005-Farooq_S_Umar_Bhai_Path.pdf,5,अकदास महल - मोटलीबाई रोड. मुंबई शहर पिनकोड 400011,78,
005-Farooq_S_Umar_Bhai_Path.pdf,8,मदनी मनोर - मोटलीबाई रोड. मुंबई शहर पिनकोड 400011,79,
005-Farooq_S_Umar_Bhai_Path.pdf,9,चित्सीया मंझील - मोटलीबाई रोड. मुंबई शहर पिनकोड 400011,91,
005-Farooq_S_Umar_Bhai_Path.pdf,10,दिलशाद मॅन्शन क डर - मोटलीबाई रोड. मुंबई शहर पिनकोड 400011,73,
005-Farooq_S_Umar_Bhai_Path.pdf,11,कसर ए आणएशा - मोटलीबाई रोड. मुंबई शहर पिनकोड 400011,71,
005-Farooq_S_Umar_Bhai_Path.pdf,12,नुन बेकर अपाटमट बेबी गाडन समोर - मोटलीबाई रोड. मुंबई शहर पिनकोड 400011,77,
005-Farooq_S_Umar_Bhai_Path.pdf,13,नुन बेकर अपाटॅमेंट बेबी गाडन समोर - मोटलीबाई रोड. मुंबई शहर पिनकोड 400011,77,
005-Farooq_S_Umar_Bhai_Path.pdf,14,अळ अभा बिल्डाॉग - मोटलीबाई रोड. मुंबई शहर पिनकोड 400011,80,
005-Farooq_S_Umar_Bhai_Path.pdf,16,गुलीस्तान बिल्डींग - मोटलीबाई रोड. मुंबई शहर पिनकोड 400011,70,
005-Farooq_S_Umar_Bhai_Path.pdf,18,गुललौला बेबी गाडन समोर - मोटलीबाई रोड. मुंबई शहर पिनकोड 400011,68,
005-Farooq_S_Umar_Bhai_Path.pdf,19,वाय. एम. सो. बिल्डॉग - मोटलीबाई रोड. मुंबई शहर पिनकोड 400011,69,
005-Farooq_S_Umar_Bhai_Path.pdf,20,व्लु हेवन - मोटलीबाई रोड. मुंबई शहर पिनकोड 400011,88,
005-Farooq_S_Umar_Bhai_Path.pdf,21,हिंदुस्तान मिल जवळील झाोपडीया मौलाना आझाद रोड मुंबई शहर पिनकोड 400011,84,
005-Farooq_S_Umar_Bhai_Path.pdf,24,हेंदुस्तान मिल जवळील झोपडपट्टी - मोटलीबाई रोड. मुंबई शहर पिनकोड 400011,86,
006-Farooq_S_Umar_Bhai_Path.pdf,2,बी. आय. टी. चाळ क्रमांक 21 माधवराव गांगण मार्ग 3 ते 7 पिनकोड 400011,80,
006-Farooq_S_Umar_Bhai_Path.pdf,8,बी. आय. टी. चाळ क्रमांक 22 माधवराव गांगण मार्ग 3 ते 7 पिनकोड 400011,74,
006-Farooq_S_Umar_Bhai_Path.pdf,14,बी. आय. टी. चाळ क्रमांक 23 माधवराव गांगण मार्ग 3 ते 7 पिनकोड 400011,75,
007-Farooq_S_Umar_Bhai_Path.pdf,2,बी. आय. टी. चाळ क्रमांक 7. माधवराव गांगण मार्ग पिनकोड 400011,86,
007-Farooq_S_Umar_Bhai_Path.pdf,8,बी. आय. टी. चाळ क्रमांक 9. माधवराव गांगण मार्ग पिनकोड 400011,87,
007-Farooq_S_Umar_Bhai_Path.pdf,14,करीमभाई बिल्डींग. माधवराव गांगण मार्ग. पिनकोड 400011,80,
007-Farooq_S_Umar_Bhai_Path.pdf,18,मोमीन मंझिल. माधवराव गांगण मार्ग. पिनकोड 400011,88,
007-Farooq_S_Umar_Bhai_Path.pdf,21,हवा मजल. माधवराव गांगण मार्ग. पिनकोड 400011,81,
008-Farooq_S_Umar_Bhai_Path.pdf,2,आगाखान बिल्डिंग. मोहममद शहिद मार्ग. पिनकोड 400011,71,
008-Farooq_S_Umar_Bhai_Path.pdf,8,खान बिल्डिंग (जूनि) 19 खान बिल्डोग. मोहममद शहिद मार्ग. पिनकोड 400011,80,
008-Farooq_S_Umar_Bhai_Path.pdf,9,खान बिल्डिंग (जुन) 19 खान बल्डाग. मोहममद शहिद मार्ग पिनकोड 400011,85,
008-Farooq_S_Umar_Bhai_Path.pdf,10,खान बिल्डिंग (जुन) 19 खान बल्डाग. मोहममद शहिद मार्ग. पिनकोड 400011,83,
008-Farooq_S_Umar_Bhai_Path.pdf,11,सराफ बिल्डिंग. मोहममद शहिद मार्ग. पिनकोड 400011,77,
008-Farooq_S_Umar_Bhai_Path.pdf,13,सुतारवाला बिल्डिंग. मोहममद शहिद मार्ग. पिनकोड 400011,78,
008-Farooq_S_Umar_Bhai_Path.pdf,14,इब्राहिम बिल्डिंग. मोहममद शहिद मार्ग पिनकोड 400011,74,
008-Farooq_S_Umar_Bhai_Path.pdf,15,इब्राहिम बिल्डिंग. मोहममद शहिद मार्ग. पिनकोड 400011,86,
008-Farooq_S_Umar_Bhai_Path.pdf,17,सुतारवाला चाळ. मोहममद शहिद मार्ग. पिनकोड 400011,80,
008-Farooq_S_Umar_Bhai_Path.pdf,20,कांचवाला बिल्डिंग. मोहममद शहिद मार्ग. पिनकोड 400011,78,
008-Farooq_S_Umar_Bhai_Path.pdf,22,भगवानदास बिल्डिंग. मोहममद शहिद मार्ग. पिनकोड 400008,77,
008-Farooq_S_Umar_Bhai_Path.pdf,23,सराफ बिल्डिंग. मोहममद शहिद मार्ग पिनकोड 400008,77,
008-Farooq_S_Umar_Bhai_Path.pdf,24,सेंट एन डूज चर्चे को. ऑप. सोसायटी. मोहममद शहिद मार्ग. पिनकोड 400008,87,
008-Farooq_S_Umar_Bhai_Path.pdf,25,रंगवाला मार्केट. मोहममद शहिद मार्ग. पिनकोड 400008,87,
008-Farooq_S_Umar_Bhai_Path.pdf,26,कपुर मेन्शन. मोहममद शहिद मार्ग. पिनकोड 400008,75,
009-Farooq_S_Umar_Bhai_Path.pdf,2,बि. आय. टी. चाळ न.8 फारुख एस उमरभाई पथ. मुंबई शहर पिनकोड 400011,76,
009-Farooq_S_Umar_Bhai_Path.pdf,3,ब. आय. टी. चाळ न.8 फारुख एस उमरभाई पथ. मुंबई शहर पिनकोड 400011,75,
009-Farooq_S_Umar_Bhai_Path.pdf,7,बी. आय. टी. चाळ क्रमांक 10 फारुख एस उमरभाई पथ. मुंबई शहर पिनकोड 400011,76,
009-Farooq_S_Umar_Bhai_Path.pdf,11,बी. आय. टी. चाळ न.12 फारुख एस उमरभाई पथ. मुंबई शहर पिनकोड 400011,76,
009-Farooq_S_Umar_Bhai_Path.pdf,17,शिरिनबाई चाळ. मोहममद शहिद मार्ग. (मोरलँन्ड रोड) मुंबई शहर पिनकोड 400008,88,
009-Farooq_S_Umar_Bhai_Path.pdf,18,पशिरिनबाई चाळ क्रमांक 6. मोहममद शहिद मार्ग. (मोरलँन्ड रोड) मुंबई शहर पिनकोड 400008,88,
009-Farooq_S_Umar_Bhai_Path.pdf,19,शिरिनबाई चाळ क्रमांक 3. मोहममद शहिद मार्ग. (मोरलँन्ड रोड) मुंबई शहर पिनकोड 400008,84,
009-Farooq_S_Umar_Bhai_Path.pdf,22,फिरदोस मॅन्शन मोहम्मद शहीद माग. मोरलॅन्ड रोड. मोटलीबाई रोड. मुंबई शहर पिनकोड 400008,74,
009-Farooq_S_Umar_Bhai_Path.pdf,24,संट्रल फोट क. मोटलीबाई रोड. मुंबई शहर पिनकोड 400008,88,
009-Farooq_S_Umar_Bhai_Path.pdf,25,मांदी बिल्डींग. मोटलीबाई रोड. मुंबई शहर पिनकोड 400008,85,
009-Farooq_S_Umar_Bhai_Path.pdf,26,तालुकदार बिल्डाॉग. मोटलीबाई रोड. मुंबई शहर पिनकोड 400008,77,
009-Farooq_S_Umar_Bhai_Path.pdf,27,संट्रल स्कुल. व. मोटलीबाई रोड. मुंबई शहर पिनकोड 400008,89,
009-Farooq_S_Umar_Bhai_Path.pdf,28,फिरोज गांधी झोपटटी | क) मोहममद शहिद मार्ग. मुंबई शहर पिनकोड 400008,87,
009-Farooq_S_Umar_Bhai_Path.pdf,31,न्यु. पत्रा शेड क्रमांक 3 | ड) मोहम्मद शहिद मार्ग. मुंबई शहर पिनकोड 400011,75,
009-Farooq_S_Umar_Bhai_Path.pdf,32,न्यु. पत्रा शेड क्रमांक 8 | ड) मोहम्मद शहिद मार्ग. मुंबई शहर पिनकोड 400011,70,
009-Farooq_S_Umar_Bhai_Path.pdf,33,माहम्मद शहोद माग न्यु पत्राचाळ क्रमांक 6 मोहम्मद शहीद मार्ग. मुंबई शहर पिनकोड 400011,86,
010-Farooq_S_Umar_Bhai_Path.pdf,2,किकाबाई बिल्डींग. आर. बी. चांदोरकर मार्ग. मुंबई शहर पिनकोड 400011,86,
010-Farooq_S_Umar_Bhai_Path.pdf,6,किकाबाई बेठी चाळ. आर. बी. चांदोरकर मार्ग. मुंबई शहर पिनकोड 400011,89,
010-Farooq_S_Umar_Bhai_Path.pdf,7,बी. आय. टी. चाळ क्रमांक 20. आर. बी. चांदोरकर मार्ग. मुंबई शहर पिनकोड 400011,88,
010-Farooq_S_Umar_Bhai_Path.pdf,14,बी. आय. टी. चाळ क्रमांक 4. मेघराज सेठी मार्ग. मुंबई शहर पिनकोड 400011,85,
010-Farooq_S_Umar_Bhai_Path.pdf,20,गुरूशिना चाळ. मेघराज सेठी मार्ग. मुंबई शहर पिनकोड 400011,92,
010-Farooq_S_Umar_Bhai_Path.pdf,22,झुला मेदान लगत झोपडपट्टी. मेघराज सेठी मार्ग. मुंबई शहर पिनकोड 400011,91,
010-Farooq_S_Umar_Bhai_Path.pdf,24,भायखळा नसिंग होम मेघराज सेठी मार्गे. मेघराज सेठी मार्ग. मुंबई शहर पिनकोड 400011,91,
011-Farooq_S_Umar_Bhai_Path.pdf,2,कापडिया मेन्शन डॉ. आनंदराव नायर मार्ग फारुख. एस. उमरभाई पथ मुंबई शहर पिनकोड 400011,87,
011-Farooq_S_Umar_Bhai_Path.pdf,3,बि. आय. टी. चाळ क्रमांक 14. डॉ. आनंदराव नायर मार्ग फारुख. एस. उमरभाई पथ मुंबई शहर पिनकोड,85,
011-Farooq_S_Umar_Bhai_Path.pdf,10,हयात पैलेस डॉ. आनंदराव नायर मार्ग फारुख. एस. उमरभाई पथ मुंबई शहर पिनकोड,89,
011-Farooq_S_Umar_Bhai_Path.pdf,11,सहारा को. ऑ. हाऊसिंग सोसायटी डॉ. आनंदराव नायर मार्ग फारुख. एस. उमरभाई पथ मुंबई शहर पिनकोड,92,
011-Farooq_S_Umar_Bhai_Path.pdf,13,शिरीन व्हिला डॉ. आनंदराव नायर मार्ग फारुख. एस. उमरभाई पथ मुंबई शहर पिनकोड,93,
011-Farooq_S_Umar_Bhai_Path.pdf,14,इरफान हाऊस डॉ. आनंदराव नायर मार्ग मुंबई शहर पिनकोड,91,
011-Farooq_S_Umar_Bhai_Path.pdf,15,कपुर बिल्डींग डॉ. आनंदराव नायर मार्ग मुंबई शहर पिनकोड द,90,
011-Farooq_S_Umar_Bhai_Path.pdf,16,हाजिमिया पटे मंझिल डॉ. आनंदराव नायर मार्ग मुंबई शहर पिनकोड द,89,
011-Farooq_S_Umar_Bhai_Path.pdf,17,हुमायुन मंॉझिल डॉ. आनंदराव नायर मार्ग मुंबई शहर पिनकोड द,88,
011-Farooq_S_Umar_Bhai_Path.pdf,18,क्रिस्टल व्हिला डॉ. आनंदराव नायर मार्ग मुंबई शहर पिनकोड र,85,
011-Farooq_S_Umar_Bhai_Path.pdf,19,अझीझ कॅस टल डॉ. आनंदराव नायर मार्ग. मुंबई शहर पिनकोड 400011,87,
012-Farooq_S_Umar_Bhai_Path.pdf,2,बी. आय. टी. चाळ क्रमांक 1. रेड क्रॉस रोड. मुंबई शहर पिनकोड 400011,87,
012-Farooq_S_Umar_Bhai_Path.pdf,3,बी. आय. टी. चाळ क्रमांक. रेड क्रॉस रोड. मुंबई शहर पिनकोड 400011,87,
012-Farooq_S_Umar_Bhai_Path.pdf,10,बी. आय. टी. चाळ क्रमांक 2. रेड क्रॉस रोड. मुंबई शहर पिनकोड न,88,
012-Farooq_S_Umar_Bhai_Path.pdf,11,बी. आय. टी. चाळ क्रमांक 2. रेड क्रॉस रोड. मुंबई शहर पिनकोड,88,
012-Farooq_S_Umar_Bhai_Path.pdf,14,बी. आय. टी. चाळ क्रमांक 2. रेड क्रॉस रोड. मुंबई शहर पिनकोड.,87,
012-Farooq_S_Umar_Bhai_Path.pdf,15,बी. आय. टी. चाळ क्रमांक 1 जवळील झोपडपट्टी. रेड क्रॉस रोड. मुंबई शहर पिनकोड,92,
012-Farooq_S_Umar_Bhai_Path.pdf,16,बी. आय. होम. रेड क्रॉस रोड. मुंबई शहर पिनकोड,89,
012-Farooq_S_Umar_Bhai_Path.pdf,17,संट ऐन्ड्युज चर्च. मेघराज सेठी मार्ग. मुंबई शहर पिनकोड 400011,88,
012-Farooq_S_Umar_Bhai_Path.pdf,18,संट ऐन्ड्युज चच जवळील झोपडपट्टी. मेघराज सेठी मार्ग. मुंबई शहर पिनकोड 400011,86,
012-Farooq_S_Umar_Bhai_Path.pdf,22,सेंट ऐन्ड्युज चर्च. मेघराज सेठी मार्ग. मुंबई शहर पिनकोड,89,
012-Farooq_S_Umar_Bhai_Path.pdf,23,बी. आय. टी. चाळ. रेड क्रॉस रोड.. मुंबई शहर पिनकोड,86,
013-Farooq_S_Umar_Bhai_Path.pdf,2,ममसा इस्टेट. मोहम्मद शाहिद मार्ग. मुंबई शहर पिनकोड 400008,85,
013-Farooq_S_Umar_Bhai_Path.pdf,5,बी. आय. कालेज कंम्पाऊडच्या झोपडया. मोहम्मद शाहिद मार्ग. मुंबई शहर पिनकोड,81,
013-Farooq_S_Umar_Bhai_Path.pdf,7,ममसा इस्टेट. मोहम्मद शाहिद मार्ग. मुंबई शहर पिनकोड,86,
013-Farooq_S_Umar_Bhai_Path.pdf,10,ममसा इस्टेट (बी). मोहम्मद शाहिद मार्ग. मुंबई शहर पिनकोड,88,
013-Farooq_S_Umar_Bhai_Path.pdf,12,फातिमा अपाटॅमेंट (बी वाग). मोहम्मद शाहिद मार्ग. मुंबई शहर पिनकोड.,84,
013-Farooq_S_Umar_Bhai_Path.pdf,13,फातिमा अपाटॅमेंट (बी वाग). मोहम्मद शाहिद मार्ग. मुंबई शहर पिनकोड,83,
013-Farooq_S_Umar_Bhai_Path.pdf,15,जुम्मा मजिद ड 6 मुंबई. मोहम्मद शाहिद मार्ग. मुंबई शहर पिनकोड,88,
013-Farooq_S_Umar_Bhai_Path.pdf,16,जुम्मा मजिद चाळ. मोहम्मद शाहिद मार्ग. मुंबई शहर पिनकोड,88,
013-Farooq_S_Umar_Bhai_Path.pdf,17,किकाबाई चाळ. मोहम्मद शाहिद मार्ग. मुंबई शहर पिनकोड,84,
013-Farooq_S_Umar_Bhai_Path.pdf,18,अल्लाहशश्‍्मी. सायरस. एवेन्यु पथ. सायरस एवेन्यु पथ. पिनकोड 400011,78,
013-Farooq_S_Umar_Bhai_Path.pdf,19,अब्दुल कादीर मेन्शन. सायरस एवेन्यु पथ. सायरस एवेन्यु पथ. पिनकोड,88,
013-Farooq_S_Umar_Bhai_Path.pdf,21,खतिजा मेन्शन. सायरस एवेन्यु पथ. सायरस एवेन्यु पथ. पिनकोड,84,
013-Farooq_S_Umar_Bhai_Path.pdf,22,अल मदीना. सायरस एवेन्यु पथ. सायरस एवेन्यु पथ. पिनकोड,86,
015-Farooq_S_Umar_Bhai_Path.pdf,2,दगड चाळ मोहम्मद शहिद मार्ग.. (मोरलॅन्ड रोड) मुंबई शहर पिनकोड 400008,82,
015-Farooq_S_Umar_Bhai_Path.pdf,4,दगड चाळ मोहम्मद शहिद मार्ग.. (मोरलँन्ड रोड) मुंबई शहर पिनकोड 400008,87,
015-Farooq_S_Umar_Bhai_Path.pdf,6,दगड चाळ मोहम्मद शहिद मार्ग.. (मोरलॅन्ड रोड) मुंबई शहर पिनकोड 400008,86,
015-Farooq_S_Umar_Bhai_Path.pdf,12,दगड चाळ मोहम्मद शहिद मार्ग.. (मोरलँन्ड रोड) मुंबई शहर पिनकोड 400008,87,
015-Farooq_S_Umar_Bhai_Path.pdf,13,दगड चाळ मोहम्मद शहिद मार्ग.. (मोरलॅन्ड रोड) मुंबई शहर पिनकोड 400008,86,
015-Farooq_S_Umar_Bhai_Path.pdf,16,दगड चाळ मोहम्मद शहिद मार्ग.. (मोरलँन्ड रोड) मुंबई शहर पिनकोड 400008,87,
015-Farooq_S_Umar_Bhai_Path.pdf,21,दगड चाळ मोहम्मद शहिद मार्ग.. (मोरलॅन्ड रोड) मुंबई शहर पिनकोड 400008,86,
015-Farooq_S_Umar_Bhai_Path.pdf,23,पटनी चाळ मोहम्मद शहिद मार्ग.. (मोरलॅन्ड रोड) मुंबई शहर पिनकोड,91,
016-Madhavrao_Gangan_Road.pdf,2,बी आय टी चाळ क्रमांक 24,60,
016-Madhavrao_Gangan_Road.pdf,3,बी आय टी चाळ क्रमांक 24. माधवराव गांगण मार्ग.. पिनकोड 400011,82,
016-Madhavrao_Gangan_Road.pdf,8,बी आय टी चाळ क्रमांक 5. आर. बी. चांदोरकर मार्ग.. पिनकोड 400011,77,
016-Madhavrao_Gangan_Road.pdf,14,बी आय टी चाळ क्रमांक 6. आर. बी. চাংদোরকর মার্গ.. পিনকোড 400011,77,
016-Madhavrao_Gangan_Road.pdf,15,बी आय टी चाळ क्रमांक 6. आर. बी. चांदोरकर मार्ग.. पिनकोड 400011,75,
016-Madhavrao_Gangan_Road.pdf,17,झवेरी बिल्डिंग. आर. बी. चांदोरकर मार्ग.. पिनकोड 400011,72,
017-Mohammad_Shaheed_Marg_(Moreland_Road).pdf,2,बी. आय. टी. चाळ क्रमांक 3. माधवराव गांगण मार्ग. मुंबई शहर पिनकोड 400011,86,
017-Mohammad_Shaheed_Marg_(Moreland_Road).pdf,4,बी. आय. टी. चाळ क्रमांक 3. माधवराव गাংगण मार्ग. मुंबई শহর পিনকোড 400011,79,
017-Mohammad_Shaheed_Marg_(Moreland_Road).pdf,7,बी. आय. टो. चाळ क्रमांक 3. माधवराव गांगण मार्ग. मुंबई शहर पिनकोड 400011,87,
017-Mohammad_Shaheed_Marg_(Moreland_Road).pdf,8,बी. आय. टी. चाळ क्रमांक 3. माधवराव गांगण मार्ग. मुंबई शहर पिनकोड 400011,79,
017-Mohammad_Shaheed_Marg_(Moreland_Road).pdf,9,ए. बी. एन. इस्माइल बिल्डॉग जवळील झोपडया. माधवराव गांगण मार्ग. मुंबई शहर पिनकोड 400011,86,
017-Mohammad_Shaheed_Marg_(Moreland_Road).pdf,10,बी. आय. टी. चाळ न॑.11. माधवराव गांगण मार्ग. मुंबई शहर पिनकोड 400011,76,
017-Mohammad_Shaheed_Marg_(Moreland_Road).pdf,15,सुपरिटेन्डन्ड ऑफिस जवळील झो. ॒. माधवराव गांगण मार्ग. मुंबई शहर पिनकोड 400011,78,
017-Mohammad_Shaheed_Marg_(Moreland_Road).pdf,16,बी. आय. टी. चाळ क्रमांक 13. माधवराव गांगण मार्ग. मुंबई शहर पिनकोड 400011,82,
017-Mohammad_Shaheed_Marg_(Moreland_Road).pdf,21,बी. आय. टो. चाळ क्रमांक 13-15 च्या मागील दुकान. माधवराव गांगण मार्ग. मुंबई शहर पिनकोड 400011,79,
018-Mohammad_Shaheed_Marg_(Moreland_Road).pdf,2,स्वीपर्स क्वाटस॑. फारुख एस. उमरभाई पथ. मुंबई शहर पिनकोड 400011,86,
018-Mohammad_Shaheed_Marg_(Moreland_Road).pdf,3,स्वौपस॑ क्वाटस. फारुख एस. उमरभाई पथ. मुंबई शहर पिनकोड 400011,84,
018-Mohammad_Shaheed_Marg_(Moreland_Road).pdf,4,स्वौपर्स क्वाटस जवळील झाोपडया.98. फारुख एस. उमरभाई पथ. मुंबई शहर पिनकोड 400011,81,
018-Mohammad_Shaheed_Marg_(Moreland_Road).pdf,5,रतन हाऊस. फारुख एस. उमरभाई पथ. मुंबई शहर पिनकोड 400011,88,
018-Mohammad_Shaheed_Marg_(Moreland_Road).pdf,7,ए गनी अत्तरवाला चाळ. घेलाबाई रोड. मुंबई शहर पिनकोड 400008,89,
018-Mohammad_Shaheed_Marg_(Moreland_Road).pdf,10,गनी अत्तरवाला चाळ. घेलाबाई रोड. मुंबई शहर पिनकोड 400008,89,
018-Mohammad_Shaheed_Marg_(Moreland_Road).pdf,12,नवी चाळ. घेलाबाई रोड. मुंबई शहर पिनकोड 400008,92,
018-Mohammad_Shaheed_Marg_(Moreland_Road).pdf,15,मुसा हाजी पत्रा चाळ. घेलाबाई रोड. मुंबई शहर पिनकोड 400008,90,
018-Mohammad_Shaheed_Marg_(Moreland_Road).pdf,16,आखाडे का चाळ. घेलाबाई रोड. मुंबई शहर पिनकोड 400008,92,
018-Mohammad_Shaheed_Marg_(Moreland_Road).pdf,17,इसाई सुमरशेठ चाळ.2 री घेलाभाई रोड. मुंबई शहर पिनकोड 400008,89,
018-Mohammad_Shaheed_Marg_(Moreland_Road).pdf,19,सफानाबाई चाळ.2 री घेलाभाई रोड. मुंबई शहर पिनकोड 400008,86,
018-Mohammad_Shaheed_Marg_(Moreland_Road).pdf,22,मिस्त्री चाळ.2 री घेलाभाई रोड. मुंबई शहर पिनकोड 400008,85,
018-Mohammad_Shaheed_Marg_(Moreland_Road).pdf,23,मिस्त्री चाळ.2 री घेलाभाई रोउ. मुंबई शहर पिनकोड 400008,79,
018-Mohammad_Shaheed_Marg_(Moreland_Road).pdf,25,मिस्त्री चाळ.2 री घेलाभाई रोड. मुंबई शहर पिनकोड 400008,82,
018-Mohammad_Shaheed_Marg_(Moreland_Road).pdf,31,हनीफ शेठ चाळ.2 री घेलाभाई रोड. मुंबई शहर पिनकोड 400008,86,
018-Mohammad_Shaheed_Marg_(Moreland_Road).pdf,32,सुभेदार बिल्डिंग.2 री घेलाभाई रोड. मुंबई शहर पिनकोड 400008,88,
018-Mohammad_Shaheed_Marg_(Moreland_Road).pdf,33,सुभेदार बिल्डिंग.2 री घेलाभाई रोउ. मुंबई शहर पिनकोड 400008,89,
018-Mohammad_Shaheed_Marg_(Moreland_Road).pdf,34,आखाडे का चाल.2 री घेलाभाई रोड. मुंबई शहर पिनकोड 400008,90,
019-Mohammad_Shaheed_Marg_(Moreland_Road).pdf,2,काली बिल्डिंग. मोहम्मद उमर रजब रोड. मुंबई शहर पिनकोड 400008,75,
019-Mohammad_Shaheed_Marg_(Moreland_Road).pdf,4,कलइवाला चाळ. मोहम्मद उमर रजब रोड. मुंबई शहर पिनकोड 400008,79,
019-Mohammad_Shaheed_Marg_(Moreland_Road).pdf,8,चष्मावाला चाळ. मोहम्मद उमर रजब रोड. मुंबई शहर पिनकोड 400008,82,
019-Mohammad_Shaheed_Marg_(Moreland_Road).pdf,10,बोौडीवाला चाळ. मोहम्मद उमर रजब रोड. मुंबई शहर पिनकोड 400008,88,
019-Mohammad_Shaheed_Marg_(Moreland_Road).pdf,12,रझिया बिल्डिंग. मोहम्मद उमर रजब रोड. मुंबई शहर पिनकोड 400008,80,
019-Mohammad_Shaheed_Marg_(Moreland_Road).pdf,15,पटेल बिल्डिंग. मोहम्मद उमर रजब रोड. मुंबई शहर पिनकोड 400008,85,
019-Mohammad_Shaheed_Marg_(Moreland_Road).pdf,16,70. आमा सेल्वेशन चाळ (ज्युबिली हॉल). शेख हाफिजुद्दीन मार्ग. मुंबई शहर पिनकोड 400008,88,
019-Mohammad_Shaheed_Marg_(Moreland_Road).pdf,17,विलिग्डन कंपाऊन्ड. शेख हाफिजुद्दीन मार्ग. मुंबई शहर पिनकोड 400008,80,
019-Mohammad_Shaheed_Marg_(Moreland_Road).pdf,18,सेल्वेशन आमी समोरील झोपउपट्टी. शेख हाफिजुद्दीन मार्ग. मुंबई शहर पिनकोड 400008,79,
019-Mohammad_Shaheed_Marg_(Moreland_Road).pdf,19,आदम सिद्दीकी चाळ 1 ली 1 ली घेलाभाई रोड. मुंबई शहर पिनकोड 400008,87,
019-Mohammad_Shaheed_Marg_(Moreland_Road).pdf,22,मोलाना सलिम चाळ 1 लौ 1 ली घेलाभाई रोड. मुंबई शहर पिनकोड,75,
019-Mohammad_Shaheed_Marg_(Moreland_Road).pdf,23,मौलाना सलिम चाळ 1 ली 1 ली घेलाभाई रोड. मुंबई शहर पिनकोड,79,
019-Mohammad_Shaheed_Marg_(Moreland_Road).pdf,24,बखार चाळ 1 ला 1 ली घेलाभाई रोड. मुंबई शहर पिनकोड,90,
019-Mohammad_Shaheed_Marg_(Moreland_Road).pdf,31,काझी चाळ 1 लौ 1 ली घेलाभाई रोड. मुंबई शहर पिनकोड,84,
019-Mohammad_Shaheed_Marg_(Moreland_Road).pdf,33,काझी चाळ 1 लौ 1 ली घेलाभाई रोड. मुंबई शहर पिनकोड.,85,
019-Mohammad_Shaheed_Marg_(Moreland_Road).pdf,34,काझी चाळ 1 लौ य 1 ली घेलाभाई रोड. मुंबई शहर पिनकोड”,79,
019-Mohammad_Shaheed_Marg_(Moreland_Road).pdf,35,काझी चाळ 1 लौ 1 ली घेलाभाई रोड. मुंबई शहर पिनकोड,88,
020-Mohammad_Shaheed_Marg_(Moreland_Road).pdf,2,सत्तार मझील. मोहम्मद शाहिद मार्ग. (मोरलॅन्ड रोड) मुंबई शहर पिनकोड 400008,84,
020-Mohammad_Shaheed_Marg_(Moreland_Road).pdf,3,शिरिन मंझील 93-इ मोरलेन्ड रोड दगड चाळींच्या बाजुला मुंबई-400008,86,
020-Mohammad_Shaheed_Marg_(Moreland_Road).pdf,4,हालौमा अपाटमट अ. मोहम्मद शाहिद मार्ग. (मोरलॅन्ड रोड) मुंबई शहर पिनकोड 400008,85,
020-Mohammad_Shaheed_Marg_(Moreland_Road).pdf,6,हालौमा अपाटमट बी जा द. मोहम्मद शाहिद मार्ग. (मोरलॅन्ड रोड) मुंबई शहर पिनकोड 400008,76,
020-Mohammad_Shaheed_Marg_(Moreland_Road).pdf,7,हालौमा अपाटमट सी जा द. मोहम्मद शाहिद मार्ग. (मोरलॅन्ड रोड) मुंबई शहर पिनकोड 400008,84,
020-Mohammad_Shaheed_Marg_(Moreland_Road).pdf,8,मामसा इस्टेट चाळ. मोहम्मद शाहिद मार्ग. (मोरलँन्ड रोड) मुंबई शहर पिनकोड 400008,80,
020-Mohammad_Shaheed_Marg_(Moreland_Road).pdf,9,मामसा इस्टेट चाळ. मोहम्मद शाहिद मार्ग. (मोरलॅन्ड रोड) मुंबई शहर पिनकोड 400008,78,
020-Mohammad_Shaheed_Marg_(Moreland_Road).pdf,13,मामसा इस्टेट चाळ क्र-3 (नया नगर). मोहम्मद शाहिद मार्ग. (मोरलॅन्ड रोड) मुंबई शहर पिनकोड 400008,77,
020-Mohammad_Shaheed_Marg_(Moreland_Road).pdf,17,दारूवाला बिल्डोग. मोहम्मद शाहिद मार्ग. (मोरलँन्ड रोड) मुंबई शहर पिनकोड 400008,78,
020-Mohammad_Shaheed_Marg_(Moreland_Road).pdf,18,सुरतवाला बिल्डिंग. मोहम्मद शाहिद मार्ग. (मोरलॅन्ड रोड) मुंबई शहर पिनकोड 400008,74,
020-Mohammad_Shaheed_Marg_(Moreland_Road).pdf,20,लोहे को चाळ. मोहम्मद शाहिद मार्ग. (मोरलॅन्ड रोड) मुंबई शहर पिनकोड 400008,76,
020-Mohammad_Shaheed_Marg_(Moreland_Road).pdf,21,घांघरी बाग दगड चाळ 20 बी जा द. मोहम्मद शाहिद मार्ग. (मोरलॅन्ड रोड) मुंबई शहर पिनकोड 400008,82,
020-Mohammad_Shaheed_Marg_(Moreland_Road).pdf,22,शाह प्रीमियर इंजिनिअरिंग मोरलॅन्ड रोड मुंबई शहर पिनकोड 400008,73,
020-Mohammad_Shaheed_Marg_(Moreland_Road).pdf,23,कोयता इस्टेट. मौलाना आझाद रोड. मुंबई शहर पिनकोड 400008,86,
020-Mohammad_Shaheed_Marg_(Moreland_Road).pdf,24,210 घोंघरा बाग (हश्मी डेरी फाम). मौलाना आझाद रोड. मुंबई शहर पिनकोड,87,
021-Mohd_Umar_Rajab_Road_Madan_Pura.pdf,2,इंदूशेठ चाळ ठे. 2 री घेलाबाई रोड. मुंबई शहर पिनकोड 400008,78,
021-Mohd_Umar_Rajab_Road_Madan_Pura.pdf,3,इंदूशेठ चाळ. 2 री घेलाबाई रोड. मुंबई शहर पिनकोड 400008,83,
021-Mohd_Umar_Rajab_Road_Madan_Pura.pdf,4,कररिमभाई चाळ. 2 री घेलाबाई रोड. मुंबई शहर पिनकोड 400008,84,
021-Mohd_Umar_Rajab_Road_Madan_Pura.pdf,5,सुलेमान चाळ. 2 री घेलाबाई रोड. मुंबई शहर पिनकोड 400008,78,
021-Mohd_Umar_Rajab_Road_Madan_Pura.pdf,6,दुखी शेठ चाळ. 2 री घेलाबाई रोड. मुंबई शहर पिनकोड 400008,91,
021-Mohd_Umar_Rajab_Road_Madan_Pura.pdf,7,रंगारी हसन चाळ.2 री घेलाबाई रोड. मुंबई शहर पिनकोड 400008,75,
021-Mohd_Umar_Rajab_Road_Madan_Pura.pdf,8,रहोमशेठ चाळ ब र डर द द. 2 री घेलाबाई रोड. मुंबई शहर पिनकोड 400008,74,
021-Mohd_Umar_Rajab_Road_Madan_Pura.pdf,9,इसासुमार चाळ. 2 री घेलाबाई रोड. मुंबई शहर पिनकोड 400008,87,
021-Mohd_Umar_Rajab_Road_Madan_Pura.pdf,11,बोरी चाळ. 2 री घेलाबाई रोड. मुंबई शहर पिनकोड 400008,91,
021-Mohd_Umar_Rajab_Road_Madan_Pura.pdf,13,मोहसीन चाळ.2 री घेलाबाई रोड. मुंबई शहर पिनकोड 400008,77,
021-Mohd_Umar_Rajab_Road_Madan_Pura.pdf,14,युसुफ मॅझिल. 2 री घेलाबाई रोड. मुंबई शहर पिनकोड 400008,87,
021-Mohd_Umar_Rajab_Road_Madan_Pura.pdf,15,याकुब मंझोील.2 री घेलाबाई रोड. पिनकोड 400008,79,
021-Mohd_Umar_Rajab_Road_Madan_Pura.pdf,17,हुसेन बिल्डॉग. मोहममद उमर रजब रोड. पिनकोड 400008,76,
021-Mohd_Umar_Rajab_Road_Madan_Pura.pdf,18,हुसेन बिल्डांग. डी ब्लॉक मोहम्मद. मोहममद उमर रजब रोड. पिनकोड,83,
021-Mohd_Umar_Rajab_Road_Madan_Pura.pdf,19,छाटी कमल बिल्डांग क्रमांक 2 मोहमेडन रोड (गोर-त बाजार). मुंबई शहर पिनकोड 400008,79,
021-Mohd_Umar_Rajab_Road_Madan_Pura.pdf,20,अक्सांमझिल ए मोहमेडन रोड (गोर-त बाजार). मुंबई शहर पिनकोड 400008,86,
021-Mohd_Umar_Rajab_Road_Madan_Pura.pdf,24,अक्सामँझिल बी मोहमेडन रोड (गोर-त बाजार). मुंबई शहर पिनकोड 400008,74,
021-Mohd_Umar_Rajab_Road_Madan_Pura.pdf,28,अक्सामँझिल सौ मोहमेडन रोड (गोर-त बाजार). मुंबई शहर पिनकोड 400008,76,
021-Mohd_Umar_Rajab_Road_Madan_Pura.pdf,32,अक्सामँझिल डी मोहमेडन रोड (गोर-त बाजार). मुंबई शहर पिनकोड 400008,87,
022-Mohd_Umar_Rajab_Road_Madan_Pura.pdf,2,कमिटी चाळ. 3 री घेलाभाई रोड. भायखळा (प) मुंबई मुंबई शहर पिनकोड 400011,85,
022-Mohd_Umar_Rajab_Road_Madan_Pura.pdf,9,मुराद चाळ. 3 री घेलाभाई रोड पिनकोड 400011,88,
022-Mohd_Umar_Rajab_Road_Madan_Pura.pdf,10,मुराद चाळ. 3 री घेलाभाई रोड. पिनकोड 400011,89,
022-Mohd_Umar_Rajab_Road_Madan_Pura.pdf,11,मुराद चाळ. 3 री घेलाभाई रोड पिनकोड 400011,88,
022-Mohd_Umar_Rajab_Road_Madan_Pura.pdf,13,मुराद चाळ. 3 री घेलाभाई रोड. पिनकोड 400011,89,
022-Mohd_Umar_Rajab_Road_Madan_Pura.pdf,15,करीम चाळ. 3 री घेलाभाई रोड. पिनकोड 400011,88,
022-Mohd_Umar_Rajab_Road_Madan_Pura.pdf,16,करीम चाळ. 3 री २ रोड. पिनकोड 400011,86,
022-Mohd_Umar_Rajab_Road_Madan_Pura.pdf,17,करीम चाळ. 3 री घेलाभाई रोड. पिनकोड 40001 1 र,84,
022-Mohd_Umar_Rajab_Road_Madan_Pura.pdf,18,रेहमान बिल्डिंग. मोहमेडन रोड (गोस त बाजार). पिनकोड 400011,85,
022-Mohd_Umar_Rajab_Road_Madan_Pura.pdf,21,नव बहार बिल्डिंग. मोहमेडन रोड (गोस त बाजार). पिनकोड 400011,91,
022-Mohd_Umar_Rajab_Road_Madan_Pura.pdf,25,ऐएऐे समन चाळ (रसुल बिल्डिंग). मोहमेडन रोड (गोस त बाजार). पिनकोड 400011,88,
023-Mohd_Umar_Rajab_Road_Madan_Pura.pdf,2,युसुफ मंझील. सिध्दीक लेन. भायखळा (प) मुंबई मुंबई शहर पिनकोड 400008,89,
023-Mohd_Umar_Rajab_Road_Madan_Pura.pdf,3,युसूफ मंझील. सिध्दीक लेन. पिनकोड र,83,
023-Mohd_Umar_Rajab_Road_Madan_Pura.pdf,4,आदम सिद्धिका चाळ. सिध्दीक लेन. पिनकोड न र,84,
023-Mohd_Umar_Rajab_Road_Madan_Pura.pdf,5,आदम सिद्धिका चाळ. सिध्दीक लेन. पिनकोड र र,83,
023-Mohd_Umar_Rajab_Road_Madan_Pura.pdf,6,आदम सिद्धिकी चाळ. सिध्दीक लेन. पिनकोड र,80,
023-Mohd_Umar_Rajab_Road_Madan_Pura.pdf,7,आदम सिद्धिकी चाळ. सिध्दीक लेन. पिनकोड न,85,
023-Mohd_Umar_Rajab_Road_Madan_Pura.pdf,8,जुनेद मंझील. सिध्दीक लेन. पिनकोड वि,90,
023-Mohd_Umar_Rajab_Road_Madan_Pura.pdf,9,जुनेद मंझील. सिध्दीक लेन. पिनकोड न,87,
023-Mohd_Umar_Rajab_Road_Madan_Pura.pdf,10,जुनेद मंझील. सिध्दीक लेन. पिनकोड य,83,
023-Mohd_Umar_Rajab_Road_Madan_Pura.pdf,12,मन्सुर बिल्डिंग. मोहममद उमर रजब रोड. भायखळा (प) मुंबई पिनकोड 400008,90,
023-Mohd_Umar_Rajab_Road_Madan_Pura.pdf,16,मन्सुर बिल्डिंग. मोहममद उमर रजब रोड. पिनकोड टि,86,
023-Mohd_Umar_Rajab_Road_Madan_Pura.pdf,17,हुसेन बिल्डिंग. मोहममद उमर रजब रोड. पिनकोड,90,
023-Mohd_Umar_Rajab_Road_Madan_Pura.pdf,18,हुसेन बिल्डिंग. मोहममद उमर रजब रोड. पिनकोड ब,86,
023-Mohd_Umar_Rajab_Road_Madan_Pura.pdf,19,हुसेन बिल्डिंग. मोहममद उमर रजब रोड. पिनकोड,89,
023-Mohd_Umar_Rajab_Road_Madan_Pura.pdf,20,हुसेन बिल्डिंग. मोहममद उमर रजब रोड. पिनकोड र,80,
023-Mohd_Umar_Rajab_Road_Madan_Pura.pdf,21,हुसेन बिल्डिंग. मोहममद उमर रजब रोड. पिनकोड व,85,
023-Mohd_Umar_Rajab_Road_Madan_Pura.pdf,22,हुसेन बिल्डिंग. मोहममद उमर रजब रोड. पिनकोड न,85,
024-Mohd_Umar_Rajab_Road_Madan_Pura.pdf,2,के. इं. होम सॅल्वेशाना आमी. मौलाना आझाद रोड. मुंबई शहर पिनकोड 400008,88,
024-Mohd_Umar_Rajab_Road_Madan_Pura.pdf,3,अब्दुला हाऊस (हाजी जमाल बि. ). मौलाना आझाद रोड. मुंबई शहर पिनकोड 400008,90,
024-Mohd_Umar_Rajab_Road_Madan_Pura.pdf,4,इब्राहीम इमारत. मौलाना आझाद रोड. मुंबई शहर पिनकोड 400008,90,
024-Mohd_Umar_Rajab_Road_Madan_Pura.pdf,6,आझाद इंडिया इमारत. मौलाना आझाद रोड. मुंबई शहर पिनकोड 400008,90,
024-Mohd_Umar_Rajab_Road_Madan_Pura.pdf,9,अमोनाबाई चाळ. मौलाना आझाद रोड. मुंबई शहर पिनकोड 400008,88,
024-Mohd_Umar_Rajab_Road_Madan_Pura.pdf,11,कोयता हाऊस. मौलाना आझाद रोड. मुंबई शहर पिनकोड 400008,90,
024-Mohd_Umar_Rajab_Road_Madan_Pura.pdf,12,खोजा चाळ. मौलाना आझाद रोड. भायखळा (प) मुंबई मुंबई शहर पिनकोड 400008,88,
024-Mohd_Umar_Rajab_Road_Madan_Pura.pdf,13,क प्रभात वाडी. मौलाना आझाद रोड. मुंबई शहर पिनकोड 400008,90,
024-Mohd_Umar_Rajab_Road_Madan_Pura.pdf,14,केडी बिल्डींग. मौलाना आझाद रोड. मुंबई शहर पिनकोड 400008,90,
024-Mohd_Umar_Rajab_Road_Madan_Pura.pdf,15,आगाखान बिल्डींग 3 | क) मौलाना आझाद रोड. मुंबई शहर पिनकोड 400008,89,
024-Mohd_Umar_Rajab_Road_Madan_Pura.pdf,17,राज ऑईल मिल्स. जहांगीर बोमन मार्ग. भायखळा (प) मुंबई मुंबई शहर पिनकोड 400008,91,
024-Mohd_Umar_Rajab_Road_Madan_Pura.pdf,18,शास्त्री (सुस ती) बिल्डींग. जहांगीर बोमन मार्ग. मुंबई शहर पिनकोड 400008,85,
024-Mohd_Umar_Rajab_Road_Madan_Pura.pdf,19,चिरा-ए-अरब. जहांगीर बोमन मार्ग. मुंबई शहर पिनकोड 400008,90,
024-Mohd_Umar_Rajab_Road_Madan_Pura.pdf,21,सय्यद मंझिल 3 | क) मौलाना आझाद रोड. मुंबई शहर पिनकोड 400008,89,
024-Mohd_Umar_Rajab_Road_Madan_Pura.pdf,23,युसुफ बाग 3 | क) मौलाना आझाद रोड. मुंबई शहर पिनकोड 400008,92,
025-Mohd_Umar_Rajab_Road_Madan_Pura.pdf,2,मुन्शी मंझिल. मोहममद उमर रजब रोड. भायखळा (प) मुंबई शहर पिनकोड 400011,88,
025-Mohd_Umar_Rajab_Road_Madan_Pura.pdf,3,रतनजी नेनसी बिल्डिंग. मोहममद उमर रजब रोड. मुंबई शहर पिनकोड,86,
025-Mohd_Umar_Rajab_Road_Madan_Pura.pdf,4,सफिया बिलिंग. मोहममद उमर रजब रोड. मुंबई शहर पिनकोड,82,
025-Mohd_Umar_Rajab_Road_Madan_Pura.pdf,5,सफिया बिल्डिंग. मोहममद उमर रजब रोड. मुंबई शहर पिनकोड,88,
025-Mohd_Umar_Rajab_Road_Madan_Pura.pdf,6,फातमाबाई चाळ. मोहममद उमर रजब रोड. मुंबई शहर पिनकोड,88,
025-Mohd_Umar_Rajab_Road_Madan_Pura.pdf,8,मोहम्मदी मंझील. मोहममद उमर रजब रोड. मुंबई शहर पिनकोड,86,
025-Mohd_Umar_Rajab_Road_Madan_Pura.pdf,10,मदरसा रहरमनिया मस्जिद. मोहममद उमर रजब रोड. मुंबई शहर पिनकोड,88,
025-Mohd_Umar_Rajab_Road_Madan_Pura.pdf,11,कय्युम मंझील. मोहममद उमर रजब रोड. मुंबई शहर र पिनकोड _,82,
025-Mohd_Umar_Rajab_Road_Madan_Pura.pdf,12,मुन्शी मंझील मोमवतीवाला चाळ. मोहममद उमर रजब रोड. मुंबई शहर पिनकोड,91,
025-Mohd_Umar_Rajab_Road_Madan_Pura.pdf,17,जरीवाला चाळ. मोहम्मद उमर रजब रोड. भायखळा (प) मुंबई पिनकोड 400011,88,
025-Mohd_Umar_Rajab_Road_Madan_Pura.pdf,23,झेनब अकबर मंजील. मोहम्मद उमर रजब रोड. पिनकोड,86,
025-Mohd_Umar_Rajab_Road_Madan_Pura.pdf,24,झेनब अकबर मंजील. मोहम्मद उमर र्‌जब रोड. पिनकोड,79,
025-Mohd_Umar_Rajab_Road_Madan_Pura.pdf,25,बेग महम्मद चाळ. मोहम्मद उमर र्‌जब रोड. पिनकोड टि,78,
025-Mohd_Umar_Rajab_Road_Madan_Pura.pdf,26,बेग महम्मद चाळ. मोहम्मद उमर रजब रोड. पिनकोड,86,
025-Mohd_Umar_Rajab_Road_Madan_Pura.pdf,28,बेग महम्मद चाळ. मोहम्मद उमर र्‌जब रोड. पिनकोड,83,
025-Mohd_Umar_Rajab_Road_Madan_Pura.pdf,31,म्युनिसिपल उदू शाळा. मोहम्मद उमर र्‌जब रोड. पिनकोड टि,80,
025-Mohd_Umar_Rajab_Road_Madan_Pura.pdf,32,बेग महम मद चाळ. मोहममद उमर रजब रोड. भायखळा (प) मुंबई मुंबई शहर पिनकोड 400011,89,
026-2nd_Ghelabhai_Street_Madanpura.pdf,2,फणसवाला चाळ (अ). शेख हाफीजडद्दीन मार्ग. भायखळा (प) पिनकोड 400008,69,
026-2nd_Ghelabhai_Street_Madanpura.pdf,3,फणसवाला चाळ (अ). शेख हाफीजउद्दीन मार्ग. भायखळा (प) पिनकोड 400008,75,
026-2nd_Ghelabhai_Street_Madanpura.pdf,4,फणसवाला चाळ-ब. शेख हाफीजडद्दीन मार्ग. मुंबई शहर पिनकोड 400008,77,
026-2nd_Ghelabhai_Street_Madanpura.pdf,5,नगरा कंपाउंड (पत्राशेड) (फणसवाला चाळ) ॒. मौलाना आझाद रोड. भायखळा (प) पिनकोड 400011,83,
026-2nd_Ghelabhai_Street_Madanpura.pdf,11,नगरी बिल्डिंग. मौलाना आझाद रोड. पिनकोड,63,
026-2nd_Ghelabhai_Street_Madanpura.pdf,12,नगरी बिल्डिंग. मौलाना आझाद रोड. पिनकोड टा,67,
026-2nd_Ghelabhai_Street_Madanpura.pdf,13,नगरी बिल्डिंग. मौलाना आझाद रोड. पिनकोड. ब,74,
026-2nd_Ghelabhai_Street_Madanpura.pdf,14,अहमद बिल्डोग मौलाना आझाद रोड. मुंबई शहर पिनकोड 400008,88,
026-2nd_Ghelabhai_Street_Madanpura.pdf,15,अहमद बिल्डाग मौलाना आझाद रोड. मुंबई शहर पिनकोड,86,
026-2nd_Ghelabhai_Street_Madanpura.pdf,19,बस्मिला हॉटेल मौलाना आझाद रोड. मुंबई शहर पिनकोड,84,
026-2nd_Ghelabhai_Street_Madanpura.pdf,20,सिल्वेशन आमी जवळील झोपड्या मौलाना आझाद रोड. मुंबई शहर पिनकोड,83,
026-2nd_Ghelabhai_Street_Madanpura.pdf,22,के. डो. बिल्डिग को. औ. हो. सोसायटी मौलाना आझाद रोड. मुंबई शहर पिनकोड,81,
026-2nd_Ghelabhai_Street_Madanpura.pdf,23,पटेल व सोनी आकिटेक्ट मौलाना आझाद रोड. मुंबई शहर पिनकोड,89,
027-Jehangir_Boman_Behram_Marg.pdf,2,अरंगवाला चाळ. मोहम्मद शहिद मार्ग. भायखळा (प) मुंबई पिनकोड 400011,78,
027-Jehangir_Boman_Behram_Marg.pdf,3,शोकत अलौ हॉशिंग सोसायटी. मोहम्मद शहिद मार्ग पिनकोड,84,
027-Jehangir_Boman_Behram_Marg.pdf,4,आदमजी पीराभाई बिल्डाॉग. मोहम्मद शहिद मार्ग पिनकोड,75,
027-Jehangir_Boman_Behram_Marg.pdf,6,आदमजी पौराभाई बिल्डाॉग नं-2. मोहम्मद शहिद मार्ग पिनकोड,64,
027-Jehangir_Boman_Behram_Marg.pdf,7,आदमजी पौराभाई बिल्डाॉग क्रमांक. मोहम्मद शहिद मार्ग पिनकोड,68,
027-Jehangir_Boman_Behram_Marg.pdf,8,हाजी चाळ. मोहम्मद शहिद मार्ग पिनकोड ब,73,
027-Jehangir_Boman_Behram_Marg.pdf,10,हाजी चाळ. मोहम्मद शहिद मार्ग पिनकोड,78,
027-Jehangir_Boman_Behram_Marg.pdf,11,हाजी चाळ. मोहम्मद शहिद मार्ग पिनकोड ब,73,
027-Jehangir_Boman_Behram_Marg.pdf,13,हाजी चाळ. मोहम्मद शहिद मार्ग पिनकोड,78,
027-Jehangir_Boman_Behram_Marg.pdf,15,अरिस्ट्रोट कंपाउंड-. जहांगीर बोमन मार्ग. पिनकोड,70,
027-Jehangir_Boman_Behram_Marg.pdf,17,अरिस्ट्रोट कंपाउंड-जी. जहांगीर बोमन मार्ग. पिनकोड,77,
027-Jehangir_Boman_Behram_Marg.pdf,18,झिया अपाटॅमेंट-अ. जहांगीर बोमन मार्ग. पिनकोड,62,
027-Jehangir_Boman_Behram_Marg.pdf,19,झिया अपाटॅमेंट-ब. जहांगीर बोमन मार्ग. पिनकोड ब,63,
027-Jehangir_Boman_Behram_Marg.pdf,20,झिया अपाटॅमेंट-ब. जहांगीर बोमन मार्ग. पिनकोड,66,
027-Jehangir_Boman_Behram_Marg.pdf,21,गौसिया बेकरी. जहांगीर बोमन मार्ग पिनकोड,76,
027-Jehangir_Boman_Behram_Marg.pdf,22,जुम्मा मशिद चाळ. जहांगीर बोमन मार्ग पिनकोड,79,
028-Mirza_Ghalib_Byculla.pdf,2,खलिल मॅन्शन. स पेन स रोड. भायखळा (प) मुंबई पिनकोड 400008,77,
028-Mirza_Ghalib_Byculla.pdf,3,3काराणी बिल्डिंग (होन्डा अपाटमेंट). स पेन स रोड पिनकोड च व,73,
028-Mirza_Ghalib_Byculla.pdf,4,काराणी बिल्डिंग (होन्डा अपाटमेंट). स पेन स रोड पिनकोड,78,
028-Mirza_Ghalib_Byculla.pdf,5,मेमुन माझिल. स पेन स रोड पिनकोड टि,73,
028-Mirza_Ghalib_Byculla.pdf,6,रेहाना बाग. स पेन स रोड. पिनकोड र,78,
028-Mirza_Ghalib_Byculla.pdf,7,बौबौभाई टेरेस. स पेन स रोड. पिनकोड,75,
028-Mirza_Ghalib_Byculla.pdf,8,होंडा मंझील | क) सर जमशेदजी जिजिभाय रोड पिनकोड,68,
028-Mirza_Ghalib_Byculla.pdf,9,होंडा मंझील | क) सर जमशेदजी जिजिभाय रोड पिनकोड टे ब,73,
028-Mirza_Ghalib_Byculla.pdf,10,भायखळा हाऊस (ए) | क) सर जमशेदजी जिजिभाय रोड पिनकोड 400008,82,
028-Mirza_Ghalib_Byculla.pdf,11,भायखळा हाऊस (. | क) सर जमशेदजी जिजिभाय रोड पिनकोड र र,78,
028-Mirza_Ghalib_Byculla.pdf,12,भायखळा हाऊस (. | क) सर जमशेदजी जिजिभाय रोड पिनकोड ब,81,
028-Mirza_Ghalib_Byculla.pdf,13,भायखळा हाऊस (सौ) | क) सर जमशेदजी जिजिभाय रोड पिनकोड,76,
028-Mirza_Ghalib_Byculla.pdf,14,युसुफ मंझोल 3 | क) सर जमशेदजी जिजिभाय रोड. पिनकोड टे,82,
028-Mirza_Ghalib_Byculla.pdf,15,मोहम्मदी चेम्बर | क) सर जमशेदजी जिजिभाय रोड. पिनकोड,77,
028-Mirza_Ghalib_Byculla.pdf,17,डी हबीब प्लॅटस | क) सर जमशेदजी जिजिभाय रोड. पिनकोड द,76,
028-Mirza_Ghalib_Byculla.pdf,18,डी फॅन्सी प्लॉटस | क) सर जमशेदजी जिजिभाय रोड. पिनकोड,84,
028-Mirza_Ghalib_Byculla.pdf,19,संवा निकेतन | क) सर जमशेदजी जिजिभाय रोड. पिनकोड,76,
028-Mirza_Ghalib_Byculla.pdf,20,नोमन व्होला. शेफर्ड रोड. पिनकोड द व,73,
028-Mirza_Ghalib_Byculla.pdf,21,इब्राहिम मेन्शन. शेफर्ड रोड. पिनकोड र,82,
028-Mirza_Ghalib_Byculla.pdf,22,साबुसिद्दिक कंपाऊंड. शेफर्ड रोड. पिनकोड,78,
029-Mirza_Ghalib_Byculla.pdf,2,बर्केल पॅलेस ए सेंट्रल रेल्वे क्वाटस. क्राईस्ट चर्च. सर जमशेटजी जिजीभॉय रोड पिनकोड 400008,80,
029-Mirza_Ghalib_Byculla.pdf,3,बकेल पॅलेस ए सेंट्रल रेल्वे क्वाटॅसं. क्राईस्ट चर्च. सर जमशेटजी जिजीभॉय रोड पिनकोड 400008 ॒,79,
029-Mirza_Ghalib_Byculla.pdf,4,बकेल पॅलेस ए सेंट्रल रेल्वे क्वाटॅसं. क्राईस्ट चर्च. सर जमशेटजी जिजीभॉय रोड पिनकोड 400008,81,
029-Mirza_Ghalib_Byculla.pdf,5,बकेल पॅलेस बी सेंट्रल रेल्वे क्वाटॅसं. क्राईस्ट चच शाळेजवळ. भायखळा. सर जमशेटजी जिजीभॉय रोड पिनकोड 400008 टि,84,
029-Mirza_Ghalib_Byculla.pdf,6,बकेल पॅलेस बी सेंट्रल रेल्वे क्वाटॅसं. क्राईस्ट चच शाळेजवळ. भायखळा. सर जमशेटजी जिजीभॉय रोड पिनकोड 400008,84,
029-Mirza_Ghalib_Byculla.pdf,8,बकेल पॅलेस सौ सेंट्रल रेल्वे क्वाटॅसं. क्राईस्ट चर्चे शाळेजवळ. भायखळा. सर जमशेटजी जिजीभॉय रोड पिनकोड 400008 ॒,82,
029-Mirza_Ghalib_Byculla.pdf,9,बकेल पॅलेस सौ सेंट्रल रेल्वे क्वाटॅसं. क्राईस्ट चर्चे शाळेजवळ. भायखळा. सर जमशेटजी जिजीभॉय रोड पिनकोड 400008,83,
029-Mirza_Ghalib_Byculla.pdf,10,बकेल पॅलेस डी संट्रल रेल्वे क्वाटंसं. क्राईस्ट चर्च शाळेजवळ. भायखळा. सर जमशेटजी जिजीभॉय रोड पिनकोड 400008 ब,80,
029-Mirza_Ghalib_Byculla.pdf,11,बकेल पॅलेस डी संट्रल रेल्वे क्वाटंसं. क्राईस्ट चर्च शाळेजवळ. भायखळा. सर जमशेटजी जिजीभॉय रोड पिनकोड 400008,84,
029-Mirza_Ghalib_Byculla.pdf,12,बर्कल पॅलेस इं संट्रल रेल्वे क्वाटस. क्राईस्ट चर्च शाळेजवळ. भायखळा. सर जमशेटजी जिजीभॉय रोड पिनकोड 400008,84,
029-Mirza_Ghalib_Byculla.pdf,14,बर्केल पॅलेस जवळील झोपड्या सेंट्रल रेल्वे क्वाटसं. क्राईस्ट चर्च. सर जमशेटजी जिजीभॉय रोड पिनकोड 400008 र,83,
029-Mirza_Ghalib_Byculla.pdf,15,बर्केल पॅलेस जवळील झोपड्या सेंट्रल रेल्वे क्वाटसं. क्राईस्ट चर्च. सर जमशेटजी जिजीभॉय रोड पिनकोड 400008 ल,82,
029-Mirza_Ghalib_Byculla.pdf,16,बर्केल पॅलेस जवळील झोपड्या सेंट्रल रेल्वे क्वाटसं. क्राईस्ट चर्च. सर जमशेटजी जिजीभॉय रोड पिनकोड 400008 र र,81,
029-Mirza_Ghalib_Byculla.pdf,17,लोबो मेत्रा ऑफ क्लेअर रोड. भायखळा (पुवे). मुं.400008. नागपाडा. क्राईस ट चर्च रोड मुंबई शहर पिनकोड 400008 ॒,83,
029-Mirza_Ghalib_Byculla.pdf,18,कोटे रायल ऑफ क्लेअर रोड. भायखळा (पुवे). मुं.400008. नागपाडा. क्राईस ट चर्च रोड मुंबई शहर पिनकोड ठा,86,
029-Mirza_Ghalib_Byculla.pdf,19,स्टोर मेन शन ए ऑफ क्लेअर रोड. भायखळा (पुवे). मुं.400008.. क्राईस ट चर्च रोड मुंबई शहर पिनकोड,89,
029-Mirza_Ghalib_Byculla.pdf,20,स्टोर मेन शन बौ ऑफ क्लेअर रोड. भायखळा (पुवे). मुं.400008.. क्राईस ट चर्च रोड मुंबई शहर पिनकोड,89,
029-Mirza_Ghalib_Byculla.pdf,21,हेवन मॉझिल ऑफ क्लेअर रोड. भायखळा (पुव). मुं.400008. नागपाडॉ. क्राईस ट चर्च रोड मुंबई शहर पिनकोड टि,82,
029-Mirza_Ghalib_Byculla.pdf,22,काचवाला चेंबर ऑफ क्लेअर रोड. भायखळा (पुवे). मुं.400008.. क्राईस ट चर्च रोड मुंबई शहर पिनकोड,87,
030-Mirza_Ghalib_Byculla.pdf,2,ए-विन विला ऑफ क्लेअर रोड. भायखळा (पुर्व). मुं.400008.. मिर्झा गालिब मार्ग पिनकोड 400008,83,
030-Mirza_Ghalib_Byculla.pdf,3,क्रॉईस्ट चर्चे स्टाफ क्वाटॅस क्लेअर रोड. भायखळा (पुर्वे). मिर्झा गालिब मार्ग पिनकोड ब,79,
030-Mirza_Ghalib_Byculla.pdf,4,क्रॉइस्ट चर्च (ओलड पॅरोज) क्लेअर रोड. भायखळा (पुवे). मिर्झा गालिब मार्ग पिनकोड,80,
030-Mirza_Ghalib_Byculla.pdf,5,हाजीमोहम्मद कोटे क्लेअर रोड. भायखळा पुवे मुं-400008. मिर्झा गालिब मार्ग पिनकोड न,80,
030-Mirza_Ghalib_Byculla.pdf,6,हाजीमोहम्मद कोटे क्लेअर रोड. भायखळा पुवे मुं-400008. मिर्झा गालिब मार्ग पिनकोड र,80,
030-Mirza_Ghalib_Byculla.pdf,7,प्रेझन बिल्डांग डिसोझा इंडरप्रायझ क्लेअर रोड. पेट्रोल पंपाच्या मागे भायखळा पुर्व. मिर्झा गालिब मार्ग पिनकोड ठी,75,
030-Mirza_Ghalib_Byculla.pdf,8,संफा कोटे क्लेअर रोड. मुं. पेट्रोल पंपाच्या मागे. भायखळा पुर्व. मिर्झा गालिब मार्ग पिनकोड न,66,
030-Mirza_Ghalib_Byculla.pdf,9,सतनम पॅलेस क्लेअर रोड. पेट्रोल पंपाच्या मागे. भायखळा पुवे. मिर्झा गालिब मार्ग पिनकोड,80,
030-Mirza_Ghalib_Byculla.pdf,10,पिक्की डॉली फ्लॅटस सि. क्लेअर रोड. पट्रोल पंपाच्या मागे. भायखळा. मिर्झा गालिब मार्ग पिनकोड,78,
030-Mirza_Ghalib_Byculla.pdf,11,पिक्की डॉली फ्लॅटस बौ. क्लेअर रोड. पेट्राल पंपाच्या. मिर्झा गालिब मार्ग पिनकोड,79,
030-Mirza_Ghalib_Byculla.pdf,12,पिक्की डॉली फ्लॅटस ए क्लेअर रोड. पेट्राल पंपाच्या मागे. भायखळा पुर्व. मिर्झा गालिब मार्ग पिनकोड,75,
030-Mirza_Ghalib_Byculla.pdf,14,रोशनी बिल्डांग क्लेअर रोड. पेट्रॉल पंपाच्या मागे भायखळा पुर्व. मिर्झा गालिब मार्ग पिनकोड,82,
030-Mirza_Ghalib_Byculla.pdf,15,भायखळा प्रिझन बि. (प्रा. लि. ) क्लेअर रोड. भायखळा (पुवे). मिर्झा गालिब मार्ग पिनकोड र न,71,
030-Mirza_Ghalib_Byculla.pdf,16,हबीब पाके क्लेअर रोड. अपोझट सेंट अँग्नेस स्कुल. भायखळा. मिर्झा गालिब मार्ग पिनकोड.,77,
030-Mirza_Ghalib_Byculla.pdf,17,हबीब पाके क्लेअर रोड. अपोझट सेंट अँग्नेस स्कुल. भायखळा. मिर्झा गालिब मार्ग पिनकोड,78,
030-Mirza_Ghalib_Byculla.pdf,19,ऑक सफडं चेम बस जाझस अँड मरी स्कुलजवळ. क्लेअर रोड.. मिर्झा गालिब मार्ग पिनकोड टि,80,
030-Mirza_Ghalib_Byculla.pdf,20,ऑक सफडं चेम बस जाझस अँड मरी स्कुलजवळ. क्लेअर रोड.. मिर्झा गालिब मार्ग पिनकोड,78,
030-Mirza_Ghalib_Byculla.pdf,22,जेल पोलिस लाईन क्लेअर रोड. भायखळा (पुवे) मुं. -400008. मिर्झा गालिब मार्ग पिनकोड,85,
031-Sant_Savata_Marg_Byculla.pdf,2,भारत बाबू भंडार अ. अब्बागनी अँड सन्स. मुस्तफा बझार.. सतं सावता 41-119-एफ (मानिवि 36)खंड 1 माझगांव भायखळा (पूर्व) पिनकोड 400010,90,
031-Sant_Savata_Marg_Byculla.pdf,3,कांतीलाल आणि कंपनी मुस्तफा बझार. क. संत सावता मार्ग 41-119-एफ (महानगरपालिका 36) खंड! माझगांव मायखळा (पूर्व) पिनकोड 400010,84,
031-Sant_Savata_Marg_Byculla.pdf,4,रुस्तमबाग बिल्डिंग क्रमांक - संत सावता मार्ग 41-119-एफ (मनिबि 36) खंड 1 माझगांव मायखळा (पूर्व) पिनकोड 400027,79,
031-Sant_Savata_Marg_Byculla.pdf,5,रुस्तमबाग बिल्डिंग क्रमांक 3. संत सावता मार्ग 41-119-एफ (महानगरपालिका 36) खंड 1 माझगांव मायखळा (पूर्व) पिनकोड 400027,74,
031-Sant_Savata_Marg_Byculla.pdf,6,रुस्तमबाग बिल्डिंग क्रमांक 4. संत सावता मार्ग 41-119-एफ (महानगरपालिका 36) खंड! माझगांव मायखळा (पूर्व) पिनकोड 400027,74,
031-Sant_Savata_Marg_Byculla.pdf,7,रुस्तमबाग बिल्डिंग क्रमांक 3. संत सावता मार्ग 41-119-एफ (मनिबि 36) खंड 1 माझगांब मायखळा (पूर्व) पिनकोड 400027,77,
031-Sant_Savata_Marg_Byculla.pdf,8,रुस्तमबाग बिल्डिंग क्रमांक 7. संत सावता मार्ग 41-119-एफ (मनिबि 36) खंड 1 माझगांव मायखळा (पूर्व) पिनकोड 400027,80,
031-Sant_Savata_Marg_Byculla.pdf,9,रुस्तमबाग बिल्डिंग क्रमांक 10. संत सावता मार्ग 41-119-एफ (महानगरपालिका 36) खंड! माझगांव मायखळा (पूर्व) पिनकोड 400027,77,
031-Sant_Savata_Marg_Byculla.pdf,10,रुस्तमबाग बिल्डिंग क्रमांक 13. संत सावता मार्ग 41-119-एफ (मनिबि 36) खंड 1 माझगांव मायखळा (पूर्व) पिनकोड 400027,86,
031-Sant_Savata_Marg_Byculla.pdf,11,रुस्तमबाग बिल्डिंग क्रमांक 14. संत सावता मार्ग 41-119-एफ (मनिबि 36) खंड 1 माझगांव मायखळा (पूर्व) पिनकोड 400027,84,
031-Sant_Savata_Marg_Byculla.pdf,12,रुस्तमबाग बिल्डिंग क्रमांक 135. संत सावता मार्ग 41-119-एफ (महानगरपालिका 36) खंड! माझगांव मायखळा (पूर्व) पिनकोड 400027,73,
031-Sant_Savata_Marg_Byculla.pdf,13,रुस्तमबाग बिल्डिंग क्रमांक 1-13-15-16. संत सावता मार्ग 41-119-एफ (मनिबि 36) खंड 1 माझगांव मायखळा (पूर्व) मुंबई शहर पिनकोड 400027,80,
031-Sant_Savata_Marg_Byculla.pdf,14,जमनादास प्रभुदास पत्राचाळ. गल्ली क्रमांक 1 चाळ क्रमांक 1.. सिताफळ वाडी 1-17-बी (मनिबि 34) खंड 1 मायखळा पूर्व मुंबई शहर पिनकोड 400010,85,
031-Sant_Savata_Marg_Byculla.pdf,15,जमनादास प्रभुदास पत्राचाळ डॉ. मस्करन्स रोड. इस्त्राइल सोनापुर. सिताफळ वाडी 1-17-बी. मायखळा पूर्व मुंबई शहर पिनकोड 400010,91,
031-Sant_Savata_Marg_Byculla.pdf,16,रुस्तम बाग बि. ब्लॉक ए | अ) संत सावता मार्ग 95-167(म. नि. वि.34)खंड 2 मायखळा पूर्व मुंबई शहर पिनकोड 400027,74,
031-Sant_Savata_Marg_Byculla.pdf,17,रुस्तम बाग बि. ब्लॉक ए | अ) संत सावता मार्ग 95-167(म. नि. बि.34)खंड 2 मायखळा पूर्व मुंबई शहर पिनकोड 400027,71,
031-Sant_Savata_Marg_Byculla.pdf,18,रुस्तम बाग बि. ब्लॉक ए | अ) संत सावता मार्ग 95-167(म. नि. वि.34)खंड 2 मायखळा पूर्व मुंबई शहर पिनकोड 400027,74,
031-Sant_Savata_Marg_Byculla.pdf,19,रुस्तम बाग बि. ब्लॉक | अ) संत सावता मार्ग 95-167(म. नि. वि.34)खंड 2 मायखळा पूर्व मुंबई शहर पिनकोड,75,
031-Sant_Savata_Marg_Byculla.pdf,20,रुस्तम बाग बि. ब्लॉक सी | अ) संत सावता मार्ग 95-167(म. नि. वि.34)खंड 2 मायखळा पूर्व मुंबई शहर पिनकोड,78,
031-Sant_Savata_Marg_Byculla.pdf,21,रसुस्तम बाग बि. ब्लॉक डी | अ) संत सावता मार्ग 95-167(म. नि. वि.34)खंड 2 मायखळा पूर्व मुंबई शहर पिनकोड,76,
031-Sant_Savata_Marg_Byculla.pdf,22,रुस्तम बाग बि. ब्लॉक इ | अ) संत सावता मार्ग 95-167(म. नि. वि.34)खंड 2 मायखळा पूर्व मुंबई शहर पिनकोड,77,
031-Sant_Savata_Marg_Byculla.pdf,23,रुस्तम बाग. बिल्डिंग क्रमांक 17 ब | अ) संत सावता मार्ग 95-167(म. नि. वि.34)खंड 2 मायखळा पूर्व मुंबई शहर पिनकोड,67,
031-Sant_Savata_Marg_Byculla.pdf,24,रुस्तम बाग. ब. ब्लॉक क्रमांक 17 डो. | अ) संत सावता मार्ग 95-167(म. नि. बि.34)खंड 2 मायखळा पूर्व मुंबई शहर पिनकोड,76,
031-Sant_Savata_Marg_Byculla.pdf,25,रुस्तम बाग. बि. ब्लॉक क्रमांक 17 | अ) संत सावता मार्ग 95-167(म. नि. वि.34)खंड 2 मायखळा पूर्व मुंबई शहर पिनकोड,86,
031-Sant_Savata_Marg_Byculla.pdf,26,संव्हट क्वाटेस मसिना हॉस्पी | अ) संत सावता मार्ग 95-167(म. नि. वि.34)खंड 2 मायखळा पूर्व मुंबई शहर पिनकोड,70,
031-Sant_Savata_Marg_Byculla.pdf,27,मसिना हॉस्पिटल डॉक्टर क्वाटेस भायखळा. | अ) संत सावता मार्ग 95-1 67(म. नि. वि.34)खंड 2 मायखळा पूर्व मुंबई शहर पिनकोड,77,
031-Sant_Savata_Marg_Byculla.pdf,28,नुरुद्देन चाळ डॉ. मस्करन्स रोड. माझगाव 2. सिताफळ वाडी 2-24 मायखळा पूर्व मुंबई शहर पिनकोड 400010,91,
031-Sant_Savata_Marg_Byculla.pdf,29,लाईट हाऊस माझगाव.. सिताफळ वाडी 2-24 मायखळा पूर्व मुंबई शहर पिनकोड,76,
031-Sant_Savata_Marg_Byculla.pdf,30,आदित्य टो हाऊसच्या मागील पत्राचाळ गॅरेजच्या बाजुला. 2. सिताफळ वाडी 2-24 मायखळा पूर्व मुंबई शहर पिनकोड,86,
032-Sant_Savata_Marg_Byculla.pdf,2,जेरबाई बिल्डिंग ब्लॉक क्रमांक ए विक्टोरिया गाडन रोड. भायखळा (पुर्व). डॉ. बाबासाहेब आंबेडकर रोड (महानगरपालिका 34) खंड 1 मुंबई शहर पिनकोड 400027,85,
032-Sant_Savata_Marg_Byculla.pdf,4,जेरबाई बिल्डिंग ब्लॉक क्रमांक बी विक्टोरिया गाडन रोड. भायखळा (पुर्वे). डॉ. बाबासाहेब आंबेडकर रोड (महानगरपालिका 34) खंड 1 मुंबई शहर पिनकोड,87,
032-Sant_Savata_Marg_Byculla.pdf,6,जेरबाई बि. ब्लॉक इ विक्टोरिया गाडन रोड. भायखळा (पुवे). डॉ. बाबासाहेब आंबेडकर रोड (महानगरपालिका 34) खंड 1 मुंबई शहर पिनकोड,83,
032-Sant_Savata_Marg_Byculla.pdf,8,जेरबाई बि. ब्लॉक डी विक्टोरिया गाडन रोड. भायखळा (पुर्वे). डॉ. बाबासाहेब आंबेडकर रोड (महानगरपालिका 34) खंड 1 मुंबई शहर पिनकोड,85,
032-Sant_Savata_Marg_Byculla.pdf,9,जेरबाई बिल्डींग ब्लॉक सी विक्टोरिया गाडन रोड. भायखळा (पुवे). डॉ. बाबासाहेब आंबेडकर रोड (महानगरपालिका 34) खंड 1 मुंबई शहर पिनकोड,85,
032-Sant_Savata_Marg_Byculla.pdf,10,हाजी इस्माईल बिल्डिंग भायखळा स्टेंशनसमोर. भायखळा 2. डॉ. बाबासाहेब आंबेडकर रोड. मुंबई शहर पिनकोड 400027,84,
032-Sant_Savata_Marg_Byculla.pdf,14,युसूफ चेंबस अपोझिट. ग्लोरीया चर्च. भायखळा (पुर्व). 2. डॉ. बाबासाहेब आंबेडकर रोड. मुंबई शहर पिनकोड,84,
032-Sant_Savata_Marg_Byculla.pdf,16,कावराना टेरेस अपोझिट. ग्लोरीया चर्च. भायखळा (पुर्व). 2. डॉ. बाबासाहेब आंबेडकर रोड. मुंबई शहर पिनकोड,88,
032-Sant_Savata_Marg_Byculla.pdf,17,नुरूद्दीन इब्राहीम चाळ सिताफळवाडी. खोजा कब्रस्तानजवळ. डॉ. मस्करन्स रोड. मुंबई शहर पिनकोड 400010,89,
032-Sant_Savata_Marg_Byculla.pdf,18,आगाखान स्कुल बिल्डींग अपोझिट. अंजीरवाडी. माझगाव. डॉ. मस्करन्स रोड. मुंबई शहर पिनकोड,84,
032-Sant_Savata_Marg_Byculla.pdf,19,आगाखान बिल्डिंग अपोझिट. अंजीरवाडी. माझगाव. डॉ. मस्करन्स रोड. मुंबई शहर पिनकोड,81,
032-Sant_Savata_Marg_Byculla.pdf,21,आगाखान बिल्डिंग अपोझिट. अंजीरवाडी. माझगाव. डॉ. मस्करन्स रोड. मुंबई शहर पिनकोड द,89,
032-Sant_Savata_Marg_Byculla.pdf,22,आगाखान बिल्डिंग अपोझिट. अंजीरवाडी. माझगाव. डॉ. मस्करन्स रोड. मुंबई शहर पिनकोड,86,
032-Sant_Savata_Marg_Byculla.pdf,24,आगाखान पत्राशेड अपोझिट. अंजीरवाडी. माझगाव. डॉ. मस्करन्स रोड. मुंबई शहर पिनकोड र,84,
032-Sant_Savata_Marg_Byculla.pdf,25,आगाखान बिल्डींग अपोझिट. अंजीरवाडी. माझगाव. डॉ. मस्करन्स रोड. मुंबई शहर पिनकोड,85,
032-Sant_Savata_Marg_Byculla.pdf,30,आगाखान पत्राशेड अपोझिट. अंजीरवाडी. माझगाव. मुं.400010 डॉ. मस्करन्स रोड. मुंबई शहर पिनकोड ब,84,
033-170-192_Dr_Mascarenance_Road_Mazgaon.pdf,2,(आदमजी रंगवाला चाळ  |  ए)सरकार रेजेन्सी ठी. डॉ. मस्करन्स कारेन हास रोड. मुंबई शहर पिनकोड 400010,90,
033-170-192_Dr_Mascarenance_Road_Mazgaon.pdf,3,(आदमजौ रंगवाला चाळ  |  ए)सरकार रेजेन्सी. डॉ. मस्करन्स कारेन हास रोड. मुंबई शहर पिनकोड 400010,86,
033-170-192_Dr_Mascarenance_Road_Mazgaon.pdf,4,गुरूहिम्मत को. ऑ. सो. -. डॉ. मस्करन्स कारेन हास रोड. मुंबई शहर पिनकोड,82,
033-170-192_Dr_Mascarenance_Road_Mazgaon.pdf,7,(आदमजी रंगवाला चाळ - बी) सरकार रेजेन्सी. डॉ. मस्करन्स कारेन हास रोड. मुंबई शहर पिनकोड,87,
033-170-192_Dr_Mascarenance_Road_Mazgaon.pdf,8,पदमसी वाडी शालिमार लॉजजवळ. डॉ. मस कारेन हास रोड. पिनकोड 400010,86,
033-170-192_Dr_Mascarenance_Road_Mazgaon.pdf,9,डो छगन मेन्शन शालिमार लॉजजवळ २ - डॉ. मस कारेन हास रोड. पिनकोड,87,
033-170-192_Dr_Mascarenance_Road_Mazgaon.pdf,11,बी न्यु. छगन मेन्शन शालिमार लॉजजवळ. डॉ. मस कारेन हास रोड. पिनकोड 400010,84,
033-170-192_Dr_Mascarenance_Road_Mazgaon.pdf,14,पदमसी टेरेस शालिमार लॉजजवळ २ - डॉ. मस कारेन हास रोड. पिनकोड,89,
033-170-192_Dr_Mascarenance_Road_Mazgaon.pdf,15,बत्तावाला बिल्डिंग अ काकण बॅकेच्या पाठीमागे. माझगाव २ - डॉ. मस कारेन हास रोड. पिनकोड,82,
033-170-192_Dr_Mascarenance_Road_Mazgaon.pdf,16,बोमन बेहराम बिल्डांग पोस्ट ऑफीस जवळ. माझगाव. डॉ. मस कारेन हास रोड. पिनकोड,85,
033-170-192_Dr_Mascarenance_Road_Mazgaon.pdf,17,न्यु चाळ श्रॉफ बिल्डिंग अपाझिट. बंक ऑफ इंडीया. माझगाव. डॉ. मस्करन्स रोड. (महानगरपालिका 34) खंड - 4 मुळी पिनकोड 400010,79,
033-170-192_Dr_Mascarenance_Road_Mazgaon.pdf,20,मेहेर मेन्शन अपॉझिट पोस्ट ऑफीस. माझगाव डॉ. मस्करन्स रोड. (महानगरपालिका 34) खंड - 4 मुळी पिनकोड,83,
033-170-192_Dr_Mascarenance_Road_Mazgaon.pdf,24,रॉफ बिल्डिंग पोस्ट ऑफोस समोर डॉ. मस्करन्स रोड. (महानगरपालिका 34) खंड - 4 मुळी पिनकोड,79,
033-170-192_Dr_Mascarenance_Road_Mazgaon.pdf,30,मनजी मॅन्शन पदमसी वाडी. क द डॉ. मस्करन्स रोड. (महानगरपालिका 34) खंड - 4 मुळी पिनकोड,82,
034-Sheth_Motisha_Lane_(Love_Lane).pdf,2,शेठ मोतीशहा लने. मुंबई शहर पिनकोड 400010,85,
034-Sheth_Motisha_Lane_(Love_Lane).pdf,3,सुमेर टॉवर. शेठ मोतीशहा लने. मुंबई शहर पिनकोड,87,
034-Sheth_Motisha_Lane_(Love_Lane).pdf,8,सुमेर टावर - 2. सुमेर टांवर-1. शेठ मोतीशहा लने. मुंबई शहर पिनकोड,88,
034-Sheth_Motisha_Lane_(Love_Lane).pdf,14,सुमेर टॉवर - 3. सुमेर टॉवर-1. शेठ मोतीशहा लने. मुंबई शहर पिनकोड,92,
034-Sheth_Motisha_Lane_(Love_Lane).pdf,16,बटुल हाऊस जळकी चाळ. रोड क्रमांक 3 ज. ॒. डी. एन. सिंग रोड. मुंबई शहर पिनकोड 400010,84,
035-Sheth_Motisha_Lane_(Love_Lane).pdf,2,बी. आय. टि. चाळ क्रमांक - 1 शेठ मोतीशहा लेन 1 40 ते 160. (लवलेन) मुंबई शहर पिनकोड 400010,85,
035-Sheth_Motisha_Lane_(Love_Lane).pdf,3,बी. आय. टि. चाळ क्रमांक - 1 शेठ मोतीशहा लेन 140 ते 160. (लवलेन) मुंबई शहर पिनकोड 400010,89,
035-Sheth_Motisha_Lane_(Love_Lane).pdf,7,बी. आय. टि. चाळ क्रमांक - 1 शेठ मोतीशहा लेन 140 ते 160. (लवलेन) मुंबई शहर॒ पिनकोड 400010,88,
035-Sheth_Motisha_Lane_(Love_Lane).pdf,8,बी. आय. टि. चाळ क्रमांक - 1 शेठ मोतीशहा लेन 140 ते 160. (लवलेन) मुंबई शहर पिनकोड 400010,89,
035-Sheth_Motisha_Lane_(Love_Lane).pdf,10,बी. आय. टि. चाळ क्रमांक - 1 शेठ मोतीशहा लेन 140 ते 1 60. (लवलेन) मुंबई शहर पिनकोड 400010,89,
035-Sheth_Motisha_Lane_(Love_Lane).pdf,11,बी. आय. टि. चाळ क्रमांक - 1 शेठ मोतीशहा लेन 140 ते 160. (लवलेन) मुंबई शहर पिनकोड 400010,89,
035-Sheth_Motisha_Lane_(Love_Lane).pdf,16,बी. आय. टी. चाळ क्रमांक 1 शेठ मोतीशहा लेन 140 ते 160. (लवलेन) मुंबई शहर पिनकोड,85,
035-Sheth_Motisha_Lane_(Love_Lane).pdf,17,बी. आय. टी. चाळ क्रमांक - 3 माझगाव. मुं-400010. शेठ मोतीशाहा लेन. मुंबई शहर पिनकोड 400010,90,
035-Sheth_Motisha_Lane_(Love_Lane).pdf,28,शाहबीबी बिल्डींग टेलीफोन एक्सचेंज जवळ.. डी. एन. सिंग रोड. मुंबई शहर पिनकोड 400010,91,
035-Sheth_Motisha_Lane_(Love_Lane).pdf,29,शाहबौबी बिल्डींग टेलीफोन एक्सचेंज जवळ.. डी. एन. सिंग रोड. मुंबई शहर पिनकोड 400010,86,
035-Sheth_Motisha_Lane_(Love_Lane).pdf,33,शाहबौबी बिल्डांग जवळील झोपडपट्टी टेलीफोन एक्सचेंज जवळ.. डी. एन. सिंग रोड. मुंबई शहर पिनकोड.,82,
036-Sheth_Motisha_Lane_(Love_Lane).pdf,2,बी. आय. टो. चाळ क्रमांक 3 दर्शन टॉवरसमोर य. शेठ मोतीशाहा लेन.. भायखळा (पू) मुंबई शहर पिनकोड 400010,84,
036-Sheth_Motisha_Lane_(Love_Lane).pdf,3,बी. आय. टो. चाळ क्रमांक 3 दशन टॉवरसमोर. शेठ मोतीशाहा लेन.. भायखळा (पु) मुंबई शहर पिनकोड 400010,88,
036-Sheth_Motisha_Lane_(Love_Lane).pdf,15,म्युनिसिपल बेठी चाळ बौ. आय. टो. चाळ क्रमांक 3 च्या मागे. शेठ मोतीशाहा लेन.. पिनकोड,84,
036-Sheth_Motisha_Lane_(Love_Lane).pdf,16,म्युनिसिपल बेठी चाळ बौ. आय. टो. चाळ क्रमांक 3 च्या मागे. शेठ मोतीशाहा लेन.. पिनकोड न,81,
036-Sheth_Motisha_Lane_(Love_Lane).pdf,17,म्युनिसिपल घर क्रमांक 114-134 बौ. आय. टो. चाळ क्रमांक 3 मागील बेठी चाळ. शेठ मोतीशाहा लेन.. पिनकोड,85,
036-Sheth_Motisha_Lane_(Love_Lane).pdf,18,म्युनिसिपल घर क्रमांक 51 रामदास को. ऑप. हा. सोसायटी. शेठ मोतीशाहा लेन.. भायखळा (पु) पिनकोड 400010,81,
036-Sheth_Motisha_Lane_(Love_Lane).pdf,19,म्युनिसिपल घर क्रमांक 35 प्रमिला भवन. डी. एन. सिंग रोड. पिनकोड 400010,81,
037-136_Sheth_Motishah_Lane_(Love_Lane).pdf,2,बी. आय. टि. चाळ क्रमांक - 2 ठा द. शेठ मोतीशाहा लेन. भायखळा (पु) पिनकोड 400010,81,
037-136_Sheth_Motishah_Lane_(Love_Lane).pdf,3,बी. आय. टे. चाळ क्रमांक - 2. शेठ मोतीशाहा लेन. भायखळा (पु) पिनकोड 400010,78,
037-136_Sheth_Motishah_Lane_(Love_Lane).pdf,13,उनवाला बिल्डोंग. डी. एन. सिंग (हाथी बाग लेन). पिनकोड 400010,78,
037-136_Sheth_Motishah_Lane_(Love_Lane).pdf,15,डी मोहम्मद मंझील (मयुर भवन) ॒. डी. एन. सिंग (हाथी बाग लेन). पिनकोड,79,
037-136_Sheth_Motishah_Lane_(Love_Lane).pdf,16,राचा बिल्डॉग. डी. एन. सिंग (हाथी बाग लेन) पिनकोड,84,
037-136_Sheth_Motishah_Lane_(Love_Lane).pdf,19,हेंद्रे बल्डॉग ब र क. डी. एन. सिंग (हाथी बाग लेन) खंड 4 पिनकोड,73,
037-136_Sheth_Motishah_Lane_(Love_Lane).pdf,20,हेंद्रे बल्डॉग ब र जज. डी. एन. सिंग (हाथी बाग लेन) खंड 4 पिनकोड,74,
038-136_Sheth_Motishah_Lane_(Love_Lane).pdf,2,ताराबाग चाळ विभाग शेठ मोतीशाहा लेन. भायखळा (पु) पिनकोड 400010,83,
038-136_Sheth_Motishah_Lane_(Love_Lane).pdf,5,ताराबाग जवळील झोपडपट्टी विभाग शेठ मोतीशाहा लेन. पिनकोड,89,
038-136_Sheth_Motishah_Lane_(Love_Lane).pdf,10,(संघवी आणि कंपनी) विशाल टॉवर विभाग शेठ मोतीशाहा लेन. पिनकोड टि,89,
038-136_Sheth_Motishah_Lane_(Love_Lane).pdf,11,(बॉंबे ट्रान्सपोर्ट चाळ) ओऔदुंबर निवास चाळ विभाग शेठ मोतीशाहा लेन. पिनकोड र,78,
038-136_Sheth_Motishah_Lane_(Love_Lane).pdf,12,मेहता चेंबस विभाग शेठ मोतीशाहा लेन. भायखळा (पु) पिनकोड 400010,86,
038-136_Sheth_Motishah_Lane_(Love_Lane).pdf,15,म्युनिसिपल घर क्रमांक 139 प्रभातवाडी-बी विभाग शेठ मोतीशाहा लेन. पिनकोड 400027,88,
038-136_Sheth_Motishah_Lane_(Love_Lane).pdf,16,खिलाफत हाऊस विभाग शेठ मोतीशाहा लेन. पिनकोड 400002,89,
038-136_Sheth_Motishah_Lane_(Love_Lane).pdf,17,कानन बिल्डींग विभाग शेठ मोतीशाहा लेन. पिनकोड 400010,88,
038-136_Sheth_Motishah_Lane_(Love_Lane).pdf,18,ठ मोतीशाहा लेन. पिनकोड 400010,86,
038-136_Sheth_Motishah_Lane_(Love_Lane).pdf,21,विमाचल बिल्डांग - बी विभाग शेठ मोतीशाहा लेन. पिनकोड 400010,86,
038-136_Sheth_Motishah_Lane_(Love_Lane).pdf,22,पोलीस आफासर कक्‍वॉटस विभाग शेठ मोतीशाहा लेन. पिनकोड 400010,87,
038-136_Sheth_Motishah_Lane_(Love_Lane).pdf,23,सिद्धाचल दशन ए विभाग शेठ मोतीशाहा लेन. पिनकोड 400010,87,
038-136_Sheth_Motishah_Lane_(Love_Lane).pdf,25,सिद्धाचल दर्शन बी विभाग शेठ मोतीशाहा लेन. पिनकोड 400010,89,
039-136_Sheth_Motishah_Lane_(Love_Lane).pdf,2,एअदमखान बिल्डींग विभाग डी. एन. सिंग रोड. भायखळा (पु) (हाथीबाग लेन) पिनकोड 400010,86,
039-136_Sheth_Motishah_Lane_(Love_Lane).pdf,3,एअदमखान बिल्डाँग विभाग डी. एन. सिंग रोड. भायखळा (पु) (हाथीबाग लेन) पिनकोड 400010,70,
039-136_Sheth_Motishah_Lane_(Love_Lane).pdf,5,एअदमखान बिल्डांग विभाग डी. एन. सिंग रोड. भायखळा (पु) (हाथीबाग लेन) पिनकोड 400010,69,
039-136_Sheth_Motishah_Lane_(Love_Lane).pdf,6,अदमखान बिल्डींग विभाग डी. एन. सिंग रोड. पिनकोड,85,
039-136_Sheth_Motishah_Lane_(Love_Lane).pdf,8,इस्माईलवाली मोहमद बिल्डांग (आदमखान बिल्डांग) विभाग डी. एन. सिंग रोड. पिनकोड र,78,
039-136_Sheth_Motishah_Lane_(Love_Lane).pdf,9,इंस्माईलवाली मोहमद बल्डांग (आदमखान बिल्डांग) ठा विभाग डी. एन. सिंग रोड. पिनकोड च,72,
039-136_Sheth_Motishah_Lane_(Love_Lane).pdf,10,इंस्माईलवाली मोहमद बल्डांग (आदमखान बिल्डांग) ठा विभाग डी. एन. सिंग रोड. पिनकोड द,75,
039-136_Sheth_Motishah_Lane_(Love_Lane).pdf,11,ताराचंद बिल्डींग बिभाग डी. एन. सिंग रोड. पिनकोड,69,
039-136_Sheth_Motishah_Lane_(Love_Lane).pdf,15,ताराचंद बिल्डांग सी विभाग डी. एन. सिंग रोड. पिनकोड,74,
039-136_Sheth_Motishah_Lane_(Love_Lane).pdf,16,ताराचंद बंगला बिभाग डी. एन. सिंग रोड. पिनकोड,74,
040-105-C_136_Sheth_Motisha_Lane_(Love_Lane).pdf,2,रोझारिओ पत्रा चाळ 1. (भय्यावाडी समोर) विभाग शेठ मोतीशहा लेन. भायखळा (पु) मुंबई शहर पिनकोड 400010,91,
040-105-C_136_Sheth_Motisha_Lane_(Love_Lane).pdf,3,चेतक बिल्डींग विभाग शेठ मोतीशहा लेन. पिनकोड,86,
040-105-C_136_Sheth_Motisha_Lane_(Love_Lane).pdf,4,चेतक बिल्डींग विभाग शेठ मोतीशहा लेन. पिनकोड ट,88,
040-105-C_136_Sheth_Motisha_Lane_(Love_Lane).pdf,5,कापडीया बिल्डींग विभाग शेठ मोतीशहा लेन. पिनकोड र,84,
040-105-C_136_Sheth_Motisha_Lane_(Love_Lane).pdf,6,कापडीया बिल्डींग विभाग शेठ मोतीशहा लेन. पिनकोड र र,79,
040-105-C_136_Sheth_Motisha_Lane_(Love_Lane).pdf,7,कापडीया बिल्डींग विभाग शेठ मोतीशहा लेन. पिनकोड र,84,
040-105-C_136_Sheth_Motisha_Lane_(Love_Lane).pdf,8,रूकनभाई विभाग शेठ मोतीशहा लेन. पिनकोड र,84,
040-105-C_136_Sheth_Motisha_Lane_(Love_Lane).pdf,9,रूकनभाई विभाग शेठ मोतीशहा लेन. पिनकोड”,84,
040-105-C_136_Sheth_Motisha_Lane_(Love_Lane).pdf,10,रूकनभाई विभाग शेठ मोतीशहा लेन. पिनकोड र,81,
040-105-C_136_Sheth_Motisha_Lane_(Love_Lane).pdf,11,रगती को. ऑप. हाऊसिंग सोसायटो लौ. विभाग शेठ मोतीशहा लेन. पिनकोड टि,83,
040-105-C_136_Sheth_Motisha_Lane_(Love_Lane).pdf,12,रगती को. ऑप. हाऊसिंग सोसायटो लौ. विभाग शेठ मोतीशहा लेन. पिनकोड,85,
040-105-C_136_Sheth_Motisha_Lane_(Love_Lane).pdf,13,पावापुरी बिल्डींग विभाग शेठ मोतीशहा लेन. पिनकोड टी,90,
040-105-C_136_Sheth_Motisha_Lane_(Love_Lane).pdf,14,पावापुरी बिल्डींग - ब विभाग शेठ मोतीशहा लेन. पिनकोड,91,
040-105-C_136_Sheth_Motisha_Lane_(Love_Lane).pdf,15,पावापुरी बिल्डींग - क विभाग शेठ मोतीशहा लेन. पिनकोड ट,89,
040-105-C_136_Sheth_Motisha_Lane_(Love_Lane).pdf,16,ब्राम्हणवाडी प्रिया कुटीर बिल्डींग विभाग शेठ मोतीशहा लेन. पिनकोड,87,
040-105-C_136_Sheth_Motisha_Lane_(Love_Lane).pdf,18,ब्राम्हणवाडी प्रिया कुटीर बिल्डींग विभाग शेठ मोतीशहा लेन. पिनकोड र,84,
040-105-C_136_Sheth_Motisha_Lane_(Love_Lane).pdf,19,ब्राम्हणवाडी प्रिया कुटीर बिल्डींग विभाग शेठ मोतीशहा लेन. पिनकोड ह,84,
040-105-C_136_Sheth_Motisha_Lane_(Love_Lane).pdf,20,ब्राम्हणवाडी प्रिया कुटीर बिल्डींग विभाग शेठ मोतीशहा लेन. पिनकोड,87,
040-105-C_136_Sheth_Motisha_Lane_(Love_Lane).pdf,21,राम्हणवाडी प्रिया कुटीर बिल्डींग विभाग शेठ मोतीशहा लेन. पिनकोड र,84,
040-105-C_136_Sheth_Motisha_Lane_(Love_Lane).pdf,22,कल्पतरु टॉवर विभाग शेठ मोतीशहा लेन. पिनकोड,91,
041-105-C_136_Sheth_Motisha_Lane_(Love_Lane).pdf,2,स्वप्ना बिल्डींग द ठे शेठ मोतीशहा लेन. भायखळा (पु) मुंबई शहर पिनकोड 400010,67,
041-105-C_136_Sheth_Motisha_Lane_(Love_Lane).pdf,3,स्वप्ना बिल्डॉग शेठ मोतीशहा लेन (म. न. वबि.34) खंड 9 भायखळा (पु) मुंबई शहर पिनकोड 400010,72,
041-105-C_136_Sheth_Motisha_Lane_(Love_Lane).pdf,5,स्वप्ना बिल्डॉग शेठ मोतीशहा लेन. भायखळा (पु) मुंबई शहर पिनकोड 400010,74,
041-105-C_136_Sheth_Motisha_Lane_(Love_Lane).pdf,7,साफल्य बिल्डींग शेठ मोतीशहा लेन. पिनकोड,71,
041-105-C_136_Sheth_Motisha_Lane_(Love_Lane).pdf,8,साफल्य बिल्डींग शेठ मोतीशहा लेन. पिनकोड ठा,71,
041-105-C_136_Sheth_Motisha_Lane_(Love_Lane).pdf,10,साफल्य बिल्डींग शेठ मोतीशहा लेन. पिनकोड ब ठे,68,
041-105-C_136_Sheth_Motisha_Lane_(Love_Lane).pdf,11,साफल्य बिल्डींग शेठ मोतीशहा लेन. पिनकोड द,71,
041-105-C_136_Sheth_Motisha_Lane_(Love_Lane).pdf,12,साफल्य बिल्डींग शेठ मोतीशहा लेन. पिनकोड र,69,
041-105-C_136_Sheth_Motisha_Lane_(Love_Lane).pdf,13,सपना बिल्डांगच्या मागील झोपडपट्टी शेठ मोतीशहा लेन. पिनकोड,82,
041-105-C_136_Sheth_Motisha_Lane_(Love_Lane).pdf,14,बोमन बेहराम बिल्डिंग बिभाग. शेठ मोतीशा लेन. भायखळा (पु) पिनकोड 400010,76,
041-105-C_136_Sheth_Motisha_Lane_(Love_Lane).pdf,15,बोमन बेहराम चाळ विभाग. शेठ मोतीशा लेन. पिनकोड,81,
041-105-C_136_Sheth_Motisha_Lane_(Love_Lane).pdf,16,न्यु पत्रा चाळ विभाग. शेठ मोतीशा लेन. पिनकोड व,84,
041-105-C_136_Sheth_Motisha_Lane_(Love_Lane).pdf,18,न्यु पत्रा चाळ विभाग. शेठ मोतीशा लेन. पिनकोड न,89,
041-105-C_136_Sheth_Motisha_Lane_(Love_Lane).pdf,19,न्यु पत्रा चाळ विभाग. शेठ मोतीशा लेन. पिनकोड द,89,
041-105-C_136_Sheth_Motisha_Lane_(Love_Lane).pdf,20,न्यु पत्रा चाळ विभाग. शेठ मोतीशा लेन. पिनकोड,89,
041-105-C_136_Sheth_Motisha_Lane_(Love_Lane).pdf,21,न्यु पत्रा चाळ विभाग. शेठ मोतीशा लेन. पिनकोड व,84,
041-105-C_136_Sheth_Motisha_Lane_(Love_Lane).pdf,22,न्यु पत्रा चाळ विभाग. शेठ मोतीशा लेन. पिनकोड न,89,
041-105-C_136_Sheth_Motisha_Lane_(Love_Lane).pdf,23,चव्हाण बिल्डिंग विभाग. शेठ मोतीशा लेन. पिनकोड,70,
041-105-C_136_Sheth_Motisha_Lane_(Love_Lane).pdf,24,मापलवाडी पत्रा चाळ विभाग. शेठ मोतीशा लेन. पिनकोड,79,
041-105-C_136_Sheth_Motisha_Lane_(Love_Lane).pdf,26,मापलवाडी पत्रा चाळ बिभाग. शेठ मोतीशा लेन. पिनकोड,77,
041-105-C_136_Sheth_Motisha_Lane_(Love_Lane).pdf,27,मापलवाडी पत्रा चाळ विभाग. शेठ मोतीशा लेन. पिनकोड,79,
041-105-C_136_Sheth_Motisha_Lane_(Love_Lane).pdf,29,शोर मेन्शन बिभाग. शेठ मोतीशा लेन. पिनकोड,75,
041-105-C_136_Sheth_Motisha_Lane_(Love_Lane).pdf,30,शोर मेन्शन बिभाग. शेठ मोतीशा लेन. पिनकोड.,72,
041-105-C_136_Sheth_Motisha_Lane_(Love_Lane).pdf,31,मापलवाडी चाळ ठा डर विभाग. शेठ मोतीशा लेन. पिनकोड,78,
042-Sheth_Motisha_Lane_(Love_Lane).pdf,2,फतेह मेन्शन | अ) शेठ मोतीशहा लेन 98-100 ए. 115. भायखळा (पु>) पिनकोड 400010,76,
042-Sheth_Motisha_Lane_(Love_Lane).pdf,3,फतेह मेन्शन | अ) शेठ मोतीशहा लेन 98-100 ए. 115. भायखळा (पु) पिनकोड 400010,81,
042-Sheth_Motisha_Lane_(Love_Lane).pdf,4,धोबी घाट | अ) शेठ मोतीशहा लेन 98-100 ए. 115. पिनकोड,71,
042-Sheth_Motisha_Lane_(Love_Lane).pdf,5,कोपरगाव इस्टेट (पत्राशेड). शेठ मोतीशहा लेन (कोपरगांव). पिनकोड.,71,
042-Sheth_Motisha_Lane_(Love_Lane).pdf,6,समोरोल तबेला (मोतीगल्ली). शेठ मोतीशहा लेन (कोपरगांव) (म. न. वबि.34) खंड 13 पिनकोड,68,
042-Sheth_Motisha_Lane_(Love_Lane).pdf,7,प्त्राशेड (हिंदुस्तान ऑटोगॅरेज). शेठ मोतीशहा लेन (कोपरगांव). पिनकोड,79,
042-Sheth_Motisha_Lane_(Love_Lane).pdf,8,बावडी कोपरगाव इस्टेट 2. शेठ मोतीशहा लेन (कोपरगांव). पिनकोड,86,
042-Sheth_Motisha_Lane_(Love_Lane).pdf,9,वैशाली अपाटमट ए. शेठ मोतीशहा लेन (कोपरगांव). पिनकोड,69,
042-Sheth_Motisha_Lane_(Love_Lane).pdf,11,वैशाली अपाटमट (बौ). शेठ मोतीशहा लेन (कोपरगांव) (म. न. बि.34) खंड 13 पिनकोड,69,
042-Sheth_Motisha_Lane_(Love_Lane).pdf,12,तबेला बैठी चाळ. शेठ मोतीशहा लेन (कोपरगांव). पिनकोड,78,
042-Sheth_Motisha_Lane_(Love_Lane).pdf,13,ताराचंद बिल्डॉग | क) डी. एन. रोड 29 ब ते 172. पिनकोड 400010,80,
042-Sheth_Motisha_Lane_(Love_Lane).pdf,16,ताराचंद बिल्डींग | क) डी. एन. रोड 29 ब ते 172. पिनकोड,78,
042-Sheth_Motisha_Lane_(Love_Lane).pdf,17,ताराचंद पत्राचाळ,68,
042-Sheth_Motisha_Lane_(Love_Lane).pdf,18,ताराचंद पत्राचाळ 3 | क) डी. एन. रोड 29 ब ते 172. भायखळा (पु) पिनकोड 400010,81,
042-Sheth_Motisha_Lane_(Love_Lane).pdf,19,चव्हाण चाळ ब डी. एन. सिंग रोड(हाथीबागलेन-बी) (महानगरपालिका 34)खंड-7 भायखळा (पु) पिनकोड 400010,63,
042-Sheth_Motisha_Lane_(Love_Lane).pdf,20,राबिया ट्रस्ट डी. एन. सिंग रोड(हाथीबागलेन-बी) (महानगरपालिका 34)खंड-7 पिनकोड,73,
042-Sheth_Motisha_Lane_(Love_Lane).pdf,21,रबियाबाई ट्रस्ट बिल्डॉग डी. एन. सिंग रोड(हाथीबागलेन-बी) (महानगरपालिका 34)खंड-7 पिनकोड र,66,
042-Sheth_Motisha_Lane_(Love_Lane).pdf,22,रबियाबाई ट्रस्ट बिल्डॉग डी. एन. सिंग रोड(हाथीबागलेन-बी) (महानगरपालिका 34)खंड-7 पिनकोड,69,
042-Sheth_Motisha_Lane_(Love_Lane).pdf,23,फोडकर बिल्डाग( पारडा कॉटेज) डी. एन. सिंग रोड(हाथीबागलेन-बी) (महानगरपालिका 34)खंड-7 पिनकोड ब,66,
042-Sheth_Motisha_Lane_(Love_Lane).pdf,24,फोडकर बिल्डाग( पारडा कॉटेज) डी. एन. सिंग रोड(हाथीबागलेन-बी) (महानगरपालिका 34)खंड-7 पिनकोड.,67,
042-Sheth_Motisha_Lane_(Love_Lane).pdf,25,शिरीन मंजील डी. एन. सिंग रोड(हाथीबागलेन-बी) (महानगरपालिका 34)खंड-7 पिनकोड,68,
042-Sheth_Motisha_Lane_(Love_Lane).pdf,28,शेवकर बिल्डांग डी. एन. सिंग रोड(हाथीबागलेन-बी) (महानगरपालिका 34)खंड-7 पिनकोड,66,
042-Sheth_Motisha_Lane_(Love_Lane).pdf,29,जोशी बिल्डॉग डी. एन. सिंग रोड(हाथीबागलेन-बी) (महानगरपालिका 34)खंड-7 पिनकोड ॒,70,
042-Sheth_Motisha_Lane_(Love_Lane).pdf,30,अब्बास बिल्डाँग डी. एन. सिंग रोड(हाथीबागलेन-बी) (महानगरपालिका 34)खंड-7 पिनकोड,59,
042-Sheth_Motisha_Lane_(Love_Lane).pdf,32,मेवावाला बिल्डींग डी. एन. सिंग रोड(हाथीबागलेन-बी) (महानगरपालिका 34)खंड-7 भायखळा (पु) पिनकोड 400010,75,
042-Sheth_Motisha_Lane_(Love_Lane).pdf,34,मेवावाला बिल्डांग मागील पत्राशेड डी. एन. सिंग रोड(हाथीबागलेन-बी) (महानगरपालिका 34)खंड-7 पिनकोड,69,
043-Sheth_Motisha_Lane_(Love_Lane).pdf,2,मोतीशाहा जौन बिल्डींग. डी. | अ) शेठ मोती शाह लेन. 164 ते 200. (महानगरपालिका 34)खंड 14 मुंबई शहर पिनकोड 400027,80,
043-Sheth_Motisha_Lane_(Love_Lane).pdf,3,मोतीशाहा जौन बिल्डींग. डी. | अ) शेठ मोती शाह लेन. 1 64 ते 200. (महानगरपालिका 34)खंड 14 मुंबई शहर पिनकोड 400027,82,
043-Sheth_Motisha_Lane_(Love_Lane).pdf,4,मोतीशाहा जौन बिल्डींग. डी. | अ) शेठ मोती शाह लेन. 164 ते 200. (महानगरपालिका 34)खंड 14 मुंबई शहर पिनकोड 400027,85,
043-Sheth_Motisha_Lane_(Love_Lane).pdf,5,मोतीशहा लेन बिल्डींग सी | अ) शेठ मोती शाह लेन. 164 ते 200. (महानगरपालिका 34)खंड 14 मुंबई शहर पिनकोड 400027,85,
043-Sheth_Motisha_Lane_(Love_Lane).pdf,6,मोतीशहा लेन बिल्डींग सी | अ) शेठ मोती शाह लेन. 1 64 ते 200 (महानगरपालिका 34)खंड 14 मुंबई शहर पिनकोड 400027,83,
043-Sheth_Motisha_Lane_(Love_Lane).pdf,7,मोतीशाह जेन बिल्डींग सी | अ) शेठ मोती शाह लेन. 1 64 ते 200. (महानगरपालिका 34)खंड 1 4 मुंबई शहर॒ पिनकोड 400027,86,
043-Sheth_Motisha_Lane_(Love_Lane).pdf,8,मोतीशाह जेन बिल्डींग ए | अ) शेठ मोती शाह लेन. 164 ते 200. (महानगरपालिका 34)खंड 14 मुंबई शहर पिनकोड 400027,89,
043-Sheth_Motisha_Lane_(Love_Lane).pdf,9,मोतीशाह जैन बिल्डींग बी | अ) शेठ मोती शाह लेन. 164 ते 200. (महानगरपालिका 34)खंड 14 मुंबई शहर पिनकोड 400027,87,
043-Sheth_Motisha_Lane_(Love_Lane).pdf,10,मोतीशाह जैन बिल्डींग बी | अ) शेठ मोती शाह लेन. || 64 ते 200 (महानगरपालिका 34)खंड 14 मुंबई शहर॒ पिनकोड 400027,80,
043-Sheth_Motisha_Lane_(Love_Lane).pdf,11,मोतीशाह जैन मौदेर कंपा. धर्मशाळा बि. | अ) शेठ मोती शाह लेन. 164 ते 200. (महानगरपालिका 34)खंड 14 मुंबई शहर पिनकोड 400027,75,
043-Sheth_Motisha_Lane_(Love_Lane).pdf,12,मोतीशाह जैन बिल्डींग कंपाऊंड. | अ) शेठ मोती शाह लेन. 164 ते 200. (महानगरपालिका 34)खंड 14 मुंबई शहर पिनकोड 400027,89,
043-Sheth_Motisha_Lane_(Love_Lane).pdf,13,रेझीना पेसीस बिल्डींग | अ) शेठ मोती शाह लेन. 164 ते 200. (महानगरपालिका 34)खंड 14 मुंबई शहर पिनकोड 400027,82,
043-Sheth_Motisha_Lane_(Love_Lane).pdf,15,कुलसुमबाई बिल्डिंग इराणीवाडी. शिदास चापसी मार्ग. मुंबई शहर पिनकोड 400010,87,
043-Sheth_Motisha_Lane_(Love_Lane).pdf,16,दिनशाह बाग बिल्डिग-(बी). शिदास चापसी मार्ग. मुंबई शहर पिनकोड 400010,90,
043-Sheth_Motisha_Lane_(Love_Lane).pdf,17,इराणी वाडी बंगला इराणीवाडी. शिदास चापसी मार्ग. मुंबई शहर पिनकोड 400010,86,
043-Sheth_Motisha_Lane_(Love_Lane).pdf,18,म्युनिसिपल कंपाऊंड पत्राचाळ क्रमांक 1. शेठ मोती शहा लेन. मुंबई शहर पिनकोड 400010,90,
043-Sheth_Motisha_Lane_(Love_Lane).pdf,20,म्युनिसिपल कंपाऊंड पत्राचाळ क्रमांक 2. शेठ मोती शहा लेन. पिनकोड 400010,90,
043-Sheth_Motisha_Lane_(Love_Lane).pdf,23,म्युनिसिपल कंपाऊंड पत्राचाळ क्रमांक 3. शेठ मोती शहा लेन. पिनकोड 400010,89,
044-Nesbit_Road_Low_Level.pdf,2,हंसराज बिल्डींग. हंसराज लेन ठ् ते 1 6 ए संजय अपार्टमेंट (मनवि 34) खंड मुंबई शहर पिनकोड 400027,82,
044-Nesbit_Road_Low_Level.pdf,3,शुभसंदेश बिल्डींग हंसराज लेन.. हंसराज लेन 6 ते 16 ए संजय अपार्टमेंट (मनवि 34) खंड मुंबई शहर पिनकोड 400027,87,
044-Nesbit_Road_Low_Level.pdf,10,ब्रीज व्ह्यू (उत्तर) 16 हंसराज लेन.. हंसराज लेन 6 ते 16 ए संजय अपार्टमेंट (मनवि 34) खंड मुंबई शहर पिनकोड 400027,87,
044-Nesbit_Road_Low_Level.pdf,13,ब्रीज व्ह्यू (दक्षिण). हंसराज लेन.. हंसराज लेन 6 ते 16 ए संजय अपार्टमेंट (मनवि 34) खंड मुंबई शहर पिनकोड 400027,89,
044-Nesbit_Road_Low_Level.pdf,17,संजय अपाटमट 16 हंसराज लेन.. हंसराज लेन 6 ते 16 ए संजय अपार्टमेंट (मनवि 34) खंड मुंबई शहर पिनकोड 400027,87,
044-Nesbit_Road_Low_Level.pdf,18,संजय अपाटॅमॅट 16 हंसराज लेन.. हंसराज लेन 6 ते 16 ए संजय अपार्टमेंट (मनवि 34) खंड मुंबई शहर पिनकोड 400027,88,
044-Nesbit_Road_Low_Level.pdf,20,जनता ग्रेन स्टोअसं हंसराज लान. 8 व्ही ब्रीज व्ह्युचे लाईनमधील दुकान.. हंसराज लेन 6 ते 16 ए संजय अपार्टमेंट (मनवि 34) खंड मुंबई शहर पिनकोड 400027,85,
045-Nesbit_Road_Low_Level.pdf,2,अशोक अपाटॅमेंट 16 हंसराजलेन. हंजराज लेन. मुंबई शहर॒ पिनकोड 400027,83,
045-Nesbit_Road_Low_Level.pdf,3,अशोक अपाटॅमेंट 16 हंसराजलेन-'. हंजराज लेन. मुंबई शहर पिनकोड 400027,87,
045-Nesbit_Road_Low_Level.pdf,4,माणकेश्वर चौरेटेबल ट्रस्ट. हंजराज लेन. मुंबई शहर पिनकोड 400027,89,
045-Nesbit_Road_Low_Level.pdf,5,अजय अपाटमट हंसराज लेन.. हंजराज लेन. मुंबई शहर पिनकोड 400027,82,
045-Nesbit_Road_Low_Level.pdf,9,पोलीस चाळ क्रमांक 1. हंजराज लेन (म. न. बि. 34) खंड 3 मुंबई शहर पिनकोड 400027,77,
045-Nesbit_Road_Low_Level.pdf,10,पोलीस चाळ क्रमांक 1. हंजराज लेन. मुंबई शहर पिनकोड 400027,77,
045-Nesbit_Road_Low_Level.pdf,12,पोलीस चाळ क्रमांक 2. हंजराज लेन. मुंबई शहर पिनकोड 400027,78,
045-Nesbit_Road_Low_Level.pdf,20,इंदु मिल जवळोल पत्रा शेड इंदु ऑइल मिल जवळ. हंसराज लेन.. हंजराज लेन (म. न. बि. 34) खंड 3 मुंबई शहर पिनकोड 400027,87,
045-Nesbit_Road_Low_Level.pdf,21,क्वालिटी गॅरेजमधील रहाणासी वस्ती (कामगार) हंसराज लेन.. हंजराज लेन. मुंबई शहर पिनकोड 400027,88,
045-Nesbit_Road_Low_Level.pdf,22,माणकेश्वर चौरेटेबल ट्रस्ट. हंजराज लेन. मुंबई शहर पिनकोड,79,
046-Nesbit_Road_Low_Level.pdf,2,बी. आय. टो. चाळ क्रमांक 2 म्युन्सिपल हिंदी स्कुल जवळ. ठा. शेठ मोतीशाह लेन.. (लवलेन) भायखळा (पूर्व) मुंबई शहर पिनकोड 400010,86,
046-Nesbit_Road_Low_Level.pdf,3,बीौ. आय. टो. चाळ क्रमांक 2 म्युन्सिपल हिंदी स्कुल जवळ.. शेठ मोतीशाह लेन.. (लवलेन) भायखळा (पूर्व) मुंबई शहर पिनकोड 400010,84,
046-Nesbit_Road_Low_Level.pdf,14,चाळ सुरपारेडेंट क्वाटंस. शेठ मोतीशाह लेन.. (लवलेन) भायखळा (पूर्व) मुंबई शहर पिनकोड,75,
046-Nesbit_Road_Low_Level.pdf,15,शत्रुंजय दर्शन बिल्डांग (बी) लव्ह लेन क्रॉस लेन.. शेठ मोतीशाह लेन.. (लवलेन) भायखळा (पूर्व) पिनकोड 400027,84,
046-Nesbit_Road_Low_Level.pdf,18,बी. आय. टो. चाळ क्रमांक 2 शेठ मोती शाह लेन. शेठ मोतीशाह लेन.. (लवलेन) भायखळा (पूर्व) पिनकोड,89,
047-Nesbit_Road_Low_Level.pdf,2,कोसी कॉटेज शेठ मोती शाह लेन ( क्रॉस लेन) शेठ मोतीशाह लेन.. (लवलेन) भायखळा (पूर्व) क्रास लेन मुंबई शहर पिनकोड 400027,90,
047-Nesbit_Road_Low_Level.pdf,4,शत्रुंजय दर्शन बिल्डींग (एं) शेठ मोती शाह लेन (लव लेन क्रॉस लेन) शेठ मोतीशाह लेन.. (लवलेन) भायखळा (पूर्व) क्रास लेन मुंबई शहर पिनकोड 400027,87,
047-Nesbit_Road_Low_Level.pdf,7,शत्रुंजय दर्शन बिल्डींग (सौ) शेठ मोती शाह लैन (लव लेन क्रॉस लेन) शेठ मोतीशाह लेन.. (लवलेन) भायखळा (पूर्व) क्रास लेन मुंबई शहर पिनकोड 400027,86,
047-Nesbit_Road_Low_Level.pdf,11,शत्रुंजय बिल्डींग डी शेठ मोती शाह लेन (लव लेन क्रॉस लेन) शेठ मोतीशाह लेन.. (लवलेन) भायखळा (पूर्व) क्रास लेन मुंबई शहर पिनकोड 400027,89,
047-Nesbit_Road_Low_Level.pdf,12,आदुंबर बिल्डींग शेठ मोती शाह लेन (लव लेन क्रॉस लेन) भायखळा शेठ मोतीशाह लेन.. (लवलेन) भायखळा (पूर्व) क्रास लेन मुंबई शहर पिनकोड 400027,89,
047-Nesbit_Road_Low_Level.pdf,15,मेघजी चाळ पत्रा शेड शेठ मोती शाह लेन (लव लेन क्रॉस लैन) भायखळा शेठ मोतीशाह लेन.. (लवलेन) भायखळा (पूर्व) क्रास लेन मुंबई शहर पिनकोड 400027,91,
047-Nesbit_Road_Low_Level.pdf,16,बुनियान बिल्डींग (एं) शेठ मोती शाह लेन (लव लेन क्रगॉस लेन) शेठ मोतीशाह लेन.. (लवलेन) भायखळा (पूर्व) क्रास लेन मुंबई शहर पिनकोड 400027,89,
047-Nesbit_Road_Low_Level.pdf,18,बुनियान बिल्डींग (बी) शेठ मोती शाह लेन (लव लेन क्रॉस लेन) शेठ मोतीशाह लेन.. (लवलेन) भायखळा (पूर्व) क्रास लेन मुंबई शहर पिनकोड 400027,88,
047-Nesbit_Road_Low_Level.pdf,20,बुनियान बिल्डींग ब्लॉक(सी) शेठ माती शाह लेन (लव लेन क्रॉस शेठ मोतीशाह लेन.. (लवलेन) भायखळा (पूर्व) क्रास लेन मुंबई शहर पिनकोड 400027,89,
047-Nesbit_Road_Low_Level.pdf,21,बुनियान बिल्डींग ब्लॉक(सी) शेठ माती शाह लेन (लव लेन क्रॉस शेठ मोतीशाह लेन.. (लवलेन) भायखळा (पूर्व) क्रास लेन मुंबई शहर॒ पिनकोड 400027,89,
047-Nesbit_Road_Low_Level.pdf,22,बुनियान बिल्डींग ब्लॉक(सी) शेठ माती शाह लेन (लव लेन क्रॉस शेठ मोतीशाह लेन.. (लवलेन) भायखळा (पूर्व) क्रास लेन मुंबई शहर पिनकोड 400027,89,
048-Sardar_Balwant_Singh_Dhodi_Marg_Mazgaon.pdf,2,ताहेरी मंझील (ए) नेस बौट रोड. लो. लेव्हल माझगाव बु-हाणी कॉलेज बाजुला नेसबीट रोड. पिनकोड 400010,86,
048-Sardar_Balwant_Singh_Dhodi_Marg_Mazgaon.pdf,3,ताहेरी मंझील (ए) नेस बीट रोड. लो. लेव्हल माझगाव बु-हाणी कालेज बाजुला नेसबीट रोड. पिनकोड 400010 ॒ र,83,
048-Sardar_Balwant_Singh_Dhodi_Marg_Mazgaon.pdf,4,ताहेरी मंझील (बी) नेस बौट रोड. लो. लेव्हल माझगाव मुंबई-400010 बु-हाणी नेसबीट रोड. पिनकोड 400010 ब,85,
048-Sardar_Balwant_Singh_Dhodi_Marg_Mazgaon.pdf,5,एम. एस. आर. बी. क्रमांक 1 नेस बीट रोड. लो. लेव्हल माझगाव बु-हाणी कॉलेज बाजुला नेसबीट रोड. पिनकोड 400010,89,
048-Sardar_Balwant_Singh_Dhodi_Marg_Mazgaon.pdf,6,एम. एस. आर. बी. क्रमांक 2 नेस बीट रोड. लो. लेव्हल माझगाव बु-हाणी कॉलेज बाजुला नेसबीट रोड. पिनकोड 400010,87,
048-Sardar_Balwant_Singh_Dhodi_Marg_Mazgaon.pdf,7,रेझा विला नेस बीट रोड. लो. लेव्हल माझगाव बु-हाणी काँलेज नेसबीट रोड. पिनकोड 400010 ब,87,
048-Sardar_Balwant_Singh_Dhodi_Marg_Mazgaon.pdf,8,खतिजा विला नेस बीट रोड. लो. लेव्हल माझगाव बु-हाणी कॉलेज नेसबीट रोड. पिनकोड 400010,91,
048-Sardar_Balwant_Singh_Dhodi_Marg_Mazgaon.pdf,9,खतिजा विला नेस बीट रोड. लो. लेव्हल माझगाव बु-हाणी कॉलेज नेसबीट रोड. पिनकोड 400010 द,91,
048-Sardar_Balwant_Singh_Dhodi_Marg_Mazgaon.pdf,10,चिचगर टॅरेस नेस बीट रोड. लो. लेव्हल माझगाव बु-हाणी काँलेज नेसबीट रोड. पिनकोड 400010,87,
048-Sardar_Balwant_Singh_Dhodi_Marg_Mazgaon.pdf,11,चिचगर टॅरेस नेस बीट रोड. लो. लेव्हल माझगाव बु-हाणी काँलेज नेसबीट रोड. पिनकोड 400010 न,90,
048-Sardar_Balwant_Singh_Dhodi_Marg_Mazgaon.pdf,12,हबीब विला. लो. लेव्हल माझगाव बु-हाणी कॉलेज बाजुला नेसबीट रोड. पिनकोड 400010 ब द,88,
048-Sardar_Balwant_Singh_Dhodi_Marg_Mazgaon.pdf,13,रेल्वे बोड बिल्डींग क्रमांक 3. लो. लेव्हल माझगाव बु-हाणी काल नेसबीट रोड. पिनकोड 400010 ठा,87,
048-Sardar_Balwant_Singh_Dhodi_Marg_Mazgaon.pdf,14,रेल्वे बोड बिल्डींग क्रमांक 3. लो. लेव्हल माझगाव बु-हाणी कॉल नेसबीट रोड. पिनकोड 400010 टि,85,
048-Sardar_Balwant_Singh_Dhodi_Marg_Mazgaon.pdf,15,रेल्वे बोड बिल्डींग क्रमांक 3. लो. लेव्हल माझगाव बु-हाणी कॉल नेसबीट रोड. पिनकोड 400010 ठा,88,
048-Sardar_Balwant_Singh_Dhodi_Marg_Mazgaon.pdf,16,शुभसंदेश बाजुचा पत्रा शेड हनुमान मंदीरच्या बाजुला माझगाव नेसबीट रोड. पिनकोड 400010,89,
048-Sardar_Balwant_Singh_Dhodi_Marg_Mazgaon.pdf,17,शेोरना कंपाउंड म्यु बैठी चाळ माझगाव नेसबीट रोड. पिनकोड 400010,87,
048-Sardar_Balwant_Singh_Dhodi_Marg_Mazgaon.pdf,18,सेठना हॉल बिल्डींग कंपाउंड माझगाव. सरदार बळवंत सिंग धोदी मार्ग. मुंबई शहर पिनकोड 400010,90,
048-Sardar_Balwant_Singh_Dhodi_Marg_Mazgaon.pdf,19,नेसबिट हॉल माझगाव. सरदार बळवंत सिंग धोदी मार्ग. मुंबई शहर पिनकोड 400010,91,
048-Sardar_Balwant_Singh_Dhodi_Marg_Mazgaon.pdf,20,करोज बंगला भरूचा कंपाउंड माझगांव कोट पाठीमागील बाजु. सरदार बळवंत सिंग धोदी मार्ग. मुंबई शहर पिनकोड 400010,92,
048-Sardar_Balwant_Singh_Dhodi_Marg_Mazgaon.pdf,21,भरूचा गॅरेज पत्राशेड माझगांव कोटं जवळील बाजू.. सरदार बळवंत सिंग धोदी मार्ग. पिनकोड 400010,89,
048-Sardar_Balwant_Singh_Dhodi_Marg_Mazgaon.pdf,22,झगांव कोटं कंपाउंड पी. डब्लु. डी. सरदार बळवंत सिंग धोदी मार्ग. पिनकोड 400010,91,
048-Sardar_Balwant_Singh_Dhodi_Marg_Mazgaon.pdf,23,छत्रीवाला बिल्डींग माझगाव.. सरदार बळवंत सिंग धोदी मार्ग. पिनकोड 400010,89,
048-Sardar_Balwant_Singh_Dhodi_Marg_Mazgaon.pdf,24,डेगमवाला बिल्डींग संटमेरी शाळेजवळ. माझगाव.. सरदार बळवंत सिंग धोदी मार्ग. पिनकोड 400010,90,
048-Sardar_Balwant_Singh_Dhodi_Marg_Mazgaon.pdf,25,उत्तर इंडीया बिल्डींग सेंटमेरी स्कुल जवळ.. सरदार बळवंत सिंग धोदी मार्ग. पिनकोड 400010,92,
048-Sardar_Balwant_Singh_Dhodi_Marg_Mazgaon.pdf,26,न्यू बोठी चाळ सेठना कंपाऊंड माझगाव.. सरदार बळवंत सिंग धोदी मार्ग. पिनकोड 400010,86,
048-Sardar_Balwant_Singh_Dhodi_Marg_Mazgaon.pdf,27,जमाळा खाना सरदार बळवंत सिंग धोरी मार्ग. माझगाव. मुंबई-400010. सरदार बळवंत सिंग धोदी मार्ग. मुंबई शहर॒ पिनकोड 400010,87,
048-Sardar_Balwant_Singh_Dhodi_Marg_Mazgaon.pdf,28,आगा हॉल चाळ क्रमांक 7 माझगाव.. सरदार बळवंत सिंग धोदी मार्ग. मुंबई शहर पिनकोड 400010,89,
048-Sardar_Balwant_Singh_Dhodi_Marg_Mazgaon.pdf,29,आगा हॉल चाळ क्रमांक 9 माझगाव.. सरदार बळवंत सिंग धोदी मार्ग. मुंबई शहर पिनकोड 400010,87,
048-Sardar_Balwant_Singh_Dhodi_Marg_Mazgaon.pdf,30,आगा हॉल चाळ क्रमांक 13 माझगाव.. सरदार बळवंत सिंग धोदी मार्ग. मुंबई शहर पिनकोड 400010,88,
048-Sardar_Balwant_Singh_Dhodi_Marg_Mazgaon.pdf,31,नेसबीट हॉल पत्राशेड नेसबीट हॉलच्या पाठीमागे. सरदार बळवंत सिंग धोदी मार्ग. मुंबई शहर पिनकोड 400010,91,
048-Sardar_Balwant_Singh_Dhodi_Marg_Mazgaon.pdf,32,आगा हॉल चाळ क्रमांक 8 माझगाव.. सरदार बळवंत सिंग धोदी मार्ग. मुंबई शहर पिनकोड 400010,90,
"049-Sardar_Balwant_Singh,_Dhodi_Marg_Mazgaon,.pdf",2,आगा अली मनोर जुना नेसबीट रोड नविन सरदार बळवंत सिंग मार्ग.. सरदार बळवंतसिंग धोदी मार्ग. मुंबई शहर पिनकोड 400010,91,
"049-Sardar_Balwant_Singh,_Dhodi_Marg_Mazgaon,.pdf",3,आगा अली मनोर जुना नैेसबीट रोड नविन सरदार बळवंत सिंग मार्ग.. सरदार बळवंतसिंग धोदी मार्ग. मुंबई शहर पिनकोड 400010,85,
"049-Sardar_Balwant_Singh,_Dhodi_Marg_Mazgaon,.pdf",4,अमीनाबाद बिल्डींग माझगाव.. सरदार बळवंतसिंग धोदी मार्ग. मुंबई शहर पिनकोड 400010,88,
"049-Sardar_Balwant_Singh,_Dhodi_Marg_Mazgaon,.pdf",9,राझारिओ व्हिला डॉ. मस्कोरन्हास रोड. सरदार बळवंत सिंग क्रॉस रोड पुढे.. डॉ. मस्कोरन्हास रोड.. मुंबई शहर पिनकोड 400010,90,
"049-Sardar_Balwant_Singh,_Dhodi_Marg_Mazgaon,.pdf",10,न्यु साई निकेतन (अ) म्हस्करन्स रोड परब चौक. माझगाव.. डॉ. मस्कोरन्हास रोड.. मुंबई शहर पिनकोड 400010,91,
"049-Sardar_Balwant_Singh,_Dhodi_Marg_Mazgaon,.pdf",14,न्यु साई निकेतन (बी) निकेतन सेंट मेरी शाळेला लागुन. डॉ. मस्कोरन्हास रोड.. मुंबई शहर पिनकोड 400010,91,
050-Ganesh_Hari_Parundekar_Marg_Momin_Pura.pdf,2,हिगंबाला चाळ अरब मस्जीद समोर भायखळा (प). मेघराज शेठी मार्ग. पिनकोड 400011,86,
050-Ganesh_Hari_Parundekar_Marg_Momin_Pura.pdf,3,हिगंवाला चाळ अरब मस्जौद समोर भायखळा (प). मेघराज शेठी मार्ग. पिनकोड 400011,86,
050-Ganesh_Hari_Parundekar_Marg_Momin_Pura.pdf,7,घडीयाल चाळ अरब मस्जीद समोर भायखळा (प). मेघराज शेठी मार्ग. पिनकोड 400011,87,
050-Ganesh_Hari_Parundekar_Marg_Momin_Pura.pdf,11,भंडारी चाळ क्रमांक 75 अरब मस्जीद समोर भायखळा (प). मेघराज शेठी मार्ग. अरब मस्जीद समोर भायखळा (प). मुंबई पिनकोड 400011,83,
050-Ganesh_Hari_Parundekar_Marg_Momin_Pura.pdf,17,बदलू रंगारी चाळ हिंगवाला चाळ मागे. भायखळा (प). मेघराज शेठी मार्ग. पिनकोड 400011,90,
050-Ganesh_Hari_Parundekar_Marg_Momin_Pura.pdf,20,पत्राशेड हिंगवाला चाळ मागे. भायखळा (प). मेघराज शेठी मार्ग. पिनकोड 400011,89,
051-Ganesh_Hari_Parundekar_Marg_Momin_Pura.pdf,2,पिटो हाऊस. भायखळा (प). मेघराज सेठी मार्ग. भायखळा (प) पिनकोड 400011,87,
051-Ganesh_Hari_Parundekar_Marg_Momin_Pura.pdf,4,पिटो हाऊस जवळील झोपडपट्टी. भायखळा (प). मेघराज सेठी मार्ग. पिनकोड 400011.,88,
051-Ganesh_Hari_Parundekar_Marg_Momin_Pura.pdf,5,पिटो हाऊस जवळील झोपडपट्टी. भायखळा (प). मेघराज सेठी मार्ग. पिनकोड 400011,90,
051-Ganesh_Hari_Parundekar_Marg_Momin_Pura.pdf,7,खटाव मिल्स समोरोाल झोपडया भायखळा (प). मेघराज सेठी मार्ग. पिनकोड 400011.,87,
051-Ganesh_Hari_Parundekar_Marg_Momin_Pura.pdf,8,खटाव मिल्स समोरील झोपडया भायखळा (प). मेघराज सेठी मार्ग. पिनकोड 400011 ब,88,
051-Ganesh_Hari_Parundekar_Marg_Momin_Pura.pdf,9,खटाव मिल्स समोरोाल झोपडया भायखळा (प). मेघराज सेठी मार्ग. पिनकोड 400011,88,
051-Ganesh_Hari_Parundekar_Marg_Momin_Pura.pdf,10,खटाव मिल्स समोरोाल झोपडया भायखळा (प). मेघराज सेठी मार्ग. पिनकोड 400011 टा,89,
051-Ganesh_Hari_Parundekar_Marg_Momin_Pura.pdf,11,इस्लाम बिल्डिंग. भायखळा (प). मेघराज सेठी मार्ग. मुंबई शहर पिनकोड 400011,90,
051-Ganesh_Hari_Parundekar_Marg_Momin_Pura.pdf,14,इस्लाम बिल्डिंगच्या मागील बैठी चाळ. भायखळा (प). मेघराज सेठी मार्ग. मुंबई शहर पिनकोड 400011,91,
051-Ganesh_Hari_Parundekar_Marg_Momin_Pura.pdf,16,इस्लाम बिल्डिंगच्या बाजुला. भायखळा (प). मेघराज सेठी मार्ग. मुंबई शहर पिनकोड 400011,93,
051-Ganesh_Hari_Parundekar_Marg_Momin_Pura.pdf,17,पत्राचाळ क्रमांक 1 मोमीन पुरा मिल्क स्ट्रॉट. भायखळा (प) मुंबई. मोहम्मद सिद्धीकी अन्सारी लेन. मिल्क स्ट्रीट. भायखळा (प) मुंबई मुंबई शहर पिनकोड,91,
051-Ganesh_Hari_Parundekar_Marg_Momin_Pura.pdf,18,पत्राचाळ क्रमांक 2 मोमीन पुरा मिल्क स्ट्रीट. भायखळा (प). मोहम्मद सिद्धीकी अन्सारी लेन. मुंबई शहर पिनकोड 400011,90,
051-Ganesh_Hari_Parundekar_Marg_Momin_Pura.pdf,19,पत्राचाळ क्रमांक 3 मोमीन पुरा मिल्क स्ट्रीट. भायखळा (प). मोहम्मद सिद्धीकी अन्सारी लेन. मुंबई शहर पिनकोड 400011,89,
051-Ganesh_Hari_Parundekar_Marg_Momin_Pura.pdf,20,पत्राचाळ क्रमांक 4 मोमीन पुरा मिल्क स्ट्रीट. भायखळा (प). मोहम्मद सिद्धीकी अन्सारी लेन. मुंबई शहर पिनकोड 400011,91,
051-Ganesh_Hari_Parundekar_Marg_Momin_Pura.pdf,21,पत्राचाळ क्रमांक 5 मोमीन पुरा मिल्क स्ट्रीट. भायखळा (प). मोहम्मद सिद्धीकी अन्सारी लेन. मुंबई शहर पिनकोड 400011,89,
051-Ganesh_Hari_Parundekar_Marg_Momin_Pura.pdf,22,पत्राचाळ क्रमांक 6 मोमीन पुरा मिल्क स्ट्रोट. भायखळा (प). मोहम्मद सिद्धीकी अन्सारी लेन. मुंबई शहर पिनकोड 400011,91,
051-Ganesh_Hari_Parundekar_Marg_Momin_Pura.pdf,23,पत्राचाळ क्रमांक 7 मोमीन पुरा मिल्क स्ट्रोट. भायखळा (प). मोहम्मद सिद्धीकी अन्सारी लेन. मुंबई शहर पिनकोड 400011,90,
051-Ganesh_Hari_Parundekar_Marg_Momin_Pura.pdf,25,पत्राचाळ क्रमांक 4 जवळील झोपडपट्टी. मोमीन पुरा मिल्क स्ट्रोट.. मोहम्मद सिद्धीकी अन्सारी लेन. मुंबई शहर पिनकोड 400011,85,
051-Ganesh_Hari_Parundekar_Marg_Momin_Pura.pdf,26,साखळी रोड झोपडी भायखळा (प) 3 | क) गणेश हरी पारुंडेकर मार्ग. (म. नि. वि 37) खंड 1 मुंबई शहर पिनकोड 400011,88,
052-Ganesh_Hari_Parundekar_Marg_Momin_Pura.pdf,2,बी. आय. टो. चाळ क्रमांक 1 मिल्क स्ट्रीट ईरफान बिल्डींग. साबरी हॉटेल. मोहममद सिध्दीक अन सारी लेन. मिल्क स्ट्रीट (काला पानी) भायखळा (प) मुंबई शहर,84,
052-Ganesh_Hari_Parundekar_Marg_Momin_Pura.pdf,3,बी. आय. टो. चाळ क्रमांक 1 मिल्क स्ट्रीट इरफान बिल्डांग. साबरी हॉटेल. मोहममद सिध्दीक अन सारी लेन. मिल्क स्ट्रीट (काला पानी) भायखळा (प) मुंबई शहर,85,
052-Ganesh_Hari_Parundekar_Marg_Momin_Pura.pdf,16,रमझान बिल्डांग साईबाबा मंदीर जवळ भायखळा (प). बापुराव जगताप मार्ग. भायखळा (प) पिनकोड 400011,84,
052-Ganesh_Hari_Parundekar_Marg_Momin_Pura.pdf,18,पारिजातबिल्डांग साईबाबा मंदीर जवळ भायखळा (प). बापुराव जगताप मार्ग. पिनकोड,85,
053-Ganesh_Hari_Parundekar_Marg_Momin_Pura.pdf,2,हबीब मेन्शन क्रमांक 1 टॅंक पाखडी रोड भायखळा (प) हाफीजअली बहादुरखान मार्ग. (टॅंक पाखडी रोड) भायखळा (प) मुंबई शहर पिनकोड 400011,86,
053-Ganesh_Hari_Parundekar_Marg_Momin_Pura.pdf,7,हबौब मार्केट टंक पाखडी रोड भायखळा (पद) हाफीजअली बहादुरखान मार्ग. मुंबई शहर पिनकोड 400011,68,
053-Ganesh_Hari_Parundekar_Marg_Momin_Pura.pdf,8,म्युनिसिपल चाळ क्रमांक 54 लिमडी चौक. टॅक पाखडी रोड भायखळा (प) हाफीजअली बहादुरखान मार्ग. मुंबई शहर पिनकोड 400011,83,
053-Ganesh_Hari_Parundekar_Marg_Momin_Pura.pdf,9,पत्रा चाळ क्रमांक 53 लिमडी चौक. टँक पाखडी रोड भायखळा (प) हाफीजअली बहादुरखान मार्ग. मुंबई शहर पिनकोड 400011,86,
053-Ganesh_Hari_Parundekar_Marg_Momin_Pura.pdf,10,पत्रा चाळ क्रमांक 52 लिमडी चौक. टॅंक पाखडी रोड भायखळा (प) हाफीजअली बहादुरखान मार्ग. मुंबई शहर पिनकोड 400011,88,
053-Ganesh_Hari_Parundekar_Marg_Momin_Pura.pdf,11,पत्रा चाळ क्रमांक 51 लिमडी चौक. टॅंक पाखडी रोड भायखळा हाफीजअली बहादुरखान मार्ग. मुंबई शहर पिनकोड 400011,85,
053-Ganesh_Hari_Parundekar_Marg_Momin_Pura.pdf,12,पत्रा चाळ क्रमांक 50 लिमडी चौक. टॅंक पाखडी रोड भायखळा (प) हाफीजअली बहादुरखान मार्ग. मुंबई शहर पिनकोड 400011,88,
053-Ganesh_Hari_Parundekar_Marg_Momin_Pura.pdf,13,पत्रा चाळ क्रमांक 49 लिमडी चौक. टॅंक पाखडी रोड भायखळा (प) हाफीजअली बहादुरखान मार्ग. (टेक पाखडी रोड) भायखळा (प) मुंबई मुंबई शहर पिनकोड,89,
053-Ganesh_Hari_Parundekar_Marg_Momin_Pura.pdf,14,पत्रा चाळ क्रमांक 49 लिमडी चौक. टॅंक पाखडी रोड भायखळा (प) हाफीजअली बहादुरखान मार्ग. (टॅंक पाखडी रोड) भायखळा (प) मुंबई मुंबई शहर पिनकोड,89,
053-Ganesh_Hari_Parundekar_Marg_Momin_Pura.pdf,15,पत्रा चाळ क्रमांक 55 लिमडी चौक. टॅंक पाखडी रोड भायखळा हाफीजअली बहादुरखान मार्ग. मुंबई शहर पिनकोड 400011,84,
053-Ganesh_Hari_Parundekar_Marg_Momin_Pura.pdf,16,पत्रा चाळ क्रमांक 55 च्या जवळील झांपड्या लिमडी चौक. टेक पाखडी हाफीजअली बहादुरखान मार्ग. मुंबई शहर पिनकोड 400011,85,
053-Ganesh_Hari_Parundekar_Marg_Momin_Pura.pdf,17,पत्रा चाळ क्रमांक 1 लिमडी चौक. टॅंक पाखडी रोड भायखळा (प) हाफीजअली बहादुरखान मार्ग. मुंबई शहर पिनकोड 400011,86,
053-Ganesh_Hari_Parundekar_Marg_Momin_Pura.pdf,18,पत्रा चाळ क्रमांक 2 लिमडी चौक. टॅंक पाखडी रोड हाफीजअली बहादुरखान मार्ग. मुंबई शहर पिनकोड 400011,85,
053-Ganesh_Hari_Parundekar_Marg_Momin_Pura.pdf,19,सुलेमान रंगाची बेकरी व फॅक्टरी टेक पाखडी रोड भायखळा (प) हाफीजअली बहादुरखान मार्ग. मुंबई शहर पिनकोड 400011,88,
053-Ganesh_Hari_Parundekar_Marg_Momin_Pura.pdf,21,चौहान मेन्शन (लाहाना हाऊस) टॅंक पाखडी रोड भायखळा (प) हाफीजअली बहादुरखान मार्ग. मुंबई शहर पिनकोड 400011,85,
053-Ganesh_Hari_Parundekar_Marg_Momin_Pura.pdf,24,मुसा मेन्शन टेक पाखडी रोड भायखळा (पद) हाफीजअली बहादुरखान मार्ग. मुंबई शहर पिनकोड 400011,87,
053-Ganesh_Hari_Parundekar_Marg_Momin_Pura.pdf,26,मुसा मॅन शन जवळील झांपडपटू्टया टॅंक पाखडी रांड भायखळा (प) हाफीजअली बहादुरखान मार्ग. मुंबई शहर पिनकोड 400011,82,
054-790_Bapurao_Jagtap_Marg.pdf,2,पिलामाळा बिल्डींग मोमीन पुरा. अल हरीस मस्जीद जवळ. भायखळा हाफिजअली बहादुरखान मार्ग. मोमीन पुरा (टॅंक पाखडी रोड) भायखळा (प) मुंबई मुंबई शहर,88,
054-790_Bapurao_Jagtap_Marg.pdf,7,खालिक शेठ पत्रा चाळ. मोमीनपुरा अल हदीस मस्जीद मागे भायखळा हाफिजअली बहादुरखान मार्ग. मोमीन पुरा (टेंक पाखडी रोड) भायखळा (प) मुंबई शहर पिनकोड,89,
054-790_Bapurao_Jagtap_Marg.pdf,10,अल हदीस मस्जीद मागे मोमीनपुरा भायखळा (प) हाफिजअली बहादुरखान मार्ग. मोमीन पुरा (टेंक पाखडी रोड) भायखळा (प) मुंबई शहर पिनकोड,90,
054-790_Bapurao_Jagtap_Marg.pdf,12,न्यु. मजीद चाळ मस्जीद जवळ भायखळा (प) हाफिजअली बहादुरखान मार्ग. मोमीन पुरा (टेंक पाखडी रोड) भायखळा (प) मुंबई शहर पिनकोड,90,
054-790_Bapurao_Jagtap_Marg.pdf,14,मजिद बिल्डींग अल हदीस मस्जीद जवळ मोमीनपुरा भायखळा (प) हाफिजअली बहादुरखान मार्ग. मोमीन पुरा (टेंक पाखडी रोड) भायखळा (प) मुंबई शहर पिनकोड,90,
054-790_Bapurao_Jagtap_Marg.pdf,16,मजिद पत्रा चाळ अल हदीस मस्जीद जवळ मोमौनपुरा भायखळा (प) हाफिजअली बहादुरखान मार्ग. मोमीन पुरा (टेंक पाखडी रोड) भायखळा (प) मुंबई शहर पिनकोड,88,
054-790_Bapurao_Jagtap_Marg.pdf,17,हमीद बिल्डींग न्यु. लाईफ रेस्टोरंट भायखळा (प). हाफिजअली बहादुरखान मार्ग. मोमीन पुरा (टेंक पाखडी रोड) भायखळा (प) मुंबई शहर पिनकोड,91,
054-790_Bapurao_Jagtap_Marg.pdf,21,मस्जीद चाळ अल हदौस मस्जीद भायखळा (प) हाफिजअली बहादुरखान मार्ग. मोमीन पुरा टॅंक पाखडी रोड भायखळा (प) मुंबई मुंबई शहर पिनकोड,87,
054-790_Bapurao_Jagtap_Marg.pdf,22,आझाद बुक डेपो अल हदौस मस्जीदच्या बाजुला भायखळा (प). हाफिजअली बहादुरखान मार्ग. मोमीन पुरा टेक पाखडी रोड भायखळा (प) मुंबई मुंबई शहर पिनकोड,91,
054-790_Bapurao_Jagtap_Marg.pdf,23,मस्जीद बैठी चाळ. अल हदीस मस्जीद भायखळा (प). हाफिजअली बहादुरखान मार्ग. मोमीन पुरा टॅंक पाखडी रोड भायखळा (प) मुंबई मुंबई शहर पिनकोड,83,
054-790_Bapurao_Jagtap_Marg.pdf,24,न्यु खटाऊ मारवनजी बिल्डिंग क्रमांक 5 साईबाबा मंदीर जवळ टेक पाखडी रोड. हाफिजअली बहादुरखान मार्ग. (टेक पाखडी रोड) भायखळा (प) मुंबई शहर पिनकोड,86,
054-790_Bapurao_Jagtap_Marg.pdf,29,खटाव बिल्डींग जवळील झोपडपट्टी टेक पाखडी रोड भायखळा (प). हाफिजअली बहादुरखान मार्ग. (टेक पाखडी रोड) भायखळा (प) पिनकोड 400011,93,
054-790_Bapurao_Jagtap_Marg.pdf,30,स्टोन बिल्डींग भायखळा (प). बापूराव जगताप मार्ग. भायखळा (प) पिनकोड 400011,91,
055-790_Bapurao_Jagtap_Marg.pdf,2,इरफान बिल्डींग जवळील झोपडपट्टी मिल्क स्ट्रीट भायखळा (प) मोहममद सिध्दीक अन्सारी लेन. मिल्क स्ट्रीट भायखळा (प) मुंबई मुंबई शहर पिनकोड 400011,91,
055-790_Bapurao_Jagtap_Marg.pdf,3,इरफान बिल्डांग जवळील झोपडपट्टी मिल्क स्ट्रीट भायखळा (प) मोहममद सिध्दीक अन्सारी लेन. मिल्क स्ट्रीट भायखळा (प) मुंबई मुंबई शहर पिनकोड 400011,87,
055-790_Bapurao_Jagtap_Marg.pdf,4,इरफान बिल्डींग दुधवाला बिल्डींग मिल्क स्ट्रॉट भायखळा (प) मोहममद सिध्दीक अन्सारी लेन. मिल्क स्ट्रीट भायखळा (प) मुंबई मुंबई शहर पिनकोड 400011,88,
055-790_Bapurao_Jagtap_Marg.pdf,6,ट्रान्झिस्ट कॅम्प चाळ क्रमांक 1 मिल्क स्ट्रीट भायखळा (प) मोहममद सिध्दीक अन्सारी लेन. मिल्क स्ट्रीट भायखळा (प) मुंबई मुंबई शहर पिनकोड 400011,90,
055-790_Bapurao_Jagtap_Marg.pdf,7,ट्रान्झिस्ट कॅम्प चाळ क्रमांक 2 मिल्क स्ट्रीट भायखळा (प) मोहममद सिध्दीक अन्सारी लेन. मिल्क स्ट्रीट भायखळा (प) मुंबई मुंबई शहर पिनकोड 400011,90,
055-790_Bapurao_Jagtap_Marg.pdf,8,ट्रान्झिस्ट कॅम्प चाळ क्रमांक 3 मिल्क स्ट्रीट भायखळा (प) मोहममद सिध्दीक अन्सारी लेन. मिल्क स्ट्रीट भायखळा (प) मुंबई मुंबई शहर पिनकोड 400011,88,
055-790_Bapurao_Jagtap_Marg.pdf,10,ट्रान्झिस्ट कॅम्प चाळ क्रमांक 5 मिल्क स्ट्रीट भायखळा (प) मोहममद सिध्दीक अन्सारी लेन. मिल्क स्ट्रीट भायखळा (प) मुंबई मुंबई शहर पिनकोड 400011,90,
055-790_Bapurao_Jagtap_Marg.pdf,11,ट्रान्झिस्ट कॅम्प चाळ क्रमांक 6 मिल्क स्ट्रीट भायखळा (प) मोहममद सिध्दीक अन्सारी लेन. मिल्क स्ट्रीट भायखळा (प) मुंबई मुंबई शहर पिनकोड 400011,91,
055-790_Bapurao_Jagtap_Marg.pdf,12,ट्रान्झिस्ट कॅम्प चाळ क्रमांक 7 मिल्क स्ट्रीट भायखळा (प) मोहममद सिध्दीक अन्सारी लेन. मिल्क स्ट्रीट भायखळा (प) मुंबई मुंबई शहर पिनकोड 400011,91,
055-790_Bapurao_Jagtap_Marg.pdf,13,ट्रान्झिस्ट कॅम्प चाळ क्रमांक 9 मिल्क स्ट्रॉट भायखळा (प) मोहममद सिध्दीक अन्सारी लेन. मिल्क स्ट्रीट भायखळा (प) मुंबई मुंबई शहर पिनकोड 400011,90,
055-790_Bapurao_Jagtap_Marg.pdf,14,ट्रान्झिस्ट कॅम्प चाळ क्रमांक 10 मिल्क स्ट्रीट भायखळा (प) मोहममद सिध्दीक अन्सारी लेन. मिल्क स्ट्रीट भायखळा (प) मुंबई मुंबई शहर पिनकोड 400011,88,
055-790_Bapurao_Jagtap_Marg.pdf,15,ट्रान्झिस्ट कॅम्प चाळ क्रमांक 11 मिल्क स्ट्रीट भायखळा (प) मोहममद सिध्दीक अन्सारी लेन. मिल्क स्ट्रीट भायखळा (प) मुंबई मुंबई शहर पिनकोड 400011,90,
055-790_Bapurao_Jagtap_Marg.pdf,16,ट्रान्झिस्ट कॅम्प चाळ क्रमांक 12 मिल्क स्ट्रीट भायखळा (प) मोहममद सिध्दीक अन्सारी लेन. मिल्क स्ट्रीट भायखळा (प) मुंबई मुंबई शहर पिनकोड 400011,89,
055-790_Bapurao_Jagtap_Marg.pdf,17,ट्रान्झिस्ट कॅम्प चाळ क्रमांक 13 मिल्क स्ट्रीट भायखळा (प) मोहममद सिध्दीक अन्सारी लेन. मिल्क स्ट्रीट भायखळा (प) मुंबई मुंबई शहर पिनकोड 400011,91,
055-790_Bapurao_Jagtap_Marg.pdf,18,ट्रान्झिस्ट कॅम्प चाळ क्रमांक 15 मिल्क स्ट्रीट भायखळा (प) मोहममद सिध्दीक अन्सारी लेन. मिल्क स्ट्रीट भायखळा (प) मुंबई मुंबई शहर पिनकोड 400011,89,
055-790_Bapurao_Jagtap_Marg.pdf,19,ट्रान्झिस्ट कॅम्प प जवळील झोपडया मिल्क स्ट्रीट भायखळा (प) मोहममद सिध्दीक अन्सारी लेन. मिल्क स्ट्रीट भायखळा (प) मुंबई मुंबई शहर पिनकोड 400011,90,
055-790_Bapurao_Jagtap_Marg.pdf,20,ट्रान्झिस्ट कॅम्प चाळ क्रमांक 8 मिल्क स्ट्रॉट भायखळा (प) मोहममद सिध्दीक अन्सारी लेन. मिल्क स्ट्रीट भायखळा (प) मुंबई मुंबई शहर पिनकोड 400011,91,
056-Mohammad_Siddique_Ansari_Lane_(Milk_Street).pdf,2,ट्रान्झिस्ट कॅम्प चाळ क्रमांक 17 ते 27 मिल्क स्ट्रीट भायखळा (प) मोहममद सिद्दीकी अन सारी लेन. मिल्क स्ट्रीट भायखळा (प) मुंबई शहर पिनकोड 400011,90,
056-Mohammad_Siddique_Ansari_Lane_(Milk_Street).pdf,4,ट्रान्झिस्ट कॅम्प चाळ क्रमांक 20. मिल्क स्ट्रीट भायखळा (प) मोहममद सिद्दीकी अन सारी लेन. मुंबई शहर पिनकोड 400011,91,
056-Mohammad_Siddique_Ansari_Lane_(Milk_Street).pdf,5,ट्रान्झिस्ट कॅम्प चाळ क्रमांक 21. मिल्क स्ट्रीट भायखळा (प) मोहममद सिद्दीकी अन सारी लेन. मुंबई शहर पिनकोड 400011,92,
056-Mohammad_Siddique_Ansari_Lane_(Milk_Street).pdf,6,ट्रान्झिस्ट कॅम्प चाळ क्रमांक 24. मिल्क स्ट्रीट भायखळा (प) मोहममद सिद्दीकी अन सारी लेन. मुंबई शहर पिनकोड 400011,91,
056-Mohammad_Siddique_Ansari_Lane_(Milk_Street).pdf,8,ट्रान्झिस्ट कॅम्प चाळ क्रमांक 26. मिल्क स्ट्रीट भायखळा (प) मोहममद सिद्दीकी अन सारी लेन. मुंबई शहर पिनकोड 400011,90,
056-Mohammad_Siddique_Ansari_Lane_(Milk_Street).pdf,9,रान्झिस्ट कॅम्प चाळ क्रमांक 27. मिल्क स्ट्रीट भायखळा (प) मोहममद सिद्दीकी अन सारी लेन. मुंबई शहर पिनकोड 400011,88,
056-Mohammad_Siddique_Ansari_Lane_(Milk_Street).pdf,10,ट्रान्झिस्ट कॅम्प चाळ क्रमांक 23. मिल्क स्ट्रीट भायखळा (प) मोहममद सिद्दीकी अन सारी लेन. मुंबई शहर पिनकोड 400011,91,
056-Mohammad_Siddique_Ansari_Lane_(Milk_Street).pdf,11,ट्रान्झिस्ट कॅम्प चाळ क्रमांक 18. मिल्क स्ट्रीट भायखळा (प) मुंबई मोहममद सिद्दीकी अन सारी लेन. मुंबई शहर पिनकोड 400011,91,
056-Mohammad_Siddique_Ansari_Lane_(Milk_Street).pdf,13,ट्र्रान्झिस्ट कॅम्प चाळ क्रमांक 14 च्या मागील झोपड्या. मिल्क स्ट्रीट भायखळा (प) मुंबई मोहममद सिद्दीकी अन सारी लेन. मिल्क स्ट्रीट भायखळा (प) मुंबई पिनकोड 400011,87,
056-Mohammad_Siddique_Ansari_Lane_(Milk_Street).pdf,14,मिल्क स्ट्रीट फुटपाथवरील झोपड्या. मिल्क स्ट्रीट भायखळा (प) मुंबई मोहममद सिद्दीकी अन सारी लेन. पिनकोड 400011,89,
056-Mohammad_Siddique_Ansari_Lane_(Milk_Street).pdf,16,ट्रान्झिस्ट कॅम्प चाळ क्रमांक 22. मिल्क स्ट्रीट भायखळा (प) मुंबई मोहममद सिद्दीकी अन सारी लेन. पिनकोड 400011,90,
056-Mohammad_Siddique_Ansari_Lane_(Milk_Street).pdf,18,ट्रान्झिस्ट कॅम्प चाळ क्रमांक 25. मिल्क स्ट्रीट भायखळा (प) मुंबई मोहममद सिद्दीकी अन सारी लेन. पिनकोड 400011,88,
056-Mohammad_Siddique_Ansari_Lane_(Milk_Street).pdf,19,ट्र्रान्झिस्ट कॅम्प चाळ क्रमांक 27 च्या मागील झोपड्या. मिल्क स्ट्रीट भायखळा (प) मुंबई मोहममद सिद्दीकी अन सारी लेन. पिनकोड 400011,90,
056-Mohammad_Siddique_Ansari_Lane_(Milk_Street).pdf,21,ट्र्रान्झिस्ट चाळ क्रमांक 11 च्या मागील झोपड्या. मिल्क स्ट्रीट भायखळा (प) मोहममद सिद्दीकी अन सारी लेन. मुंबई शहर पिनकोड 400011,90,
056-Mohammad_Siddique_Ansari_Lane_(Milk_Street).pdf,22,ट्र्रान्झिस्ट कॅम्प चाळ क्रमांक 13 च्या मागील झोपड्या. मिल्क स्ट्रॉट भायखळा (प) मोहममद सिद्दीकी अन सारी लेन. मुंबई शहर पिनकोड 400011,89,
056-Mohammad_Siddique_Ansari_Lane_(Milk_Street).pdf,23,मेहबूब ऑटो गॅरेज साबिरी रेस्टॉरंट मिल्क स्ट्रीट भायखळा (प) मोहममद सिद्दीकी अन सारी लेन. मुंबई शहर पिनकोड 400011,90,
056-Mohammad_Siddique_Ansari_Lane_(Milk_Street).pdf,24,ट्ररान्झिस्ट कॅम्प चाळ क्रमांक 23 च्या बाजुच्या झोपड्या. मिल्क स्ट्रीट भायखळा (प) मोहममद सिद्दीकी अन सारी लेन. मुंबई शहर पिनकोड 400011,90,
056-Mohammad_Siddique_Ansari_Lane_(Milk_Street).pdf,25,मिल्क स्ट्रॉट भायखळा (प) मोहम्मद सिध्दीक अन्सारी लेन खंड 5 मिल्क स्ट्रीट भायखळा (प) मुंबई मुंबई शहर पिनकोड 400011,92,
057-Mohammad_Siddique_Ansari_Lane_(Milk_Street).pdf,2,दत्ताराम बिल्डींग बापुराव जगताप मार्ग सावळा मेन्शनच्या बाजुला. बापुराव जगताप मार्ग. (हंस रोड) भायखळा पश्‍चिम मुंबई शहर पिनकोड 400011,91,
057-Mohammad_Siddique_Ansari_Lane_(Milk_Street).pdf,3,अरोम बकर चाळ बापुराव जगताप मार्ग दत्ताराम बिल्डींगच्या बाजुला. बापुराव जगताप मार्ग. पिनकोड 400011,86,
057-Mohammad_Siddique_Ansari_Lane_(Milk_Street).pdf,4,अब्दुल अझीझ बेकरी बापुराव जगताप मार्ग अरीम बकर चाळीच्या. बापुराव जगताप मार्ग. पिनकोड 400011,89,
057-Mohammad_Siddique_Ansari_Lane_(Milk_Street).pdf,5,खलिफा चाळ बापुराव जगताप माग अब्दुल अझिझ बेकरी. बापुराव जगताप मार्ग. पिनकोड 400011,89,
057-Mohammad_Siddique_Ansari_Lane_(Milk_Street).pdf,7,सावला मेनशन बापुराव जगताप मागे स्टेशन रोडच्या बाजुला. बापुराव जगताप मार्ग. पिनकोड 400011 र,87,
057-Mohammad_Siddique_Ansari_Lane_(Milk_Street).pdf,8,मेहता चाळ साखळी स्ट्रीट चौथी क्रॉस लेन भायखळा पश्‍चिम मुंबई. हल्का-ए-अहबाब मार्ग. साखळी स्ट्रीट चौथी क्रॉस लेन भायखळा पश्‍चिम मुंबई पिनकोड,90,
057-Mohammad_Siddique_Ansari_Lane_(Milk_Street).pdf,11,पडदावाला चाळ साखळी स्ट्रीट चौथी क्रॉस लेन बी मेहती चाळांच्या. हल्का-ए-अहबाब मार्ग. पिनकोड 400008,88,
057-Mohammad_Siddique_Ansari_Lane_(Milk_Street).pdf,14,मोगलानी चाळ साखळी स्ट्रीट चौथी क्रॉस लेन पडदावाला चाळींच्या. हल्का-ए-अहबाब मार्ग. पिनकोड 400008,86,
057-Mohammad_Siddique_Ansari_Lane_(Milk_Street).pdf,16,धोबी चाळ साखळी स्ट्रीट चौथी क्रॉस लेन मोगलानी चाळींच्या. हल्का-ए-अहबाब मार्ग. पिनकोड 400008,83,
057-Mohammad_Siddique_Ansari_Lane_(Milk_Street).pdf,18,हनुमान प्रसाद बिल्डींग बापुराव जगताप मागग स्टेशन क्रॉस बापुराव जगताप मार्ग. भायखळा पश्‍चिम मुंबई मुंबई शहर पिनकोड 400011,90,
057-Mohammad_Siddique_Ansari_Lane_(Milk_Street).pdf,22,अत्तरवाला चाळ (बंदुकवाला चाळ) बापुराव जगताप मागे बापुराव जगताप मार्ग. पिनकोड 400011,89,
057-Mohammad_Siddique_Ansari_Lane_(Milk_Street).pdf,23,शिवनेरी बिल्डींग बापुराव जगताप मागग अत्तरवाला चाळाच्या बाजुला बापुराव जगताप मार्ग. पिनकोड 400011,87,
058-Mohammad_Siddique_Ansari_Lane_(Milk_Street).pdf,2,बि. आय. टो चाळ नं-3 मोहम्मद सिध्दीवभे अन्सारीलेन मोमीनपुरा मिल्क स्ट्रीट ठा ट मोह. सिध्दीकी अन्सारीलेन. मोमीन पुरा भायखळा पश्‍चिम मुंबई पिनकोड 400011,82,
058-Mohammad_Siddique_Ansari_Lane_(Milk_Street).pdf,3,बि. आय. टी चाळ नं-3 मोहम्मद सिध्दीकी अन्सारालेन मोमीनपुरा मिल्क स्ट्रीट मोह. सिध्दीकी अन्सारीलेन. मोमीन पुरा भायखळा पश्‍चिम मुंबई पिनकोड 400011,80,
058-Mohammad_Siddique_Ansari_Lane_(Milk_Street).pdf,9,बि. आय. टा चाळ नं-4 मोहम्मद सिध्दीकाी अन्सारीलैन मोमीनपुरा मिल्क स्ट्रीट मोह. सिध्दीकी अन्सारीलेन. पिनकोड न,72,
058-Mohammad_Siddique_Ansari_Lane_(Milk_Street).pdf,10,बि. आय. टा चाळ नं-4 मोहम्मद सिध्दीकाी अन्सारीलैन मोमीनपुरा मिल्क स्ट्रीट मोह. सिध्दीकी अन्सारीलेन. पिनकोड,72,
058-Mohammad_Siddique_Ansari_Lane_(Milk_Street).pdf,11,बि. आय. टा चाळ नं-4 मोहम्मद सिध्दीकाी अन्सारीलैन मोमीनपुरा मिल्क स्ट्रीट मोह. सिध्दीकी अन्सारीलेन. पिनकोड च र,69,
058-Mohammad_Siddique_Ansari_Lane_(Milk_Street).pdf,12,बि. आय. टा चाळ नं-4 मोहम्मद सिध्दीकाी अन्सारीलैन मोमीनपुरा मिल्क स्ट्रीट मोह. सिध्दीकी अन्सारीलेन. पिनकोड न,72,
058-Mohammad_Siddique_Ansari_Lane_(Milk_Street).pdf,13,बि. आय. टा चाळ नं-4 मोहम्मद सिध्दीकाी अन्सारीलैन मोमीनपुरा मिल्क स्ट्रीट मोह. सिध्दीकी अन्सारीलेन. पिनकोड टि,72,
058-Mohammad_Siddique_Ansari_Lane_(Milk_Street).pdf,14,बि. आय. टा चाळ नं-4 मोहम्मद सिध्दीकाी अन्सारीलैन मोमीनपुरा मिल्क स्ट्रीट मोह. सिध्दीकी अन्सारीलेन. पिनकोड टे,72,
058-Mohammad_Siddique_Ansari_Lane_(Milk_Street).pdf,15,बि. आय. टा चाळ नं-4 मोहम्मद सिध्दीकाी अन्सारीलैन मोमीनपुरा मिल्क स्ट्रीट मोह. सिध्दीकी अन्सारीलेन. पिनकोड न न,72,
059-Meghraj_Shethi_Marg_Bychala.pdf,2,गफुर मंझील. गणेश हरी पारुंडेकर मार्ग मिझा वेस्ट पत्राशेड. गणेश हरी पारुंडेकर मार्ग. भायखळा पश्‍चिम मुंबई मुंबई शहर पिनकोड 400011,84,
059-Meghraj_Shethi_Marg_Bychala.pdf,3,गफुर मंझील. गणेश हरी पारुंडेकर मागग मिझा वेस्ट पत्राशेड. गणेश हरी पारुंडेकर मार्ग. भायखळा पश्‍चिम मुंबई मुंबई शहर पिनकोड 400011,87,
059-Meghraj_Shethi_Marg_Bychala.pdf,5,मजीद बेठी चाळ. गणेश हरी पारुंडेकर माग गफुर मंझिलच्या. गणेश हरी पारुंडेकर मार्ग. मुंबई शहर पिनकोड 400011,86,
059-Meghraj_Shethi_Marg_Bychala.pdf,9,वुड वखार पत्राशेड. मोलाना आझाद रोड भायखळा पश्‍चिम. मौलाना आझाद रोड. भायखळा (प) मुंबई मुंबई शहर पिनकोड 400011,90,
059-Meghraj_Shethi_Marg_Bychala.pdf,13,एव्हरेडी हाऊस मागील पछाड चाळ मौलाना आझाद रोड बुड वखार पत्राशेडच्या. मौलाना आझाद रोड. मुंबई शहर पिनकोड 400011,92,
059-Meghraj_Shethi_Marg_Bychala.pdf,15,हरिजयराम चाळ एव्हरेडी हाऊसच्या बाजुला भायखळा पश्‍चिम. मौलाना आझाद रोड. भायखळा पश्‍चिम मुंबई मुंबई शहर पिनकोड 400011,91,
059-Meghraj_Shethi_Marg_Bychala.pdf,18,हरिजयराम चाळ एव्हरेडी हाऊसच्या बाजुला भायखळा पश्‍चिम. मौलाना आझाद रोड. मुंबई शहर पिनकोड 400011,91,
059-Meghraj_Shethi_Marg_Bychala.pdf,20,आझाद टिंबर माट मौलाना आझाद रोड मौलाना आझाद रोड लगतची दुकान लाईन भायखळा. मौलाना आझाद रोड. मुंबई शहर पिनकोड 400011,88,
059-Meghraj_Shethi_Marg_Bychala.pdf,21,जुनी मजीद चाळ मोलाना आझाद रोड काला पानी पारुंडेकर (मोमीनपुरा) भायखळा. मौलाना आझाद रोड. मुंबई शहर पिनकोड 400011,90,
059-Meghraj_Shethi_Marg_Bychala.pdf,22,एस. जे. हाऊस (इ. एस. जय हाऊस) मौलाना आझाद रोड भायखळा (प). मौलाना आझाद रोड. मुंबई शहर पिनकोड 400011,93,
059-Meghraj_Shethi_Marg_Bychala.pdf,23,म्युनिसिपल पत्रा चाळ मोलाना आझाद रोड भायखळा (प). मौलाना आझाद रोड. मुंबई शहर पिनकोड 400011,92,
060-Meghraj_Shethi_Marg_Bychala.pdf,2,वॉटर स्ट्रीट खटाव मिल्स झोपडपट्टी खटाव मिलच्या बाजुला भायखळा पश्‍चिम वॉटर स्ट्रीट खटाव मिल झोपडपट्टी. भायखळा पश्‍चिम मुंबई पिनकोड 400011,87,
060-Meghraj_Shethi_Marg_Bychala.pdf,7,लंका कंपाऊंड बिल्डिंग क्रमांक 1 खटाव मिलच्या बाजुला भायखळा पश्‍चिम वॉटर स्ट्रीट खटाव मिल झोपडपट्टी. पिनकोड 400011,89,
060-Meghraj_Shethi_Marg_Bychala.pdf,9,लंका कंपाऊंड बिल्डिंग क्रमांक 2 खटाव मिलच्या बाजुला भायखळा पश्‍चिम वॉटर स्ट्रीट खटाव मिल झोपडपट्टी. पिनकोड 400011,90,
060-Meghraj_Shethi_Marg_Bychala.pdf,11,लंका कंपाऊंड बिल्डिंग क्रमांक 3 खटाव मिलच्या बाजुला भायखळा पश्‍चिम वॉटर स्ट्रीट खटाव मिल झोपडपट्टी. पिनकोड 400011,91,
060-Meghraj_Shethi_Marg_Bychala.pdf,12,लंका कंपाऊंड बिल्डिंग क्रमांक 4 खटाव मिलच्या बाजुला भायखळा पश्‍चिम वॉटर स्ट्रीट खटाव मिल झोपडपट्टी. पिनकोड 400011,87,
060-Meghraj_Shethi_Marg_Bychala.pdf,14,लंका कंपाऊंड बिल्डिंग क्रमांक 5 खटाव मिलच्या बाजुला भायखळा पश्‍चिम वॉटर स्ट्रीट खटाव मिल झोपडपट्टी. पिनकोड 400011,91,
060-Meghraj_Shethi_Marg_Bychala.pdf,16,लंका कंपाऊंड बिल्डिंग क्रमांक 6 खटाव मिलच्या बाजुला भायखळा पश्‍चिम वॉटर स्ट्रीट खटाव मिल झोपडपट्टी. पिनकोड 400011,91,
060-Meghraj_Shethi_Marg_Bychala.pdf,18,लंका कंपाऊंड बिल्डिंग क्रमांक 7 खटाव मिलच्या बाजुला भायखळा पश्‍चिम वॉटर स्ट्रीट खटाव मिल झोपडपट्टी. पिनकोड 400011,90,
061-Meghraj_Shethi_Marg_Bychala.pdf,2,सुर्याजी बिल्डींग टॅक पाखाडी रोड आग्रीपाडा इस्ट्रीट. हाफिजअली ब्हादुरखान मार्ग. भायखळा पश्‍चिम मुंबई पिनकोड 400011,87,
061-Meghraj_Shethi_Marg_Bychala.pdf,3,सुयांजी बिल्डाग टंक पाखाडी रोड आग्रापाडा इस्ट्रॉट. हाफिजअली ब्हादुरखान मार्ग. भायखळा पश्‍चिम मुंबई पिनकोड 400011,81,
061-Meghraj_Shethi_Marg_Bychala.pdf,4,टंक पाखाडी रोड हाजी हाफोांज अली बहादुर खान. हाफिजअली बहादुरखान मार्ग. पिनकोड 400011,87,
061-Meghraj_Shethi_Marg_Bychala.pdf,6,म्यु. चाळ क्रमांक 2 टंक पाखाडी रोड हाजी हाफोज अली बहादुर खान रोड. हाफिजअली बहादुरखान मार्ग. पिनकोड 400011,85,
061-Meghraj_Shethi_Marg_Bychala.pdf,9,म्यु. चाळ क्रमांक 3 टंक पाखाडी रोड हाजी हाफोज अली बहादुर खान रोड. हाफिजअली बहादुरखान मार्ग. पिनकोड 400011,90,
061-Meghraj_Shethi_Marg_Bychala.pdf,11,म्यु. चाळ क्रमांक 4 टंक पाखाडी रोड हाजी हाफोज अली बहादुर खान रोड. हाफिजअली बहादुरखान मार्ग. पिनकोड 400011,90,
061-Meghraj_Shethi_Marg_Bychala.pdf,14,म्यु. चाळ क्रमांक 5 टंक पाखाडी रोड हाजी हाफोज अली बहादुर खान रोड. हाफिजअली बहादुरखान मार्ग. पिनकोड 400011,88,
061-Meghraj_Shethi_Marg_Bychala.pdf,16,उमरनथुळी चाळ (बोरी चाळ) बदलू रंगारी स्ट्रीट भायखळा पश्‍चिम. बदलू रंगारी रोड. भायखळा पश्‍चिम मुंबई पिनकोड 400008,83,
061-Meghraj_Shethi_Marg_Bychala.pdf,19,बंदुकवाला हाऊस बदलू रंगारी स्ट्रीट इस्लामिया (19/21) बिल्डाॉग. बदलू रंगारी रोड. पिनकोड 400008,84,
061-Meghraj_Shethi_Marg_Bychala.pdf,23,उमर शेठ बेठी चाळ बदलू रंगारी स्ट्रीट भायखळा पश्‍चिम. बदलू रंगारी रोड. मुंबई पिनकोड 400008,87,
061-Meghraj_Shethi_Marg_Bychala.pdf,24,359 जौ जुनी मस्जिद कंपाऊंड शेख हाफाजुद्दीन रोड साखळी स्ट्रॉट भायखळा पश्‍चिम. बदलू रंगारी रोड. पिनकोड 400008,84,
062-Meghraj_Shethi_Marg_Bychala.pdf,2,भायखळा स्टेशनजवळी झोपडपट्टी नामदेव मुरलीधर जोशी मार्ग जाशी मार्गा लगतची. नामदेव मुरलीधर जोशी मार्ग.. भायखळा पश्‍चिम मुंबई मुंबई शहर पिनकोड 400027,92,
062-Meghraj_Shethi_Marg_Bychala.pdf,3,न्यु मकबा चाळ नामदेव मुरलीधर जोशी माग महावीर को. ऑ. नामदेव मुरलीधर जोशी मार्ग.. पिनकोड 400027,85,
062-Meghraj_Shethi_Marg_Bychala.pdf,4,मावावाला पत्रा रोड. न्यु मकबा चाळ नामदेव मुरलीधर जोाशी माग न्यु. मकबा. नामदेव मुरलीधर जोशी मार्ग.. पिनकोड 400027,85,
062-Meghraj_Shethi_Marg_Bychala.pdf,5,न्यु मकबा चाळ नामदेव मुरलीधर जोशी मार्ग महावीर को. ऑ. सोसायटोंच्या. नामदेव मुरलीधर जोशी मार्ग.. पिनकोड 400027,86,
062-Meghraj_Shethi_Marg_Bychala.pdf,7,महावीर को. ऑ. सोसायटी - विग अ नामदेव मुरलीधर जोशी मागे न्यु. मकबा. नामदेव मुरलीधर जोशी मार्ग.. पिनकोड 400027,89,
062-Meghraj_Shethi_Marg_Bychala.pdf,9,महावीर को. ऑ. सोसायटी - विग -बी नामदेव मुरलीधर जोशी माग न्यु. मकबा. नामदेव मुरलीधर जोशी मार्ग.. मुंबई शहर पिनकोड 400027,87,
062-Meghraj_Shethi_Marg_Bychala.pdf,12,आनंदराव बवाकल चाळ एन. एम. जोशी मार्ग हिंदुस्थानी मसिदच्या. गणेश हरी पारुंडेकर मार्ग.. भायखळा (प) मुंबई पिनकोड 400027,82,
062-Meghraj_Shethi_Marg_Bychala.pdf,15,आनंदराव बकाल चाळ बी. जे. मार्ग हनुमान मंदोराजवळ भायखळा (प). गणेश हरी पारुंडेकर मार्ग.. पिनकोड,84,
062-Meghraj_Shethi_Marg_Bychala.pdf,16,आनंदराव वकोल चाळीजवळील झोपडया गणेश हरी पारुंडेकर माग आनंदराव. गणेश हरी पारुंडेकर मार्ग.. पिनकोड,88,
062-Meghraj_Shethi_Marg_Bychala.pdf,17,लका कंपाऊंड बिल्डिंग क्रमांक 8 वॉटर स्ट्रीट खटाव मिलच्या बाजुला भायखळा (प) 3 | क) वॉटर स्ट्रीट.. भायखळा पश्‍चिम मुंबई पिनकोड 400011,86,
062-Meghraj_Shethi_Marg_Bychala.pdf,18,लकी कंपाऊंड बिल्डिंग क्रमांक 9 वॉटर स्ट्रीट खटाव मिलच्या बाजुला भायखळा (प) 3 | क) वॉटर स टीट.. पिनकोड,86,
062-Meghraj_Shethi_Marg_Bychala.pdf,19,शेख याकूब शेड. साखळी स्ट्रीट तिसरी गल्ली (मदनपुरा) अब्दुला. साखळी रोड.. भायखळा (प) मुंबई मुंबई शहर पिनकोड 400008,85,
062-Meghraj_Shethi_Marg_Bychala.pdf,21,अब्दुला मॅन्शन. साखळी स्ट्रीट तिसरी गल्ली (मदनपुरा) शेख याकुब. साखळी रोड.. मुंबई शहर पिनकोड,87,
062-Meghraj_Shethi_Marg_Bychala.pdf,25,मकबा मंन्शन. साखळो स्ट्रीट तिसरी गल्ली (मदनपुरा) अब्दुला. साखळी रोड.. मुंबई शहर पिनकोड,87,
062-Meghraj_Shethi_Marg_Bychala.pdf,29,एसियन पॅलेस. साखळी स्ट्रीट तिसरी गल्ली (मदनपुरा) मकबा. साखळी रोड.. मुंबई शहर पिनकोड,87,
062-Meghraj_Shethi_Marg_Bychala.pdf,31,कुरेशी माझल. साखळी स्ट्रीट तिसरी गल्ली (मदनपुरा) एशियन. साखळी रोड.. मुंबई शहर पिनकोड.,84,
062-Meghraj_Shethi_Marg_Bychala.pdf,33,कुरेशी माझल. साखळी स्ट्रीट तिसरी गल्ली (मदनपुरा) एशियन. साखळी रोड.. मुंबई शहर पिनकोड च न,85,
063-Meghraj_Shethi_Marg_Bychala.pdf,2,पत्राचाळ क्रमांक 4 बदलू रंगारी स्ट्रीट मदन पुरा अशरफो मंझीलच्या बाजुला बदलू रंगारी रोड.. भायखळा पश्‍चिम मुंबई मुंबई शहर पिनकोड 400008,85,
063-Meghraj_Shethi_Marg_Bychala.pdf,3,पत्राचाळ क्रमांक 6 बदलू रंगारी स्ट्रीट मदन पुरा पत्राचाळ 35 च्या बाजुला बदलू रंगारी रोड.. मुंबई शहर पिनकोड 400008,85,
063-Meghraj_Shethi_Marg_Bychala.pdf,4,म्युनिसिपल पत्राचाळ क्रमांक 5 बदलू रंगारी स्ट्रीट मदन पुरा अशरफ मंझीलच्या बाजुला बदलू रंगारी रोड.. मुंबई शहर पिनकोड 400008,92,
063-Meghraj_Shethi_Marg_Bychala.pdf,5,अशरफ मंझील बदलू रंगारी स्ट्रीट भायखळा पश्‍चिम बदलू रंगारी रोड.. मुंबई शहर पिनकोड 400008,84,
063-Meghraj_Shethi_Marg_Bychala.pdf,12,अशरफ मंझील बदलू रंगारी स्ट्रीट भायखळा पश्‍चिम बदलू रंगारी रोड.. मुंबई शहर पिनकोड 400008 र,82,
063-Meghraj_Shethi_Marg_Bychala.pdf,13,अशरफ मंझील बदलू रंगारी स्ट्रीट भायखळा पश्‍चिम बदलू रंगारी रोड.. मुंबई शहर पिनकोड 400008,84,
063-Meghraj_Shethi_Marg_Bychala.pdf,15,शमा पलॅट क्रमांक 72 वॉटर स्ट्रीट (स्वॉटॅेर रोड) भायखळा पश्चिम बदलू रंगारी रोड.. मुंबई शहर पिनकोड 400008,84,
063-Meghraj_Shethi_Marg_Bychala.pdf,17,पत्रा चाळ क्रमांक 35 बिल्डींग क्रमांक 35 बी बदलू रंगारी स्ट्रॉट चाळ क्रमांक बिल्डींग क्रमांक 335 बी 2 बदलू रंगारी रोड.. मुंबई शहर पिनकोड 400008,86,
064-Meghraj_Shethi_Marg_Bychala.pdf,2,बंबखान्याजबळील झोपडपट्टी. मेघराज शेठी मार्ग. भायखळा (प) मुंबई ठे. मेघराज सेठी मार्ग.. मुंबई शहर पिनकोड 400008,88,
064-Meghraj_Shethi_Marg_Bychala.pdf,3,बंबखान्याजवळील झापडपट्टो. मेघराज शेठी मार्ग. भायखळा (प) मुंबई. मेघराज सेठी मार्ग.. मुंबई शहर पिनकोड 400008,84,
064-Meghraj_Shethi_Marg_Bychala.pdf,6,म्युनि. वॉटर वॅक्स स्टाफ जवळील चाळ. मेघराज सेठी मार्ग.. मुंबई शहर पिनकोड 400008,88,
064-Meghraj_Shethi_Marg_Bychala.pdf,7,विदठल मौदेर जवळील चाळ संतोष भुवन. मेघराज सेठी मार्ग.. मुंबई शहर पिनकोड 400008,88,
064-Meghraj_Shethi_Marg_Bychala.pdf,9,नमकवाला चाळ. मेघराज सेठी मार्ग.. मुंबई शहर पिनकोड 400008,91,
064-Meghraj_Shethi_Marg_Bychala.pdf,11,विठठल माोंदेर झोपडपट्टी. मेघराज सेठी मार्ग.. पिनकोड 400008,85,
064-Meghraj_Shethi_Marg_Bychala.pdf,12,णप्रेल शॉअर बिल्डिंग. मेघराज सेठी मार्ग.. पिनकोड 400008,86,
064-Meghraj_Shethi_Marg_Bychala.pdf,14,आगाखान चाळ. मेघराज सेठी मार्ग.. पिनकोड 400008,91,
064-Meghraj_Shethi_Marg_Bychala.pdf,16,जमशेद इराणी चाळ. मेघराज सेठी मार्ग.. पिनकोड 400008,90,
064-Meghraj_Shethi_Marg_Bychala.pdf,17,अपना झोपडपट्टी. मेघराज सेठी मार्ग.. पिनकोड 400008,88,
064-Meghraj_Shethi_Marg_Bychala.pdf,18,साई महमद चाळ (अब्दुल मजीद शेख चाळ 47). गणेश हरी पारुंडेकर मार्ग.. भायखळा. मुंबई (प) पिनकोड 400011,80,
064-Meghraj_Shethi_Marg_Bychala.pdf,19,म्युनिसिपल पत्रा चाळ क्रमांक 65. गणेश हरी पारुंडेकर मार्ग.. पिनकोड 400011,73,
064-Meghraj_Shethi_Marg_Bychala.pdf,22,अब्दुल मजिद चाळ क्रमांक 66. गणेश हरी पारुंडेकर मार्ग.. पिनकोड 400011,89,
064-Meghraj_Shethi_Marg_Bychala.pdf,24,अब्दुल मजिद चाळ क्रमांक 44. गणेश हरी पारुंडेकर मार्ग.. पिनकोड 400011,89,
064-Meghraj_Shethi_Marg_Bychala.pdf,26,अब्दुल मजिद चाळ क्रमांक 67. गणेश हरी पारुंडेकर मार्ग.. पिनकोड 400011,89,
064-Meghraj_Shethi_Marg_Bychala.pdf,28,बॉम्बे आंध्र ट्रान्सपोटं जवळील झोपडपट्टी. गणेश हरी पारुंडेकर मार्ग.. पिनकोड 400011,76,
064-Meghraj_Shethi_Marg_Bychala.pdf,29,वकोल कंपाऊड चाळ हिंदुस्थानी मशिदीमागची चाळ. नामदेव मुरलीधर जाशी मागे. गणेश हरी पारुंडेकर मार्ग.. पिनकोड 400011,84,
064-Meghraj_Shethi_Marg_Bychala.pdf,30,पक्राचाळ ट ट ट ट. गणेश हरी पारुंडेकर मार्ग.. पिनकोड 400011,83,
065-Meghraj_Shethi_Marg_Bychala.pdf,2,इस्लामिया मंझील. बदलू रंगारी रोड.. भायखळा मुंबई (प) पिनकोड 400008,86,
065-Meghraj_Shethi_Marg_Bychala.pdf,15,किस्मत मंझील. बदलू रंगारी रोड.. पिनकोड 400008,89,
065-Meghraj_Shethi_Marg_Bychala.pdf,18,साबुनवाला बिल्डींग. मौलाना आझाद रोड.. पिनकोड 400011,85,
065-Meghraj_Shethi_Marg_Bychala.pdf,19,मारवाडी चाळ. मौलाना आझाद रोड.. पिनकोड 400011,87,
065-Meghraj_Shethi_Marg_Bychala.pdf,23,नूरानी बिल्डींग (झकेरिया मंझील). मौलाना आझाद रोड.. पिनकोड 400011,90,
066-Meghraj_Shethi_Marg_Bychala.pdf,2,अरुणोदय बिल्डींग. सुंदर लेन म यु. घ. क्रमांक 1-9. भायखळा मुंबई (प) बाबुराव जगताप मार्ग पिनकोड 400011,88,
066-Meghraj_Shethi_Marg_Bychala.pdf,4,सागर बिल्डींग. सुंदर लेन म यु. घ. क्रमांक 1-9. पिनकोड 400011,87,
066-Meghraj_Shethi_Marg_Bychala.pdf,14,पंचखाते चाळ. बापुराव जगताप मार्ग. पिनकोड 400011,87,
066-Meghraj_Shethi_Marg_Bychala.pdf,17,पंचखाते बेठी चाळ. बापुराव जगताप मार्ग. पिनकोड 400011,87,
066-Meghraj_Shethi_Marg_Bychala.pdf,19,पंचखाते चाळ. बापुराव जगताप मार्ग. पिनकोड 400011,90,
067-Meghraj_Shethi_Marg_Bychala.pdf,2,बावला बिल्डींग साखळी रोड 1 ली क्रॉस लेन. भायखळा मुंबई (प) मुंबई शहर पिनकोड 400008,81,
067-Meghraj_Shethi_Marg_Bychala.pdf,3,बावला बिल्डॉग साखळी रोड 1 ली क्रॉस लेन. भायखळा मुंबई (प) मुंबई शहर पिनकोड 400008,88,
067-Meghraj_Shethi_Marg_Bychala.pdf,6,फातिमाबाई बिल्डींग साखळी रोड 1 ली क्रॉस लेन. पिनकोड 400008,78,
067-Meghraj_Shethi_Marg_Bychala.pdf,9,हाजी इस्माइल बिल्डोग साखळी रोड 1 ली क्रॉस लेन. पिनकोड 400008,85,
067-Meghraj_Shethi_Marg_Bychala.pdf,11,ताजमेन्शन साखळी रोड 1 ली क्रॉस लेन. पिनकोड 400008,80,
067-Meghraj_Shethi_Marg_Bychala.pdf,12,राज बिल्डींग साखळी रोड 1 ली क्रॉस लेन. पिनकोड 400008,81,
067-Meghraj_Shethi_Marg_Bychala.pdf,15,अलाविया बिल्डॉग साखळी रोड 1 ली क्रॉस लेन. पिनकोड 400008,77,
067-Meghraj_Shethi_Marg_Bychala.pdf,16,हबौब मॅन्शन साखळी स्ट्रीट. दुसरी क्रॉस लेन भायखळा मुंबई (प) साखळी स्ट्रीट. दुसरी क्रॉस लेन. भायखळा मुंबई (प) मुंबई शहर पिनकोड 400008,87,
067-Meghraj_Shethi_Marg_Bychala.pdf,19,मोहसीन मंझिल साखळी स्ट्रीट. दुसरी क्रॉस लेन. पिनकोड 400008,89,
067-Meghraj_Shethi_Marg_Bychala.pdf,20,मुबारक मंझिल साखळी स्ट्रीट. दुसरी क्रॉस लेन. पिनकोड 400008,84,
067-Meghraj_Shethi_Marg_Bychala.pdf,23,सारा मॉँझिल साखळी स्ट्रीट. दुसरी क्रॉस लेन. पिनकोड 400008,82,
067-Meghraj_Shethi_Marg_Bychala.pdf,26,खान माझ्ल साखळी स्ट्रीट. दुसरी क्रॉस लेन. पिनकोड 400008,83,
067-Meghraj_Shethi_Marg_Bychala.pdf,28,स्वदेशी मांझल साखळी स्ट्रीट. दुसरी क्रॉस लेन. पिनकोड 400008,73,
067-Meghraj_Shethi_Marg_Bychala.pdf,30,जमनादास बिल्डींग साखळी स्ट्रीट. दुसरी क्रॉस लेन. पिनकोड 400008,79,
068-Meghraj_Shethi_Marg_Bychala.pdf,2,महमदी मंझील साखळी रोड भायखळा मुंबई (प) विभाग साखळी रोड 5 ते 15. भायखळा मुंबई (प) मुंबई शहर पिनकोड 400008,88,
068-Meghraj_Shethi_Marg_Bychala.pdf,3,महमदी मंझोील साखळी रोड भायखळा मुंबई (प) विभाग साखळी रोड 5 ते 15. भायखळा मुंबई (प) मुंबई शहर पिनकोड 400008,88,
068-Meghraj_Shethi_Marg_Bychala.pdf,5,फारुख मेन्शन विभाग साखळी रोड 5 ते 15. मुंबई शहर पिनकोड 400008,90,
068-Meghraj_Shethi_Marg_Bychala.pdf,7,आयडीयल अपाटंमेंट(ए) विभाग साखळी रोड 5 ते 15. मुंबई शहर पिनकोड 400008,87,
068-Meghraj_Shethi_Marg_Bychala.pdf,8,आयडीयल अपाटॅमंट(बी) साखळी रोड. झोपडपट्टी. खंड-2 मुंबई शहर पिनकोड 400008,85,
068-Meghraj_Shethi_Marg_Bychala.pdf,10,आयडीयल अपाटंमॅट(बी) साखळी रोड. झोपडपट्टी. खंड-2 मुंबई शहर पिनकोड 400008,85,
068-Meghraj_Shethi_Marg_Bychala.pdf,11,अलफत् ते ह बिल्डींग विभाग साखळी रोड 5 ते 15. मुंबई शहर पिनकोड 400008,85,
068-Meghraj_Shethi_Marg_Bychala.pdf,13,रतलाम बिल्डींग -अ विभाग साखळी रोड 5 ते 15. मुंबई शहर पिनकोड 400008,91,
068-Meghraj_Shethi_Marg_Bychala.pdf,16,रतलाम बिल्डींग-ब विभाग साखळी रोड 5 ते 15. मुंबई शहर पिनकोड 400008,91,
068-Meghraj_Shethi_Marg_Bychala.pdf,19,पविंठ्ठल मोदेर जवळील झोपड्या साखळी रोड विभाग. भायखळा मुंबई (प) विभाग साखळी रोड 5 ते 15. पिनकोड 400008,88,
068-Meghraj_Shethi_Marg_Bychala.pdf,20,रतलाम बिल्डींग विभाग साखळी रोड ते 15. मुंबई शहर पिनकोड 400008,87,
069-Meghraj_Shethi_Marg_Bychala.pdf,2,दुभाष बिल्डींग बापुराव जगताप रोड. भायखळा मुंबई (प) मुंबई शहर पिनकोड 400011,74,
069-Meghraj_Shethi_Marg_Bychala.pdf,9,दंडूकाया मेन्शन मागाल झोपडपट्टी बापुराव जगताप रोड. मुंबई शहर पिनकोड 400011,75,
069-Meghraj_Shethi_Marg_Bychala.pdf,10,नूर बिल्डिंग बापुराब जगताप रोड. मुंबई शहर पिनकोड 400011,67,
069-Meghraj_Shethi_Marg_Bychala.pdf,11,नूर बिल्डॉग बापुराव जगताप रोड. मुंबई शहर पिनकोड 400011,70,
069-Meghraj_Shethi_Marg_Bychala.pdf,13,सोदागर बिल्डींग बापुराव जगताप रोड. मुंबई शहर पिनकोड 400011,74,
069-Meghraj_Shethi_Marg_Bychala.pdf,14,सोदागर बिल्डोग बापुराव जगताप रोड. मुंबई शहर पिनकोड 400011,67,
069-Meghraj_Shethi_Marg_Bychala.pdf,17,रमझान बिल्डींग बापुराव जगताप रोड. पिनकोड 400011,74,
069-Meghraj_Shethi_Marg_Bychala.pdf,19,खटाव मकनजी चाळ क्रमांक 2 बापुराव जगताप रोड. भायखळा मुंबई (प) पिनकोड 400011,81,
069-Meghraj_Shethi_Marg_Bychala.pdf,21,खटाव मिल चाळ क्रमांक 1 ॒ बापुराव जगताप रोड. पिनकोड 400011,82,
069-Meghraj_Shethi_Marg_Bychala.pdf,23,खटाव मिल चाळ क्रमांक 4 बापुराव जगताप रोड. पिनकोड 400011,85,
070-Meghraj_Shethi_Marg_Bychala.pdf,2,पत्रा चाळ क्रमांक 1 क डर विभाग बदलु रंगारी रोड. भायखळा मुंबई (प) मुंबई शहर पिनकोड 400008,85,
070-Meghraj_Shethi_Marg_Bychala.pdf,3,पत्रा चाळ क्रमांक 1 विभाग बदलु रंगारी रोड. भायखळा मुंबई (प) मुंबई शहर पिनकोड 400008,88,
070-Meghraj_Shethi_Marg_Bychala.pdf,4,पत्रा चाळ क्रमांक 2 विभाग बदलु रंगारी रोड. पिनकोड 400008,83,
070-Meghraj_Shethi_Marg_Bychala.pdf,5,बदलु रंगारी रोड. पिनकोड 400008,87,
070-Meghraj_Shethi_Marg_Bychala.pdf,6,अन्वरशेठ चाळ क्रमांक 1 विभाग बदलु रंगारी रोड. पिनकोड 400008,74,
070-Meghraj_Shethi_Marg_Bychala.pdf,7,अन्वरशेठ चाळ क्रमांक 2 ठा विभाग बदलु रंगारी रोड. पिनकोड 400008,81,
070-Meghraj_Shethi_Marg_Bychala.pdf,8,अन्वरशेठ चाळ क्रमांक 4 विभाग बदलु रंगारी रोड. पिनकोड 400008,71,
070-Meghraj_Shethi_Marg_Bychala.pdf,9,अन्वरशेठ चाळ क्रमांक 6 विभाग बदलु रंगारी रोड. पिनकोड 400008,75,
070-Meghraj_Shethi_Marg_Bychala.pdf,10,अन्वरशेठ चाळ क्रमांक 7 ट विभाग बदलु रंगारी रोड. पिनकोड 400008,76,
070-Meghraj_Shethi_Marg_Bychala.pdf,11,बंदुकवाला चाळ विभाग बदलु रंगारी रोड. पिनकोड 400008,67,
070-Meghraj_Shethi_Marg_Bychala.pdf,15,गुलाब मंझील विभाग बदलु रंगारी रोड. पिनकोड 400008,89,
070-Meghraj_Shethi_Marg_Bychala.pdf,17,नवाब चाळ विभाग बदलु रंगारी रोड. पिनकोड 400008,81,
070-Meghraj_Shethi_Marg_Bychala.pdf,19,अमिनाबी चाळ विभाग बदलु रंगारी रोड. पिनकोड 400008,75,
071-Meghraj_Shethi_Marg_Bychala.pdf,2,म्युनिसिपल चाळ क्रमांक 60 म्युनिसीपल हेनेन्स चाळ कमिटी भायखळा य विभाग(1)सुंदर लेन 8 ते 20. बी. जे. मार्ग हनुमान मंदीर जवळील झोपडपट्टी भायखळा(प),83,
071-Meghraj_Shethi_Marg_Bychala.pdf,3,म्युनिसिपल चाळ क्रमांक 60 म्युनिसीपल हेनेन्स चाळ कमिटी भायखळा विभाग(1)सुंदर लेन 8 ते 20. बी. जे. मार्ग हनुमान मंदीर जवळील झोपडपट्टी भायखळा(प),82,
071-Meghraj_Shethi_Marg_Bychala.pdf,9,गफुर नगर गुल्लुभाई किराणा स्टोअस॑ भायखळा (प) बिभाग(1)सुंदर लेन 8 ते 20 पिनकोड,83,
071-Meghraj_Shethi_Marg_Bychala.pdf,11,गफुर नगर गुल्लुभाई किराणा स्टोअर्स भायखळा (प) बिभाग(1)सुंदर लेन 8 ते 20 पिनकोड,84,
071-Meghraj_Shethi_Marg_Bychala.pdf,12,चेतन्य बिल्डिंग सुंदर गल्ली बौ. जे. मागे साईबाबा मंदीर जवळ भायखळा (प) विभाग(1)सुंदर लेन 8 ते 20. पिनकोड,79,
071-Meghraj_Shethi_Marg_Bychala.pdf,13,गफुर नगर माहम्मदी मदरसा जवळ भायखळा (प) बिभाग(1)सुंदर लेन 8 ते 20 पिनकोड,86,
071-Meghraj_Shethi_Marg_Bychala.pdf,16,गफुर नगर माहम्मदी मदरसा जवळ भायखळा (प) विभाग(1)सुंदर लेन 8 ते 20. पिनकोड,86,
071-Meghraj_Shethi_Marg_Bychala.pdf,17,गफुर नगर माहम्मदी मदरसा जवळ भायखळा (प) बिभाग(1)सुंदर लेन 8 ते 20 पिनकोड,86,
072-Meghraj_Shethi_Marg_Bychala.pdf,2,सुगरा मंझील आझाद इंडीया समोर मदनपुरा ठे मौलाना आझाद रोड..0 बडी (हरी) मसजिद समोरील परीसर व मदनपुरा पोष्ट ऑफीस मुंबई शहर,89,
072-Meghraj_Shethi_Marg_Bychala.pdf,3,फातीमाबाई बिल्डिंग फातमा मंझील आझाद इंडाया हॉटेल मौलाना आझाद रोड..0 मुंबई शहर पिनकोड 400008,79,
072-Meghraj_Shethi_Marg_Bychala.pdf,4,करीम बिल्डांग करीना अँन्ड प्रव्हिजन स्टोअर. मदनपुरा मौलाना आझाद रोड..0 मुंबई शहर पिनकोड 400008,75,
072-Meghraj_Shethi_Marg_Bychala.pdf,5,चाकुवाला बिल्डिंग नॉव्हेल्टो स्टोअर्स मदनपुरा मौलाना आझाद रोड..0 मुंबई शहर पिनकोड 400008,82,
072-Meghraj_Shethi_Marg_Bychala.pdf,6,इसा शेठ चाळ. मदनपुरा पोष्ट ऑफीस समोर. मदनपुरा मौलाना आझाद रोड..0 मुंबई शहर पिनकोड,89,
072-Meghraj_Shethi_Marg_Bychala.pdf,10,इसा शेठ चाळ (आडवी) मदनपुरा पोष्ट ऑफीस समोर क्रास लैन मौलाना आझाद रोड..0 पिनकोड,89,
072-Meghraj_Shethi_Marg_Bychala.pdf,15,नुराणी चाळ क्रास लैन मदनपुरा मौलाना आझाद रोड..0 पिनकोड _,88,
072-Meghraj_Shethi_Marg_Bychala.pdf,16,नुराणी चाळ क्रास लैन मदनपुरा मौलाना आझाद रोड..0 पिनकोड ब,84,
072-Meghraj_Shethi_Marg_Bychala.pdf,17,नुराणी चाळ क्रास लेन मदनपुरा मौलाना आझाद रोड..0 पिनकोड टि,83,
072-Meghraj_Shethi_Marg_Bychala.pdf,18,नुराणी चाळ क्रास लेन मदनपुरा मौलाना आझाद रोड..0 पिनकोड ब,79,
072-Meghraj_Shethi_Marg_Bychala.pdf,19,स्टोन बिल्डांग बबन गल्ली. मदनपुरा. ब द द. साखळी मार्ग 5 वी क्रॉस लेन.. मुंबई शहर पिनकोड 400008,80,
072-Meghraj_Shethi_Marg_Bychala.pdf,20,स्टोन बल्डांग बबन गल्ली. मदनपुरा ह द. साखळी मार्ग 5 वी क्रॉस लेन.. मुंबई शहर पिनकोड 400008,87,
072-Meghraj_Shethi_Marg_Bychala.pdf,21,स्टोन बल्डोंग बबन गल्ली. मदनपुरा ह द. साखळी मार्ग 5 वी क्रॉस लेन.. मुंबई शहर पिनकोड 400008,88,
072-Meghraj_Shethi_Marg_Bychala.pdf,24,सकरवाला बिल्डांग बबन गल्ली. मदनपुरा. साखळी मार्ग 35 वी क्रॉस लेन.. मुंबई शहर पिनकोड 400008,89,
072-Meghraj_Shethi_Marg_Bychala.pdf,26,एम. एच. स्टोन बिल्डाग बबन गल्ली. मदनपुरा क. साखळी मार्ग 5 बी क्रॉस लेन.. पिनकोड 400008,85,
072-Meghraj_Shethi_Marg_Bychala.pdf,27,ताहेर माझल ताहेर मंझील मदनपुरा. मौलाना आझाद रोड. 117-187.1 मदनपुरा पिनकोड 400008,85,
072-Meghraj_Shethi_Marg_Bychala.pdf,29,मदीना मंझील मदनपुरा पोष्ट ऑफीस समोरील बिल्डाग.. मौलाना आझाद रोड. 117-187.1 पिनकोड 400008,82,
072-Meghraj_Shethi_Marg_Bychala.pdf,31,मदोना मंझील मदनपुरा पोष्ट ऑफीस समोरील बिल्डांग.. मौलाना आझाद रोड. 117-187.1 पिनकोड 400008,82,
072-Meghraj_Shethi_Marg_Bychala.pdf,32,झुबेदा मंझील मदनपुरा पोष्ट ऑफीस समोरील बिल्डांग. मदनपुरा. मौलाना आझाद रोड. 117-187.1 पिनकोड 400008,80,
073-Sant_Savata_Marg_Byculla.pdf,2,सिताबाई निवास भायखळा (पुर्व). डॉ. बाबासाहेब आंबेडकर रोड खंड 3 भायखळा रेल्वे स्टेशन (पुर्व) पॅलेस थिएटर. भ्‌ मुंबई शहर पिनकोड,85,
073-Sant_Savata_Marg_Byculla.pdf,3,अहमदभाई बल्डांग गुजरी मार्केट भायखळा (पुवे). डॉ. बाबासाहेब आंबेडकर रोड खंड 3 मुंबई शहर पिनकोड 400027,87,
073-Sant_Savata_Marg_Byculla.pdf,5,इसाअली पॅलेस गुजरी मार्केट. भायखळा (पुर्व). डॉ. बाबासाहेब आंबेडकर रोड खंड 3 मुंबई शहर पिनकोड 400027,85,
073-Sant_Savata_Marg_Byculla.pdf,7,नझमी हाऊस गुजरी मार्केट. भायखळा (पुवे). डॉ. बाबासाहेब आंबेडकर रोड खंड 3 मुंबई शहर पिनकोड 400027,87,
073-Sant_Savata_Marg_Byculla.pdf,9,नझमी हाऊस गुजरी मार्केट. भायखळा (पुव). नामदेव उमाजी भालिंगे मार्ग.. मुंबई शहर पिनकोड 400027,82,
073-Sant_Savata_Marg_Byculla.pdf,10,नझमाी हाऊस गुजरी मार्केट. भायखळा (पुवे). नामदेव उमाजी भालिंगे मार्ग.. मुंबई शहर पिनकोड 400027,83,
073-Sant_Savata_Marg_Byculla.pdf,11,हानिफा मेन शन गुजरी मार्केट. भायखळा (पुवे). नामदेव उमाजी भालिंगे मार्ग.. मुंबई शहर पिनकोड 400027,84,
073-Sant_Savata_Marg_Byculla.pdf,13,कास मेन्शन गुजरी माकेट. भायखळा (पुर्व). नामदेव उमाजी भालिंगे मार्ग.. मुंबई शहर पिनकोड 400027,86,
073-Sant_Savata_Marg_Byculla.pdf,14,हबीब मिनार गुजरी मार्केट. भायखळा (पुव). नामदेव उमाजी भालिंगे मार्ग.. मुंबई शहर पिनकोड 400027,86,
073-Sant_Savata_Marg_Byculla.pdf,15,हबीब मिनार गुजरी मार्केट. भायखळा (पुवे). नामदेव उमाजी भालिंगे मार्ग.. मुंबई शहर पिनकोड 400027,77,
073-Sant_Savata_Marg_Byculla.pdf,16,मझंबान मेन शन गुजरी मार्केट. भायखळा (पुवे) 3 क) नामदेव उमाजी भालिंगे मार्ग. भायखळा रेल्वे स्टेशन (पुर्व) जवळ. गुजरी मार्केट जवळ पिनकोड,85,
073-Sant_Savata_Marg_Byculla.pdf,17,माती मस्जीद एस. जी. एम. माकेट गुजरी माकेट. भायखळा (पुवे) 3 क) नामदेव उमाजी भालिंगे मार्ग. पिनकोड 400027,84,
073-Sant_Savata_Marg_Byculla.pdf,18,केन जयूस कॉनेर गुजरी मार्केट. भायखळा (पुवे) 3 क) नामदेव उमाजी भालिंगे मार्ग. पिनकोड 400027,85,
073-Sant_Savata_Marg_Byculla.pdf,19,हबीब अपाटंमेन्ट गुजरी मार्केट गल्ली भायखळा (पुवे) ब ब र र नामदेव उमाजी भालिंगे मार्ग-भायखळा रेल्वे स्टेशन (पुर्व) जवळ गुजरी मार्केट गल्ली. भायखळा (पुर्व) म॒ पिनकोड,79,
075-Sheikh_Hafizuddin_Marg_(Chain_Street).pdf,2,भायखळा फायर ब्रीौगेड ऑफिसर क्वाटॅस बौ. जे. मार्ग भायखळा (पश्‍चिम). शेख हफिजुद्दीन मार्ग. ईं म्युन्सिपल कार्यालया जवळील परीसर (साकळी स्ट्रीट). भायखळा,78,
075-Sheikh_Hafizuddin_Marg_(Chain_Street).pdf,3,भायखळा फायर ब्रीगेड स्टाफ क्वाटंस॑ बी. जे. मार्ग भायखळा (पश्‍चिम). शेख हफिजुद्दीन मार्ग. पिनकोड.,81,
075-Sheikh_Hafizuddin_Marg_(Chain_Street).pdf,5,भायखळा फायर ब्रीगेड स्टाफ क्वाटंस॑ बी. जे. मार्ग भायखळा (पश्‍चिम). शेख हफिजुद्दीन मार्ग. पिनकोड,81,
075-Sheikh_Hafizuddin_Marg_(Chain_Street).pdf,6,भायखळा फायर ब्रिगेड न्यू स्टाफ क्वाटंस बी. जे. माग भायखळा (पश्‍चिम). शेख हफिजुद्दीन मार्ग. पिनकोड”,83,
075-Sheikh_Hafizuddin_Marg_(Chain_Street).pdf,7,भायखळा फायर ब्रिगेड न्यू स्टाफ क्वाटंस बी. जे. माग भायखळा (पश्‍चिम). शेख हफिजुद्दीन मार्ग. पिनकोड,86,
075-Sheikh_Hafizuddin_Marg_(Chain_Street).pdf,8,भायखळा फायर ब्रिगेड न्यू स्टाफ क्वाटंस बी. जे. माग भायखळा (पश्‍चिम). शेख हफिजुद्दीन मार्ग. पिनकोड”,84,
075-Sheikh_Hafizuddin_Marg_(Chain_Street).pdf,9,भायखळा फायर ब्रिगेड न्यू स्टाफ क्वाटंस बी. जे. माग भायखळा (पश्‍चिम). शेख हफिजुद्दीन मार्ग. पिनकोड र,83,
075-Sheikh_Hafizuddin_Marg_(Chain_Street).pdf,11,हजरत टेरेस इं म्युन्सिपल वाड जवळ. साखळी स्ट्रीट. भायखळा. शेख हफिजुद्दीन मार्ग. पिनकोड,75,
075-Sheikh_Hafizuddin_Marg_(Chain_Street).pdf,13,सुंदरदास बिल्डिंग इं म्युन्सिपल वाड जवळ. साखळो स्ट्रीट. भायखळा.. शेख हफिजुद्दीन मार्ग. पिनकोड 400008,88,
075-Sheikh_Hafizuddin_Marg_(Chain_Street).pdf,14,अपना घर बिल्डिंग दुसरी साकळी स्ट्रीट. भायखळा.. शेख हफिजुद्दीन मार्ग. पिनकोड 400008,86,
075-Sheikh_Hafizuddin_Marg_(Chain_Street).pdf,16,मर्चट बिल्डिग-अ तिसरी साकळी स्ट्रीट. भायखळा.. शेख हफिजुद्दीन मार्ग. पिनकोड 400008,82,
075-Sheikh_Hafizuddin_Marg_(Chain_Street).pdf,18,मर्चंट बिल्डिग-बी तिसरी साकळी स्ट्रीट. शेख हफिजुद्दीन मार्ग. ई म्युन्सिपल कार्यालया जवळील परीसर साकळी स्ट्रीट भायखळा,84,
075-Sheikh_Hafizuddin_Marg_(Chain_Street).pdf,19,फतवात मंझील तिसरी साकळी स्ट्रॉट. शेख हफिजुद्दीन मार्ग. पिनकोड 400008,87,
075-Sheikh_Hafizuddin_Marg_(Chain_Street).pdf,20,बौ. एम. सौ. इं वाड ऑफीस कॅन्टीग न टांग इं म्युन्सिपल वाड कायालय. शेख हफिजुद्दीन मार्ग. पिनकोड 400008,75,
075-Sheikh_Hafizuddin_Marg_(Chain_Street).pdf,21,खेरुत्नीसा रोघे इमारत लकी मेन्शन लाईट ऑफ इंडीया रेस्टॉरंटच्या. मिर्झा गालिब मार्ग क्लेअर रोड. डेव्हलपमेन्ट क्रेटीट बँक जवळील परीसर भायखळ,87,
075-Sheikh_Hafizuddin_Marg_(Chain_Street).pdf,22,खेरुत्नीसा रोघे इमारत लकी मेन्शन लाईट ऑफ इंडीया रेस्टॉरंटच्या. मिर्झा गालिब मार्ग क्लेअर रोड. डेव्हलपमेन्ट क्रेटीट बॅक जवळील परीसर भायखळ,88,
075-Sheikh_Hafizuddin_Marg_(Chain_Street).pdf,23,श्राॉफ बिल्डिंग हालीमा मंझील. लाईट ऑफ इंडीया रेस्टॉरंट. भायखळा. मिर्झा गालिब मार्ग. पिनकोड 400008,85,
075-Sheikh_Hafizuddin_Marg_(Chain_Street).pdf,24,मसिना इमारत अल हुसेन हाजी आणि उमराह सवीस कायालयाची. मिर्झा गालिब मार्ग. पिनकोड 400008,90,
075-Sheikh_Hafizuddin_Marg_(Chain_Street).pdf,25,कलेअर हाऊस अलतीमा कॉसमेटीक प्रा. ली. चे मागे. भायखळा (प). मिर्झा गालिब मार्ग. पिनकोड 400008,90,
075-Sheikh_Hafizuddin_Marg_(Chain_Street).pdf,27,धन कॅस्टळ टल लाईट ऑफ इंडाया रेस्टॉरंटचे पाठीमागे. भायखळा (प). मिर्झा गालिब मार्ग पिनकोड 400008,90,
076-Mirza_Ghalib_Road_Byculla.pdf,2,खुदाबक्ष चाळ हुसेनी बाग रिपन रोड. दुसरी क्रास लेन मदनपुरा ठी रिपन रोड दुसरी क्रॉस लेन हुसेनी बाग परीसर मदनपुरा मुंबई पिनकोड 400008,86,
076-Mirza_Ghalib_Road_Byculla.pdf,3,खुदाबक्ष चाळ हुसेनी बाग रिपन रोड. दुसरी क्रास लैन मदनपुरा रिपन रोड दुसरी क्रॉस लेन हुसेनी बाग परीसर मदनपुरा मुंबई पिनकोड 400008,83,
076-Mirza_Ghalib_Road_Byculla.pdf,6,खुदाबक्ष वाडी सैफुद्दीन मंझील हुसेनी बाग रिपन रोड. दुसरी क्रास लेन रिपन रोड दुसरी क्रॉस लेन पिनकोड 400008,86,
076-Mirza_Ghalib_Road_Byculla.pdf,7,खुदाबक्ष वाडी सैफुद्दीन मंझील हुसेनी बाग रिपन रोड. दुसरी क्रास लेन रिपन रोड दुसरी क्रॉस लेन पिनकोड 400008 र,84,
076-Mirza_Ghalib_Road_Byculla.pdf,8,मसालावाला बिल्डिंग हुसेनी बाग रिपन रोड. दुसरी क्रास लेन मदनपुरा रिपन रोड दुसरी क्रॉस लेन पिनकोड 400008,81,
076-Mirza_Ghalib_Road_Byculla.pdf,11,नूर मंझील हुसंनी बाग रिपन रोड. दुसरी क्रास लेन मदनपुरा रिपन रोड दुसरी क्रॉस लेन पिनकोड 400008 र,88,
076-Mirza_Ghalib_Road_Byculla.pdf,13,नूर मंझील हुसंनी बाग रिपन रोड. दुसरी क्रास लेन मदनपुरा रिपन रोड दुसरी क्रॉस लेन पिनकोड 400008,90,
076-Mirza_Ghalib_Road_Byculla.pdf,15,(आसमा मंझील) हुसेनी बाग रिपन रोड. दुसरी क्रास लेन मदनपुरा रिपन रोड दुसरी क्रॉस लेन पिनकोड 400008,87,
076-Mirza_Ghalib_Road_Byculla.pdf,16,(आसमा मंझील) हुसेनी बाग रिपन रोड. दुसरी क्रास लेन मदनपुरा रिपन रोड दुसरी क्रॉस लेन पिनकोड 400008 र,85,
076-Mirza_Ghalib_Road_Byculla.pdf,17,(आसमा मंझील) हुसेनी बाग रिपन रोड. दुसरी क्रास लेन मदनपुरा रिपन रोड दुसरी क्रॉस लेन पिनकोड 400008 र च,85,
076-Mirza_Ghalib_Road_Byculla.pdf,18,मरायमबाई चाळ हुसेनी बाग रिपन रोड. दुसरी क्रास लेन मदनपुरा रिपन रोड दुसरी क्रॉस लेन. पिनकोड 400008,85,
076-Mirza_Ghalib_Road_Byculla.pdf,20,छत्रावाला चाळ हुसेनी बाग रिपन रोड. दुसरी क्रास लेन मदनपुरा रिपन रोड दुसरी क्रॉस लेन. पिनकोड 400008,90,
076-Mirza_Ghalib_Road_Byculla.pdf,21,चुनावाला चाळ (झहिरा मंझील) हुसंनी बाग रिपन रोड. दुसरी क्रास लेन रिपन रोड दुसरी क्रॉस लेन. पिनकोड 400008,88,
077-Mirza_Ghalib_Road_Byculla.pdf,2,जाफरबोरी चाळ (छत्रीबाला चाळ) हुसेनी बाग दुसरी क्रास लेन रिपन (अ) रीपन रोड हुसेनी बाग. दुसरी क्रास लेन रिपन रोड मदनपुरा मुंबई मुंबई शहर पिनकोड 400008,89,
077-Mirza_Ghalib_Road_Byculla.pdf,3,जाफरबोरी चाळ (छत्रीवाला चाळ) हुसेनी बाग दुसरी क्रास लैन रिपन (अ) रीपन रोड हुसेनी बाग. दुसरी क्रास लेन रिपन रोड मदनपुरा मुंबई मुंबई शहर पिनकोड 400008,87,
077-Mirza_Ghalib_Road_Byculla.pdf,4,जाफरबोरी चाळ (छत्रीवाला चाळ) हुसेनी बाग दुसरी क्रास लैन रिपन बिभाग 1(अ) रीपन रोड हुसेनी बाग. दुसरी क्रास लेन रिपन रोड मदनपुरा मुंबई मुंबई शहर पिनकोड 400008,87,
077-Mirza_Ghalib_Road_Byculla.pdf,6,जाफरबोरी चाळ हुसेनी बाग दुसरी क्रास लेन रिपन रोड मदनपुरा (अ) रीपन रोड मुंबई शहर पिनकोड. टि न,82,
077-Mirza_Ghalib_Road_Byculla.pdf,7,जाफरबोरी चाळ हुसेनी बाग दुसरी क्रास लेन रिपन रोड मदनपुरा बिभाग 1(अ) रीपन रोड मुंबई शहर पिनकोड द,86,
077-Mirza_Ghalib_Road_Byculla.pdf,8,जाफरबोरी चाळ हुसेनी बाग दुसरी क्रास लेन रिपन रोड मदनपुरा बिभाग 1(अ) रीपन रोड मुंबई शहर पिनकोड ब,83,
077-Mirza_Ghalib_Road_Byculla.pdf,9,जाफरबोरी चाळ हुसेनी बाग दुसरी क्रास लेन रिपन रोड मदनपुरा (अ) रीपन रोड मुंबई शहर पिनकोड,88,
077-Mirza_Ghalib_Road_Byculla.pdf,10,नुरमाझिल - 1 हुसेनी बाग दुसरी क्रास लेन रिपन रोड मदनपुरा (अ) रीपन रोड मुंबई शहर पिनकोड,84,
077-Mirza_Ghalib_Road_Byculla.pdf,11,नुरमाझिल क्रॉस लेन. भटकगल्ली. नसरतुल्ला अब्बासी माग. (. मौलाना आजाद रोड बाम्बे मरकन्टाईल को. आ. बै. समोरील परीसर मदनपुरा मुंबई मुंबई शहर पिनकोड,87,
077-Mirza_Ghalib_Road_Byculla.pdf,14,जुबाली बिल्डांग क्रॉस लैन. भटकगल्लाो. नसरतुल्ला अब्बासी माग. (. मौलाना आजाद रोड बाम्बे मरकन्टाईल को. आ. बै. समोरील परीसर मद मुंबई शहर पिनकोड 400008,85,
077-Mirza_Ghalib_Road_Byculla.pdf,16,इन्क्लाब मांझल (इंपरिअल मेन्शन) बॉम्बे मरकन्टाईल को. ऑ. बॅक (. मौलाना आजाद रोड मुंबई शहर पिनकोड 400008,85,
077-Mirza_Ghalib_Road_Byculla.pdf,18,ताझ माझल रिच डेकार मित्तल प्लास्टोक स्टोअर. मदनपुरा. मौलाना आजाद रोड (म. नि. वि.35)खंड 13 बॉम्बे मरकन्टाईल को. ऑ. बॅक समोरील परीसर. मदन्‌ मुंबई शहर,86,
077-Mirza_Ghalib_Road_Byculla.pdf,19,रिंपन हाऊस नागोरी मेडीकल स्टाअस॑ मदनपुरा. मौलाना आजाद रोड मुंबई शहर पिनकोड 400008,82,
077-Mirza_Ghalib_Road_Byculla.pdf,20,लक्ष्मी बल्डांग - ऐं रहोमी जनरल स्टोअसं मदनपुरा. मौलाना आजाद रोड मुंबई शहर पिनकोड 400008,80,
077-Mirza_Ghalib_Road_Byculla.pdf,21,लक्ष्मी बिल्डांग रॉलेक्स रेस्टॉरंट जवळ मदनपुरा. मौलाना आजाद रोड मुंबई शहर पिनकोड 400008,85,
077-Mirza_Ghalib_Road_Byculla.pdf,23,युनायटेड अव्हेन्यु. मदनपुरा हुसंनौबाग दुसरी क्रॉसलेन रोड मदनपुरा. मौलाना आजाद रोड मुंबई शहर पिनकोड 400008,83,
078-Mirza_Ghalib_Road_Byculla.pdf,2,रेडोमनी बिल्डिंग. (अ) मिर्झा गालीब रोड भायखळा (पु) मुंबई मुंबई शहर पिनकोड 400008,83,
078-Mirza_Ghalib_Road_Byculla.pdf,3,रेडीमनी बिल्डिंग. (अ) मिर्झा गालीब रोड भायखळा (पु) मुंबई मुंबई शहर पिनकोड 400008,88,
078-Mirza_Ghalib_Road_Byculla.pdf,4,रेडीमनी बिल्डिंग. (अ) मिर्झा गालीब रोड मुंबई शहर पिनकोड 400008,88,
078-Mirza_Ghalib_Road_Byculla.pdf,9,बेग महम्मद अली बिल्डिंग. (अ) मिर्झा गालीब रोड मुंबई शहर पिनकोड 400008,89,
078-Mirza_Ghalib_Road_Byculla.pdf,10,नवरोज मोनोर. (अ) मिर्झा गालीब रोड मुंबई शहर पिनकोड 400008,92,
078-Mirza_Ghalib_Road_Byculla.pdf,14,अडेल्फी चेंबर. (अ) मिर्झा गालीब रोड मुंबई शहर पिनकोड 400008,85,
078-Mirza_Ghalib_Road_Byculla.pdf,15,अडेल्फी चेंबर. (अ) मिर्झा गालीब रोड मुंबई शहर पिनकोड 400008 ब,79,
078-Mirza_Ghalib_Road_Byculla.pdf,16,अडेल्फी चेबसं. (अ) मिर्झा गालीब रोड मुंबई शहर पिनकोड 400008,79,
078-Mirza_Ghalib_Road_Byculla.pdf,17,सिल्वर टावर मॅन्शन. (अ) मिर्झा गालीब रोड मुंबई शहर पिनकोड 400008,86,
078-Mirza_Ghalib_Road_Byculla.pdf,19,मिर्झा गालीब रोड मुंबई शहर पिनकोड 400008 ॒,81,
078-Mirza_Ghalib_Road_Byculla.pdf,20,इस लामिया को. ऑप. सोसायटी (अ) मिर्झा गालीब रोड मुंबई शहर पिनकोड 400008,90,
078-Mirza_Ghalib_Road_Byculla.pdf,21,नुराणी चाळ क्रमांक 6. (अ) मिर्झा गालीब रोड मुंबई शहर पिनकोड 400008,83,
079-Mirza_Ghalib_Road_Byculla.pdf,2,युसुफ मंझिल विभाग-मौलाना आझाद रोड भायखळा (प) मुंबई मुंबई शहर पिनकोड 400011,86,
079-Mirza_Ghalib_Road_Byculla.pdf,3,कुबान बिल्डींग विभाग-मौलाना आझाद रोड. मुंबई शहर पिनकोड 400011,87,
079-Mirza_Ghalib_Road_Byculla.pdf,4,काचवाला बिल्डींग विभाग-मौलाना आझाद रोड. मुंबई शहर पिनकोड 400011,89,
079-Mirza_Ghalib_Road_Byculla.pdf,5,हवालदार कंपाऊड विभाग-मौलाना आझाद रोड. मुंबई शहर पिनकोड 400011,86,
079-Mirza_Ghalib_Road_Byculla.pdf,8,हुसेनी बिल्डींग विभाग-मौलाना आझाद रोड. मुंबई शहर पिनकोड 400011,88,
079-Mirza_Ghalib_Road_Byculla.pdf,9,फिदवी मंझिल विभाग-मौलाना आझाद रोड. मुंबई शहर पिनकोड 400011,87,
079-Mirza_Ghalib_Road_Byculla.pdf,10,शिपरा मंझिल विभाग-मौलाना आझाद रोड. मुंबई शहर पिनकोड 400011,89,
079-Mirza_Ghalib_Road_Byculla.pdf,12,गुलाम रसुल बिल्डींग (लाल बावरा) विभाग-मौलाना आझाद रोड. मुंबई शहर पिनकोड 400011,87,
079-Mirza_Ghalib_Road_Byculla.pdf,14,सोसायटी बिल्डींग विभाग-मौलाना आझाद रोड. मुंबई शहर पिनकोड 400011,85,
079-Mirza_Ghalib_Road_Byculla.pdf,17,करीम बिल्डींग विभाग-मौलाना आझाद रोड. मुंबई शहर पिनकोड 400011,87,
079-Mirza_Ghalib_Road_Byculla.pdf,20,जोजारिया बिल्डींग विभाग-मौलाना आझाद रोड. मुंबई शहर पिनकोड 400011,85,
080-Mirza_Ghalib_Road_Byculla.pdf,2,जुबिली बिल्डींग शेख हफोजुद्दीन मार्ग मुंबई शहर पिनकोड.,73,
080-Mirza_Ghalib_Road_Byculla.pdf,3,रेडीमनी बिल्डींग शेख हफीजुद्दीन मार्ग मुंबई शहर पिनकोड ब,79,
080-Mirza_Ghalib_Road_Byculla.pdf,4,बी. के. हॉल शेख हफोीजुद्दीन मार्ग मुंबई शहर पिनकोड,82,
080-Mirza_Ghalib_Road_Byculla.pdf,5,जुबिली बिल्डींग शेख हफीजुद्दीन मार्ग मुंबई शहर पिनकोड ल र,83,
080-Mirza_Ghalib_Road_Byculla.pdf,6,जुबली बिल्डींग शेख हफोीजुद्दीन मार्ग मुंबई शहर पिनकोड ल,87,
080-Mirza_Ghalib_Road_Byculla.pdf,7,जुबली बिल्डींग शेख हफोजुद्दीन मार्ग मुंबई शहर पिनकोड 400011,88,
080-Mirza_Ghalib_Road_Byculla.pdf,8,सेफा बिल्डींग शेख हफीजुद्दीन मार्ग मुंबई शहर पिनकोड,79,
080-Mirza_Ghalib_Road_Byculla.pdf,9,कांचवाला इंड. न्यु. धोबीघाट शेख हफीजुद्दीन मार्ग मुंबई शहर पिनकोड,83,
080-Mirza_Ghalib_Road_Byculla.pdf,10,कांचवाला इंड. न्यु. धोबीघाट शेख हफोीजुद्दीन मार्ग मुंबई शहर पिनकोड,80,
080-Mirza_Ghalib_Road_Byculla.pdf,11,कांचवाला इंड. न्यु. धोबीघाट शेख हफीजुद्दीन मार्ग मुंबई शहर पिनकोड,80,
080-Mirza_Ghalib_Road_Byculla.pdf,13,कांचवाला इंड. न्यु. धोबीघाट शेख हफोजुद्दीन मार्ग मुंबई शहर पिनकोड.,79,
080-Mirza_Ghalib_Road_Byculla.pdf,14,कांचवाला इंड. न्यु. धोबीघाट शेख हफीजुद्दीन मार्ग मुंबई शहर पिनकोड,80,
080-Mirza_Ghalib_Road_Byculla.pdf,16,इसाशेठ चाळ शेख हफोीजुद्दीन मार्ग मुंबई शहर पिनकोड,85,
080-Mirza_Ghalib_Road_Byculla.pdf,18,इसाशेठ चाळ शेख हफीजुद्दीन मार्ग मुंबई शहर पिनकोड,86,
080-Mirza_Ghalib_Road_Byculla.pdf,20,इसाशेठ चाळ शेख हफोीजुद्दीन मार्ग मुंबई शहर पिनकोड,79,
080-Mirza_Ghalib_Road_Byculla.pdf,21,इसाशेठ चाळ शेख हफीजुद्दीन मार्ग. मुंबई शहर पिनकोड. .,86,
080-Mirza_Ghalib_Road_Byculla.pdf,22,इसाशेठ चाळ शेख हफीजुद्दीन मार्ग. मुंबई शहर पिनकोड.,85,
080-Mirza_Ghalib_Road_Byculla.pdf,23,जुबली बिल्डींग शेख हफीजुद्दीन मार्ग. मुंबई शहर पिनकोड,86,
080-Mirza_Ghalib_Road_Byculla.pdf,24,जुनी मसजीद कंपाऊंड शेख हफीजुद्दीन मार्ग. मुंबई शहर पिनकोड,87,
081-243_Sane_Guruji_Marg.pdf,2,राजा बिल्डींग. शेख हफिजुद्दीन मार्ग. भायखळा मुंबई मुंबई शहर पिनकोड 400011,75,
081-243_Sane_Guruji_Marg.pdf,3,राजा बिल्डॉग. शेख हफिजुद्दीन मार्ग. भायखळा मुंबई मुंबई शहर पिनकोड 400011,75,
081-243_Sane_Guruji_Marg.pdf,4,कावराना बिल्डॉग. शेख हफिजुद्दीन मार्ग. मुंबई शहर पिनकोड 400011,74,
081-243_Sane_Guruji_Marg.pdf,7,कांचनवाला कपाउंड (न्यु धोबीघाट) बे ब द द. शेख हफिजुद्दीन मार्ग. मुंबई शहर पिनकोड 400011,77,
081-243_Sane_Guruji_Marg.pdf,8,सिमला बेकरी ठा. शेख हफिजुद्दीन मार्ग. मुंबई शहर पिनकोड 400011,88,
081-243_Sane_Guruji_Marg.pdf,9,इसाशेठ चाळ. मौलाना आझाद रोड. 6 भायखळा (प) मुंबई मुंबई शहर पिनकोड 400011,84,
081-243_Sane_Guruji_Marg.pdf,10,नुराणी चाळ. मौलाना आझाद रोड. 6 भायखळा (प) मुंबई मुंबई शहर पिनकोड 400011,89,
081-243_Sane_Guruji_Marg.pdf,11,नुराणी चाळ. मौलाना आझाद रोड. 6 मुंबई शहर पिनकोड 400011,80,
081-243_Sane_Guruji_Marg.pdf,13,नुराणी चाळ क्रमांक 5. मौलाना आझाद रोड. 6 मुंबई शहर पिनकोड 400011,78,
081-243_Sane_Guruji_Marg.pdf,16,पत्राशेड. मौलाना आझाद रोड. 6 मुंबई शहर पिनकोड 400011,74,
081-243_Sane_Guruji_Marg.pdf,17,हबीब माझिल. मौलाना आझाद रोड. 6 मुंबई शहर पिनकोड 400011,79,
081-243_Sane_Guruji_Marg.pdf,18,साडी बाजार (प्त्राशेड). मौलाना आझाद रोड. 6 मुंबई शहर पिनकोड 400011,76,
081-243_Sane_Guruji_Marg.pdf,19,साडी बाजार. मौलाना आझाद रोड. 6 मुंबई शहर पिनकोड 400011,78,
082-Mirza_Ghalib_Road_Bhaykhla.pdf,2,केरमाणी बिल्डींग विभाग-साने गुरुजी मार्ग. मुंबई शहर पिनकोड 400011,77,
082-Mirza_Ghalib_Road_Bhaykhla.pdf,3,केरमाणी बिल्डॉग विभाग-साने गुरुजी मार्ग. मुंबई शहर पिनकोड 400011,69,
083-Sane_Guruji_Marg_Byculla.pdf,2,सेंटइगनेशिअस चर्च सकुल सानेगुरुजी मार्ग. विभाग. साने गुरुजी मार्ग. मुंबई शहर पिनकोड 400011,90,
083-Sane_Guruji_Marg_Byculla.pdf,3,चर्च कंपाऊंड सानेगुरुजी माग. चर्च कंपाऊंडच्या आतील बाजुस विभाग. साने गुरुजी मार्ग. मुंबई शहर पिनकोड,90,
083-Sane_Guruji_Marg_Byculla.pdf,4,रतन सदन सानेगुरुजी मार्ग उजव्या बाजुस विभाग. साने गुरुजी मार्ग. मुंबई शहर पिनकोड,87,
083-Sane_Guruji_Marg_Byculla.pdf,9,शिवदशन बिल्डींग सानेगुरुजी मारग. विभाग. साने गुरुजी मार्ग. मुंबई शहर पिनकोड,87,
083-Sane_Guruji_Marg_Byculla.pdf,17,राऊंड बिल्डींग संत गाडगे महाराज चौक पुलाच्या बाहेरील बाजु विभाग. संत गाडगे महाराज चौक. मुंबई शहर पिनकोड 400011,93,
084-Sane_Guruji_Marg_Byculla.pdf,2,रसूल जीवा कंपाऊंड के. के. खाडे मार्ग विभाग. केशवराज खाडये मार्ग.. मुंबई शहर पिनकोड 400011,84,
084-Sane_Guruji_Marg_Byculla.pdf,3,रसूल जीवा कंपाऊंड के. के. खाडे माग विभाग. केशवराज खाडये मार्ग.. मुंबई शहर पिनकोड 400011,87,
084-Sane_Guruji_Marg_Byculla.pdf,6,रसूल जावा कंपाऊंड के. के. खाडे मार्ग विभाग. केशवराज खाडये मार्ग.. मुंबई शहर पिनकोड 400011,87,
084-Sane_Guruji_Marg_Byculla.pdf,10,रसूल जीवा कंपाऊंड के. के. मागं आतील बाजुच्या वसाहती विभाग. केशवराज खाडये मार्ग.. मुंबई शहर पिनकोड 400011,81,
084-Sane_Guruji_Marg_Byculla.pdf,12,रसूल जीवा कंपाऊंड साने गुरुजी बाजुच्या समोरील विभाग. केशवराज खाडये मार्ग.. मुंबई शहर पिनकोड 400011,90,
084-Sane_Guruji_Marg_Byculla.pdf,13,ऱरसूल जीवा कंपाऊंड साने गुरुजी मार्गच्या समोरील विभाग. केशवराज खाडये मार्ग.. मुंबई शहर पिनकोड 400011,86,
084-Sane_Guruji_Marg_Byculla.pdf,15,रसूल जीवा कंपाऊंड साने गुरुजी मार्ग विभाग. केशवराज खाडये मार्ग.. मुंबई शहर पिनकोड 400011,90,
084-Sane_Guruji_Marg_Byculla.pdf,16,रभु निवास साने गुरुजी मार्ग विभाग. केशवराज खाडये मार्ग.. मुंबई शहर पिनकोड 400011,85,
084-Sane_Guruji_Marg_Byculla.pdf,21,कस्तुरबा हॉस्पीटल धोबौघाट साने गुरुजी मागे. विभाग. साने गुरुजी मार्ग.. मुंबई शहर पिनकोड 400011,86,
084-Sane_Guruji_Marg_Byculla.pdf,22,नवीन बि. घ. अ. क. हॉस पीटल संव्हंट क साने गुरुजी मागे. विभाग. साने गुरुजी मार्ग.. मुंबई शहर पिनकोड 400011,86,
085-Sane_Guruji_Marg_Byculla.pdf,2,भैरवनाथ बिल्डिंग भायखळा (प) सात रस्ता य. केशवराव खाडये मार्ग.. मुंबई शहर पिनकोड 400011,83,
085-Sane_Guruji_Marg_Byculla.pdf,3,भरवनाथ बिल्डिग भायखळा (प) सात रस्ता. केशवराव खाडये मार्ग.. मुंबई शहर पिनकोड 400011,83,
085-Sane_Guruji_Marg_Byculla.pdf,5,गुलाबगनी कासम चाळ. भायखळा (प) सात रस्ता. केशवराव खाडये मार्ग.. मुंबई शहर पिनकोड 400011,87,
085-Sane_Guruji_Marg_Byculla.pdf,6,आशिदभाई पिंजारी चाळ. भायखळा (प) सात रस्ता. केशवराव खाडये मार्ग.. मुंबई शहर पिनकोड 400011,86,
085-Sane_Guruji_Marg_Byculla.pdf,8,भायखळा (प) साई कृपा बिल्डांगच्या मागे सात रस्ता. केशवराव खाडये मार्ग. (म. नि. बी.38-40) खंड - 4 पिनकोड 400011,86,
085-Sane_Guruji_Marg_Byculla.pdf,10,राम निवास. भायखळा (प) सात रस्ता. केशवराव खाडये मार्ग.. पिनकोड 400011,87,
085-Sane_Guruji_Marg_Byculla.pdf,13,साई सदन. भायखळा (प) भैरवनाथ बिल्डांग जवळ सात रस्ता. केशवराव खाडये मार्ग.. मुंबई शहर पिनकोड 400011,86,
085-Sane_Guruji_Marg_Byculla.pdf,15,राम निवास भायखळा (प) सात रस्ता. केशवराव खाडये मार्ग.. मुंबई शहर पिनकोड 400011,84,
086-42-43_D_Keshavrao_Khade_Marg.pdf,2,रसूलजीवा पत्रा चाळ. केशवराव खाड्ये माग सेंट इगनेशियम केशवराव खाडये मार्ग. म यु. घ. क्रमांक 56(म. नि. वि.40)खंड मुंबई शहर पिनकोड 400011,84,
086-42-43_D_Keshavrao_Khade_Marg.pdf,3,रसूलजीवा पत्रा चाळ. केशवराव खाड्ये माग सॅट इगनैशियम केशवराव खाडये मार्ग. म यु. घ. क्रमांक 56(म. नि. वि.40)खंड मुंबई शहर पिनकोड 400011,77,
086-42-43_D_Keshavrao_Khade_Marg.pdf,4,रसूलजीवा पत्रा चाळ. सॅट इगनेशियम चर्चच्या मागे रसुल कंपाऊंड केशवराव खाडये मार्ग. म यु. घ. क्रमांक 56(म. नि. वि.40)खंड मुंबई शहर पिनकोड 400011,81,
086-42-43_D_Keshavrao_Khade_Marg.pdf,6,रसूलजीवा पत्रा चाळ. सेंट इगनेशियम चच्चेच्या मागे रसुल कंपाऊंड केशवराव खाडये मार्ग. म यु. घ. क्रमांक 56(म. नि. वि.40)खंड मुंबई शहर पिनकोड 400011,83,
086-42-43_D_Keshavrao_Khade_Marg.pdf,7,रसूलजीवा पत्रा चाळ. रसुल बिल्डींग मागे रसुल कंपाऊंड केशवराव खाडये मार्ग. म यु. घ. क्रमांक 56(म. नि. वि.40)खंड मुंबई शहर पिनकोड 400011,87,
086-42-43_D_Keshavrao_Khade_Marg.pdf,13,उमर मॅन्शन. सेंट इगनेशियम चर्चच्या मागे रसुल कंपाऊंड केशवराव खाडये मार्ग. म्युनिसिपल घर क्रमांक 56(म. नि. वि.40)खंड पिनकोड 400011,85,
086-42-43_D_Keshavrao_Khade_Marg.pdf,18,रसुल बिल्डींग केशवराव खाड्ये माग सात रस्ता भायखळा. केशवराव खाडये मार्ग. 38 ते 68. (मनवि 40) खंड 6 मुंबई शहर पिनकोड 400011,86,
086-42-43_D_Keshavrao_Khade_Marg.pdf,22,घासलेटवाला चाळ केशवराव खाड्ये मागे सात रस्ता भायखळा. केशवराव खाडये मार्ग. 58 ते 68. (मनवि 40) खंड 6 मुंबई शहर पिनकोड,89,
086-42-43_D_Keshavrao_Khade_Marg.pdf,26,मेहता बिल्डींग केशवराव खाड्ये माग गणेशकृपा हॉटेल बिल्डींग. केशवराव खाडये मार्ग. 58 ते 68. (मनवि 40) खंड 6 मुंबई शहर पिनकोड,86,
086-42-43_D_Keshavrao_Khade_Marg.pdf,29,साइईकृपा बिल्डींग केशवराव खाड्ये माग सात रस्ता भायखळा (प). केशवराव खाडये मार्ग. 58 ते 68. (मनवि 40) खंड 6 मुंबई शहर पिनकोड,87,
087-N.M.Joshi_Marg_Shi.Nagar_Building_Meherpada.pdf,2,वॉटर वॅक्स बिल्डींग केशवराव खाड्ये मार्ग लक्ष्मी निवास समोर सात. केशवराव खाडये मार्ग.. मुंबई शहर पिनकोड 400011,84,
087-N.M.Joshi_Marg_Shi.Nagar_Building_Meherpada.pdf,3,शंभुलाल पत्रा चाळ केशवराव खाड्ये माग लक्ष्मी निवास समोर. केशवराव खाड्ये मार्ग.. मुंबई शहर पिनकोड,88,
087-N.M.Joshi_Marg_Shi.Nagar_Building_Meherpada.pdf,4,शंभूलाल पत्राचाळ क्रमांक 1 गाळा क्रमांक 10 लक्ष्मी निवास समोर भायखळा (प). केशवराव खाडये मार्ग.. मुंबई शहर पिनकोड,87,
087-N.M.Joshi_Marg_Shi.Nagar_Building_Meherpada.pdf,5,शंभुलाल पत्राचाळ क्रमांक 2. संत गाडगे महाराज चौक. मुंबई शहर पिनकोड 400011,79,
087-N.M.Joshi_Marg_Shi.Nagar_Building_Meherpada.pdf,7,शंभूलाल पत्राचाळ क्रमांक 3 लक्ष्मी निवास समोर भायखळा (प). केशवराव खाडये मार्ग.. मुंबई शहर पिनकोड 400011,84,
087-N.M.Joshi_Marg_Shi.Nagar_Building_Meherpada.pdf,9,शंभूलाल पत्राचाळ क्रमांक 4 माग लक्ष्मी निवास समोर भायखळा (प). केशवराव खाडये मार्ग.. मुंबई शहर पिनकोड,86,
087-N.M.Joshi_Marg_Shi.Nagar_Building_Meherpada.pdf,10,शंभूलाल पत्राचाळ क्रमांक 5 लक्ष्मी निवास समोर भायखळा (प). केशवराव खाडये मार्ग.. मुंबई शहर पिनकोड,87,
087-N.M.Joshi_Marg_Shi.Nagar_Building_Meherpada.pdf,11,डौ. डोसा कंपाऊंड सिम्पलेक्स मिल जवळ सात रस्ता भायखळा (प). केशवराव खाडये मार्ग.. मुंबई शहर पिनकोड,89,
087-N.M.Joshi_Marg_Shi.Nagar_Building_Meherpada.pdf,12,रसुल पत्रा चाळ क्रमांक 1 रसुल जिवा कंपाऊंड रसुल बिल्डींग मागे. केशवराव खाडये मार्ग.. मुंबई शहर पिनकोड,88,
087-N.M.Joshi_Marg_Shi.Nagar_Building_Meherpada.pdf,13,रसुल जिवा पत्रा चाळ केशवराव खाडये माग रसुल जिवा कंपाऊंड. केशवराव खाडये मार्ग.. मुंबई शहर पिनकोड,84,
087-N.M.Joshi_Marg_Shi.Nagar_Building_Meherpada.pdf,16,भगवानदास वसनजी चाळ भायखळा (प). केशवराव खाडये मार्ग.. मुंबई शहर पिनकोड,88,
087-N.M.Joshi_Marg_Shi.Nagar_Building_Meherpada.pdf,18,सिम्पळक्स मील जवळील झोपडपट्टी. केशवराव खाडये मार्ग.. मुंबई शहर पिनकोड,85,
087-N.M.Joshi_Marg_Shi.Nagar_Building_Meherpada.pdf,21,माला बिल्डींग संत गाडगे महाराज चौक सात रस्ता. संत गाडगे महाराज चौक. मुंबई शहर पिनकोड 400011,90,
088-N.M.Joshi_Marg_Shi.Nagar_Building_Meherpada.pdf,2,शंकर वंजारी चाळ सात रस्ता भायखळा (प). साने गुरुजी मार्ग 269 ते 299 मुंबई शहर पिनकोड 400011,88,
088-N.M.Joshi_Marg_Shi.Nagar_Building_Meherpada.pdf,5,जव्हेरी बिल्डिंग सात रस्ता भायखळा (प). साने गुरुजी मार्ग 269 ते 299 मुंबई शहर पिनकोड 400011,88,
088-N.M.Joshi_Marg_Shi.Nagar_Building_Meherpada.pdf,6,म्युनसिपल चाळ पाणी खाते भायखळा (प). नामदेव मुरलीधर जोशी मार्ग 462 ते 562 खंड 3 मुंबई शहर पिनकोड 400011,90,
088-N.M.Joshi_Marg_Shi.Nagar_Building_Meherpada.pdf,7,म्युनासिपल चाळ पाणी खाते भायखळा (पद). नामदेव मुरलीधर जोशी मार्ग 462 ते 562 खंड 3 मुंबई शहर पिनकोड 400011,88,
088-N.M.Joshi_Marg_Shi.Nagar_Building_Meherpada.pdf,9,लक्ष्मी बल्डिंग. नामदेव मुरलीधर जोशी मार्ग. मुंबई शहर पिनकोड 400011,79,
088-N.M.Joshi_Marg_Shi.Nagar_Building_Meherpada.pdf,11,लक्ष्मी बिल्डिंग. नामदेव मुरलीधर जोशी मार्ग. मुंबई शहर पिनकोड 400011,73,
089-N.M.Joshi_Marg_Shi.Nagar_Building_Meherpada.pdf,2,म्युनिसिपल बिल्डिंग. भायखळा (प) क र नामदेव मुरलीधर जोशी मार्ग (म. नि. वि.40) खंड-5 मुंबई शहर पिनकोड 400011,79,
089-N.M.Joshi_Marg_Shi.Nagar_Building_Meherpada.pdf,3,म्युनसिपल बिल्डिग. भायखळा (प) नामदेव मुरलीधर जोशी मार्ग (म. नि. वि.40) खंड-5 मुंबई शहर पिनकोड 400011,75,
089-N.M.Joshi_Marg_Shi.Nagar_Building_Meherpada.pdf,5,नवीौन याडं बिल्डिंग समोरील झांपड्या. भायखळा (प) नामदेव मुरलीधर जोशी मार्ग (म. नि. वि.40) खंड-5 मुंबई शहर पिनकोड 400011,85,
089-N.M.Joshi_Marg_Shi.Nagar_Building_Meherpada.pdf,6,मशन चाळ-डी. म्युनिसिपल घर क्रमांक 468 च्या मागे भायखळा (प) नामदेव मुरलीधर जोशी मार्ग (म. नि. वि.40) खंड-5 मुंबई शहर पिनकोड 400011,89,
089-N.M.Joshi_Marg_Shi.Nagar_Building_Meherpada.pdf,7,जवळील चाळ(झोपडपट्टो) म्युनिसिपल घर क्रमांक 468 ते गोमतीबाई चाळी पर्यंत नामदेव मुरलीधर जोशी मार्ग (म. नि. वि.40) खंड-5 मुंबई शहर पिनकोड 400011,81,
089-N.M.Joshi_Marg_Shi.Nagar_Building_Meherpada.pdf,9,म्युनिसिपल पत्रा जवळील झोपडया गोमती बाई चाल म्युनिसिपल घर क्रमांक 318 नामदेव मुरलीधर जोशी मार्ग (म. नि. वि.40) खंड-5 मुंबई शहर पिनकोड 400011,82,
089-N.M.Joshi_Marg_Shi.Nagar_Building_Meherpada.pdf,12,गोमतीबाई चाळ-डो. भायखळा (प. द क नामदेव मुरलीधर जोशी मार्ग (म. नि. वि.40) खंड-5 मुंबई शहर पिनकोड 400011,84,
089-N.M.Joshi_Marg_Shi.Nagar_Building_Meherpada.pdf,13,गोमतीबाई चाळ. भायखळा (प) क नामदेव मुरलीधर जोशी मार्ग (म. नि. वि.40) खंड-5 मुंबई शहर पिनकोड 400011,82,
089-N.M.Joshi_Marg_Shi.Nagar_Building_Meherpada.pdf,14,गोमतीबाई चाळ. भायखळा (प). क नामदेव मुरलीधर जोशी मार्ग (म. नि. वि.40) खंड-5 मुंबई शहर पिनकोड 400011,84,
089-N.M.Joshi_Marg_Shi.Nagar_Building_Meherpada.pdf,15,तुकाराम कुहाडे चाळ जवळील झोपडपट्टी गामतीबाई चाळ जवळ नामदेव मुरलीधर जोशी मार्ग (म. नि. वि.40) खंड-5 मुंबई शहर पिनकोड 400011,82,
089-N.M.Joshi_Marg_Shi.Nagar_Building_Meherpada.pdf,16,समंट गोडाऊन जवळील झोपडपट्टी भायखळा (प) नामदेव मुरलीधर जोशी मार्ग (म. नि. वि.40) खंड-5 मुंबई शहर पिनकोड 400011,82,
089-N.M.Joshi_Marg_Shi.Nagar_Building_Meherpada.pdf,17,संन्डोज इंडिया जवळील झोपडया भायखळा (प) नामदेव मुरलीधर जोशी मार्ग (म. नि. वि.40) खंड-5 मुंबई शहर पिनकोड 400011,85,
089-N.M.Joshi_Marg_Shi.Nagar_Building_Meherpada.pdf,18,कुला क्वाटॅस भायखळा (प) नामदेव मुरलीधर जोशी मार्ग (म. नि. वि.40) खंड-5 मुंबई शहर पिनकोड 400011,75,
089-N.M.Joshi_Marg_Shi.Nagar_Building_Meherpada.pdf,19,म्युनि. भंडारजवळील झोपडया जलविभाग भायखळा (प) नामदेव मुरलीधर जोशी मार्ग (म. नि. वि.40) खंड-5 मुंबई शहर पिनकोड 400011,88,
089-N.M.Joshi_Marg_Shi.Nagar_Building_Meherpada.pdf,21,समाधान बि.8 समोरोल झोपडी नामदेव मुरलीधर जोशी माग भायखळा (प) नामदेव मुरलीधर जोशी मार्ग (म. नि. वि.40) खंड-5 मुंबई शहर पिनकोड 400011,86,
089-N.M.Joshi_Marg_Shi.Nagar_Building_Meherpada.pdf,22,वाघेरा झोपडपट्टी बकरी अड्डा भायखळा (प) नामदेव मुरलीधर जोशी मार्ग (म. नि. बि.40) खंड-5 मुंबई शहर पिनकोड 400011,74,
090-N.M.Joshi_Marg_Shi.Nagar_Building_Meherpada.pdf,2,लक्ष्मी बिल्डिंग स्टेशन समोर. भायखळा (प) - नामदेव मुरलीधर जोशी मार्ग.. मुंबई शहर पिनकोड 400027,88,
090-N.M.Joshi_Marg_Shi.Nagar_Building_Meherpada.pdf,5,लक्ष्मी बिल्डिंग स्टेशन समोर. भायखळा (प) - नामदेव मुरलीधर जोशी मार्ग.. मुंबई शहर पिनकोड,83,
090-N.M.Joshi_Marg_Shi.Nagar_Building_Meherpada.pdf,7,वाहंग को-ऑपरेटोव्ह सोसायटी एस. टी. बस स्टॉप मागे भायखळा (प) - नामदेव मुरलीधर जोशी मार्ग.. मुंबई शहर पिनकोड,80,
090-N.M.Joshi_Marg_Shi.Nagar_Building_Meherpada.pdf,8,वैहंग को-ऑपरेटोव्ह सोसायटी एस. टी. बस स्टॉप मागे भायखळा (प) - नामदेव मुरलीधर जोशी मार्ग.. मुंबई शहर पिनकोड,89,
090-N.M.Joshi_Marg_Shi.Nagar_Building_Meherpada.pdf,9,वाहंग को-ऑपरेटोव्ह सोसायटी एस. टी. बस स्टॉप मागे भायखळा (प) - नामदेव मुरलीधर जोशी मार्ग.. मुंबई शहर पिनकोड,80,
090-N.M.Joshi_Marg_Shi.Nagar_Building_Meherpada.pdf,10,वैहंग को-ऑपरेटोव्ह सोसायटी एस. टी. बस स्टॉप मागे भायखळा (प) - नामदेव मुरलीधर जोशी मार्ग.. मुंबई शहर पिनकोड,88,
090-N.M.Joshi_Marg_Shi.Nagar_Building_Meherpada.pdf,11,लक्ष्मी बिल्डिंग स्टेशन समोर. भायखळा (प) - नामदेव मुरलीधर जोशी मार्ग.. मुंबई शहर पिनकोड,85,
090-N.M.Joshi_Marg_Shi.Nagar_Building_Meherpada.pdf,14,कुशाकाळे चाळ (विठ्ठल मंदिर) विठ्ठल मंदीर मागे भायखळा - नामदेव मुरलीधर जोशी मार्ग.. मुंबई शहर पिनकोड,85,
090-N.M.Joshi_Marg_Shi.Nagar_Building_Meherpada.pdf,15,मंदार निकेतन एस. टो. बस स्टॉप च्यामागे भायखळा (प) - नामदेव मुरलीधर जोशी मार्ग.. मुंबई शहर पिनकोड,86,
090-N.M.Joshi_Marg_Shi.Nagar_Building_Meherpada.pdf,18,लक्ष्मी निवास क्रमांक 2 एस. ब्रीज समोर. भायखळा (प) विभाग-2(. नामदेव मुरलीधर जोशी मार्ग.. मुंबई शहर पिनकोड 400027,91,
090-N.M.Joshi_Marg_Shi.Nagar_Building_Meherpada.pdf,20,लक्ष्मी निवास क्रमांक 1 एस. ब्रीज समोर. भायखळा (प) विभाग-2(. नामदेव मुरलीधर जोशी मार्ग.. मुंबई शहर पिनकोड,89,
090-N.M.Joshi_Marg_Shi.Nagar_Building_Meherpada.pdf,21,लक्ष्मी निवास क्रमांक 3 एस. ब्रीज समोर. भायखळा (प) विभाग-2(. नामदेव मुरलीधर जोशी मार्ग.. मुंबई शहर पिनकोड,87,
091-N.M.Joshi_Marg_Shi.Nagar_Building_Meherpada.pdf,2,लक्ष्मी निवास चाळ क्रमांक 4 एस. ब्रीज समोर. भायखळा (प) य विभाग-1(अ) नामदेव मुरलीधर जोशी मार्ग.. मुंबई शहर पिनकोड 400027,83,
091-N.M.Joshi_Marg_Shi.Nagar_Building_Meherpada.pdf,3,लक्ष्मी निवास चाळ क्रमांक 5 एस. ब्रीज समोर. भायखळा (प) विभाग-1(अ) नामदेव मुरलीधर जोशी मार्ग.. मुंबई शहर पिनकोड,85,
091-N.M.Joshi_Marg_Shi.Nagar_Building_Meherpada.pdf,4,मयेकर बिल्डांग भायखळा (प) विभाग-1(अ) नामदेव मुरलीधर जोशी मार्ग.. मुंबई शहर पिनकोड,84,
091-N.M.Joshi_Marg_Shi.Nagar_Building_Meherpada.pdf,5,फकिरा शेठ चाळ मयेकर बिल्डींगच्या मागे भायखळा (प) विभाग-1(अ) नामदेव मुरलीधर जोशी मार्ग.. मुंबई शहर पिनकोड,90,
091-N.M.Joshi_Marg_Shi.Nagar_Building_Meherpada.pdf,6,फकीरा शेठ चाळ मयेकर बिल्डींगच्या मागे. हनुमान गल्ली विभाग-1(अ) नामदेव मुरलीधर जोशी मार्ग.. मुंबई शहर पिनकोड,85,
091-N.M.Joshi_Marg_Shi.Nagar_Building_Meherpada.pdf,8,फकिरा शेठ चाळ पत्राशेड मयेकर बिल्डींगच्या मागे. हनुमान गल्ली ठी विभाग-1(अ) नामदेव मुरलीधर जोशी मार्ग.. मुंबई शहर पिनकोड,81,
091-N.M.Joshi_Marg_Shi.Nagar_Building_Meherpada.pdf,9,गंगाराम निवास भायखळा (प) विभाग-2(. नामदेव मुरलीधर जोशी मार्ग.. मुंबई शहर पिनकोड,80,
091-N.M.Joshi_Marg_Shi.Nagar_Building_Meherpada.pdf,10,गंगाराम निवास भायखळा (प) बिभाग-2(. नामदेव मुरलीधर जोशी मार्ग.. मुंबई शहर पिनकोड,82,
091-N.M.Joshi_Marg_Shi.Nagar_Building_Meherpada.pdf,13,मेहेर चाळ सावित्रीबाई फुले म्यु. शाळेजवळ भायखळा (प) विभाग-2(. नामदेव मुरलीधर जोशी मार्ग.. मुंबई शहर पिनकोड,85,
091-N.M.Joshi_Marg_Shi.Nagar_Building_Meherpada.pdf,15,मंहेरपाडा पत्राशेड सावित्रीबाई फुले म्यु. शाळेजवळ भायखळा (प) विभाग-2(. नामदेव मुरलीधर जोशी मार्ग.. मुंबई शहर पिनकोड,82,
091-N.M.Joshi_Marg_Shi.Nagar_Building_Meherpada.pdf,16,काझी बिल्डिंग ए भायखळा (प) विभाग-2(. नामदेव मुरलीधर जोशी मार्ग.. मुंबई शहर पिनकोड,67,
091-N.M.Joshi_Marg_Shi.Nagar_Building_Meherpada.pdf,17,सकिना माझिल काझी बि भायखळा (प) विभाग-2(. नामदेव मुरलीधर जोशी मार्ग.. मुंबई शहर पिनकोड,83,
091-N.M.Joshi_Marg_Shi.Nagar_Building_Meherpada.pdf,18,कासिम बिल्डाॉंग - क केळी मंडई जवळ भायखळा (प) वबिभाग 1(अ) गणेशहरी पारुंडेकर मार्ग.. खंड 7 मुंबई शहर पिनकोड 400011,81,
091-N.M.Joshi_Marg_Shi.Nagar_Building_Meherpada.pdf,20,धमाजी मानाजी केळी मंडई कासिम बिल्डाॉंग जवळ भायखळा (प) वबिभाग 1(अ) गणेशहरी पारुंडेकर मार्ग.. खंड 7 मुंबई शहर पिनकोड,83,
091-N.M.Joshi_Marg_Shi.Nagar_Building_Meherpada.pdf,22,स्टार ऑफ इंडीया रेस्टॉरंट मागे भायखळा (प) विभाग 1(अ) गणेशहरी पारुंडेकर मार्ग.. खंड 7 मुंबई शहर पिनकोड,86,
091-N.M.Joshi_Marg_Shi.Nagar_Building_Meherpada.pdf,23,स्टार ऑफ इंडीया रेस्टॉरंट मागे भायखळा (प) वबिभाग 1(अ) गणेशहरी पारुंडेकर मार्ग.. खंड 7 मुंबई शहर पिनकोड,88,
091-N.M.Joshi_Marg_Shi.Nagar_Building_Meherpada.pdf,24,मागील नामदेव मुरलीधर जोशी मागग 1 लौ क्रास लेन भायखळा विभाग 1(अ) गणेशहरी पारुंडेकर मार्ग.. खंड 7 मुंबई शहर पिनकोड,84,
091-N.M.Joshi_Marg_Shi.Nagar_Building_Meherpada.pdf,25,प्युन चाळ. नामदेव मुरलीधर जोशी मागे 1 लौ क्रास लेन विभाग-2(. नामदेव मुरलीधर जोशी मार्ग.. मुंबई शहर पिनकोड 400011,80,
091-N.M.Joshi_Marg_Shi.Nagar_Building_Meherpada.pdf,33,प्युन चाळ. नामदेव मुरलीधर जोशी माग 1 लौ क्रास लेन विभाग-2(. नामदेव मुरलीधर जोशी मार्ग.. मुंबई शहर पिनकोड 400011,81,
092-N.M.Joshi_Marg_Shi.Nagar_Building_Meherpada.pdf,2,नारायण भुवन. 1 ली क्रॉसलेन भायखळा (प) विभाग-1(अ) नामदेव मुरलीधर जोशी मार्ग.. भायखळा (प). मुंबई मुंबई शहर पिनकोड 400027,88,
092-N.M.Joshi_Marg_Shi.Nagar_Building_Meherpada.pdf,3,नारायण भुवन. 1 लौ क्रॉसलेन भायखळा (प) विभाग-1(अ) नामदेव मुरलीधर जोशी मार्ग.. भायखळा (प). मुंबई मुंबई शहर पिनकोड 400027,87,
092-N.M.Joshi_Marg_Shi.Nagar_Building_Meherpada.pdf,8,इंडीयन हॉटेल कंपनी बिल्डींग. ताज महल हॉटेल एम्प्लॉइज होसा. कॉलनी. पायस विभाग-2(. पायस रोड बिल्डिंग. भायखळा (प) मुंबई मुंबई शहर पिनकोड 400011,86,
092-N.M.Joshi_Marg_Shi.Nagar_Building_Meherpada.pdf,15,इंडीयन हॉटेल कंपनी बिल्डींग. ताज महल हॉटेल एम्प्लॉइज होसा. कॉलनी. पायस विभाग-2(. पायस रोड बिलिंग. भायखळा (प) मुंबई मुंबई शहर पिनकोड 400011,88,
092-N.M.Joshi_Marg_Shi.Nagar_Building_Meherpada.pdf,16,इंडीयन हॉटेल कंपनी बिल्डींग. ताज महल हॉटेल एम्प्लॉइज होसा. कॉलनी. पायस विभाग-2(. पायस रोड बिल्डिंग. भायखळा (प) मुंबई मुंबई शहर पिनकोड 400011,87,
092-N.M.Joshi_Marg_Shi.Nagar_Building_Meherpada.pdf,17,ए-1 म्युनिसिपल बिल्डींग. क्रमांक 1 पायस रोड. भायखळा (प) विभाग-2(. पायस रोड बिल्डिंग. मुंबई शहर पिनकोड 400011,86,
093-N.M.Joshi_Marg_Shi.Nagar_Building_Meherpada.pdf,2,एस. ब्रीज जवळील झोपडपट्टी(हनुमान मंदीर) त्रिवेणी अपाटर्मट समोर प्त्रारोड. विभाग-1(अ) नामदेव मुरलीधर जोशी मार्ग.. मुंबई शहर पिनकोड 400027,85,
093-N.M.Joshi_Marg_Shi.Nagar_Building_Meherpada.pdf,3,त्रिवेणी अपाटमट को. हो. सोसा. भायखळा (प) विभाग-1(अ) नामदेव मुरलीधर जोशी मार्ग.. मुंबई शहर पिनकोड,83,
093-N.M.Joshi_Marg_Shi.Nagar_Building_Meherpada.pdf,5,मकवा चाळ एस. ब्रीज जवळ. भायखळा (प) विभाग-1(अ) नामदेव मुरलीधर जोशी मार्ग.. मुंबई शहर पिनकोड,88,
093-N.M.Joshi_Marg_Shi.Nagar_Building_Meherpada.pdf,6,संट्रल रेल्वे स्वीपस॑ क्वाटॅस सी. आर. के. टाईम चाळ. भायखळा (प) विभाग-1(अ) नामदेव मुरलीधर जोशी मार्ग.. मुंबई शहर पिनकोड,84,
093-N.M.Joshi_Marg_Shi.Nagar_Building_Meherpada.pdf,7,रेल्वे चाळ जवळील झोपडपट्टी भायखळा (प) विभाग-1(अ) नामदेव मुरलीधर जोशी मार्ग.. मुंबई शहर पिनकोड,91,
093-N.M.Joshi_Marg_Shi.Nagar_Building_Meherpada.pdf,8,भायखळा स्टेशन जवळील झोपडयया (महावीर इस्टेट) भायखळा (प) विभाग-1(अ) नामदेव मुरलीधर जोशी मार्ग.. मुंबई शहर पिनकोड,89,
093-N.M.Joshi_Marg_Shi.Nagar_Building_Meherpada.pdf,10,भायखळा स्टेशन जवळील झोपडयया (महावीर इस्टेट) भायखळा (प) विभाग-1(अ) नामदेव मुरलीधर जोशी मार्ग.. मुंबई शहर पिनकोड.,87,
093-N.M.Joshi_Marg_Shi.Nagar_Building_Meherpada.pdf,11,नुर मंझील नामदेव मुरलीधर जोशी माग. भायखळा (प) विभाग-2(. गणेश हरी पारुंडेकरमार्ग. भायखळा (प) मुंबई शहर पिनकोड 400027,84,
093-N.M.Joshi_Marg_Shi.Nagar_Building_Meherpada.pdf,13,कासिम बिल्डिंग. गणेश हरी पारुंडेकर मार्ग. भायखळा (प) विभाग-2(. गणेश हरी पारुंडेकरमार्ग. मुंबई शहर पिनकोड 400027,88,
093-N.M.Joshi_Marg_Shi.Nagar_Building_Meherpada.pdf,14,कासिम बिल्डिंग कंपाऊंड गणेश हरी पारुंडेकर माग. भायखळा (प) विभाग-2(. गणेश हरी पारुंडेकरमार्ग. मुंबई शहर पिनकोड 400027,86,
093-N.M.Joshi_Marg_Shi.Nagar_Building_Meherpada.pdf,16,कासिम बिल्डिंग कंपाऊंड भायखळा प. विभाग-2(. गणेश हरी पारुंडेकरमार्ग(म. नि. वि.38)खंड-6 मुंबई शहर पिनकोड,83,
093-N.M.Joshi_Marg_Shi.Nagar_Building_Meherpada.pdf,17,किल्लेदार चाळ. निमल कंपाऊंड. पायस स्ट्रॉट. भायखळा (प) विभाग-1 पायस रोड दुभाष बि. मुंबई शहर पिनकोड 400011,87,
093-N.M.Joshi_Marg_Shi.Nagar_Building_Meherpada.pdf,18,शराफत अली चाळ क्रमांक 3. पायस स्ट्रीट. भायखळा (प) विभाग-1 पायस रोड दुभाष बि. मुंबई शहर पिनकोड 400011,84,
093-N.M.Joshi_Marg_Shi.Nagar_Building_Meherpada.pdf,20,शराफत अली स्टेबल चाळ न॑.1 प्युन चाळी समोर. पायस स्ट्रोट. विभाग-1 पायस रोड दुभाष बि. मुंबई शहर पिनकोड 400011,88,
093-N.M.Joshi_Marg_Shi.Nagar_Building_Meherpada.pdf,21,त्रिपाठी चाळ. तबेला क्रमांक 3. पायस स्ट्रीट. भायखळा (प) विभाग-1 पायस रोड दुभाष बि. मुंबई शहर पिनकोड 400011,91,
093-N.M.Joshi_Marg_Shi.Nagar_Building_Meherpada.pdf,22,भरूचा चाळ तबेला क्रमांक 2 पायस स्ट्रीट. भायखळा (प) विभाग-1 पायस रोड दुभाष बि. मुंबई शहर पिनकोड 400011,91,
093-N.M.Joshi_Marg_Shi.Nagar_Building_Meherpada.pdf,24,भरूचा चाळ पायस स्ट्रीट. भायखळा (प) विभाग-1 पायस रोड दुभाष बि. मुंबई शहर पिनकोड 400011,91,
093-N.M.Joshi_Marg_Shi.Nagar_Building_Meherpada.pdf,26,शरीफ अली चाळ. मामुजी चाळ. पायस स्ट्रॉट. भायखळा (प) विभाग-1 पायस रोड दुभाष बि. मुंबई शहर पिनकोड 400011,89,
093-N.M.Joshi_Marg_Shi.Nagar_Building_Meherpada.pdf,28,भरुचा चाळ तबेला क्रमांक 2 झोपडपट्टी पायस स्ट्रीट. भायखळा (प) विभाग-1 पायस रोड दुभाष बि. मुंबई शहर पिनकोड 400011,86,
093-N.M.Joshi_Marg_Shi.Nagar_Building_Meherpada.pdf,29,अ मास्टर फ्रेम मामाजी कंपाऊंड. निमल कंपाऊंड. 10 अ. पायस स्ट्रॉट. भायखळा विभाग-1 पायस रोड दुभाष बि. मुंबई शहर पिनकोड,89,
094-N.M.Joshi_Marg_Shi.Nagar_Building_Meherpada.pdf,2,वझीर बिल्डिंग केशवराव खाड्ये मार्ग. भायखळा (प) विभाग-मुसा किल्लेदार रोड. भायखळा (प) मुंबई मुंबई शहर पिनकोड 400011,88,
094-N.M.Joshi_Marg_Shi.Nagar_Building_Meherpada.pdf,5,वझीर बिल्डिंग - पत्रा चाळ क्रमांक 1 भायखळा (प) विभाग-मुसा किल्लेदार रोड. मुंबई शहर पिनकोड 400011,89,
094-N.M.Joshi_Marg_Shi.Nagar_Building_Meherpada.pdf,6,वझीर बिल्डिंग - पत्रा चाळ क्रमांक 2 भायखळा (प) विभाग-मुसा किल्लेदार रोड. मुंबई शहर पिनकोड 400011,90,
094-N.M.Joshi_Marg_Shi.Nagar_Building_Meherpada.pdf,7,गिरिविहार-ए. अपणा अपाटॅमेंट भायखळा (प) विभाग-मुसा किल्लेदार रोड. मुंबई शहर पिनकोड 400011,89,
094-N.M.Joshi_Marg_Shi.Nagar_Building_Meherpada.pdf,9,गिरौविहार-ब. अपाटॅमॅंट भायखळा (प) विभाग-मुसा किल्लेदार रोड. मुंबई शहर पिनकोड 400011,82,
094-N.M.Joshi_Marg_Shi.Nagar_Building_Meherpada.pdf,11,पत्रा चाळ क्रमांक 47 भायखळा (प) विभाग-मुसा किल्लेदार रोड. मुंबई शहर पिनकोड 400011,90,
094-N.M.Joshi_Marg_Shi.Nagar_Building_Meherpada.pdf,13,पत्रा चाळ क्रमांक 46 भायखळा (प) विभाग-मुसा किल्लेदार रोड. मुंबई शहर पिनकोड 400011,90,
094-N.M.Joshi_Marg_Shi.Nagar_Building_Meherpada.pdf,14,पत्रा चाळ क्रमांक 45 भायखळा (प. विभाग-मुसा किल्लेदार रोड. मुंबई शहर पिनकोड 400011,90,
094-N.M.Joshi_Marg_Shi.Nagar_Building_Meherpada.pdf,15,पत्रा चाळ क्रमांक 44 भायखळा (प) विभाग-मुसा किल्लेदार रोड. मुंबई शहर पिनकोड 400011,91,
094-N.M.Joshi_Marg_Shi.Nagar_Building_Meherpada.pdf,16,पत्रा चाळ क्रमांक 43 भायखळा (प) विभाग-मुसा किल्लेदार रोड. मुंबई शहर पिनकोड 400011,91,
094-N.M.Joshi_Marg_Shi.Nagar_Building_Meherpada.pdf,17,पत्रा चाळ क्रमांक 42 भायखळा (प) विभाग-मुसा किल्लेदार रोड. मुंबई शहर पिनकोड 400011,91,
094-N.M.Joshi_Marg_Shi.Nagar_Building_Meherpada.pdf,18,पत्रा चाळ क्रमांक 41 भायखळा (प) विभाग-मुसा किल्लेदार रोड. मुंबई शहर पिनकोड 400011,90,
095-Bapurao_Jagtap_Marg.pdf,2,पत्रा चाळ क्रमांक 40 मुसा किल्लेदार रोड. भायखळा (प) य विभाग-1(अ) मुसा किलेदार रोड (महानगरपालिका 38)खंड-2 भायखळा (प) मुंबई मुंबई शहर पिनकोड 400011,85,
095-Bapurao_Jagtap_Marg.pdf,3,पत्रा चाळ क्रमांक 40 मुसा किल्लेदार रोड. भायखळा (प) विभाग-1(अ) मुसा किलेदार रोड (महानगरपालिका 38)खंड-2 भायखळा (प) मुंबई मुंबई शहर पिनकोड 400011,88,
095-Bapurao_Jagtap_Marg.pdf,4,पत्रा चाळ क्रमांक 15 मुसा किल्लेदार रोड. भायखळा (प) विभाग-1(अश) मुसा किलेदार रोड (महानगरपालिका 38)खंड-2 मुंबई शहर पिनकोड 400011,83,
095-Bapurao_Jagtap_Marg.pdf,5,मुसा किलेदार माग(मरनिवि 38)खंड-2 ट क म्युनिसिपल घर क्रमांक 60 पत्रा चाळ क्रमांक 14 मुसा किल्लेदार रोड. भायखळा (प) मुंबई शहर पिनकोड 400011,83,
095-Bapurao_Jagtap_Marg.pdf,7,पत्रा चाळ क्रमांक 13 मुसा किल्लेदार रोड. भायखळा (प) विभाग-1(अश) मुसा किलेदार मार्ग(महानगरपालिका 38)खंड-2 मुंबई शहर पिनकोड 400011,86,
095-Bapurao_Jagtap_Marg.pdf,8,बी आय टो चाळक्रमांक 1 केशवराव खाड्ये माग. भायखळा (प) विभाग-2(. केशवराव खांडये मार्ग(महानगरपालिका 38)खंड-9 मुंबई शहर पिनकोड 400011,91,
095-Bapurao_Jagtap_Marg.pdf,15,बी आय टो चाळक्रमांक 2 केशवराव खाड्ये माग. भायखळा (प) विभाग-2(. केशवराव खांडये मार्ग(महानगरपालिका 38)खंड-9 मुंबई शहर पिनकोड 400011,90,
095-Bapurao_Jagtap_Marg.pdf,23,_ मदिना मसजोद बिल्डांग मदिना मिल्क सेटर मुसा किल्लेदार रोड. भायखळा (प) विभाग-2(. केशवराव खांडये मार्ग(महानगरपालिका 38)खंड-9 मुंबई शहर पिनकोड 400011,83,
096-Bapurao_Jagtap_Marg.pdf,2,म्यनिसिपल बिल्डींग क्रमांक 3 मुसा किल्लेदार रोड. भायखळा (प) विभाग-1(अ) मुसा किलेदार मार्ग. भायखळा (प) मुंबई मुंबई शहर पिनकोड 400011,92,
096-Bapurao_Jagtap_Marg.pdf,4,म्यनिसिपल बिल्डींग क्रमांक 19 भायखळा (प) विभाग-1(अ) मुसा किलेदार मार्ग. मुंबई शहर पिनकोड 400011,87,
096-Bapurao_Jagtap_Marg.pdf,6,म्यनिसिपल बिल्डींग क्रमांक 19 मागील झोपडपट्टी. भायखळा (प) विभाग-1(अ) मुसा किलेदार मार्ग. मुंबई शहर पिनकोड 400011,90,
096-Bapurao_Jagtap_Marg.pdf,7,म्यनिसिपल बिल्डींग क्रमांक 20 मागील झोपडपट्टी. भायखळा (प) विभाग-1(अ) मुसा किलेदार मार्ग. मुंबई शहर पिनकोड 400011,83,
096-Bapurao_Jagtap_Marg.pdf,8,म्यनिसिपल बिल्डींग क्रमांक 20 जवळील झोपडपट्टी. भायखळा (प) विभाग-1(अ) मुसा किलेदार मार्ग. मुंबई शहर॒ पिनकोड 400011,88,
096-Bapurao_Jagtap_Marg.pdf,9,म्यनिसिपल बिल्डींग क्रमांक 20 जवळील झोपडपट्टी. भायखळा (प) विभाग-1(अ) मुसा किलेदार मार्ग. मुंबई शहर पिनकोड 400011,89,
096-Bapurao_Jagtap_Marg.pdf,11,पंधारे दगडी चाळ. भायखळा (प) विभाग-2(. बापुराव जगताप मार्ग. मुंबई शहर पिनकोड 400011,87,
096-Bapurao_Jagtap_Marg.pdf,14,म्युघनं 17 जय अंबे बिल्डीग 1 भायखळा (प) केशवराव खाडे मार्ग खंड 10 मुंबई शहर पिनकोड 400011,92,
096-Bapurao_Jagtap_Marg.pdf,16,बी आय टी चाळ नं 3 भायखळा (प) केशवराव खाडये मार्ग. भायखळा (पश्‍चिम) मुंबई शहर पिनकोड 400011,86,
096-Bapurao_Jagtap_Marg.pdf,23,बी आय टी चाळ नं 4 भायखळा (प) केशवराव खाडये मार्ग. भायखळा (पश्‍चिम) मुंबई शहर पिनकोड,90,
096-Bapurao_Jagtap_Marg.pdf,28,चाळ नं 4 च्या बाजुला खोल हेअर सलुन भायखळा (प) केशवराव खाडये मार्ग. भायखळा (पश्‍चिम) मुंबई शहर पिनकोड,88,
097-Bapurao_Jagtap_Marg.pdf,2,लक्ष्मी बिल्डींग. आडवी बिल्डींग भायखळा (प). नामदेव मुरलीधर जोशी मार्ग. भायखळा (प) मुंबई मुंबई शहर ॒ पिनकोड 400027,87,
097-Bapurao_Jagtap_Marg.pdf,3,लक्ष्मी बिल्डींग. आडवी बिल्डींग भायखळा (प). नामदेव मुरलीधर जोशी मार्ग. भायखळा (प) मुंबई मुंबई शहर पिनकोड 400027,90,
097-Bapurao_Jagtap_Marg.pdf,6,लक्ष्मी बिल्डींग - अ भायखळा (प). नामदेव मुरलीधर जोशी मार्ग. मुंबई शहर पिनकोड 400027,89,
097-Bapurao_Jagtap_Marg.pdf,9,लक्ष्मी बिल्डींग - ब भायखळा (प). नामदेव मुरलीधर जोशी मार्ग. मुंबई शहर पिनकोड 400027,90,
097-Bapurao_Jagtap_Marg.pdf,12,लक्ष्मी बिल्डीग -क भायखळा (प). नामदेव मुरलीधर जोशी मार्ग. मुंबई शहर पिनकोड 400027,90,
097-Bapurao_Jagtap_Marg.pdf,16,कल्लेदार बिल्डींग भायखळा (प). मुसा किलेदार बिल्डींग. मुसा किल्लेदार रोड. भायखळा (प) मुंबई शहर पिनकोड 400011,91,
097-Bapurao_Jagtap_Marg.pdf,18,किल्लेदार मेन्शन भायखळा (प). मुसा किलेदार बिल्डींग. मुंबई शहर पिनकोड,91,
097-Bapurao_Jagtap_Marg.pdf,20,लिबटी बेकरी भायखळा (प). मुसा किलेदार बिल्डींग. मुंबई शहर पिनकोड,91,
097-Bapurao_Jagtap_Marg.pdf,21,भरुचा तबेला क्रमांक 2 भायखळा (प). मुसा किलेदार बिल्डींग. मुसा किल्लेदार रोड. भायखळा (प) मुंबई शहर पिनकोड 400011,92,
097-Bapurao_Jagtap_Marg.pdf,23,जे. के. कंपाउड झोपड्या (जयकार्या कंपाऊंड) भायखळा (प). मुसा किलेदार बिल्डींग. मुंबई शहर पिनकोड 400011,91,
097-Bapurao_Jagtap_Marg.pdf,24,जयकाया इंडस्ट्रीयल इस्टेट इम्पिरोयल पेट भायखळा (प). मुसा किलेदार बिल्डींग. मुंबई शहर पिनकोड 400011,89,
098-Bapurao_Jagtap_Marg.pdf,2,मकबा बिल्डिंग. 628/30. 1 ली क्रॉसलेन नामदेव मुरलीधर जोशी मार्ग. य. नामदेव मुरलीधर जोशी मार्ग 1 ली क्रॉसलेन. भायखळा (प) मुंबई मुंबई शहर पिनकोड 400027,82,
098-Bapurao_Jagtap_Marg.pdf,3,मकबा बिल्डिंग. 628/30. 1 लौ क्रॉसलेन नामदेव मुरलीधर जोशी मागे.. नामदेव मुरलीधर जोशी मार्ग 1 ली क्रॉसलेन. भायखळा (प) मुंबई मुंबई शहर पिनकोड 400027,89,
098-Bapurao_Jagtap_Marg.pdf,4,हेंद्रे बल्डिंग. 1 लौ क्रॉसलेन नामदेव मुरलीधर जोशी माग. भायखळा (प). नामदेव मुरलीधर जोशी मार्ग 1 ली क्रॉसलेन. मुंबई शहर पिनकोड 400027,89,
098-Bapurao_Jagtap_Marg.pdf,8,घरकुल 1 लौ क्रॉसलेन नामदेव मुरलीधर जोशी माग. भायखळा प. नामदेव मुरलीधर जोशी मार्ग 1 ली क्रॉसलेन. मुंबई शहर पिनकोड 400027,90,
098-Bapurao_Jagtap_Marg.pdf,13,जनता सेवक सोसायटी झोपडपट्टी. पायस रोड. भायखळा (प). पायस रोड. भायखळा (प) मुंबई मुंबई शहर पिनकोड 400011,85,
098-Bapurao_Jagtap_Marg.pdf,17,मदिना मिल्क सेटर मांदेना मस्जिद भायखळा प. | क) मुसा किल्लेदार रोड. भायखळा (प) मुंबई मुंबई शहर पिनकोड 400011,87,
098-Bapurao_Jagtap_Marg.pdf,18,_ म्युनिसिपल घरन.1 समारील जनता सेवक सोसायटी झोपडपट्टो. -॑. पायस रोड. मुंबई शहर पिनकोड 400011,86,
098-Bapurao_Jagtap_Marg.pdf,19,म्युनिसिपल पत्रा चाळ क्रमांक 37. पायस रोड. मुंबई शहर पिनकोड 400011,90,
098-Bapurao_Jagtap_Marg.pdf,21,हटमंटस ज्वेलस असोसिएशन चाळ स्कीम क्रमांक 32. पायस रोड. मुंबई शहर पिनकोड 400011,86,
098-Bapurao_Jagtap_Marg.pdf,28,पा. रांड म यु. बि. न. ए-1 स. ज. से. सोसायटी झोपडपट्टी. पायस रोड (म. न. बि.38) खंड 3 मुंबई शहर पिनकोड 400011,77,
098-Bapurao_Jagtap_Marg.pdf,29,बौ. एम. सी बिल्डांग क्रमांक 1 च या जवळी झोपडपट्टी. पायस रोड. मुंबई शहर पिनकोड 400011,83,
099-Bapurao_Jagtap_Marg.pdf,2,जगतस्मृती अ नामदेव मुरलीधर जोशी मार्ग. 1 ली क्रास लैन. भायखळा य नामदेव मुरलीधर जोशी मार्ग. 1 ली क्रॉस लेन. भायखळा (पश्‍चिम) मु. क्रमांक 11 मुंबई शहर पिनकोड 400011,84,
099-Bapurao_Jagtap_Marg.pdf,3,जगतस्मृती अ नामदेव मुरलीधर जाशी माग. 1 लौ क्रास लेन. भायखळा नामदेव मुरलीधर जोशी मार्ग. 1 ली क्रॉस लेन. भायखळा (पश्‍चिम) मु. क्रमांक 11 मुंबई शहर पिनकोड 400011,86,
099-Bapurao_Jagtap_Marg.pdf,6,जगतस्मृती ब नामदेव मुरलीधर जोशी मागे. 1 लौ क्रास लैन. भायखळा नामदेव मुरलीधर जोशी मार्ग. 1 ली क्रॉस लेन. मुंबई शहर पिनकोड 400011,89,
099-Bapurao_Jagtap_Marg.pdf,9,जगतस्मृती - सौ नामदेव मुरलीधर जोशी मागे. 1 लौ क्रास लैन. भायखळा नामदेव मुरलीधर जोशी मार्ग. 1 ली क्रॉस लेन. मुंबई शहर पिनकोड 400011,83,
099-Bapurao_Jagtap_Marg.pdf,11,गुरूसदन बिल्डिंग -डी नामदेव मुरलीधर जोशी मागे. 1 लौ क्रास लेन. भायखळा (पश्‍चिम) नामदेव मुरलीधर जोशी मार्ग. 1 ली क्रॉस लेन. मुंबई शहर पिनकोड 400011,86,
099-Bapurao_Jagtap_Marg.pdf,12,गुरूसदन बिल्डिंग -डी नामदेव मुरलीधर जोाशी माग. 1 लो क्रास लैन. भायखळा (पश्‍चिम) नामदेव मुरलीधर जोशी मार्ग. 1 ली क्रॉस लेन. मुंबई शहर पिनकोड 400011,84,
099-Bapurao_Jagtap_Marg.pdf,14,गुरूसदन बिल्डांग -इ नामदेव मुरलीधर जोशी माग. 1 लौ क्रास लेन. भायखळा (पश्‍चिम) नामदेव मुरलीधर जोशी मार्ग. 1 ली क्रॉस लेन. मुंबई शहर पिनकोड 400011,88,
099-Bapurao_Jagtap_Marg.pdf,16,गुरूसदन बिल्डांग -एफ नामदेव मुरलीधर जोशी मार्ग. 1 लौ क्रास लेन. भायखळा (पश्‍चिम) नामदेव मुरलीधर जोशी मार्ग. 1 ली क्रॉस लेन. मुंबई शहर पिनकोड 400011,87,
099-Bapurao_Jagtap_Marg.pdf,17,गुरूसदन बिल्डांग -एफ नामदेव मुरलीधर जोाशी मार्ग. 1 लौ क्रास लेन. भायखळा (पश्‍चिम) नामदेव मुरलीधर जोशी मार्ग. 1 ली क्रॉस लेन. मुंबई शहर पिनकोड 400011,85,
099-Bapurao_Jagtap_Marg.pdf,19,नविन आदम बोरी बिल्डांग नामदेव मुरलीधर जाशी मारग. 1 लो क्रास लेन. नामदेव मुरलीधर जोशी मार्ग. 1 ली क्रॉस लेन. मुंबई शहर पिनकोड 400011,87,
100-Ganesh_Hari_Parundekar_Marg.pdf,2,पोमन निवास नामदेव मुरलीधर जोशी मार्ग 1 ली क्रास लेन भायखळा (पश्‍चिम). नामदेव मुरलीधर जोशी मार्ग. 1 ली क्रॉस लेन. भायखळा (पश्‍चिम) मु. क्रमांक 11 मुंबई शहर पिनकोड 400011,86,
100-Ganesh_Hari_Parundekar_Marg.pdf,3,पोमन निवास नामदेव मुरलीधर जोशी माग 1 लौ क्रास लेन भायखळा (पश्‍चिम). नामदेव मुरलीधर जोशी मार्ग. 1 ली क्रॉस लेन. भायखळा (पश्‍चिम) मु. क्रमांक 11 मुंबई शहर पिनकोड 400011,84,
100-Ganesh_Hari_Parundekar_Marg.pdf,10,रहीम बिल्डिंग. बापुराव जगताप मागं. सातरस्ता. बापुराव जगताप मार्ग. सातरस्ता मु. क्रमांक 11 मुंबई शहर पिनकोड 400011,86,
100-Ganesh_Hari_Parundekar_Marg.pdf,11,रहीम बिल्डिंग पत्रा चाळ बापुराव जगताप माग. सातरस्ता. बापुराव जगताप मार्ग. मुंबई शहर पिनकोड,87,
100-Ganesh_Hari_Parundekar_Marg.pdf,12,रहीम बिल्डिंग पत्रा चाळ सातरस्ता. बापुराव जगताप मार्ग. मुंबई शहर पिनकोड,89,
100-Ganesh_Hari_Parundekar_Marg.pdf,13,नेमतुल्ला ट्रस्ट चाळ सातरस्ता ट क द. बापुराव जगताप मार्ग. मुंबई शहर पिनकोड,89,
100-Ganesh_Hari_Parundekar_Marg.pdf,16,80 टेनामेन्टस ए सातरस्ता. र ठी ठा. बापुराव जगताप मार्ग. मुंबई शहर पिनकोड,88,
100-Ganesh_Hari_Parundekar_Marg.pdf,17,80 टंनामेन्टस बी सातरस्ता. बापुराब जगताप मार्ग. मुंबई शहर पिनकोड,80,
100-Ganesh_Hari_Parundekar_Marg.pdf,18,80 टंनामेन्टस बी सातरस्ता. बापुराव जगताप मार्ग. मुंबई शहर पिनकोड,81,
100-Ganesh_Hari_Parundekar_Marg.pdf,20,गालिक कंपाऊंड सातरस्ता. बापुराब जगताप मार्ग. मुंबई शहर पिनकोड,81,
100-Ganesh_Hari_Parundekar_Marg.pdf,21,पत्रा चाळ क्रमांक 16 हंसरोड. पत्राचाळ. भायखळा (पश्‍चिम) मु. क्रमांक 11 ट बापुराव जगताप मार्ग 4 ते 18. हंसरोड. पत्राचाळ. भायखळा (पश्‍चिम) मु. क्रमांक 11 मुंबई शहर,87,
100-Ganesh_Hari_Parundekar_Marg.pdf,22,पत्रा चाळ क्रमांक 17 हंसरोड. पत्राचाळ. भायखळा (पश्‍चिम) बापुराब जगताप मार्ग 4 ते 18. मुंबई शहर पिनकोड,86,
100-Ganesh_Hari_Parundekar_Marg.pdf,23,पत्रा चाळ क्रमांक 17 हंसरोड. पत्राचाळ. भायखळा (पश्‍चिम) बापुराव जगताप मार्ग 4 ते 18. मुंबई शहर पिनकोड,87,
100-Ganesh_Hari_Parundekar_Marg.pdf,24,पत्रा चाळ क्रमांक 18 हंसरोड. पत्राचाळ. भायखळा (पश्‍चिम) बापुराव जगताप मार्ग 4 ते 18. मुंबई शहर पिनकोड,88,
100-Ganesh_Hari_Parundekar_Marg.pdf,25,पत्रा चाळ क्रमांक 18 जवळची झोपडपट्टी हंसरोड. पत्राचाळ. बापुराव जगताप मार्ग 4 ते 18. मुंबई शहर पिनकोड,89,
100-Ganesh_Hari_Parundekar_Marg.pdf,26,पत्रा चाळ क्रमांक 20 हंसरोड. पत्राचाळ. भायखळा (पश्‍चिम) बापुराब जगताप मार्ग 4 ते 18. मुंबई शहर पिनकोड,81,
100-Ganesh_Hari_Parundekar_Marg.pdf,31,60 टेनामेंट कंपाऊंड बी. जे. मार्ग भायखळा (पश्‍चिम) बापुराब जगताप मार्ग 4 ते 18. मुंबई शहर पिनकोड,85,
100-Ganesh_Hari_Parundekar_Marg.pdf,32,60 टेनामंट कंपाऊंड बौ. जे. माग भायखळा (पश्‍चिम) बापुराव जगताप मार्ग 4 ते 18. मुंबई शहर पिनकोड,87,
100-Ganesh_Hari_Parundekar_Marg.pdf,33,झोपडपट्टी 60 टेनामंट कंपाऊंड बी. जे. मागे बापुराव जगताप मार्ग 4 ते 18. मुंबई शहर पिनकोड,85,
100-Ganesh_Hari_Parundekar_Marg.pdf,34,96 टेनामेट कंपाऊंड बी. जे. माग भायखळा (पश्‍चिम) बापुराव जगताप मार्ग 4 ते 18. मुंबई शहर पिनकोड,85,
100-Ganesh_Hari_Parundekar_Marg.pdf,36,झोपडया. 96 टेनामेट बौ. जे. माग भायखळा बापुराब जगताप मार्ग 4 ते 18. मुंबई शहर पिनकोड,88,
101-Ganesh_Hari_Parundekar_Marg.pdf,2,फातमाबाई बिल्डींग. बापुराव जगताप मार्ग. भायखळा य. बापुराव जगताप मार्ग.. भायखळा (पश्‍चिम) मु. क्रमांक 11 मुंबई शहर पिनकोड 400011,83,
101-Ganesh_Hari_Parundekar_Marg.pdf,3,फातमाबाई चाळ जवळील झोपडपट्टी बापुराव जगताप माग. भायखळा (पश्‍चिम). बापुराब जगताप मार्ग.. मुंबई शहर पिनकोड,88,
101-Ganesh_Hari_Parundekar_Marg.pdf,6,कोंडाची बिल्डांग बापुराव जगताप मार्ग. भायखळा (पश्‍चिम). बापुराब जगताप मार्ग.. मुंबई शहर पिनकोड,80,
101-Ganesh_Hari_Parundekar_Marg.pdf,7,बेगम मोहम्मद चाळ मराठा मदौर समोर. बापुराब जगताप मार्ग.. मुंबई शहर पिनकोड,86,
101-Ganesh_Hari_Parundekar_Marg.pdf,10,कफरांदा मंझील इसा मेन्शन तांबीट नाका पोलीस चौकी समोर. भायखळा (प) टेन्स. गणेश हरी पारुंडेकर मार्ग.. तांबीट नाका टेन्स रोड. भायखळा (प) मु. क्रमांक 11 मुंबई शहर,88,
101-Ganesh_Hari_Parundekar_Marg.pdf,13,लंबी सिर्मंट चाळ. भायखळा स्टेशन रोड. भायखळा (पश्‍चिम) गणेश हरी पारुंडेकर रोड. भायखळा स्टेशन रोड. भायखळा (पश्‍चिम) मु. क्रमांक 11 मुंबई शहर पिनकोड,87,
101-Ganesh_Hari_Parundekar_Marg.pdf,14,लंबी सिमेंट चाळ. भायखळा स्टेशन रोड. भायखळा (पश्‍चिम) गणेश हरी पारुंडेकर रोड. भायखळा स्टेशन रोड. भायखळा (पश्‍चिम) मु. क्रमांक 11 मुंबई शहर पिनकोड,91,
101-Ganesh_Hari_Parundekar_Marg.pdf,16,लंबी सिर्मंट चाळ. भायखळा स्टेशन रोड. भायखळा (पश्‍चिम) गणेश हरी पारुंडेकर रोड. भायखळा स्टेशन रोड. भायखळा (पश्‍चिम) मु. क्रमांक 11 मुंबई शहर पिनकोड,87,
101-Ganesh_Hari_Parundekar_Marg.pdf,17,लंबी सिमेंट चाळ. भायखळा स्टेशन रोड. भायखळा (पश्‍चिम) गणेश हरी पारुंडेकर रोड. भायखळा स्टेशन रोड. भायखळा (पश्‍चिम) मु. क्रमांक 11 मुंबई शहर पिनकोड,91,
101-Ganesh_Hari_Parundekar_Marg.pdf,18,लंबी सिर्मंट चाळ. भायखळा स्टेशन रोड. भायखळा (पश्‍चिम) गणेश हरी पारुंडेकर रोड. भायखळा स्टेशन रोड. भायखळा (पश्‍चिम) मु. क्रमांक 11 मुंबई शहर पिनकोड,87,
101-Ganesh_Hari_Parundekar_Marg.pdf,31,लंबी सिमेंट चाळ. भायखळा स्टेशन रोड. भायखळा (पश्‍चिम) गणेश हरी पारुंडेकर रोड. भायखळा स्टेशन रोड. भायखळा (पश्‍चिम) मु. क्रमांक 11 मुंबई शहर पिनकोड,91,
101-Ganesh_Hari_Parundekar_Marg.pdf,32,लंबी सिर्मंट चाळ. भायखळा स्टेशन रोड. भायखळा (पश्‍चिम) गणेश हरी पारुंडेकर रोड. भायखळा स्टेशन रोड. भायखळा (पश्‍चिम) मु. क्रमांक 11 मुंबई शहर पिनकोड,87,
102-Bapurao_Jagtap_Marg.pdf,2,म्युनसिपल चाळ क्रमांक 1 ट्रान्झीट कॅम्प. हंस रोड. बापुराव जगताप मागग. विभाग बापुराव जगतापमार्ग. ट्रान्झीट कॅम्प. हंस रोड. मु. क्रमांक 8 मुंबई शहर पिनकोड 400011,88,
102-Bapurao_Jagtap_Marg.pdf,4,म्युनसिपल चाळ क्रमांक 2 ट्रान्झीट कॅम्प. हंस रोड. भायखळा (पश्‍चिम) विभाग बापुराव जगतापमार्ग. मुंबई शहर पिनकोड,87,
102-Bapurao_Jagtap_Marg.pdf,5,म्युनसिपल चाळ क्रमांक 3 ट्रान्झीट कॅम्प. हंस रोड भायखळा विभाग बापुराव जगतापमार्ग. मुंबई शहर पिनकोड र,86,
102-Bapurao_Jagtap_Marg.pdf,6,म्युनसिपल चाळ क्रमांक 4 ट्रान्झीट कॅम्प हंस रोड. भायखळा विभाग बापुराव जगतापमार्ग. मुंबई शहर पिनकोड र,85,
102-Bapurao_Jagtap_Marg.pdf,7,म्युनसिपल चाळ क्रमांक 4 ट्रान्झीट कॅम्प हंस रोड. भायखळा विभाग बापुराव जगतापमार्ग. मुंबई शहर पिनकोड,86,
102-Bapurao_Jagtap_Marg.pdf,8,म्युनसिपल चाळ क्रमांक 6 ट्रान्झीट कॅम्प. हंस रोड. भायखळा विभाग बापुराव जगतापमार्ग. मुंबई शहर पिनकोड,90,
102-Bapurao_Jagtap_Marg.pdf,9,म्युनसिपल चाळ क्रमांक 7 ट्रान्झीट कॅम्प. हंस रोड. भायखळा विभाग बापुराव जगतापमार्ग. मुंबई शहर पिनकोड,88,
102-Bapurao_Jagtap_Marg.pdf,11,म्युनसिपल चाळ क्रमांक 8 ट्रान्झीट कॅम्प. बापुराव जगताप मार्ग. हंस विभाग बापुराव जगतापमार्ग. मुंबई शहर पिनकोड,89,
102-Bapurao_Jagtap_Marg.pdf,12,म्युनसिपल चाळ क्रमांक 8 ट्रान्झीट कॅम्प. बापुराव जगताप मार्ग. हंस विभाग बापुराव जगतापमार्ग. मुंबई शहर पिनकोड र,87,
102-Bapurao_Jagtap_Marg.pdf,13,म्युनसिपल चाळ क्रमांक 9 ट्रान्झीट कॅम्प. बापुराव जगताप मार्ग. हंस विभाग बापुराव जगतापमार्ग. मुंबई शहर पिनकोड,88,
102-Bapurao_Jagtap_Marg.pdf,14,म्युनसिपल चाळ क्रमांक 11 ट्रान्झीट कॅम्प. हंस रोड. बापुराव जगताप विभाग बापुराव जगतापमार्ग. मुंबई शहर पिनकोड,89,
102-Bapurao_Jagtap_Marg.pdf,15,म्युनसिपल चाळ क्रमांक 14 बापुराव जगताप मागं. हंस रोड. ट्रान्झिट विभाग बापुराव जगतापमार्ग. मुंबई शहर पिनकोड,89,
102-Bapurao_Jagtap_Marg.pdf,16,म्युनसिपल चाळ क्रमांक 16 बापुराव जगताप मागं. हंस रोड. ट्रान्झिट विभाग बापुराव जगतापमार्ग. मुंबई शहर पिनकोड,89,
102-Bapurao_Jagtap_Marg.pdf,17,म्युनसिपल बिल्डींग ब्लॉक ए 112 टेनामंट कंपाऊंड. बापुराव विभाग बापुराव जगतापमार्ग. मुंबई शहर पिनकोड,85,
102-Bapurao_Jagtap_Marg.pdf,18,म्युनसिपल बिल्डींग ब्लॉक बी 112 टेनामेट कंपाऊंड. बापुराव विभाग बापुराव जगतापमार्ग. मुंबई शहर पिनकोड,86,
102-Bapurao_Jagtap_Marg.pdf,20,म्युनसिपल बिल्डींग ब्लॉक सी 112 टेनामेट कंपाऊंड. बापुराव विभाग बापुराव जगतापमार्ग. मुंबई शहर पिनकोड,84,
102-Bapurao_Jagtap_Marg.pdf,21,म्युनसिपल बिल्डींग ब्लॉक डी 112 टेनामेट कंपाऊंड. बापुराव विभाग बापुराव जगतापमार्ग. मुंबई शहर पिनकोड,85,
102-Bapurao_Jagtap_Marg.pdf,22,म्युनसिपल बिल्डींग ब्लॉक इं 112 टेनामॅट कंपाऊंड. बापुराव विभाग बापुराव जगतापमार्ग. मुंबई शहर पिनकोड,83,
102-Bapurao_Jagtap_Marg.pdf,24,म्युनसिपल बिल्डींग ब्लॉक एफ 112 टेनामेंट कंपाऊंड. बापुराव विभाग बापुराव जगतापमार्ग. मुंबई शहर पिनकोड.,88,
103-Bapurao_Jagtap_Marg.pdf,2,अल्लारखा बिल्डिग. जेकब सर्केल. भायखळा (पश्‍चिम) मु. क्रमांक 11. बापुराव जगताप मार्ग. पिनकोड 400011,83,
103-Bapurao_Jagtap_Marg.pdf,4,रामचंद्र माळी बिल्डिंग सातरस्ता. भायखळा (पश्‍चिम) मु. क्रमांक 11. बापुराव जगताप मार्ग. पिनकोड,86,
103-Bapurao_Jagtap_Marg.pdf,5,लका बिल्डिंग सातरस्ता. भायखळा (पश्‍चिम) मु. क्रमांक 11. बापुराव जगताप मार्ग. पिनकोड,81,
103-Bapurao_Jagtap_Marg.pdf,6,गांधी बिल्डिंग सातरस्ता. भायखळा (पश्‍चिम) मु. क्रमांक 11. बापुराव जगताप मार्ग. पिनकोड,84,
103-Bapurao_Jagtap_Marg.pdf,7,मुसा बिल्डिंग. सातरस्ता. भायखळा (पश्‍चिम) मु. क्रमांक 11. बापुराव जगताप मार्ग. पिनकोड,85,
103-Bapurao_Jagtap_Marg.pdf,8,मुसा बिल्डिंग. सातरस्ता. भायखळा (पश्‍चिम) मु. क्रमांक 11. बापुराव जगताप मार्ग. पिनकोड ब,82,
103-Bapurao_Jagtap_Marg.pdf,9,मुसा बिल्डिंग. सातरस्ता. भायखळा (पश्‍चिम) मु. क्रमांक 11. बापुराव जगताप मार्ग. पिनकोड,85,
103-Bapurao_Jagtap_Marg.pdf,10,अहमद सुलेमान चाळ. सातरस्ता. भायखळा (पश्‍चिम) मु. बापुराव जगताप मार्ग. पिनकोड,90,
103-Bapurao_Jagtap_Marg.pdf,11,अहमद सुलेमान बिल्डींग. सातरस्ता. भायखळा (पश्‍चिम). बापुराव जगताप मार्ग. पिनकोड,90,
103-Bapurao_Jagtap_Marg.pdf,13,अहमद सुलैमान चाळ सातरस्ता. भायखळा (पश्‍चिम). बापुराव जगताप मार्ग. पिनकोड 400011,83,
103-Bapurao_Jagtap_Marg.pdf,15,म यु. चाळ बलाक जी सातरस्ता. भायखळा (पश्‍चिम) मु. न. बापुराव जगताप मार्ग. म यु. घ. क्रमांक 666 खंड 14 पिनकोड 400011,82,
103-Bapurao_Jagtap_Marg.pdf,16,ट्रानझिट कॅम प झोपडपट्टी सातरस्ता. भायखळा (पश्‍चिम. बापुराव जगताप मार्ग. म यु. घ. क्रमांक 666 खंड 14 पिनकोड,87,
103-Bapurao_Jagtap_Marg.pdf,17,बलॉक ए ते जी मागील झोपडपट्टी बापुराव जगताप माग. जेकब. बापुराव जगताप मार्ग. म॒ यु. घ. क्रमांक 666 खंड 14 पिनकोड,84,
103-Bapurao_Jagtap_Marg.pdf,18,बलॉक ट्रासिन्ट कॅम्प एफ मागील झोपडया सकल. सातरस्ता भाय्‌. बापुराव जगताप मार्ग. म॒ यु. घ. क्रमांक 666 खंड 14 पिनकोड,85,
103-Bapurao_Jagtap_Marg.pdf,19,ट्रॉन्झीट कॅम्प डी मागील झोपड्या. बापुराव जगताप मार्ग. जेकब बापुराव जगताप मार्ग पिनकोड,87,
104-Bapurao_Jagtap_Marg.pdf,2,रॉन्झीट कॅम्प झोपटटी. जेकब सर्केल. सातरस्ता. भायखळा (पश्‍चिम). मौलाना आझाद रोड. 25 ई ते 49 बी. मुंबई शहर पिनकोड 400011,83,
104-Bapurao_Jagtap_Marg.pdf,3,रॉन्झीट कॅम्प झोपटटरी. जेकब सर्केल. सातरस्ता. भायखळा (पश्चिम). मौलाना आझाद रोड. 25 ई ते 49 बी. मुंबई शहर पिनकोड 400011,80,
104-Bapurao_Jagtap_Marg.pdf,5,गवळी चाळ मौलाना आझाद रोड. भायखळा (पश्‍चिम) सातरस्ता. मौलाना आझाद रोड. 25 ई ते 49 बी. मुंबई शहर पिनकोड 400011,89,
104-Bapurao_Jagtap_Marg.pdf,6,डो. ग्रीन बिल्डींग मोलाना आझाद रोड. भायखळा (पश्‍चिम). मौलाना आझाद रोड. 25 ई ते 49 बी. मुंबई शहर पिनकोड 400011,89,
104-Bapurao_Jagtap_Marg.pdf,10,युसूफ हाजी मिया चाळ मौलाना आझाद रोड. भायखळा (पश्‍चिम). मौलाना आझाद रोड. 25 ई ते 49 बी. मुंबई शहर पिनकोड 400011,88,
104-Bapurao_Jagtap_Marg.pdf,12,ब्रंडबरी मिलजवळील झोपडपट्टी मौलाना आझाद रोड. भायखळा (पश्‍चिम). मौलाना आझाद रोड. 25 ई ते 49 बी. मुंबई शहर पिनकोड 400011,86,
104-Bapurao_Jagtap_Marg.pdf,14,खुशनुमा अपाटमट पेट्रोलपंपच्या बाजुला भायखळा स्टेशन रोड(पश्‍्चिम). मौलाना आझाद रोड. 25 ई ते 49 बी. मुंबई शहर पिनकोड 400011,85,
104-Bapurao_Jagtap_Marg.pdf,15,भायखळा झोपडीपट्टी संघ (म. फुले नगर) बापुराव जगताप मागे. बापुराव जगताप मार्ग. (म. नि. वि 38) खंड 15 मुंबई शहर पिनकोड 400011,92,
105-Bapurao_Jagtap_Marg.pdf,2,अल्लारखॉ बिल्डिंग. जेकब सर्केल भायखळा (पश्‍चिम). मौलाना आझाद रोड. 11 ते 15. 25 सी. मुंबई शहर पिनकोड 400011,86,
105-Bapurao_Jagtap_Marg.pdf,3,फातमाबाई कोटे बिल्डींग. जेकब सरकेल. बॅँक ऑफ महाराष्ट्र. भायखळा. मौलाना आझाद रोड. 11 ते 15. 25 सी. मुंबई शहर पिनकोड,84,
105-Bapurao_Jagtap_Marg.pdf,4,ओल्ड धनवार बिल्डिंग. जेकब सरकेल भायखळा (पश्‍चिम). मौलाना आझाद रोड. 11 ते 15. 25 सी. मुंबई शहर पिनकोड,88,
105-Bapurao_Jagtap_Marg.pdf,5,पीरमोहम्मद चाळ. जेकब स्केल भायखळा (पश्‍चिम). मौलाना आझाद रोड. 11 ते 15. 25 सी. मुंबई शहर पिनकोड,86,
105-Bapurao_Jagtap_Marg.pdf,6,दगडी चाळ. बापुराव जगताप मागं. शंकर मंदीर शेजारी. भायखळा. बापुराव जगताप मार्ग. 714 बी-714 आय. मुंबई शहर पिनकोड 400011,91,
105-Bapurao_Jagtap_Marg.pdf,8,दगडी चाळ बापुराव जगताप मागं. शंकर मंदीर शेजारी. भायखळा. बापुराव जगताप मार्ग. 714 बी-714 आय शंकर मंदीर शेजारी. भायखळा (प) मु. क्रमांक 11 मुंबई शहर,90,
105-Bapurao_Jagtap_Marg.pdf,10,दगडी चाळ बापुराव जगताप मागं. शंकर मंदीर शेजारी. भायखळा. बापुराव जगताप मार्ग. 714 बी-714 आय. मुंबई शहर पिनकोड,91,
105-Bapurao_Jagtap_Marg.pdf,12,दगडी चाळ बापुराव जगताप मार्ग. शंकर मंदीर शेजारी. भायखळा. बापुराव जगताप मार्ग. 714 बी-714 आय. मुंबई शहर पिनकोड,90,
105-Bapurao_Jagtap_Marg.pdf,15,दगडी चाळ बापुराव जगताप मागं. शंकर मंदीर शेजारी. भायखळा. बापुराव जगताप मार्ग. 714 बी-714 आय. मुंबई शहर पिनकोड,87,
105-Bapurao_Jagtap_Marg.pdf,17,दगडी चाळ बापुराव जगताप माग. शंकर मंदीर शेजारी.. बापुराव जगताप मार्ग. 714 बी-714 आय. मुंबई शहर पिनकोड,87,
105-Bapurao_Jagtap_Marg.pdf,20,80 टेनामेन्टस सौ. बी. जे. माग. जेकब स्केल. भायखळा (पश्‍चिम). बापुराव जगताप मार्ग 663 ते 673. खंड 17 मुंबई शहर पिनकोड 400011,88,
105-Bapurao_Jagtap_Marg.pdf,21,80 टेनामेन्टस डी बी. जे. माग. जेकब सरकेल. भायखळा (पश्‍चिम). बापुराव जगताप मार्ग 663 ते 673. खंड 17 मुंबई शहर पिनकोड,86,
105-Bapurao_Jagtap_Marg.pdf,22,80 टेनामेन्टस इं बौ. जे. मार्ग. जेकब सकेल. भायखळा (पश्‍चिम). बापुराव जगताप मार्ग 663 ते 673. खंड 17 मुंबई शहर पिनकोड,87,
105-Bapurao_Jagtap_Marg.pdf,23,80 टेनामेन्टस जवळील झोपड्या बी. जे. मार्ग. जेकब सरकेल.. बापुराव जगताप मार्ग 663 ते 673. खंड 17 मुंबई शहर पिनकोड,88,
105-Bapurao_Jagtap_Marg.pdf,24,रहेमान कंपाउंड. भायखळा स्टेशन मागग. लकी हॉटेल. लंबी सिमेंट चाळ 2. गणेश हरी पारुंडेकर मार्ग 604 ते 98. खंड मुंबई शहर पिनकोड 400011,88,
105-Bapurao_Jagtap_Marg.pdf,25,शारदा कंपाउंड भायखळा स्टेशन माग. लका हॉटेल. लंबी सिमेंट चाळ समोर. 2. गणेश हरी पारुंडेकर मार्ग 604 ते 98. खंड मुंबई शहर पिनकोड 400011,88,
105-Bapurao_Jagtap_Marg.pdf,26,सुलेमान बिल्डींग भायखळा स्टेशन मार्ग. लकी हॉटेल. लंबी सिमेंट 2. गणेश हरी पारुंडेकर मार्ग 604 ते 98. खंड मुंबई शहर पिनकोड,83,
105-Bapurao_Jagtap_Marg.pdf,28,अहमद सुलेमान बिल्डींग झोपडपट्टी भायखळा स्टेशन माग. लकी हॉटेल. लंबी 2. गणेश हरी पारुंडेकर मार्ग 604 ते 98. खंड मुंबई शहर पिनकोड,87,
105-Bapurao_Jagtap_Marg.pdf,30,तेय्यब अलोौभाय तबेल्या जवळील झोपड्या भायखळा स्टेशन मागग. लका हॉटेल. 2. गणेश हरी पारुंडेकर मार्ग 604 ते 98. खंड मुंबई शहर पिनकोड,85,
106-Sant_Savata_Marg_Byculla.pdf,2,राम सेरिअर इराणी चाळ. भायखळा. डॉ. बा. आं. रोड. मुंबई शहर पिनकोड 400027,88,
106-Sant_Savata_Marg_Byculla.pdf,3,रामनगर (अ) भायखळा. डॉ. बा. आं. रोड. मुंबई शहर पिनकोड 400027,91,
106-Sant_Savata_Marg_Byculla.pdf,6,रामनगर आतील भाग. भायखळा. डॉ. बा. आं. रोड. मुंबई शहर पिनकोड 400027,91,
106-Sant_Savata_Marg_Byculla.pdf,8,रामनगर डॉ. बाबासाहेब आंबेडकर रोड क्रमांक 2 भाग. भायखळा. डॉ. बा. आं. रोड. मुंबई शहर पिनकोड 400027,89,
106-Sant_Savata_Marg_Byculla.pdf,9,रामनगर ड डॉ. बाबासाहेब आंबेडकर रोड. भायखळा. डॉ. बा. आं. रोड. मुंबई शहर पिनकोड 400027,92,
106-Sant_Savata_Marg_Byculla.pdf,10,रामनगर इ डॉ. बाबासाहेब आंबेडकर रोड. भायखळा. डॉ. बा. आं. रोड. मुंबई शहर पिनकोड 400027,93,
106-Sant_Savata_Marg_Byculla.pdf,11,रामनगर एफ डॉ. बाबासाहेब आंबेडकर रोड. भायखळा. डॉ. बा. आं. रोड. जिजामाता उद्यान समोरील बाजु. भायखळा (प). मुंबई 27 मुंबई शहर,92,
106-Sant_Savata_Marg_Byculla.pdf,13,मेहेर अलौ मेन्शन भायखळा. डॉ. बा. आं. रोड. मुंबई शहर पिनकोड 400027,87,
106-Sant_Savata_Marg_Byculla.pdf,14,रामनगर डॉ. बाबासाहेब आंबेडकर रोड. आतील बाजुस. भायखळा. डॉ. बा. आं. रोड. मुंबई शहर पिनकोड 400027,89,
106-Sant_Savata_Marg_Byculla.pdf,15,नगरदास मेनकाचंद आणि कंपनी. भायखळा (पुवे). मुंबई संत सावता मार्ग. खंबाटालेन. संत सावता मार्ग. पहीली क्रॉसलेन. अँथोनी डिसोझा हायस्कुल. तळमजला मुंबई शहर पिनकोड,82,
106-Sant_Savata_Marg_Byculla.pdf,16,रेडीस बिडी शॉप संत सावता मार्ग. भायखळा (पुवे). मुंबई संत सावता मार्ग. खंबाटालेन. संत सावता मार्ग. पहीली क्रॉसलेन. अँथोनी डिसोझा हायस्कुल. तळमजला मुंबई शहर पिनकोड,89,
106-Sant_Savata_Marg_Byculla.pdf,17,अलेबियन पेलेस संत सावता मागग. भायखळा (पुवे). मुंबई संत सावता मार्ग. खंबाटालेन. संत सावता मार्ग. पहीली क्रॉसलेन. अँथोनी डिसोझा हायस्कुल. तळमजला मुंबई शहर पिनकोड,89,
106-Sant_Savata_Marg_Byculla.pdf,18,टाटा कपाउंड संत सावता मागग. भायखळा (पुवे). मुंबई संत सावता मार्ग. खंबाटालेन. संत सावता मार्ग. पहीली क्रॉसलेन. अँथोनी डिसोझा हायस्कुल. तळमजला मुंबई शहर पिनकोड,90,
106-Sant_Savata_Marg_Byculla.pdf,19,पत्रा शेड (टाटा कंपाउंड) संत सावता मार्ग. भायखळा (पुवे). संत सावता मार्ग. खंबाटालेन. संत सावता मार्ग. पहीली क्रॉसलेन. अँथोनी डिसोझा हायस्कुल. तळमजला मुंबई शहर पिनकोड,88,
106-Sant_Savata_Marg_Byculla.pdf,20,खंबाटा हाऊस खंबाटा लेन. संत सावता मार्ग. भायखळा (पुर्व). मुंबई संत सावता मार्ग. खंबाटालेन. संत सावता मार्ग. पहीली क्रॉसलेन. अँथोनी डिसोझा हायस्कुल. तळमजला मुंबई शहर पिनकोड,89,
106-Sant_Savata_Marg_Byculla.pdf,22,ठाकूर हाऊस खंबाटा लेन क्रॉस पहीली गल्ली. संत सावता माग. संत सावता मार्ग. खंबाटालेन. संत सावता मार्ग. पहीली क्रॉसलेन. अँथोनी डिसोझा हायस्कुल. तळमजला मुंबई शहर पिनकोड,89,
106-Sant_Savata_Marg_Byculla.pdf,23,म्युनिसिपल चाळ नं 2 खंबाटा हाऊस खंबाटा लेन. संत सावता माग. संत सावता मार्ग. खंबाटालेन. संत सावता मार्ग. पहीली क्रॉसलेन. अँथोनी डिसोझा हायस्कुल. तळमजला मुंबई शहर पिनकोड,91,
106-Sant_Savata_Marg_Byculla.pdf,24,इकबाल मेन्शन. खंबाटा लेन. संत सावता मागं. क्रॉसलेन. भायखळा संत सावता मार्ग. खंबाटालेन. संत सावता मार्ग. पहीली क्रॉसलेन. अँथोनी डिसोझा हायस्कुल. तळमजला मुंबई शहर पिनकोड,91,
106-Sant_Savata_Marg_Byculla.pdf,26,ग्लोरीया कानव्हेट स्कुल संत सावता मागं. क्रॉसलेन. भायखळा (पुवे). संत सावता मार्ग. खंबाटालेन. संत सावता मार्ग. पहीली क्रॉसलेन. अँथोनी डिसोझा हायस्कुल. तळमजला मुंबई शहर पिनकोड,82,
106-Sant_Savata_Marg_Byculla.pdf,27,म्युन्सिपिल चाळ क्रमांक 2 संत सावता माग. भायखळा (पुर्व). मुंबई संत सावता मार्ग. खंबाटालेन. संत सावता मार्ग. पहीली क्रॉसलेन. अँथोनी डिसोझा हायस्कुल. तळमजला मुंबई शहर पिनकोड,88,
106-Sant_Savata_Marg_Byculla.pdf,28,इकबाल मेन्शन संत सावता माग. क्रॉसलेन पहीली गल्ली. भायखळा संत सावता मार्ग. खंबाटालेन. संत सावता मार्ग. पहीली क्रॉसलेन. अँथोनी डिसोझा हायस्कुल. तळमजला मुंबई शहर पिनकोड,89,
106-Sant_Savata_Marg_Byculla.pdf,29,इक्बाल मेन्शन संत सावता मार्ग. भायखळा (पुवे). मुंबई क्रमांक 400027 संत सावता मार्ग. खंबाटालेन. संत सावता मार्ग. पहीली क्रॉसलेन. अँथोनी डिसोझा हायस्कुल. तळमजला मुंबई शहर पिनकोड,87,
107-Sant_Savata_Marg_Byculla.pdf,2,मुलजी ब्रदर्स. सिक्‍्वेरा कंपाऊंड. भायखळा. ॒ संत सावता मार्ग मुंबई शहर पिनकोड 400027,80,
107-Sant_Savata_Marg_Byculla.pdf,3,हाजी इस्माईल हाजी अल्लाना बि. भायखळा. संत सावता मार्ग मुंबई शहर पिनकोड 400027,84,
107-Sant_Savata_Marg_Byculla.pdf,4,हाजी इस्माईल हाजी अल्लाना बिल्डाॉंग. भायखळा. संत सावता मार्ग मुंबई शहर पिनकोड 400027,89,
107-Sant_Savata_Marg_Byculla.pdf,5,हाजी इस्माईल चाळ. गल्लीच्या आतील बाजुस भायखळा. संत सावता मार्ग मुंबई शहर पिनकोड 400027,90,
107-Sant_Savata_Marg_Byculla.pdf,14,हाजी इस्माईल चाळ. सिक्‍्वेरा कंपाऊंड. भायखळा. संत सावता मार्ग. पिनकोड,84,
107-Sant_Savata_Marg_Byculla.pdf,15,हाजी अल्लाना चाळ. सिक्‍्वेरा कंपाऊंड. भायखळा. संत सावता मार्ग. पिनकोड,87,
107-Sant_Savata_Marg_Byculla.pdf,17,उनन मेटनिटी होम. सिक्‍वेरा कंपाऊंड. भायखळा. संत सावता मार्ग. पिनकोड,84,
107-Sant_Savata_Marg_Byculla.pdf,19,रुस्तमबागच्या समोर चन्याचे दुकान. भायखळा. संत सावता मार्ग. पिनकोड,70,
107-Sant_Savata_Marg_Byculla.pdf,20,रुस्तमबाग शेजारी. भायखळा. संत सावता मार्ग पिनकोड 400027,83,
108-Sant_Savata_Marg_Byculla.pdf,2,कॅमल हाऊस जिजामाता उद्यान डॉ. आंबेडकर रोड. भायखळा डॉ. बाबासाहेब आंबेडकर.. मुंबई शहर पिनकोड 400027,82,
108-Sant_Savata_Marg_Byculla.pdf,3,सावतामाळी भुवन पिनकोड 400027,69,
108-Sant_Savata_Marg_Byculla.pdf,5,जेनाब महल पिनकोड 400027,81,
108-Sant_Savata_Marg_Byculla.pdf,6,हाटेल कृष्णा पंजाब पिनकोड 400027,84,
108-Sant_Savata_Marg_Byculla.pdf,7,एलेक्झांडर टॅरेस डॉ. बाबासाहेब आंबेडकर.. पिनकोड 400027,65,
108-Sant_Savata_Marg_Byculla.pdf,8,एलेक्झांडर टॅरेस मागील बाजूची वसाहत. पिनकोड 400027,82,
108-Sant_Savata_Marg_Byculla.pdf,9,जाौजामाता उद्यान पोस्ट ऑफॉोस क पिनकोड 400027,55,
108-Sant_Savata_Marg_Byculla.pdf,10,करानी निवास पिनकोड 400027,80,
108-Sant_Savata_Marg_Byculla.pdf,11,वा्डन बंगला पिनकोड 400027,65,
108-Sant_Savata_Marg_Byculla.pdf,12,वा्डन चाळ पिनकोड 400027,63,
108-Sant_Savata_Marg_Byculla.pdf,14,ग्लोरोया टॅरेस पिनकोड 400027,46,
108-Sant_Savata_Marg_Byculla.pdf,15,खान बिल्डिंग डॉ. बाबासाहेब आंबेडकर.. पिनकोड 400027,75,
108-Sant_Savata_Marg_Byculla.pdf,17,खान बिल्डिंग कंपाऊंड चाळ पिनकोड 400027,59,
108-Sant_Savata_Marg_Byculla.pdf,18,खान बिल्डिंग पत्रा शेड पिनकोड 400027,73,
108-Sant_Savata_Marg_Byculla.pdf,19,मफतलाल मिल चाळ पिनकोड 400027,69,
108-Sant_Savata_Marg_Byculla.pdf,20,करानी निवास पिनकोड 400027,79,
109-Sant_Savata_Marg_Byculla.pdf,2,म्युनिसिपल शाळे समोरोल झोपड्या भायखळा ॒ | अ) ई. एस. पाटणवाला मार्ग मुंबई शहर पिनकोड 400027,83,
109-Sant_Savata_Marg_Byculla.pdf,3,म्युनिसिपल शाळे समोरील झोपड्या भायखळा ॒ | अ) ई. एस. पाटणवाला मार्ग मुंबई शहर पिनकोड 400027,81,
109-Sant_Savata_Marg_Byculla.pdf,4,मराठा हॉस्पीटल क. समोरील झोपडपट्ट्या म्यु. शाळेसमोरील झोपडपट्टो. | अ) ई. एस. पाटणवाला मार्ग मुंबई शहर पिनकोड 400027,79,
109-Sant_Savata_Marg_Byculla.pdf,6,म्यु. को. पत्राशेड शेजारील झोपडपट्ट्या म्यु. शाळा समोरील झोपड्या. भायखळा | अ) ई. एस. पाटणवाला मार्ग मुंबई शहर पिनकोड 400027,86,
109-Sant_Savata_Marg_Byculla.pdf,7,खांडके बिल्डांग (मंगेश पानवाला) भायखळा | अ) ई. एस. पाटणवाला मार्ग मुंबई शहर पिनकोड 400027,83,
109-Sant_Savata_Marg_Byculla.pdf,8,नरोमल बंगला भायखळा | अ) ई. एस. पाटणबाला मार्ग (म. न. बि.39)खंड-1 मुंबई शहर पिनकोड 400027,71,
109-Sant_Savata_Marg_Byculla.pdf,9,दलाल हाऊस भायखळा | अ) ई. एस. पाटणवाला मार्ग मुंबई शहर पिनकोड 400027,78,
109-Sant_Savata_Marg_Byculla.pdf,10,व्हॉक्टॉरिया टेरेस भाऊ भोगले माग. भायखळा | अ) ई. एस. पाटणवाला मार्ग मुंबई शहर पिनकोड 400027,83,
109-Sant_Savata_Marg_Byculla.pdf,11,वाडंन चाळ इं. एस. पाटणवाला माग / भाऊ भोगलेच्या मधील लेन | अ) ई. एस. पाटणवाला मार्ग. मुंबई शहर पिनकोड 400027,81,
109-Sant_Savata_Marg_Byculla.pdf,14,बी इं. एस. पाटणवाला माग / भाऊ भोगले मारग क्र. 2 भायखळा | अ) ई. एस. पाटणवाला मार्ग. मुंबई शहर पिनकोड 400027,88,
109-Sant_Savata_Marg_Byculla.pdf,15,वाडन चाळ भाऊ भोगले माडीच्या शेजारी रस्ता. भायखळा | अ) ई. एस. पाटणवाला मार्ग. मुंबई शहर पिनकोड 400027,88,
109-Sant_Savata_Marg_Byculla.pdf,17,वाडन चाळ क्रास भाऊ भोगले मागं भायखळा | अ) ई. एस. पाटणवाला मार्ग. मुंबई शहर पिनकोड 400027,83,
109-Sant_Savata_Marg_Byculla.pdf,18,वाडन चाळ क्रास भाऊ भोगले मार्ग भायखळा | अ) ई. एस. पाटणवाला मार्ग. मुंबई शहर पिनकोड 400027,87,
109-Sant_Savata_Marg_Byculla.pdf,19,वाडन चाळ क्रास भाऊ भोगले माग भायखळा | अ) ई. एस. पाटणवाला मार्ग. मुंबई शहर पिनकोड 400027,88,
109-Sant_Savata_Marg_Byculla.pdf,25,वाडन चाळ भाऊ भोगले माग भायखळा | अ) ई. एस. पाटणबाला मार्ग. मुंबई शहर पिनकोड 400027,85,
