Filename,Page No.,यादी भाग क्रमांक (Yadi Bhag No.),यादी भागाच्या हद्दीचा तपशील (Content)
001-Chimbipada.pdf,1,0001,"न भागाच्या हद्दीचा तपशील मारूती मंदिरा जवळ, मारूती | राचे जवळ, भोमरे वाडा, बस स्टॉप जवळ, भुईसेन, शासकीय | श्रम शाळे जवळ, बालखडी, जि प शाळे जवळ, पाटीळ पाडा, | धव वाडा, भुईसेन कोल्हा पाडा, भुईसेन मागचिपाडा, भुइसेन मागचि | मूळ गांव/शहर चिंबीपाडा | सजा चिंबीपाडा | मंडळ खारबाव |  "
002-Chimbipada.pdf,1,0002,"nee भागाच्या हद्दीचा तपशील मारूती मंदिरा जवळ, बालखडी, | सेन मागचि पाडा, चिंबीपाडा गाव, चिंबीपाडा गांव, खडकी खु, | मराई, कुंभार वाडा, पिंपळशेत, खडकी बु. | मूळ गांव/शहर चिंबीपाडा | सजा चिंबीपाडा | मंडळ खारबाव |  "
003-Lakhivali.pdf,1,0003,"न भागाच्या हद्दीचा तपशील माजिवाडा जि प शाळे जवळ, | T, तेळी वडे पाडा, वाण्याचा पाडा, धामने गाव, लाखीवली जि प | ळे जवळ, गडगपाडा, जाभुंळ पाडा, नांदा स्टॉप, लाखीवली गाव, | डखांब, पांजरापूर, गोडाचा पाडा | मूळ गांव/शहर लाखीवली | सजा चिंबीपाडा | मंडळ खारबाव |  "
004-Kuhe.pdf,1,0004,"wee PE भागाच्या हद्दीचा तपशील | सागवीपाडा जि प शाळे चे बाजूला, मढवी पाडा, फणस पाडा, | वी वाडा जि प शाळे चे बाजूला, टेपाचा पाडा गावदेवी मंदिर बाजूला, सागवी पाडा जि प शाळे | TCT, भिळपोंडा वस्ती शाळे चे बाजूला, गराळपाडा, गोंधवळी, भंडार पाडा, काजुपाडा वस्ती | चे बाजूला, साजवाडी, गोधावळी | मूळ गांव/शहर कुहे | सजा चिंबीपाडा | मंडळ खारबाव |  "
005-Paigaon.pdf,1,0005,"wee PE भागाच्या हद्दीचा तपशील | पायगाव संपूर्ण, पायगांव संपुर्ण, पायगांव ते Ge बाडे, पायगांव | र्‌ पासून ते भोयाचपाडा, भोयाचा पाडा पासून से खडकी पाडा, पायगांव प्रा शाळे जवळीक , | पर ते गू, गवळी आळी से arena डोंगरी, पायगांव डोंगरी ते बंगत्याचा पाडा, बंगल्याचा पाडा ते | सजा खारबाव | | गांवा पर्यन्तू, खाडीगांव संपूर्ण परिसर | मूळ गांव/शहर पायगांव | खारबाव | भिवंडी | ठाणे | "
006-Tembhivali.pdf,1,0006,"ee भागाच्या हद्दीचा तपशील टेंभवली गांव जि.प.शाळे मागे, | वली Hearst, टॅंभवली गाव जि प शाळेचे मागे, पालीवळी धोबई | T, पालीवळी जि प शाळेचे मागे | मूळ गांव/शहर टॅभवली | सजा जुनादुर्खी | मंडळ | खारबाव |  "
007-Tembhivali.pdf,1,0007,"— भागाच्या हद्दीचा तपशील | टेंभवली गांव जि.प.शाळे मागे, पालीवळी जि प शाळेचे मागे, | वळी घाटाल पाडा, पालीवाळी रेवळीचा पाडा, पालीवळी गांव शाळेचा मागे, मनीचा पाडा | वळी, पालीवळी जि प शाळेचा मागे, वरण्याचा पाडा पालीवळी, पालीवळी गाव जि प शाळे | , मानिचा पाडा पालीवळी, पालीवळी गांव जि.प.शाळेचे मागे, घाटाळ पाडा पालीवळी, पालीवळी | जि शाळेचा मागे, मानीचा पाडा पालीवळी, रेवळीचा पाडा पारीवळी, पंचमुखी मारूती मंदिर | री, पंचमुखी मारूती मंदिर रोजारी, गाणेगाव (पाटीलवाडा, फिरगपाडा पाटीलवाडा, फिरगपाडा | जि प शाळेचा मागे | मूळ गांव/शहर टॅभवली | सजा जुनादुर्खी | मंडळ खारबाव |  "
008-JunaDurkhi.pdf,1,0008,"न. भागाच्या हद्दीचा तपशील जुनादुर्खी जि.प.शाळे समोर, मदार | 1, इकळठणपाडा, मदारपाडा, कॉलनी जुनादुर्खी, भोइर वाडा, | Te जि शाळे समोर | मूळ गांव/शहर जुनादुखी | सजा जुनादुर्खी | मंडळ | खारबाव |  "
009-JunaDurkhi.pdf,1,0009,"न भागाच्या हद्दीचा तपशील जुनादुर्खी जि.प.शाळे समोर, जुगाव | शाळे समोर, जुनादुर्खी निबंडा, निबांडा, राईपाडा, ठाकरेपाडा, | बडमाळ, करंजपाडा, Hier जि.प.शाळे समोर, सातवी पाडा | प.शाळे मागे | मूळ गांव/शहर जुनादुखी | सजा जुनादुर्खी | मंडळ | खारबाव |  "
010-Katai.pdf,1,0010,न. भागाच्या हद्दीचा तपशील काटई मूळ गांव/शहर काटई | सजा खोणी | मंडळ खारबाव |  
011-Katai.pdf,1,0011,"न भागाच्या SelM तपशील काटई, मथीबाई नगर देवानंद | संतोषी मंदिर संतोषी मंदिर मूळ गांव/शहर काटई | गील प, संतोषी माता मंदिर समोर, संतोषी माता मंदिर ते wae का 4 काटई | सजा खोणी | मंडळ | खारबाव |  "
012-Katai.pdf,1,0012,"न. भागाच्या हद्दीचा तपशील काटई, संतोषी माता मंदिर ते हदद | संतोषी मंदिर अंगणवाडी मूळ गांव/शहर काटई | , संतोषी माता मंदिर ते गावाची, बाग अंगणवाडी उत्तरेकडीळ भाग 4 | सजा खोणी | मंडळ खारबांब |  "
013-Katai.pdf,1,0013,"ans भागाच्या हद्दीचा तपशील काटई, संतोषी माता मंदिर ते | बाची, येसुबाई नगर, डोंगरपाडा, रायालपाडा, होळांडापाडा व | RUS, होळांडापाडा व येसुबाई नगर | मूळ गांव/शहर Hes | सजा खोणी | मंडळ खारबांव |  "
014-Mangatpada.pdf,1,0014,"_ भागाच्या हद्दीचा तपशील काटई, दशरथ पाडा, पाणेरापाडा व | गातपाडा, पाणेरापाडा व डोंगरपाडा, मांगातपाडा व सावरापाडा, | बानमाळपाडा, पिळाने पाडा, ढेंगुपाडा | मूळ गांव/शहर Hes | सजा खोणी | मंडळ खारबांव |  "
015-Shelar.pdf,1,0015,"न. भागाच्या हद्दीचा तपशील शेलार, मिठपाडा नदीनाका | मूळ गांव/शहर शेलार | उत्तर, नदिनाका, उत्तरनगर, केशवनगर, मराठी शाळेसमोर 4 | सजा खोणी | मंडळ खारबांब |  "
016-Shelar.pdf,1,0016,"wee PE भागाच्या हद्दीचा तपशील | शेलार, मराठी शाळेसमोर, जाधवनगर, टेलीफोन चाळ, | नदानमाता मंदिर जवळ, आदीवासी कॉलनी, स्वामी समर्थ मंदिर, आदिवासी वाडा, तळाव | पर, गांव, अपना नगर, नदिनाका, लतीफ कंपाऊड, अर्जुन नगर, सॉ मिल, जोगेमरी गांबठाण | मूळ गांव/शहर शेलार | सजा खोणी | मंडळ खारबांब |  "
017-Shelar.pdf,1,0017,"nee भागाच्या हद्दीचा तपशील शेलार, आदीवासी कॉलनी, | धवनगर केशवनगर, रोहीदास नगर, पोलीस पाटीळ चाळ, गंगामाता | र परिसर, परशुराम भाईर चाळ व मारूती स | मूळ गांव/शहर शेलार | सजा खोणी | मंडळ खारबांव |  "
018-Shelar.pdf,1,0018,"न. भागाच्या हद्दीचा तपशील शेलार, धाकला तलाब, चांगोनगर, | कंपनीसमोर बोरपाडागांव मूळ गांव/शहर शेलार | दी , बोरपाडा , बोरपाडा कासपाडा 4 | सजा खोणी | मंडळ खारबांब |  "
019-Gorsai.pdf,1,0019,"न. भागाच्या seta तपशील गोरसाई, वैभव चौक पुर्व बाजुस, | मूळ गांव/शहर गोरसई | प कार्याळय उत्तर बाजुस 4 व | सजा भिनार | मंडळ भिवंडी |  "
020-Gorsai.pdf,1,0020,"ee भागाच्या हद्दीचा तपशील सावंदे, ग्राम पंचायत कार्यालय, | मंदिराच्या पुर्वेस, लॉर्डस हेल्थ क्लबाचा दाणेस, शिवमंदिराच्या | चमेस, परि Sara उतरेस | मूळ गांव/शहर सावंदे | सजा भिनार | मंडळ भिवंडी |  "
021-Bhinar.pdf,1,0021,"न. भागाच्या हद्दीचा तपशील भिवंडी, हनुमान मंदिराच्या पुर्वेस - | मूळ गांव/शहर भिनार | सजा भिनार | मंडळ भिवंडी |  "
022-Bhinar.pdf,1,0022,"न. भागाच्या हद्दीचा तपशील भिवंडी, निंबबली व काशिवली | च्या पुर्व बा, अंगणवाडी येवहच्या उत्त्तरेस, अंगणवाडी येवईच्या | मूळ गांव/शहर निंबवली | सजा भिनार | मंडळ भिवंडी |  "
023-Khooni.pdf,1,0023,"न PE भागाच्या हद्दीचा तपशील | खोणी fast नगर, खोणी साईनाथ सोसायटी, खोणी मारूती | राजवळ, खोणी जि प शाळा खोणी गांव, खोणी कांबा रोडच्या दाणकडीळ भाग, खोणी एकता | 7 खाडीपार, खोणी साईनाथ कॉलनी मोठपाडा मांगा, चिकनीवाडा, भखाडपाडा दाभाड पाडा | मूळ गांव/शहर खोणी | सजा खोणी | मंडळ खारबांब |  "
024-Khooni.pdf,1,0024,"wee PE भागाच्या हद्दीचा तपशील | भखाडपाडा दाभाड पाडा, मीठपाडा, जिल्हापरिषद शाळे च्या | ल भाग, शिवसेना ऑफीस जवळ खोणी, बाळाराम पाटीळ चाळ, शांताराम भोईर चाळ, | नाथ पुडलीक पाटीळ कंपोऊंड, मीठवाडा, खोणी मंदिराजवळ, गोपीनाथ शेठ चाळ, बाळाराम | चाळ, भागसकरबागळ चाळ, बाबा सेठ चाळ, रवी शेठ चाळ | मूळ गांव/शहर खोणी | सजा खोणी | मंडळ खारबांब |  "
025-Khooni.pdf,1,0025,"न. भागाच्या हद्दीचा तपशील खोणी रसुळवाद, एस.टी.डी बुथ ते | राथी चाळ मूळ गांव/शहर खोणी | सजा खोणी | मंडळ खारबांव |  "
026-Khooni.pdf,1,0026,"न. भागाच्या हद्दीचा तपशील एस.टी.डी बुथ ते गुजराथी चाळ, | तीनगर, शाह आदम पॉली टेक्नीकल कॉलेजच्या मा, क्रान्तीनगर | पडपटटी बावर आर्ट चाळ | मूळ गांव/शहर खोणी | सजा खोणी | मंडळ खारबांव |  "
027-Khooni.pdf,1,0027,"आ भागाच्या हद्दीचा तपशील क्रान्तीनगर झोपडपटटी बावर आर्ट | ळ, खोणी महरूसेठ बिल्डींग ते अबुबुकर wept, नजमा अपार्टमेट | रची बिल्डीग SaaS, तुलसीनगर अन्सारी चाळ इलीयास कुरेशी, | कुर क पाऊन्ड चिराग बिल्डींग कान्तीनगू | मूळ गांव/शहर खोणी | सजा खोणी | मंडळ खारबांव |  "
028-Khooni.pdf,1,0028,"न. भागाच्या हद्दीचा तपशील क्रान्तीनगर झोपडपटटी बावर आर्ट | मूळ गांव/शहर खोणी | ळ, खोणी तगार पाडा, तुलसीनगर 4 | सजा खोणी | मंडळ खारबांब |  "
029-Khooni.pdf,1,0029,"न भागाच्या हद्दीचा तपशील क्रान्तीनगर झोपडपटटी बावर आर्ट | ळ, माळीवाडा खोणी, तगार पाडा, मंदाबाई शकळकर चाळ, | ळकर चाळ, वत्सळा बाई लोहार चाळ, जोहराबाई चाळ, लमीबाई | ळ, अमीनाबाग | मूळ गांव/शहर खोणी | सजा खोणी | मंडळ खारबांव |  "
030-Khooni.pdf,1,0030,न. भागाच्या हद्दीचा तपशील आकरम मस्जिद खडडा खोणी | Sua मूळ गांव/शहर खोणी | सजा खोणी | मंडळ खारबांव |  
031-Khooni.pdf,1,0031,"न भागाच्या हद्दीचा तपशील रसूलबाद खोणी , | सूलबार मूळ गांव/शहर खोणी | सजा खोणी | मंडळ खारबांव |  "
032-Khooni.pdf,1,0032,न. भागाच्या हद्दीचा तपशील रसुलबाद खोणी - | मूळ गांव/शहर खोणी | सजा खोणी | मंडळ खारबांव |  
033-Brahmanpada.pdf,1,0033,"mae भागाच्या हद्दीचा तपशील पाये ते ब्राहणपाडा नाईक पाडा | री, खडीमशीन ते नाईक पाडा, नाईक पाडा रोड पासुन ते ब्राम्हण | 5, ब्राम्हण पाडा रोडपासुन ते जुनी नवीन | मूळ गांव/शहर पाये | सजा खारबांव | मंडळ खारबांव |  "
034-Paye.pdf,1,0034,"न भागाच्या हद्दीचा तपशील पाये संपूर्ण गांब, det आळी से , | मूळ गांव/शहर पाये | सजा खारबांब | मंडळ खारबांब |  "
035-Kharbamb.pdf,1,0035,"a भागाच्या हद्दीचा तपशील खारबांव जुने गावांचा परीसर, | HT जुने गांवाचा परिसर, खारबांव परिसर, खारबांव ग्रा प परिसर | ली आळी जि पू, राममंदिर जवळून ते प्रा आरोग्य केनू, जि प शाळे | iS मधली आळी ते प्रा आरा | मूळ गांव/शहर खारबांव | सजा खारबांव | मंडळ खारबांव |  "
036-Kharbamb.pdf,1,0036,"च PE भागाच्या हद्दीचा तपशील | खारबांव परिसर, जि प शाळे जवळ मधली आळी ते प्रा आरा, | ल पंपा पासुन ते ग्रा प कार्याळय्‌, पाटीळ मधली आळी Va हॉल ते, राममंदिर ते फिरिंग | [ रोड व देवी, टेलीफोन ऐक्सचेंज ते खाळची आळी, दत्त आळी ते रेल्वेगेट पर्यंत, रेल्वे गेट | प्र, रामपाटील आळी ते रामआळी परिसर, देवीचा पाडा रोड ते पेट्रोल पंप हो | मूळ गांव/शहर खारबांव | सजा खारबांब | मंडळ खारबांब |  "
037-Malody.pdf,1,0037,"न भागाच्या हद्दीचा तपशील माळोडी गांव, हायवेरोड से | लपाडा पर्यंत, टोलनाका ते मालोडी गाव संपुर्ण गा, मालोडी रोड | रावत्याचा पाडापरिसर | मूळ गांव/शहर मालोडी | सजा खारबांब | मंडळ खारबांब |  "
038-Vadu_Navghar.pdf,1,0038,"न. भागाच्या हद्दीचा तपशील वरची आळी, पाटीळ आळी, वडु | मूळ गांव/शहर वडुनवघर वघर | ळी, मानपाडा व मानपाडा रोड 4 ca | सजा कारीवली | मंडळ खारबांब |  "
039-Vadu_Navghar.pdf,1,0039,"nee भागाच्या हद्दीचा तपशील पाटीळ आळी, खालची आळी, | मूळ गांव/शहर वडुनवघर | ची आळी, Fg आळी, मानपाडा व मानपाडा रोड 4 डन | सजा कारीवली | मंडळ खारबांब |  "
040-Karivali.pdf,1,0040,"न भागाच्या हद्दीचा तपशील | कारीवली जि प शाळेजवळ, कारीवली मारूति नाईक चाळ, | वली पाण्याचा टाकी जवळ, कारीवली पाण्याचा टाकी जवळ गा, कारीवली गोविंद चाळ नरेश | 5, कारीवली शंकर मंदिरा जवळ, कारीवली बाबू म्हात्रे चाळ, कारीवली Sax पाटीळ जुनेघर, | वली शि स्टॉफ जवळ, कारीवली मारूति कोल्हा Tels धराजवळ, कारीवली सखाराम | क चाळ, कारीवली करसन नाईक चाळ, कारीवली अरूण नाईक चाळ, कारीवली विजय तांगडी | 5, कारीवली लिलाबाई चाळ सरू चाळ, कारीवली देवदास चौघुले घर चाळ, कारीवली अरूण | [राम नाईक चाळ युवर, कारीवली POT रामू पाटीळ चाळ सदानंउ, कारीवली बजरंग हैदर चाळ, | वली पंडीत पाटील चाळ, कारीवली हनुमान मंदिर जवळ, कारीवली दयानंद पाटीळ चाळ | नाथ 1, कारीवली सुरेश नाईक चाळ, कारीवली नारायण बाळा चाळ, कारीवली सुकुर भोईट | "
041-Karivali.pdf,1,0041,"न. भागाच्या हद्दीचा तपशील कारीवली, कारीवली वसंतनगा, | रीवली आजमी नगर, कारीवली टावेर कंपाऊड, कारीवली 72 | ठा आजमी नगर | मूळ गांव/शहर कारीवली | सजा कारीवली | मंडळ खारबांब |  "
042-Karivali.pdf,1,0042,"न. भागाच्या हद्दीचा तपशील हनुमान मंदिरा जवळ, गावदेवी | रा जवळ कारीवाली, आदिवासी पाडा कारिवाडी, वसंतनगर | रिवाडी, सुभाषनगर कारिवाडी | मूळ गांव/शहर कारीवली | सजा कारीवली | मंडळ खारबांव |  "
043-Kambe.pdf,1,0043,"— भागाच्या हद्दीचा तपशील | गवणीचा पाडा, गवणी पाडा, लेळवणे कपाऊंड मारूती मंदिर | ळ, गवळी आळी, तेलवले कंपाऊड, न्हावी आळी, Sh जवळ, तेलवले कपांउड मारूती मंदिर | ळ, ब्राम्हणची उतरक, कोळी वाडा, Sle वाडा, कोली वाडा, नहावी आळी, आगरी आळी, | शाची चाळ, भहीचे मैदान, दापोडकर चाळ, पाडुरंग पायकर चाळ, जि प शाळे समोर, चिंच | ठी, कुमार आळी, विठ्ठल मंदिरा जवळ, जि.प.शालेचे मागे, कोळी वाडा, बँके जवळ, जि प | मागे, ब्राम्हणाची उतरण, AAT कपाऊड, राइबाई चाळ, राधाकृष्ण मंदिर समोर, वारली पाडा | मूळ गांव/शहर कांबे | सजा जुनादुर्खी | मंडळ खारबांव |  "
044-Kambe.pdf,1,0044,"न PE भागाच्या हद्दीचा तपशील , wa | गवणीचा पाडा, वळणाचापाडा, THER, दहयाळे पाडा, वळनाचा | मूळ गाव/शहर | , गवणी वाडा, वळणाचा पाडा, नाथाशेठ बगला, गवणी पाडा, ताबडमाळ, तेलवणेकपाऊड | ती मंदिर जव, गणु नगर, तेलवणे कपाऊड, तेलबणे कपाउड मारूती मंदिर जवळ, राईबाई चाळ wil जुनादुखी | मंडळ खारबांव |  "
045-Kambe.pdf,1,0045,"न. भागाच्या हद्दीचा तपशील वारली गवणीचा पाडग, गणु नगर, | ळी आळी, गवणीचा पाडा, आगरी आळी, खुरळचा भाळ, रूपाल | बर हाऊसचे बाजुस, बँके शेजारी, तळवली, पावरहाऊस जवळ, | याले पाडा | मूळ गांव/शहर कांबे | सजा जुनादुर्खी | मंडळ खारबांव |  "
046-B.N.M.P._Ward.pdf,1,0046,"a भागाच्या हद्दीचा तपशील | समदनगर, आर एन कपाउड रोड आबिद रोड हनुमान, झेड | Ne रोड हनुमान मंदिर आर WAY, बैलुल अर्पाटमेन्ट झेडआबिद रोड हुद, झेड आबिद रोड | महमद अपार्टमेन्ट, झेड आबीद रोड इदन अपार्टमेन्ट, झेड आबीद रोड नसीबा अपार्टमेन्ट, झेड | बद रोड आयशा अपार्टमेन्ट, झेड आबिद रोड युनुस अपार्टमेन्ट, झेड आबिद रोड फातमा | र्टमेन्ट, झेड आबिद चौक कनेरी पोलीस स्टेशनज, आर एन कपाउडच्या आन हनुमान मंदिरसम, | आबिद रोड अन्सार मोहल्ला, समदिया हायसकूल रोड हाजरा अपार्टमे, समदिया हायस्कूल | T पाठीमागे कणेरी, कणेरी खल्ला जवलील चाळ नाल्या जवल | मूळ गांव/शहर | मंडळ भिवंडी |  "
047-B.N.M.P._Ward.pdf,1,0047,"री भागाच्या SEPA तपशील | समदनगर, कणेरी खल्ला जवलील चाळ नाल्या जवल, मजीदे हुदा| मूळ गाव/शहर | मोरीम वेल्फर सोसस, मजीदे gat रोड फातीमा अपार्टमेन्ट, राबीया मजीदेरोड नाका झोपडपटटी | दा Sal रोड हबीब अपार्टमेन्ट सम, मजीदा हुदा रोड फातमा अपार्टमेन्ट सम, मजीदा हुदा रोड | जा अपार्टमेन्ट सम, मजीदा हुदा रोड मोमीन अपार्टमेन्ट सम्‌, मजीदा gar रोड जैतुन अपार्टमेन्ट भिवंडी | मजीदा हुदा रोड हाजरा अपार्टमेन्ट, मजीदा हुदा रोड खातुन अपार्टमेन्ट सम, बंगाळपुरा, हाजरत | WSS भिवंडी | अमरिशहा रोड सकीना मंजी, समद सेठ बगीचा मेहरूनिसा अपार्टमेन्ट, राबीया मजीद रोड भिवंडी | दशेठबगीचा SA, राबीया मजीद रोड सोनी होम अपार्टमे्‌  "
048-B.N.M.P._Ward.pdf,1,0048,"wee PE भागाच्या हद्दीचा तपशील , | बंगाळपुरा, राबीया मजीद रोड सोनी होम अपार्टमें, राबीया मजीद | मूळ गाव/शहर | शमीम अपार्टमेन्टू, राबीया मजीद रोड सोनी फौरम विला अ, राबीया मजीद रोड सोनी विला | eA, राबीया मजीद रोड सोनी मंजिल अपार्टम्‌,, बंगालपुरा इस्लामाबाद मस्जीद समोर क॑1 | "
049-B.N.M.P._Ward.pdf,1,0049,"जु भागाच्या SEPA तपशील | बंगाळपुरा, राबीया मजीद रोड सोनी मंजिल अपार्टम्‌, राबीया | द रोड आप्सा मंजील अपार्ट, समदशेठ बगीचा राबीया मजीद जवळ,, पंजाबी बिल्डींगच्या मागे सजा | ते 72, धोबी आळी क्रं.73 ते 216, माजी नगर सेवक सुभाण सिकंदर अन्सारी, वाजे मोहल्ला | सजा | पूर मस्जीद समोर, हरिजनवाडी न पा वसाहत क्र310से456, हरिजन वाडीच्या समोरील भाग . भिवंडी | 57से, SAR यांच्या दवाखान्या जवळ, समदिया बिल्डींगचा परिसर मस्जीद मागे, पंजाबी मडळ भिवंडी | डींग समोर समदिया, मारूती मंदिर समोर हाफसनआळी बिहिर  मूळ गांव/शहर | "
050-B.N.M.P._Ward.pdf,1,0050,"डड. भागाच्या SEPA तपशील | मारूती मंदिर समोर हाफसनआळी बिहिर, माजी नगर सेवक | बाल नाझिर यांचा, लालासेठ बिल्डींग पासुन ते हाफसन आश्रम्‌, कृष्णा ऑटो पार्टसच्या समोर | बरे फ, कामतलाव, जेतुनपुरा छोटा पॉवर हाऊस समोर, बरकत हॉटेल समोरिल भाग, रब्बानी | न जवळ व पाठीमागे क्रं.319, चिंबीशहा दर्गा से नगरसेवक शमिम यांच्‌, जैतुनपुनपुरा | तलाव, जैतुन पुरा रेशनिग दुकान समोर कत्र, हवाई बिल्डींग जवळ व समोरील भाग, ताझीया | ॥ चाली जवळ व सरकारी, चाचा शेठच्या बिल्डींग पासुन हवाई बिल्ड, नगर सेवक मौलाना | जदरजा यांच्या, चिंदीशहा दर्गा शेजारी माजीनगर सेवक, चिंदीशहा दर्गा पासुन ते पेरूशेठ घराजू, | जु हॉटेल मागे युसुफ चष्मेंबाला, युसुफ चष्मेवाला घरा पासुन ते tet | मूळ गांव/शहर भिवंडी | सजा भिवंडी | मंडळ भिवंडी |  "
051-B.N.M.P._Ward.pdf,1,0051,"टी. भागाच्या हद्दीचा तपशील जैतुनपुनपुरा कापतलाव, युसुफ | मेवाला घरा पासुन ते मोहर्म, मंगल बाजार स्लॅब जेतुनपुरा गुलशन, | तफ सरदार धवलाची वरची साईट, भोपाळी दवाखानाच्या मागील | ग, अशरफिया मदसाच्या बाजुला, अशरफिया मदरसाच्या मागे | मूळ गांव/शहर | मंडळ भिवंडी |  "
052-B.N.M.P._Ward.pdf,1,0052,"we ee भागाच्या हद्दीचा तपशील भोपाळी दवाखानाच्या मागील भाग, | RPA मदरसाच्या मागे, कापललाव जैतुन पुरा बावडीजवळ, | पतलाव जैतुन पुरा बावडीजवळ, अब्बास चाळ, इमाम अलीच्या | [ पासुन, St युसुफ च्या बाजुची गल्ली | मूळ गांव/शहर | मंडळ भिवंडी |   "
053-B.N.M.P._Ward.pdf,1,0053,"न. भागाच्या हद्दीचा तपशील काप तलाब जैतुनपुरा, सिरीझन | R परिसर कापतलाब, खान किराणा स्टोडर्स कापतलाब, रईस | दार गल्ली काप तलाब | मूळ गांव/शहर | मंडळ भिवंडी |   "
054-B.N.M.P._Ward_No..pdf,1,0054,"ची भागाच्या SEPA तपशील | न्यू लिबर्टी हॉटेलच्या मागे aq कंपा., न्यू लिबर्टी हॉटेलच्या मागे | कपाऊ., एसीपी ऑफिसच्या मागे आग्रारोड, एसीपी ऑफिसच्या बाजुची झोपडपटटी, न्यू युनुस | रामेश्वर मंदिराच्या, न्यू युनुस नगर रामेशवर मंदिराच्या ब, रामेशवर मंदिर आरजु पावर लॉन्ड्री | नुरी मजिद च्या समोरच्या गल्ली मध्ये | मूळ गांव/शहर | मंडळ भिवंडी |   "
055-B.N.M.P._Ward_No..pdf,1,0055,"जज भागाच्या SEPA तपशील | न्यू लिबर्टी हॉटेलच्या मागे चुनु कंपा., नुरी मजिद च्या समोरच्या | ती मध्ये, समीउल्ला चाळ जनता हॉटेल, जनता समोर शिवशक्ती किराणा स्टोर्स, सुखसागर सजा | पीटल मागे, ल॑गडशठे ची चाळ सुखसागर हॉस्पीटल, जनता हॉटेल मागे मोतीशेठ बिल्डींग, मोती | सजा | ची बिल्डींग जनता हॉटेल, शंकर मंदिराच्या मागे दत्तु शेठ चाळ, शंकर मंदिराच्या मागे सुंदर बेनी | भिवंडी | पार्यल बिल्डींग व बिल्डीगच्या बाजुचा, हनुमान मंदिराच्या मागे बाबडी समोर, शंकर मंदिराच्या | गॅडळ भिवंडी | ल शिवम इले., सुंदरबेनी पेट्रोल पंपाच्या मागे, सुंदरबेनी पेट्रोल पंपाच्या बाजुल आग  मूळ गांव/शहर |  "
056-B.N.M.P._Ward_No..pdf,1,0056,"न. भागाच्या हद्दीचा तपशील आजाद मैदानच्या मागे भोपाली डॉ. | , आजाद मैदानच्या मागे भोपाळी डॉक्टरच्यू, पार्वती बिल्डींग च्या | T लालु पडोओ चू, पार्वती बिल्डींग च्या मागे तळावाच्या बाज | मूळ गांव/शहर | मंडळ भिवंडी |  "
057-B.N.M.P._Ward_No..pdf,1,0057,"क भागाच्या SEPA तपशील | शाह आलम हायस्कूल फातमा मंजील, शाळाळय हायस्कूल | मा मंजील बॉम्बे, हनुमान बावडीचा बाजुचा परिसर, बॉम्बे मॅकडेय बॅकच्या मागील झोपडपट, | रिकन वॉच बिल्डींग इमाम अह.रजा.रो, अमेरिकन वॉच बिल्डींग ईमाम अहमद रजा, सुलेमान | डींगचे बाजुला व सुळेमान | मूळ गांव/शहर | मंडळ भिवंडी |  "
058-B.N.M.P._Ward_No..pdf,1,0058,"7 भागाच्या हद्दीचा तपशील | अमेरिकन वॉच बिल्डींग इमाम अह.रजा.रो, कोटरगेट मस्जीद | , लाला शॉपिंगच्या मागील भाग तीनबत्ती, लाला शॉपीग मागील भाग तीनबत्ती, बाळाजी | रातील आनील परिसर, शिनलादेवी मंदिरा रचा बिल्डींग बॉम्बे, इस्लामी हॉटेलच्या मागे तीनबत्ती, | र गेट हवेलीहनुमान बावडी समोर, तेलगल्ली सुलेमान बिल्डींग समोर, कुंवारी बिल्डींग | स्ताना समोर, फोटर गेट मजीद आजाद मैदाना समो., फोटरगेट मजिद आझाद मैदान समारील, | परि कत्रस्तान मागील हल्हिदा, ए सी पी निवासाच्या बाजूला परिसर, इस्लामपुरा मजीद मागे | [द कमेटी, भुवारी बिल्डींगच्या बाजूला रामभवन सन, इस्लामपुरा मजीदच्या बाजुला, | पालिका कार्यालयाच्या डाव्याबाजुला | मूळ गांव/शहर | मंडळ भिवंडी |  "
059-B.N.M.P._Ward_No..pdf,1,0059,"क भागाच्या SEPA तपशील | इस्लामपुरा, नगरपालिका जवळ जी ना निवास खुईल आ, | TR मजिदच्या समोर, कापईस्लामपुरा, रहमत हॉटेल चा मागील परिसर, BEA अपार्टमेन्ट च्या | रील डावीकडी, चांदीवाला रोड, इस्लामपुरा मजिदच्या समोरील परिसर, पाचपिरा समोरील | पर, रफिउदीन स्कूलच्या उजव्या बाजुच्या परिसर | मूळ गांव/शहर | मंडळ भिवंडी |  "
060-B.N.M.P._Ward_No..pdf,1,0060,"nee ee भागाच्या हद्दीचा तपशील इस्लामपुरा, खुईम अपार्टमेन्टचा | Tet परिसर, ईस्लामपुरा मजिदच्या समोर, नगरपालिकेच्या मागील | सर, नगरपालिका कार्यालयाच्या मागे शाळा, 4था निजामपुरा | ग्रारोड बाग फिरदोस, फिरदोस मजिदच्या उजव्या बाजुचा परिसा | मूळ गांव/शहर | मंडळ भिवंडी |  "
061-B.N.M.P._Ward_No..pdf,1,0061,"न. भागाच्या हद्दीचा तपशील खिजरारोड ते एम.टी.क॑म्पा परिसर | या, मिस्त्री बिल्ंगच्या बाजुचा परिसर 4था नि, वार्ड क्र 64 कुरेशी | र, 2 निजामपुरा आर बी मदसाच्या डावी बाज | मूळ गांव/शहर | मंडळ भिवंडी |  "
062-B.N.M.P._Ward_No..pdf,1,0062,"न भागाच्या हद्दीचा तपशील वार्ड क्र 64 कुरेशी नगर, 2 | TART आर बी मदसाच्या डावी बाज, मदसाच्या समोरचा भाग, | शज चाळ, तासा विहीरी च्या बाजुला, वार्ड क्र.34 कुरेशी नगर, ऊर्दु | ळेच्या पुढील भाग | मूळ गांव/शहर | मंडळ भिवंडी |  "
063-B.N.M.P._Ward_No..pdf,1,0063,"न. भागाच्या हद्दीचा तपशील वार्ड क्र 34 कुरेशी नगर इबा टेलर | नि., दुसरा निजामपुरा, पाचवा निजामपुरा, कुरेशी मजीद जवळ, | te रोड कुरेशी नगर | मूळ गांव/शहर | मंडळ भिवंडी |  "
064-B.N.M.P._Ward_No..pdf,1,0064,"क. भागाच्या SEPA तपशील | बागेफिदोस Feit, बागेफिदोस मस्जीदच्या मागे निजामपुर, | ना मिलस्टोर्स जवळ अन्सारी रोड, महाराष्ट्र सायजिंग समोरील परिसर, जव्हाद हॉटेल समोरील | प्र, स्टार पॉवर लॉन्ड्री समोरील परिसर, दुसरा निजामपुरा एकलाक झोपडपटटी, बौधवाडा, | यंदिर चा परिसर, जव्हाद हॉटेल पोलीस चौकी च्या बाजुच्‌, जव्हाद हॉटेल मैदान शमशुसेठ | डग, गोल्ड बिल्डिंग मेमन अपार्टमेन्ट परिसर, कुवारी कंपाऊड रोड परिसर | मूळ गांव/शहर | मंडळ भिवंडी |   "
065-B.N.M.P._Ward_No..pdf,1,0065,"न. भागाच्या हद्दीचा तपशील बौधबवाडा, कुवारी कंपाऊड रोड | सर, पटेल AEs पटेल मोहल्ला परिसर, चौथा निजामपुरा | बंडी, चौथा निजामपुरा अन्सारी रोड परिसर | मूळ गांव/शहर | मंडळ भिवंडी |  "
066-B.N.M.P._Ward_No..pdf,1,0066,"nee PE भागाच्या हद्दीचा तपशील | वार्ड क्र.33 खडकरोड, सुतारआळी खडकरोड बौद्रवाडा, पटेल | ल्ला बुबेरे हॉल जवळ चा प., मुर्गी मोहल्ला कब्रस्तान च्या समोरील प, महिला निजामपुरा मुर्गी | ल्ला, तिनबत्ती निजामपुरा रोड lat Harry, वार्ड क्र33, मुर्गी मोहल्ला दगडीशाळा जवळ | मूळ गांव/शहर | मंडळ भिवंडी |  "
067-B.N.M.P._Ward_No..pdf,1,0067,"wee PE भागाच्या हद्दीचा तपशील , | वार्ड क्र33, मुगी मोहल्ला दगडीशाळा जवळ परिसर, घास बाजार | मूळ गाव/शहर | स्तान समोरील परिसर, दगडी शाळा उजवीबाजुचा परिसर, चांदतारा मजिद समोरील परिसर, | 1 निजामपुरा बिचमजिद च्या मागे, पटेल मोहल्ला St मोहल्ला बिच मस्जीद, शरफुबाऊद्दीन | ,नवळील परिसर दुसरा | "
068-B.N.M.P._Ward_No..pdf,1,0068,"ie डाव्या बाजू, शर HIGH आळी दुसरा निजामपुरा, बडी | ल्ला दुसरा निजामपुरा, चक्रीपायरी दुसरा निजामपुरा, चांदतारा | नद उजव्या बाजुचा परिसर, पाचपिराच्या उजव्या बाजुचा परिसर | मूळ गांब/शहर | मंडळ भिवंडी |   "
069-B.N.M.P._Ward_No..pdf,1,0069,"का भागाच्या Sala तपशील चांदतारा मजिद, च्या मागील | सर, मराष्ट्रगादी कारखानाच्या समोर, विंचु बिल्डींग तिनबत्ती | टनिजामपुरा, सपना अपार्टमेन्ट तिनबत्ती फस्ट निजाम., लखपती | न्डींग तिनबत्ती, तिनबत्ती निजामपुरा रोड | मूळ गांव/शहर | मंडळ भिवंडी |  "
070-B.N.M.P._Ward_No..pdf,1,0070,"wee PE भागाच्या हद्दीचा तपशील , | 281 जीवन ज्योति अपार्टमेन्ट,शिवाजी चौ., 281 जीवन ज्योति | मूळ गाव/शहर | eae शिवाजी चौ., 306 श्रीजी को आ हा सो नजराना कपाऊन्ड,, 291 जैन अपार्टमेन्ट खडक | कासारआळी, 461 श्री महावीर पॅलेस गोकुलनगर era, 101 श्री सोहम को आ हॉसिंग | Tet ब, 96 समता को आ हॉसिंग सोसायटी हाफीज | मंडळ भिवंडी सर्कल |  "
071-B.N.M.P._Ward_No..pdf,1,0071,"wee PE भागाच्या हद्दीचा तपशील | 312 अग्रवाल बिल्डींग, नजराना कंपाऊंड, 345 अशोक | Tel नजराना कंपाऊंड, 304 चंद्रादेय को आ हॉसो खडक कासरआ, 307 अग्रवाल सोसायटी | गार आळी, 58-2 विश्वनाथ सोसायटी खडक रोड, 58 कोटरगेट खडक रोड, जैन मंदिर स्व | ताई ठाकरे रंगायत | मूळ गांव/शहर | मंडळ भिवंडी सर्कल |  "
072-B.N.M.P._Ward_No..pdf,1,0072,"टी भागाच्या हद्दीचा तपशील 71 श्री एकमुखी दत्त मंदीर | मंदिर मूळ गांव/शहर | नुस,शिवाजी, 71 श्री एकमुखीदत्त मंदिर बाजुल शिवाजी न पळ TA | मंडळ भिवंडी सर्कल |  "
073-B.N.M.P._Ward_No..pdf,1,0073,"nee PE भागाच्या हद्दीचा तपशील , | आदर्श पार्क, कामवारी नदी रोड, जैन उपाश्रम आतीळ बिल्डींग, | मूळ गाव/शहर | र, शखेशवर पाश्रवनाथ मंदिराच्या बाजुला, अंबाजी माता मंदिराच्या समोर, खाडीपार रोड | जी, चौकच्या बाजुला, हिंदु शमशान भूमी GR रोडच्या बा, अजय नगरच्या आतिळ बिल्डिंग | मंडळ भिवंडी सर्कल |  "
074-B.N.M.P._Ward_No..pdf,1,0074,"नी भागाच्या हद्दीचा तपशील खाडीपार रोड शिवाजी, गणेश | राच्या बाजुला, तेलगु शाळेच्या मागे, तेलगू शाळेच्या मागे, तेलगू | ळेच्या बाजुला, भिवंडी नि श महानगर पालिकाच्या भाडार | मूळ गांव/शहर | मंडळ भिवंडी सर्कल |  "
075-B.N.M.P._Ward_No..pdf,1,0075,"टी भागाच्या हद्दीचा तपशील खाडीपार रोड शिवाजी, प्रजापति | a विदयाल्याच्या मागे, तेलगु शाळेच्या मागे, तेलगू शाळेच्या मागे, | न पालिकेच्या भंडार गृहाच्या बाजुला | मूळ गांव/शहर | मंडळ भिवंडी सर्कल |  "
076-B.N.M.P._Ward_No._1.pdf,1,0076,"7 भागाच्या हद्दीचा तपशील | संभाजी चौक, बोरी कब्रस्तान समोर, रामदुत बिल्डींग समोर श्री | T बिल्डींग, रामदुत बिल्डींग कोडवाडा रोड, श्री कृष्ण अपार्टमेन्ट समोर, प्रजापति ब्रम्हकुमारी | यालय cleat, गिरीराज अपार्टमेन्ट कोडवाडा रोड, तेलगु शाळा समोर कोडवाडा रोड, स्वामी | र्थ मंदिरा शेजारी कोडवाडा | मूळ गांव/शहर | मंडळ भिवंडी सर्कल |  "
077-B.N.M.P._Ward_No._1.pdf,1,0077,"न PE भागाच्या SEPA तपशील | संभाजी चौकच्या मागे कोडवाडा रोड, रामदुत अपार्टमेन्टच्या | ल हनुमान, गोपाळ कृष्ण बिल्डींग समोर कोडवाडा, गिरीराज अपार्टमेन्ट समोर कोडवाडा र, | विरा अपार्टमेन्ट व मागील भाग कोडव, म्यूनिपल बिल्डीगच्या मागे, आरोही बंगल्याच्या बाजूल | मपाडा रा | मूळ गांव/शहर | मंडळ भिवंडी |  "
078-B.N.M.P._Ward_No._2.pdf,1,0078,"न. भागाच्या हद्दीचा तपशील म्यून्सिपल बिल्डींग, कोंडवाडा रोड, | ई क्र 2 संगमपाडा नगर पालिका कवॉ, वार्ड क्र.2 संगमपाडा | चारी वसाहत, संगमपाडा कर्मचारी वसाहातीच्या बाजुच | मूळ गांव/शहर | मंडळ भिवंडी |   "
079-B.N.M.P._Ward_No..pdf,1,0079,"nee PE भागाच्या हद्दीचा तपशील | जीजामाता नगर कोवडपाडा, जीजामाता नगर कोबडपाडा, वार्ड | । कोवडपाडा, कोंबड पाडा जिजामाता नगर ते दिपक ज, कोंबडपाडा जिजामाता नगर दिलीप | 1, कोबडपाडा जिजामाता नगर व सुरेश पर, कोबडपाडा जिजामाता नगर सोनाली किर | मूळ गांव/शहर | मंडळ भिवंडी |  "
080-B.N.M.P._Ward_No._2.pdf,1,0080,"न. भागाच्या हद्दीचा तपशील वार्ड क्र 2 संगमपाडा नगर पालिका | , . मूळ गांव/शहर | , वार्ड क्र.2 संगमपाडा कर्मचारी वसाहत 4 | मंडळ भिवंडी |   "
081-B.N.M.P._Ward_No..pdf,1,0081,"wee PE भागाच्या हद्दीचा तपशील , | वार्ड क्र.2 कोवडपाडा, कोबडपाडा जिजामाता नगर व सुरेश पर, | मूळ गाव/शहर | डपाडा जिजामाता नगर सोनाली किर, वार्ड क्र.2 गोकुलनगर महेश पार्क, गोकुल नगर महेश सजा | : शिवदर्शन बिल्‌, गोकुल नगर खडबडेश्वर मंदिर परीसर, वार्ड क्र.2 गोकुलनगर जैन मंदीर बाला, | सजा | र्श सोसायटी,गोकुलनगर, जलाराम होसिंग सोसायटी | "
082-B.N.M.P._Ward_No..pdf,1,0082,"क भागाच्या SEPA तपशील | वार्ड क्र.2 गोकुलनगर जैन मंदीर बाला, जलाराम होसिंग | [यटी, गीता सदन, निजामपुर, नालंदा सोसायटी गोकुलनगर, शतुंजय दर्शन बिल्डींग, गोमली | he बिल्डींग, सुमाली बिल्डींग, गुरूप्रसाद बिल्डींग, संलाकृपा सोसायटी, सोगीवाला बिल्डींग, | लनगर झोपडपटटी | मूळ गांव/शहर | मंडळ भिवंडी |   "
083-B.N.M.P._Ward_No._2.pdf,1,0083,"न. भागाच्या हद्दीचा तपशील निजामपुर, संगमपाडा झोपडपटटी | T किराना दुकान समोरील भाग प्रताप नगर झोपडपट्टी राजू मिश्रा | AT चाळीच्या पाठी मागील भाग संगमपाडा स्मशान च्या बाजुची | पडपट्टी संगमपाडा चलेंज ग्रांउड जवळील झोपडपट्टी | मूळ गांव/शहर | मंडळ भिवंडी |   "
084-B.N.M.P._Ward_No._2.pdf,1,0084,"न. भागाच्या हद्दीचा तपशील निजामपुर, संगमपाडा वस्ती आळी | चेलेंज . मूळ गांव/शहर | TARA शाळे जव, AT WHS च्या पाठी मागील झो. संगम्‌ 4 | मंडळ भिवंडी |   "
085-B.N.M.P._Ward_No._2.pdf,1,0085,"क भागाच्या SEPA तपशील , | चौथा निजामपुर पांजरमोल रोड जुगु, शाह अदम टेकनीक्ल जवळ | मूळ गाव/शहर | मलाल मिस्त्री दुकान जवळ युसुफ बटाटेबाला चाळ कपिल डाँ.जवळ रजा मस्जिद गुलशन हॉटेल सजा | रोड हबीब मास्टर बिल्डींग मार्ग परीसर नुर ट्रेडींग कंपनीच्या मागील परीसर जैन गोडाऊन der | सजा | नद रेशनिंग दुकानपर्यंत कोळश्याचे दुकान | "
086-B.N.M.P._Ward_No._4.pdf,1,0086,"न. भागाच्या हद्दीचा तपशील नदिनाका म्हाडा कॉलनी, कामवारी | मूळ गांव/शहर | च्या बाजुचा परिसर, सलाम एस टी डी बुथ पासुन ते सकाम हा 4 | मंडळ भिवंडी |  "
087-B.N.M.P._Ward_No._4.pdf,1,0087,"न. भागाच्या हद्दीचा तपशील म्हाडा कॉलनी, सलाम एस टी डी | मूळ गांव/शहर | | पासुन ते सकाम हा, निजामपुर, सईद कम्पाऊड झोपडपटटी 4 | मंडळ भिवंडी |  "
088-B.N.M.P._Ward_No._4.pdf,1,0088,"7 भागाच्या हद्दीचा तपशील म्हाडा कॉलनी, सलाम एस टी डी | | पासुन ते सकाम हा, निजामपुरा, र फीक शेठ की चाळ नुरानी | नद समोर | मूळ गांव/शहर | मंडळ भिवंडी |  "
089-B.N.M.P._Ward_No._5.pdf,1,0089,"न. भागाच्या हद्दीचा तपशील निजामपुरा, मौफील खाना चाळ | ,2,3,4), Fat सईद कंम्पा परिसर,अवुजा कंम्पा, निजामपुरा | ारपट्टी नाका झोपडपट | मूळ गांव/शहर | मंडळ भिवंडी |  "
090-B.N.M.P._Ward_No._5.pdf,1,0090,"nee PE भागाच्या हद्दीचा तपशील | बुबेरे सईद Se परिसर,अबुजा कंम्पा, निजामपुरा वंजारपट्टी | T झोपडपट, बाकेलाल किराणा,चाकुब सरदार व एस.टी, निजामपुरा नदी नाका झोपडपटटी | 1, म्हाडा कॉल्नी, बारकया कंम्पा.झियाउद्दीन शेठ AIAN, बारकया कंपाऊड (अमीना बाग) | मूळ गांव/शहर | मंडळ भिवंडी |  "
091-B.N.M.P._Ward_No._5.pdf,1,0091,"न भागाच्या हद्दीचा तपशील बारकया कंम्पा.झियाउद्दीन शेठ | पा.मा, बारकया कंपाऊड (अमीना बाग), वार्ड क्र.8 ACT | पा.अभिनाबाग, बारक्या कंपाऊड आयशा ASH जवळ, बारक्या | T इकबाल भरमाल तबेला APL | मूळ गांव/शहर | मंडळ भिवंडी |   "
092-B.N.M.P._Ward_No._5.pdf,1,0092,"wee PE भागाच्या हद्दीचा तपशील | वार्ड क्र.5 वंजारपटटी नाका हाजी HUT, हाजी HoT रोलेक्स | लच्या मागे, उमर कॉम्पलेक्स हाजी कंपा, बुध्दाजी बिल्डींग झीनत गेसच्या व, मुकीम बिल्डींग | फ गार्डन बाजुला, सिटी टॉवर कॉम्पलेक्स, हाजी कंपा फारूकी साय बाजुला, आशियाना | CAS रोलेक्स हॉसिंग मा, आशियाना अपार्टमेन्ट हाजी कंपा | मूळ गांव/शहर | मंडळ भिवंडी |   "
093-B.N.M.P._Ward_No._5.pdf,1,0093,न. भागाच्या हद्दीचा तपशील बार्ड केटामिल्लत नगर नजीर कंम्पा | मूळ गांव/शहर | खशाना अशर फ अपार्टमेन्ट मिल्लत नगर 4 | मंडळ भिवंडी |  
094-B.N.M.P._Ward_No._6.pdf,1,0094,"न. भागाच्या हद्दीचा तपशील [ब्राहमणपाडा, पोगाव फाटा, पोगाव | गाव, पोगाव शमशान भुमी जवळ, म्हस्करपाडा शमशनभूमि जवळ, | पकरपाडा गणपती मंदिर जवळ, चाविन्द्र गाव | मूळ गांव/शहर | मंडळ भिवंडी |   "
095-B.N.M.P._Ward_No._6.pdf,1,0095,न. भागाच्या हद्दीचा तपशील चािंद्रा शंकर मंदिरच्या पुढे - | मूळ गाव/शहर | मंडळ भिवंडी |  
096-B.N.M.P._Ward_No._6.pdf,1,0096,"न. भागाच्या हद्दीचा तपशील अवचित पाडा मशीद जवळ , | मूळ गांव/शहर | मंडळ भिवंडी |  "
097-B.N.M.P._Ward_No._38.pdf,1,0097,"pe भाई चाळ Fal मजाद AMT बाळा, अययूब Us बल्डीग जवळ बाळा, असलम नगर पाण्याच्या | ST! | ग जवळ, असलम नगर नाल्या जवळ हुददा मजीद | "
098-B.N.M.P._Ward_No._38.pdf,1,0098,"न भागाच्या हद्दीचा तपशील बाळा कम्पांऊड 4था निजामपुरा, | शीफ कंपाऊंड भिंती जवळ, हबिब बिल्डींग आग्रा रोड बाला | THs, आग्रा रोड बाळा कंपाऊड चौथा निजामन, नुरशाह मजीद | Pe आमनुला बिल्डींग | मूळ गांव/शहर | मंडळ भिवंडी |   "
099-B.N.M.P._Ward_No._38.pdf,1,0099,"न. भागाच्या हद्दीचा तपशील सययदकपांऊड, सययद शेटची | ळ, पटेल नगर वंजारपट्टी नाका, बारोट पेट्रोल पंपाच्या मागे, | पन बिल्डींग पटेल नगर | मूळ गांव/शहर | मंडळ भिवंडी |   "
100-B.N.M.P._Ward_No._38.pdf,1,0100,"meee भागाच्या हद्दीचा तपशील पटेल नगर वंजारपट्टी नाका, | पन बिल्डींग पटेल नगर,, डाँ.धांगेयांचा बंगला, आबुजी कॉम्पलेक्स, | लीस्तान अपार्टमेन्ट, नुर कॉम्पलेक्स, नाशिक रोड | मूळ गांव/शहर | मंडळ भिवंडी |   "
101-BNCMC._Ward_No.38.pdf,1,0101,"nee PE भागाच्या हद्दीचा तपशील , | पटेल नगर वंजारपट्टी नाका, नरोपन बिल्डींग पटेल नगर, नागावं| मूळ गाव/शहर | [मतपुरा, सलामतपुरा US कासिमपुरा कब्रस्तान, सलामतपुरा रोड महाराष्ट्र नर्सरी च्या, | [मतपुरा रोड बैतुल सलाहमशिद न्य, आमपाडा नागांव, आमपाडा रोड सुपर बेकरी बाराचाळ | "
102-BNCMC._Ward_No.38.pdf,1,0102,"mee PE भागाच्या हद्दीचा तपशील आमपाडा नागांब, आमपाडा रोड | र बेकरी बाराचाळ, अन्सार मोहल्ला नागांव, आमपाडा रोड अन्सार | ल्ला सिराजुल | मूळ गांव/शहर | मंडळ भिवंडी |   "
103-BNCMC._Ward_No.38.pdf,1,029७,"aap FF बेकरी बाराचाळ, खंडुपाडा अन्सार मोहल्ला, खंडुपाडा | [वाळीचाळ ट्रान्सफार्मर खुळ | मूळ गांब/शहर | मंडळ भिवंडी |   "
104-BNCMC._Ward_No.38.pdf,1,0104,"nee ee भागाच्या हद्दीचा तपशील कासिमपुरा खंडुपाडा रोड, | सिमपुरा खंडूपाडा रोड मनपा लेडीजू, कासिमपुरा खंडूपाडा रोड म | पा लेड, खंडूपाडा परिसर तययबा माशिद च्या, कासिमपुरा रोड | पाडा इशीद हॉटे, खंडुपाडा महाराष्ट्रशासन पुनवर्सन चाळ | मूळ गांव/शहर | मंडळ भिवंडी |   "
105-BNCMC._Ward_No.37.pdf,1,0105,"wee PE भागाच्या हद्दीचा तपशील , | वार्ड क्र.37 जैन कॉलनी मामलेदार चाळ, जैन कॉलनी एस टी | मूळ गाव/शहर | समोर, अंसारी आपार्टमेन्ट जैन कॉलनीच्या माग मस्जिद कंम्पा वेताळवाडा बस डेपो समोर चौथा | FART वेताळपाडा संभाजी चौक हनुमान मंदिर मामलेदार बि.वेताळपाडा मौलाना आझाद नगर | ना मस्जिद परिसर मजदुर कॉलनी हनुमान मंदिर ड्रीमलैन्ड बि.मोरे बि. |  "
106-BNCMC._Ward_No.37.pdf,1,0106,"wee भागाच्या हद्दीचा तपशील मौलाना आझाद नगर,मजीद | पा.4था नि, वेताळपाडा मस्जिद कंपाऊड मजदुर कॉलू, मौलाना | जाद नगर, मौलाना आजाद नगर साबूनवाळा बिल्डींग, चौथा | नामपुरा वेताळपाडा मजिद कप | मूळ गांव/शहर | मंडळ भिवंडी |   "
107-BNCMC._Ward_No.37.pdf,1,0107,"mee PE भागाच्या हद्दीचा तपशील चव्हाण कॉलणी, सिया कब्रस्तान | | मागे, भिवंडी चव्हाण कॉलणी, चव्हाण कॉलणी बागे मदीना | जीद मागी, उस्मा अपार्टमेन्ट कासीमनगर परिसर, अल अमन | Teas कासीमनगर परिसर, जे एम कॉम्पलेक्स कासीमनगर परिसर | मूळ गांव/शहर | मंडळ भिवंडी |   "
108-B.N.M.P.Ward_No..pdf,1,0108,"mee PE भागाच्या हद्दीचा तपशील भिवंडी चव्हाण कॉलणी, जे एम | म्पलेक्स कासीमनगर परिसर, ख्वाजा अजमेरी हॉटेल समोरचा | मूळ गांव/शहर | मंडळ भिवंडी |  "
109-BNCMC.Ward_No..pdf,1,0109,"nee PE भागाच्या हद्दीचा तपशील | arta रोड,गायत्री रोड, पोलीस चौकी समोरील भाग-नागांव गा, | री जवळ खालचा पाडा नागाव गांवठ, हनुमान मंदिरा शेजारी नागांव गावठाण्‌, मारूती मंदिरा | ।ळ बाजुस गावठाण, वरचा पाडा न पा शाळा क्र.56च्या YS बा, नागांव रोड,गायत्री नगर 80 | रोड, फातमानगर असमान हेयर ड्रेसेस समोर, फातमा नगर फातमा मस्जीद जवळ, तनावीर शेठ | खाना च्या मागीळ बाजुस्‌ | मूळ गांव/शहर | मंडळ भिवंडी |  "
110-BNCMC.Ward_No..pdf,1,0110,"mee PE भागाच्या हद्दीचा तपशील «= AMT रोड,गायत्री नगर 80 फुट | 5, तनावीर शेठ कारखाना च्या मागीळ बाजुस्‌, ईस्लाम नगर नंदका | ळ नागांव Us, dara स्कूल समोर साबुन फक्ट्रीच्या मा, पश्‍चिम | जीद नागांव रोड 20 फुट रोड, ईस्लाम नगर मरियम मस्जीद | मूळ गांव/शहर | मंडळ भिवंडी |   "
111-BNCMC.Ward_No..pdf,1,0111,"meet भागाच्या हद्दीचा तपशील रामनगर,गायत्रीनगर,नांगाव भिवंडी, | मंदिरा मूळ गांव/शहर | ईबाबा मंदिरा समोर नगरे किराणा 4 | मंडळ भिवंडी |   "
112-BNCMC.Ward_No..pdf,1,0112,"nee भागाच्या हद्दीचा तपशील रामनगर गायत्रीनगर नागांव भिवंडी, | मंदिर मंदिर नागांव भिवंडी मूळ गांव/शहर | [मंदिर जवळ रामनगर गायत्रीनगर,, हनुमान मंदिर नागांव भिवंडी 4 | मंडळ भिवंडी |   "
113-BNCMC.Ward_No..pdf,1,0113,"ae भागाच्या हद्दीचा तपशील हनुमान मंदिर नागांव भिवंडी, बाळ | गाल मिगमंडळ aria भिवंडी 1, बाळगोपाल मित्रमंडळ वरची बाजू | ता, de विहार पासुन पूर्वेकडे भिवंडी, डाँ राजेन्द्र दत्तपुते | [खानाच्या बाजुल, SAIS दहापुते यांच्या दवाखाण्या स्‌ | मूळ गांव/शहर | मंडळ भिवंडी |  "
114-BNCMC.Ward_No..pdf,1,0114,"क भागाच्या हद्दीचा तपशील , | विहीर गायत्री नगर शंकर मंदीराच्या स., सार्वजनिक विहीर शंकर | मूळ गाव/शहर | राच्या समा, झोपडपट्टी न्यु आझाद नगर कादरिया, कादरिया मशिद जवळ गणेश मंदिर पहाड, | र हमजा मदरसा हमजा मशिद च्या, कादरिया मशिद च्या बाजुला अलीराया ART, गणेश मंदिर | बाजुला डोगरी पाडा गू, पोलीस चौकी समोर साईबाबा पिठाची, गणेश मंदिरा च्या खालीआजु | "
115-BNCMC.Ward_No..pdf,1,0115,"a, भागाच्या हद्दीचा तपशील | झोपडपट्टी न्यु आझाद नगर कादरिया, गणेश मंदिरा च्या | NAT बाजु चा, गणेश मंदिराच्या VTA आजु बाजुला, पोलीस चौकी च्या मागे पंडित हॉटेल्यू, | त्री नगर, दत्त मंदिर पोलीस चौकी चा आजु बाजुच, चिस्लीमा माशिद च्या पूर्व कडे बाबा होट, | शंकर मंदिरच्या समोर 2 बावडी aa, भिवंडी नि शहर महानगर पालिका ची मर | मूळ गांव/शहर | मंडळ भिवंडी |   "
116-BNCMC.Ward_No..pdf,1,0116,"न भागाच्या हद्दीचा तपशील गायत्रीनगर, हनुमान मंदिर गायत्री | मूळ गांव/शहर | र पहिली बाव 4 | मंडळ भिवंडी |  "
117-BNCMC.Ward_No..pdf,1,0117,"7 भागाच्या हद्दीचा तपशील गायत्रीनगर(नागांव गावठाण), | मान मंदिर नागांव गाव समोर, प अ जाधव विधालय जवळ, मराठी | ळा पाण्याची मोठी टॉकी म न | मूळ गांव/शहर | मंडळ भिवंडी |   "
118-BNCMC.Ward_No..pdf,1,0118,"ane FF समोर हनीफ शेठ, दुर्गा मंदिर गायत्री नगर जवळ, न्यू सागर | 'ल समोर सायरा नगर, नागावं वकील कम्पाऊंड | मूळ गांब/शहर | मंडळ भिवंडी |   "
119-BNCMC.Ward_No..pdf,1,0119,"a! भागाच्या हद्दीचा तपशील , | डा.बाबा साहेब आंबेडकर नगर ते रेस्ट, डा.बाबा साहेब आंबेडकर] मूळ गाव/शहर | याच्या, वार्ड क्र. 63 आंबेडकर नगर बुद्ध विहार, बुद्ध विहाराच्या उत्तरेचा परिसर, पी. डब्लू | स्टाफ क्वाटर रेस्ट हाउस, नविण पोलिस लाईन एसी.पी. होकसिम्मा, जुनि पोलिस लाईन, | ड होमच्या मागील पोलिस लाईन, वार्ड क्र.63 कचेरी पाडा, शिव.शा.समोर गैबीनगर रोडच्या | "
120-BNCMC.Ward_No..pdf,1,0120,"a, भागाच्या हद्दीचा तपशील | वार्ड क्र.63 कचेरी पाडा, शिव.शा.समोर गैबीनगर रोडच्या | .भ, कचेरी पाडा मारूती मंदिर मागील परि., मारूती मंदिरच्या मागील परिसर मानेच, मारूती | राच्या पुर्वे मागीळ भाग, शिवसेना शाखे समोर व मारूती मंदिर, इंदिरा गाधी स्मृती रूग्णाल्याच्या | पाण्याच्या टाकी खाली कचेरीपाडा | मूळ गांव/शहर | मंडळ भिवंडी |   "
121-BNCMC.Ward_No..pdf,1,0121,"जय ही भागाच्या हद्दीचा तपशील | मौलाना आजाद नगर,धोळे परि.मा.परि., मौलाना आजाद नगर | परि. मागील, बाबु सेठ बिल्डींग आसपास परिसर फै.ए., वेताळपाळा उत्तेकर चाळ शंकर मंदिर | शंकर मंदीर परिसर ते आई निवास वे., फैयाज सेठ ho. पैलेस होटेल प, वेतालपाडा रामचद्र | र्‌ चाळ, बेतालपाडा हनुमान मंदीर आसपास परि., वेताडपाडासंतोष किरानास्टोर्स समो, | ळपाडा दत्तात्रय पवार बिल्डिंग ते ह., आत्माराम अंबोट चाल ते, वेताळ.अनंता पोड चाल ते | मारा, दस्ता मोटे चाल पान बाजार महादेव, उबारकर ब्राहम्णे गणपति, सईद मंजीलच्या मागील | पर याकुब | मूळ गांव/शहर | मंडळ भिवंडी |  "
122-BNCMC.Ward_No..pdf,1,0122,"a, भागाच्या हद्दीचा तपशील | वेताळपाडा, शंकर उंद्रे अशोक शिंदे ब्राम्हण चाल, उबारकर | प्णे गणपति, एमम्बेसी होटल मागील परिसर व आश.से, कोडाची वाडी पा.क.70 समोरील | य.श., कोडाची वाडी शिवसेना शाखा आ.परि.झ., गुलजार नगर म.न.पा.शा.क्र.मु 70 उ.क ., | व सलामलापुरा नागांव रोड, गुलजार नगर सलाम.ना.रोड परि.व भो. | मूळ गांव/शहर | मंडळ भिवंडी |  "
123-BNCMC.Ward_No..pdf,1,0123,"eet भागाच्या हद्दीचा तपशील गुलजार नगर सना एस.टी.डी.च्या | नू.व, गुलजार नगर सना एस टी डी च्या बा.व भ, गुलजार नगर | Tite विहिरी जवळी. | मूळ गांव/शहर | मंडळ भिवंडी |   "
124-BNCMC.Ward_No..pdf,1,0124,"ans भागाच्या हद्दीचा तपशील गुलजार नगर व सार्वजनिक | ज.व.स.प, गुलजार नगर सार्व.विहरी जव.व सभो., गुलजार नगर | वाला चाल जव.व सभा., गुलजार नगर नूरानी मस्जिद जव.व | ., गुलजार नगर जवळील व PATA | मूळ गांव/शहर | मंडळ भिवंडी |   "
125-BNCMC.Ward_No..pdf,1,0125,"wee PE भागाच्या हद्दीचा तपशील | गुलजार नगर परकार मं.बि.व जवळ., गुलजार नगर परकार | ल बिल्डिंग ज., गुलजार नगर नासिर मेस्त्री जबळ.व स.प., एजाज सेठच्या चालच्या बाजूला | रील ज, गुलजार सेठ चाळ जवळी. व सभोवना.प., गुलजार नगर इस्माईल मोहल्ला चाल, | ब TAT चाळ रईस मंजील जवड.व स., गुलजार नगर नागाव रस्ता व परिसर | मूळ गांव/शहर | मंडळ भिवंडी |  "
126-BNCMC.Ward_No..pdf,1,0126,"जच भागाच्या SEPA तपशील | ताहीर शेठ बिल्डीग च्या बाजू.बाजुच्या ग, गुलजार नगर अत्तार | समोर जोह.ग., अत्तर रोड जोह.गली लगत ट्रान्स.समोर, गुलजार नगर नांगाव जोह.रोड(ग.ल.), | जार नगर नां.जिगे.चाल जो.ग.बा., जोहरा रोडच्या मागे बिस्मील क्लि.मागे, क्लबच्या मागे झी | री समोर, जोहरा रोड क्लब च्या मा.व साब.हॉ.उ., फारूक क्लब जोहरा रोडला लागून, गुलाम भिवंडी | न चाल साब.हॉटेल उज.जो., गुलजार नगर नां.जोहर रोड सा.हॉटे., गुलजार नगर नांगाब मो.कैफे | मडळ भिवंडी | गुलजार नगर नांगाव गु.रसुल चाळ अ.शा, भिवंडी, गुलजार नगर अबरार हॉटेल ते Has तालुका भिवंडी | [दम चाल मुबईवाला चाल | जिल्हा ठाणे | मूळ गांव/शहर | "
127-BNCMC.Ward_No..pdf,1,0127,"me ee भागाच्या हद्दीचा तपशील भिवंडी, मुकादम चाल मुबईवाला | ल, अंसार मोहल्ला बंरानवाज माशिद जवळ, अन्सार मोहल्ला बंदा | Tt मशीद जवल, अन्सार मोहल्ला बंदा नवाज मशीद समो., शमा | (र कटीगे ची गली, जमाळुद्धीन चाल सार्व.बाव. समोर किरा. | मूळ गांव/शहर | मंडळ भिवंडी |  "
128-BNCMC.Ward_No..pdf,1,0128,"meet भागाच्या हद्दीचा तपशील भिवंडी, मुकादम चाल मुबईबाला | शांतीनगर मूळ गांव/शहर | ल, गुलजार नगर, शांतीनगर रोड करेल नायगा.गुल.आसि. 4 | मंडळ भिवंडी |   "
129-BNCMC.Ward_No..pdf,1,0129,"mee भागाच्या हद्दीचा तपशील रहमतपूरा शांतीनगर महमदीया | जी., रहमतपूरा महंमदीया मरजी.पा.मा.शंती, रहमतपूरा महंमदीया | जी.समोर श.घ, रहमतपूरा महंमदीया मरजीद.पाठीमा., रहमतपूरा | मदीया मरजीद.व ना.हा. | मूळ गांव/शहर | मंडळ भिवंडी |  "
130-BNCMC.Ward_No..pdf,1,0130,"were भागाच्या हद्दीचा तपशील | शांती नगर रहमतपूरा,पो.चौकी .उत्तरे., शांती नगर | ौकी . उत्तरे .न्यु.प्रा.शा., वार्ड क्र.40 पिराणी पाडा,अजय हॉ.मा.जो, नुरूल इस्लाम मस्जिदिच्या दान | स, नुरूळ इस्लाम मस्जिदिच्या पश्चिम बाजुस, नुरूळ इस्लाम मस्जिदिच्या दाण बाजुस, नुरूल | [म मस्जिदिच्या पश्‍चिम बाजुस, नुरूल इस्लाम मस्जिदिच्या उत्तरेस बस्ती, नुरूल इस्लाम | जदिच्या दाण बाजुस | मूळ गांव/शहर | मंडळ भिवंडी |  "
131-BNCMC.Ward_No..pdf,1,0131,"क भागाच्या SEPA तपशील | न्यु. आ.नगर डोंगरी.वार्ड क्रं.40शांती., गौसिया मशिदिच्या | ीमे.झोपड.न्युआ., रहमतपुरा मशिदीशेजारी प्रा.शाले.उ.प., वार्ड क्र.40 पिराणी पाडा,अजय | TW, नुरूल इस्लाम मस्जिदिच्या दान बाजुस, नुरूल इस्लाम मस्जिदिच्या दाण बाजुस, उमर | क जाहीदे मस्जिदिच्या उत्तर बाजु, उमर फारूक जाहीद मस्जिदिच्या दाण बा. | मूळ गांव/शहर | मंडळ भिवंडी |  "
132-BNCMC.Ward_No..pdf,1,,"जाहल भागाच्या हद्दीचा तपशील | सल्लाउद्वीन शालेच्या समोरील परिसरमेह., सलाउद्रीन शाळेच्या | SRS इराणीचाल, AAS शाळेच्या उत्तर बाजूस दिव्याद, AAS शाळेच्या उत्तर बाजूस | जीपा, इराणी मशिदीच्या पुर्व बाजुस नवाब भाई, पाण्याच्या टाकिच्या उत्तरेस बाळवाडी, कोहीनुर | स कॉलणी पाण्याच्या टाकी, दिव्याद मस्जीदिच्या पश्‍चिम बाजुस नबाब, किदवाई नगर नांगाव | मस्जिद सहारा, मो. मस्जिद जवल, किदवबाई नगर नागांब पानपटटी, किदवाई सायकल दुकान | रील गल्ला, किदवाई नगर लाला किराणा स्टोर जबळ, अलशिका क्लिनिक पाठीमागील भाग, | रा मिल स्टोर पिराणीबाडा शांतिनग | मूळ गांव/शहर | मंडळ भिवंडी |  "
133-BNCMC.Ward_No..pdf,1,0133,"नाहीच भागाच्या हद्दीचा तपशील | किदवाई नगर नांगाव मो.मस्जिद सहारा, किदवाई नगर लाला | [णा स्टोर जवळ, सहारा मिल स्टोर पिराणीवाडा शांतिनग, अन्सार नगर दिदार हॉटेल जवळ, | पार नगर अपना हांस्पीटल मागील, किदवाई नगर पप्पू cee, किदवाई नगर गौसिया मस्जिद | (फ़ कि, किदवाई नगर गौसिया मस्जिद जवळ, आरिफ किराणा स्टोर पाठीमागील, हाजीजा | [णा स्टोर जवळ, किदवाई नगर मो.मस्जिद समोरील भाग, किदवाई नगर गरिब नवाज च्छ | ल, किदवाई नगर रिजवान टेलर समोरील, किदवाई नगर गरिब नवाज Se च्यामागे, गरीब | Tse च्या मागे, किदवाई नगर इम्तीयाज हॉटेल समारील | मूळ गांव/शहर | मंडळ भिवंडी |  "
134-BNCMC.Ward_No..pdf,1,0134,"wee PE भागाच्या हद्दीचा तपशील , | किदवाई नगर गरिब नवाज च्छ च्यामागे, किदवाई नगर इम्तीयाज | मूळ गाव/शहर | ल समारील, feats नगर अन्वर टेलर मागील परिसर, किदवाई नगर हमिद सायकल दुकान, | वाई नगर अन्सारी किराणा स्टोर मा, अलहिंद हाटेल जवळ गल्लीनं1व2, sees हॉटेल | ळील गल्ली नं. 1 व 2, ताश्कंद हॉटेल स्मशान भूमी समोरील | "
135-BNCMC.Ward_No..pdf,1,0135,"nee PE भागाच्या हद्दीचा तपशील किदवाई नगर गरिब Aart ae | मागे, किदवाई नगर अन्सारी किराणा स्टोर मा, शमशान | जवळ, नागांव किदवाई नगर शमसान भूमिजवळ, नागांव किदवाई | र कासमी मेडीकल स्ट, नागांव अलहिन्द हॉटेल, aia सफा | मूळ गांव/शहर | मंडळ भिवंडी |   "
136-BNCMC.Ward_No..pdf,1,0136,"wee PE भागाच्या हद्दीचा तपशील , | आझाद नगर शांति नगर गौसीया मशिद, आजाद नगर शांतिनगर | मूळ गाव/शहर | या मस्जीद, शांतिनगर आजादनगर हिन्दु समशान घाट, शांति नगर आजाद नगर गौसीया | ea, न्यु आझाद नगर लमी लॉन्ड्रीच्या दाणे, लमी लॉन्ड्री नवीन म.पा. शालेच्या fea | "
137-BNCMC.Ward_No..pdf,1,0137,"आळ भागाच्या SEPA तपशील | न्यु आझाद नगर लमी लॉन्ड्रीच्या दाणे, लमी लॉन्ड्री नवीन म.पा. | च्या पश्मि, लमी लॉन्ड्रीच्या बाजूला न्यु आझाद नगर, न्यु आझाद नगर न मा शालेच्या पुर्वेस, न्यु | TRA म.पा. शालेच्या Yas कडा, बाबा हॉटेलची पहिली गल्ली न्युअझाद नग्‌, बाबा हॉटेलची | ी गल्ली न्यु आझाद, बाबा हॉटेलची तिसरी गल्ली न्यु आझाद, आझाद नगर गौसीया मसजीद | ळ, अक्रम, आझाद नगर गौसीया मसजीद समोर इले., न्यू आझादनगर गायत्री नगर रोड कारीया | मूळ गांव/शहर | मंडळ भिवंडी |  "
138-BNCMC.Ward_No..pdf,1,0138,"a, भागाच्या हद्दीचा तपशील , | आझाद नगर गौसीया मसजीद जवळ, न्यू आझादनगर गायत्री नगर| मूळ गाव/शहर | कारीया, आझाद नगर गौसीया मसजीदच्या बाजुळ, आझाद नगर गौसीया मसजीद चा पूर्वे, | पाद नगर गौसीया मसजीदच्या पुर्व भा, आझाद नगर गौसीया मसजीद जवल, संजय गांधी नगर | पाद नगर गौसीया, आझाद नगर च्या बाजुस मुमताज नगररा, न्यू आझाद नगर गौसीया मसजीद, | उत्तर | "
139-BNCMC.Ward_No..pdf,1,0139,"mee te भागाच्या SEPA तपशील न्यू आझाद नगर गौसीया मसजीद, | उत्तर, न्यू आझाद नगर गौसीया शांती नगर गी, मुमताज नगर | शरफीया मसजीद समोर, मुमताज नगर अशरफीया मसदीज समोर, | ताज नगर शांतीनगर, मुमताज नगर डॉ. आजम बेग दवाखान्या | मूळ गांव/शहर | मंडळ भिवंडी |   "
140-BNCMC._Ward_No..pdf,1,0140,"हेच भागाच्या SEPA तपशील | मुमताज नगर शांतीनगर, मुमताज नगर डॉ. आजम बेग | खान्या, न्यू आझाद नगर, शिवमंदिर रोडमुमता, न्यू आझाद नगर शांतिनगर रोड शिव म, न्यू | पाद नगर शांति नगर रामदासचा, आशफीया मसजीद आझाद नगर, मुमताज नगर आझाद नगर | पादनगर शिवमंदिर रोड, न्यू आझाद नगर रामदास चाल, न्यू आझाद नगर आशरफीया मसजीद, भिवंडी | आझाद नगर शिवमंदिर रोड मोठे शू, आशफीया मसजीद जबल मुमताज नगर, आझाद नगर दर्गा | WSs भिवंडी | ळ मुमताज नगर, मुमताज नगर,पाईप लाईन झोपडपटटी, मुमताज नगर आशफीया मसजीद भिवंडी | ळ, मुमताज नगर पाईप लाईन, मुमताज नगर कादरी शाह बाबा दर्गा तालुका a | जिल्हा ठाणे | मूळ गांव/शहर | "
141-BNCMC._Ward_No..pdf,1,0141,"m7 भागाच्या हद्दीचा तपशील मुमताज नगर शांतीनगर, मुमताज | र डॉ. आजम बेग दवाखान्या, न्यू आझाद नगर बैतुल उलम जवळ, | आझाद नगर बाळवाडी काली जाकीरवा, न्यू आझाद नगर पासून | प लाईन पर्य | मूळ गांव/शहर | मंडळ भिवंडी |   "
142-BNCMC._Ward_No..pdf,1,0142,"7 भागाच्या हद्दीचा तपशील न्यू आझाद नगर शांतीनगर, न्यू | झाद नगर कादरीया मसजीद जवळ, शांती नगर, न्यू आझाद नगर, | जाद नगर रोड गौवसिया मस्जीद जवल | मूळ गांव/शहर | मंडळ भिवंडी |  "
143-BNCMC._Ward_No.pdf,1,0143,"wee PE भागाच्या हद्दीचा तपशील , | शांती नगर, चाल क्र. 5 समोर, पाईप लाईन रोड, अन्सारी मदिना | मूळ गाव/शहर | T., चाल क्र.44 मक्का ASS जवल, चाल क्र.29 मक्का ASS जवल, चाल क्र.6 BA | ल स्कूल, चाल क्र.30 म्यून सिपल स्कूल, अन्सारी मदिना मस्जीद जवल संजय नगर, | FER SS नगर, गौवसिया मस्जीद संजय नगर, शांती नगर चाल क्र.30 अशारफिय मस्जीद, | । नगर युनूस ची चाल मुमताज नगर, संजय नगर पाईप लाईन समोर | "
144-BNCMC._Ward_No.pdf,1,0144,"mee भागाच्या हद्दीचा तपशील नागांव, संजय नगर, गरिब नवाज | रसा मागे नागांव, म्यूनसिपळ स्कूल क्र.47 जवल नागांव, | तीनगर रोड संजय नगर, संजय नगर सोसायटी चाळच्या बाजूस | मूळ गांव/शहर | मंडळ भिवंडी |   "
145-BNCMC._Ward_No.pdf,1,0145,"meee भागाच्या हद्दीचा तपशील शांतीनगर रोड संजय नगर, संजय | र सोसायटी चाळच्या बाजूस, शांती नगर रोड संजय नगर, संजय | र पाईप लाईन च्या पश्‍चिमेस | मूळ गांव/शहर | मंडळ भिवंडी |   "
146-BNCMC._Ward_No.pdf,1,0146,"ल भागाच्या SEPA तपशील , | शांतीनगर, शांती नगर गोल्डन हेअर कटिंगच्या मागे, शांती नगर | मूळ गाव/शहर | न जनरल स्टोरच्या बाजू, शांती नगर युनुस किराणाच्या बाजूची ग, शांती नगर रेशनिंग दुकानाच्या | ला, शांती नगर युनुस किराणाच्या बाजूस, शांती नगर रेशनिंग दुकानाच्या मागची, शांती नगर | नंग दुकानाच्या मागीळ, शांती नगर सिददीकी किराणा स्टोर्सच्या, शांती नगर राहाळ मेडिकळच्या | , शांती नगर hast किराना स्टोर्स च्या, शांती नगर पब्लिक टेलिफोन च्या मागे, शांती नगर | नी टी स्टॉलच्या मागे, शांती नगर सैयद किराना स्टोरच्याबाजू, शांती नगर भा.रि.प. बहुजन | संघाच्यू, शांती नगर भारतीय महासंघाच्या समोर, शांती नगर चाळ क्र.18 च्या पाठी मागे, शांती | GM मस्तान दरबार बिल्डींग, शांती नगर मस्तान बिलिंग बाजूस, शांती नगर मस्तान बिल्डिंग | टेल कम्‌, शांती नगर डाँ घावरे दवाखान्याच्या माग्‌ | "
147-BNCMC._Ward_No.pdf,1,0147,"mee i भागाच्या हद्दीचा तपशील शांतीनगर, शांती नगर डाँ घावरे | [खान्याच्या मागू, भिवंडी शांतीनगर आझाद नगर, आझाद नगर | T किराणा स्टोर समोर | मूळ गांव/शहर | मंडळ भिवंडी |   "
148-BNCMC._Ward_No.pdf,1,0148,"_ भागाच्या हद्दीचा तपशील शांतीनगर, श्रीवास्तव यांचे घर | . मूळ गांव/शहर | जा चांद चौकाच्य, रहमत पूर रोड शाला क्र.69 पूर्वेस म | मंडळ भिवंडी |  "
149-BNCMC.Ward_No..pdf,1,0149,"nee भागाच्या हद्दीचा तपशील आझाद नगर रहमतपूर शांतीनगर, | मतपूर रोडच्या पुर्वेस कमिटी हॉलच्‌, आझाद नगर मक्का मजितच्या | T बाजुस | मूळ गांव/शहर | मंडळ भिवंडी |  "
150-BNCMC.Ward_No..pdf,1,0150,"अ भागाच्या SEPA तपशील | कणेरी, सुंदर गुप्ता पेट्रोल पंप पासुन ते गप्‌, कदम बिल्डींग ते | जनीक सौचालय TA, अप्पा पडयाळ चे घर ते गणपती मंदीर र, काशीनाथ जूनी eA महेष | च्या सम्‌, विणायक मोरे चाळ म्हराकर बिल्डींग स्टे, जूनी च्छ समोर ते गणपती मंदीर समोर, | वाली बिल्डींग गणपती बिल्डींग चे बाजू, पावर हाऊस च्या बाजूस नुरानी हॉटेळ, eT 9 चे | र बरफ गल्ली ते आजा, आजाद मैदान चे बाजूस म्यू.प.संडासचे, म्यूसीपल कॉलानी ते राहला | जीक चे, कणेरी, जैन मंदीर पासुन ते पुजा कम्यूनिकेशन्‌, पुजा कम्यूनिकेशन ते दर्पण हेअर | मूळ गांव/शहर | मंडळ भिवंडी |   "
151-BNCMC.Ward_No..pdf,1,0151,"wee te भागाच्या हद्दीचा तपशील | कचेरीपाडा, गायकवाड टायपींग सेंटर पासुन ते भार, भारत | ट्रीक पासुन ते म्यू.पल 63 नं, लमी टी हाऊस समोर ते ट्रन्सफार्म जवल्‌, आनंद टॉकीजच्या | ल भाग ते अशोक न्‌, कणेरी, पुजा कम्यूनिकेशन ते दर्पण हेअर कटींग, Faas शहा कंपनी ते | किराणा दुकान, पुजा कम्यूनिकेशन ते दर्पन हेअर कटींग, आनंद टॉकीजच्या वाजूच्या रोड पासुन | मूळ गांव/शहर | मंडळ भिवंडी |  "
152-BNCMC.Ward_No..pdf,1,0152,"ae भागाच्या हद्दीचा तपशील कणेरी, गेट पासुन उजवी गल्ली ते | प कम्यून, दांडेकर गेट पासुन आत मध्य ते संपूण, पाटीदार | च्या पूर्वेस ते जैन मंदीर | मूळ गांव/शहर | मंडळ भिवंडी सर्कल |  "
153-BNCMC.Ward_No..pdf,1,0153,"ee भागाच्या हद्दीचा तपशील कणेरी, गेट पासुन उजवी गल्ली ते | प कम्यून, पाटीदार हॉळच्या पूर्वेस ते जैन मंदीर, जैन मंदीर | रील टॉवर ते शेवटी,, साईनाथ ट्रान्सपोर्ट पासुन ते ट्रापीक प्‌ | मूळ गांव/शहर | मंडळ भिवंडी सर्कल |  "
154-BNCMC.Ward_No..pdf,1,0154,"नः. भागाच्या SEPA तपशील | मौलाना आझाद रोड उर्दू हायस्कूल क्र 6, पंचायत समिती | टर्स, पिर मोहम्मद की चाळ, पडोसन चाळ, मोहम्मद हनिफ चाळ, मोहम्मद अमीन चाळ, कबीर | चाळ, युसूफ सेठ चाळ, कासिम चाळ, आसमा चाळ, निसार शेठ चाळ,, रेशमा अपार्टमेंट, | नद चाळ, यासिन शेठ चाळ, अब्दूळ हई चाळ, गनी चाळ, अजीज मुकादम की चाळ, गरकाब | चाल, मोमीन निसार की चाल, युसूफ शेठ की चाल, अलीजान की चाळ, कादीर शेठ की चाळ, | एकबाल की चाळ, साबीर बनारसी चाळ, कासीम मुकादम की चाळ, मौलानाआझाद रोड आंनद | माच्याजव, अयुब दूध वाला कॉम्पलेक्स गैबीनगर, अमीर मुकादम चाळ, याकुब दिन अली चाळ, | रादिन अली चाळ, फैन्सी अपार्टमेंट, जूबेदा चाळ, अब्दुल रज्जाक चाळ | मूळ गांव/शहर | मंडळ भिवंडी |  "
155-BNCMC.Ward_No..pdf,1,,"कड. भागाच्या SEPA तपशील | मौलानाआझाद रोड आंनद सिनेमाच्याजव, अब्दुल रज्जाक चाळ, | मूळ गाव/शहर | नम अपार्टमेंट, मोहम्मद अलीशेठ बिल्डींग, नेहा अपार्टमेंट,, आनंद सिनेमाच्या मागील परिसर | झार बिल्डिंग, नविन बिल्डिंग जुबेदा अपार्टमेंट, तस्लीमा अपार्टमेंट, मुस्तफा बिल्डिंग, रहिम सेठ | 5, वाहिद अपार्टमेंट, अप्सरा अपार्टमेंट, मुन्शी कंपाऊंड, परकार मंजील, रेहमत अली चाळ,, भिवंडी | ल रेहमान बनारसी चाळ, अब्दुल मजीद मंजील, निसार शेठ बिल्डींग, सयद फ्रूटबाले की चाल, | Tod भिवंडी | कंपाऊंड, अंसारी मंजील, रिझवान कंपाऊंड  "
156-BNCMC.Ward_No..pdf,1,0156,"ere भागाच्या SEPA तपशील | आनंद सिनेमाच्या मागील परिसर, गणेशनगर शिवसेना | फ़ेसच्या बाजूला क, विटठल विलास को at. सोसायटी, जनाईन लाडचाळ गणेश नगर, गजानन | ची चाळ, गजानन गुडवबी चाळ, गायकवाड चाळ, जय हनुमान सोसायटी, निर्मला चाळ, अजय | णा स्टोअर्स, नासीर बिलडीग, अल्फला बिल्डीग, कैलास सेठ चाळ भोला सेठ बिल्डींग, ममता | डीग, गणू शेठ चाळ, अशोक शेठ लाड चाळ, खान कंम्पाउड चाळ, जगदीश लाड चाळ, कैलास | चाळ/भोला सेठ | मूळ गांव/शहर | मंडळ भिवंडी |  "
157-BNCMC.Ward_No..pdf,1,0157,"ae, भागाच्या हद्दीचा तपशील , | अब्दुल अहीचाळ नेअरखान कंपाउड सुभाष, पूर्व दिशा नुर मंजिल| मूळ गाव/शहर | , पूर्व दिशा सुभाष नगर, पश्‍चिम गणेशनगर, दाण कुर्लावाला चाळ, पश्‍चिम फंडोले नगर पॉवर | प, फंडोले नगर (SAMI), उत्तर भाग सरदार GR, सुभास नगर / गणेशनगर, पश्‍चिम यासीम | री पावर हा. फडीले नू, नुर मंजिल खान कपाउडच्या बाजूला, AK खान कंपाउड सुभाष नगर | "
158-BNCMC.Ward_No..pdf,1,0158,"nee PE भागाच्या हद्दीचा तपशील | खान कंपाउंड गैबी नगर, अहानदिया हायस्कुल, खान कंपाउंड | नगर, सलीमसेठ आजमी मंजिल, कलु मिरचीवाले बिल्डींग, शब्बीर सेठ रहिम शॉपींग सेटर, | RGM कॉम्पलेक्स, अख्तरचाळ मोमिनपुरा, गौसिया मंजिल, हाजी नासीर कॉम्पलेक्स, आझमी | ल, मुस्तफा कंपाउंड, दौसती अपार्टमेंट | मूळ गांव/शहर | मंडळ भिवंडी सर्कल |   "
159-BNCMC.Ward_No..pdf,1,0159,"— भागाच्या हद्दीचा तपशील , | पिराणी पाडा नं 4 गैवीनगर दर्गाजवळ, सलाबुद्दीन हायस्कुल मागे, | मूळ गाव/शहर | नगर दर्गा मागे, पिराणी पाडा खान कंपाउड समोर, मुस्तफा शेठ इमारत परिसर, सुभाष नगर | मंदीर, नेशनल सकुलच्या मागे पिराणीपाडा, जलाबुद्दीन हायस्कुल च्य भागे, गैबीनगर दर्गाच्या | , पिराणीपाडा मुस्तफा शेट इमारत परिसर, पिराणी पाडा दुर्गा भागे, सुभाष नगर शिवमंदीर | पर, न्यु नेशनल स्फलच्या भागे पिराणीपाडा, पिराणी पाडा तालीब शेट बिल्डींग परिसर, पिराणी | [| राशिद अनसारी चाची facet, पिराणी पाडा सुभाष नगर पौलीस चौकी, सलाबुद्दीन हायस्कुल | नगर मागे, सलाबुद्दीन हायस्कुल शांतीनगर भागे, इराणी लोकांचा बस्ती, मुस्तफा शेट यांची | मंडळ भिवंडी सर्कल |  "
160-BNCMC.Ward_No..pdf,1,0160,"—— रा भागाच्या SEPA तपशील | सलाबुद्दीन हायस्कुल शांतीनगर भागे, मुस्तफा शेट यांची इमारत, | मान शेट यांचे घर, पिराणी माडा विभाग, हलीम असारी यांचे घर, शांतीनगर पीराणी पाडा | थापार, शांतीनगर रोड सलाउद्दीन हायस्कुलपुढे, सत्तार हॉटेल मागील भाग, मेहबुब मुंशी चाळ, | धु खान यांचे घर, इकबाल यांची रोडळा बिल्डींग, गुप्ता हॉटेल मेराज रोड, are 25 41 | नगर रोड नदियादार, मुस्तफा शेट याची बेकरी, मुस्तफ शेट बिल्ड मागे पिराणी पाडा, नदीयापार | नल सुल्या पुढचा भाग, शांतीनगर रोडच्या दक्षिणेस, मेराज रोड च्या पुर्वे कडील, मुस्तफा | रच्या मागे, गुप्ता चाचे तबेल्याची परिसर, शांतीनगर रोडच्या दक्षिणे कडील परिसर, गोबिंदनगर | ल भाग परिसर | मूळ गांव/शहर | मंडळ भिवंडी सर्कल |  "
161-BNCMC.Ward_No..pdf,1,0161,"wee PE भागाच्या हद्दीचा तपशील | सलाबुद्दीन हायस्कुल शांतीनगर भागे, हलीम असारी यांचे घर, | डी, म्युनिसिपल नालाचे पुर्व बाजुस मोतीक, पीराणी पाडा नाल्याचे उत्तरबाजु, पीराणीपाडा | हेम बावडीजवळ, CAR मंजील नुर मंजील, पीरमोमद चाळ फैसल आजमी हाटेलच्या, | नीपाडा आबुनी मैदानचे | मूळ गांव/शहर | मंडळ भिवंडी सर्कल |   "
162-BNCMC.Ward_No..pdf,1,0162,"क भागाच्या हद्दीचा तपशील सलाबुद्दीन हायस्कुल शांतीनगर | ग, मुस्तफा शेट यांची इमारत, भिवंडी, सलाबुद्दीन हायस्कुल च्याभागे | सुददी | मूळ गांव/शहर | मंडळ भिवंडी सर्कल |  "
163-BNCMC.Ward_No..pdf,1,0163,"a भागाच्या हद्दीचा तपशील भिवंडी, बाबुलनाथ चाळ | मिंदिरचे भागे वि, बाबल्या कंपाउंड सालोभाउ चाळ शिवसेना, | सरा टॉकीजचे बाजुला विशाल हॉस्पी, अप्सरा टॉकीजचे | RMT, राजीवनगर तबेलचाल सखार चौधरी | मूळ गांव/शहर | मंडळ भिवंडी सर्कल |  "
164-BNCMC.Ward_No..pdf,1,0164,"ae भागाच्या हद्दीचा तपशील | विशाल हॉस्पीटल कल्याण रोड रावजी न, अतरवाला कंपाउंड | र्‌ हाउसच्या, कुरेशी इस्टेट विशाल हास्पीटल, अतरवाला कंपाउंड पावर हाउसच्या मागे, पावर | सच्या मागे सार्वजलिक विहीरीजू, मिस्कात मजीद समोर रावजीनगर, कुलीवाला चाळ | वालाल कंपाउंड न म, प्रेसीडेट अपार्टमेट नागरीक सहकारी ब्‌, कुलवाला चाळ कुलीवाला | बया न मा शाल, रावजी नगर, एम एस ई वी कॉलनी एत एस ई बी जवळ, नमकवाला चाळ एम | इ बी मागे, न. पा . शाळा क्र 73 च्या पुर्वेस, नमकवाला चाळ एम एस ई बी भागे, ज पा. | क्र 73 | मूळ गांव/शहर | मंडळ भिवंडी सर्कल |  "
165-BNCMC.Ward_No..pdf,1,0165,"ee भागाच्या हद्दीचा तपशील तयबा नगर शांतीनगर, तयबा | जीद च्या समोर, बिलाल नगर शांतिनगर, हनुमान मंदिर समोर | नाल नगर | मूळ गांव/शहर | मंडळ भिवंडी सर्कल |   "
166-BNCMC.Ward_No..pdf,1,0166,"ee भागाच्या हद्दीचा तपशील बिलाल नगर शांतिनगर, हनुमान | मूळ गांव T | र्र्‌ समोर विलाल नगर मू /शहर | मंडळ भिवंडी सर्कल |   "
167-BNCMC.Ward_No..pdf,1,0167,"ee भागाच्या हद्दीचा तपशील सुयोग नगर शांतीनगर, शंकर | | पाउंड शंकर मंदिरच्या मूळ गांव/शहर | TT मागे सयोग नगर, दिवेकर कंपाउंड शंकर मंदिरच्या पुर्वे 4 | मंडळ भिवंडी सर्कल |   "
168-BNCMC.Ward_No..pdf,1,0168,"mee PE भागाच्या हद्दीचा तपशील सुयोग नगर शातिनगर, दिवेकर | ळ न. पा संडाच्या दाणेस, मेराज मस्जीद बाजुला सुयोग नगर, | ब्मंदिराच्या ade गुळतीचाळ, मेराज मजिद दक्षिणेस सुयोग | मूळ गांव/शहर | मंडळ भिवंडी सर्कल |  "
169-BNCMC.Ward_No..pdf,1,0169,"nee भागाच्या हद्दीचा तपशील नदियापार भिवंडी, मेराज मजीद | मूळ गांव/शहर | [ समोर नदीयापार 4 | मंडळ भिवंडी सर्कल |  "
170-BNCMC.Ward_No..pdf,1,0170,"wee ee भागाच्या हद्दीचा तपशील | भादवड, माउली मंदिर सेजारील चारही बाजुसच्या, वंदन नाईक | री जवळील परिसर, धाकली विहरी जवळ टेमघर पाडा बरची, गजानन गोरे चाळ वरची आळी, | मदन बुवा नाईक चाळ कृष्णा नगर, टेमघर पाडा मदन बुवा नाईक, टेमहार पाडा धाकली विहीर | ळ, ज्ञानेश्वर नथु नाईक चाळ, करसन तरे चाळ खडक, वासुदेव बारकुतरे चाळ | मूळ गांव/शहर | मंडळ भिवंडी सर्कल |  "
171-BNCMC.Ward_No..pdf,1,0171,"a भागाच्या हद्दीचा तपशील भादवड, करसन तरे चाळ खडक, | वसेना शाखे जवळ मागे, पाण्याच्या टाकी जवळील भाग, गुरूनाथ | ळ कानिफनाथ सोसायटी | मूळ गांव/शहर | मंडळ भिवंडी सर्कल |   "
172-BNCMC.Ward_No..pdf,1,0172,"a भागाच्या हद्दीचा तपशील भादवड, करसन तरे चाळ खडक, | ळा क्र 51, हनुमान मंदिर समोर, व्यायम शाळे समोर, पुडलीक | र, साईनगर सोनाळे रोड | मूळ गांव/शहर | मंडळ भिवंडी सर्कल |  "
173-BNCMC.Ward_No..pdf,1,0173,"wee PE भागाच्या हद्दीचा तपशील , | भादवड टेमघर पाडा ता भिवंडी, भादवड साई बाबा रोड शंभुनगर,| मूळ गाव/शहर | वड साई बाबा रोड रतन म्हात्रे चाळ, भादवड समर्थ व्यायाम शळेच्या मागे शंक, भादवड समर्थ | TT शालेच्या, भादवड बाळु नागो चौक दाणेस वब, भादवड राजाराम गुलवी चौक, वामन | रू चाळ ते ast मंदीर | मंडळ भिवंडी सर्कल |  "
174-BNCMC.Ward_No..pdf,1,0174,"weer PE भागाच्या हद्दीचा तपशील भादवड टेमघर पाडा ता भिवंडी, | पन झिपरू चाळ ते वज्रेश्वरी मंदीर, वडाची विहीर परिसर, टेमघर | T पाईप लाईन खडी मशीन ते, दत्त निवास परिसर गुलवी चाळ, | दवड आदिवासी पाडा, भादवड पोलीस लाईन बिल्डींग क्र 1 ते 8 | मूळ गांव/शहर | मंडळ भिवंडी सर्कल |  "
175-BNCMC.Ward_No..pdf,1,0175,"a, भागाच्या हद्दीचा तपशील | भादवड टेमघर पाडा ता भिवंडी, संपदा बाई नाईक चौकाच्या | मे कडी, पटेल स्वामिल वे दिवेकर वाडा परिसर, भादवड साईनगर आदिवासी वारलीपाडा, | वड साईनगर छत्रपती स्टेडियमच्या पू, भादवड साईनगर आदिवासी वारीकौपाडा, भादवड जय | ग व्ययाम शाळा ASAT, भादवड वरली पाडा | मूळ गांव/शहर | मंडळ भिवंडी सर्कल |  "
176-BNCMC.Ward_No..pdf,1,0176,"wee PE भागाच्या हद्दीचा तपशील | नवीबस्ती कल्याण रौड ता भिवंडी, नवीबसती कल्याण कडे | [च्या रस्त्याचा, नगिना मस्जीदच्या मागे, नागरी सेवा मंडळच्या उजवीकडील, नागरी सेवा | ळच्या डावीकडील भागे, नागरी सेवा मंडळच्या दक्षिण कडील परिस्‌, नवीबस्ती कल्याण रोड | गी माकेट परि | मूळ गांव/शहर | मंडळ भिवंडी सर्कल |   "
177-BNCMC.Ward_No..pdf,1,0177,"ही. भागाच्या हद्दीचा तपशील नवीबस्ती कल्याण रोड अप्सरा | pT सम, नुरी मस्जीदच्या उत्तरेकडील परिसर, मदरसा STAT | सर पश्‍चिम भागे, कल्याण रोड नेहरूनगर अप्सरा टॉकीजच्य | मूळ गांव/शहर | मंडळ भिवंडी सर्कल |  "
178-BNCMC.Ward_No..pdf,1,0178,"mee भागाच्या SelM तपशील नवीबस्ती कल्याण रौड नेहरूनगर, | रूनगर नवीबसती कल्याण रोड अप्सरा, साईमंदिर परिसर, भि. नि. | न. पा शिक्षण मंडळ, राधाबाई चाळ नेहरूनगर नवीबस्ती | मूळ गांव/शहर | मंडळ भिवंडी सर्कल |  "
179-BNCMC.Ward_No..pdf,1,0179,"nee भागाच्या SelM तपशील नवीबस्ती कल्याण रौड नेहरूनगर, | फीत खाना समोर मूळ गांव/शहर | मंडळ भिवंडी सर्कल |  "
180-BNCMC.Ward_No..pdf,1,0180,"टी. भागाच्या SEPA तपशील , | नवीबस्ती रौड शास्त्रीनगर तेलगु शाळा, मानसरोवर राडे नवीबस्ती| मूळ गाव/शहर | ग/उर्दू, नित्यानंद मंदिरच्या पाठीभागे तेलगू शाळेच्या पाठीमागे हनुमान मंदिर रोड नेहरूनगर | वस्ती कब्रस्तान पुर्वेस पोलीस चौकीच्या मागे साईबाबा मंदिरा मागे साईबाबा मंदिरा जबळ | हद्दीस मदराच्या बाजूला नुरानी मस्जिद समोर म्यु संडासाच्या मागे नगीन मस्जिद मागे | मंडळ भिवंडी सर्कल |   "
181-BNCMC.Ward_No..pdf,1,0181,"ee भागाच्या हद्दीचा तपशील कल्याण रोड अप्सरा टॉकीज समोर | रू, हनुमान मंदिर रोड शास्त्रीनगर मदीना, नवीबस्ती रौड नेहरूनगर | बस्ती अलह, नवीबस्ती रौड नेहरूनगर नवीबस्तीअलही | मूळ गांव/शहर | मंडळ भिवंडी सर्कल |  "
182-BNCMC.Ward_No..pdf,1,0182,"ee भागाच्या हद्दीचा तपशील नवीबस्ती रौड नेहरूनगर नवीबस्ती | नह, नवीबस्ती रौड नेहरूनगर नवीबस्तीअलही, हनुमान मंदिर रोड | रूनगर नवीबस्‌ | मूळ गांव/शहर | मंडळ भिवंडी सर्कल |  "
183-BNCMC.Ward_No..pdf,1,0183,"nee भागाच्या हद्दीचा तपशील नवबीबस्ती रौड नेहरूनगर नवीबस्ती | नह, नवीबस्ती रौड नेहरूनगर नवीबस्तीअलही, हनुमान मंदिर रोड | SUR SAM, हनुमान मंदिर रोड नेहरूनगर नवभार | मूळ गांव/शहर | मंडळ भिवंडी सर्कल |  "
184-BNCMC.Ward_No..pdf,1,0184,"nee भागाच्या हद्दीचा तपशील हनुमान मंदिर रोड नेहरूनगर | मूळ गांव/शहर | नीस, खदान रोड नेहरूनगर शमशान भुमि जव 4 | मंडळ भिवंडी सर्कल |  "
185-BNCMC.Ward_No..pdf,1,0185,"ee भागाच्या हद्दीचा तपशील नेहरूनगर हनुमान मंदिर रोड | मूळ गांव/शहर | नीस, नेहरूनगर खदान रौड जवळ 4 | मंडळ भिवंडी सर्कल |  "
186-BNCMC.Ward_No..pdf,1,0186,"जडच भागाच्या हद्दीचा तपशील | नवी बस्ती टेमघर तलाठी कार्यालयाच्या, कल्याण रोडनवी बस्ती | RK तलाठी क, कल्याण रोड नवीबस्ती माण्याच्या टाकी, कल्याण रोड नविबस्ती माण्याच्या, | याण रोड नवीबस्ती इंदिरा चौक, कल्याण रोड नविबस्ती सेनिटरी केबीन, कल्याण रोड नविबस्ती | टरी कैबीन, कल्याण राड नविबस्ती नागरिक सेवा मंडा, नवी बस्ती टेमघर तलाठ कार्यालयाच्या | कल्याण राड नविबस्ती माध्यमिक विदयाला, कल्याण राड नविबस्ती माण्याच्या टाकी बा, | याण राड नविबस्ती व्यायामशाला, कल्याण राड नविबस्ती टिकडकनगर, कल्याण राड नविबस्ती | ian विघालय, कल्याण राड नविबस्ती माध्यमिक विधालय | मूळ गांव/शहर | मंडळ भिवंडी सर्कल |  "
187-BNCMC.Ward_No..pdf,1,0187,"टी. भ, कल्याण राड नविबस्ती माध्यमिक विधालय, कल्याण | नविबस्ती माध्मिक विधालय, कलयाण रोड नविबसती इंदिरा | क्र, गणेशमंदिर जवळ, काळुराम चाळ, अर्जुन सेठ चाळ, पी एन | धरी चाळ | मूळ गांब/शहर | मंडळ भिवंडी सर्कल |   "
188-BNCMC.Ward_No..pdf,1,0188,"mee PF भागाच्या हद्दीचा तपशील कलयाण रोड नविबसती SATU | रास, मगन चौधरी चाळ, नारायण चौधरी चाळ, मोतीराम चाळ, | न चौधरी चाळ क्योरी स्कूल समोर, नारायण म्हात्रे चाळ, राम दास | धरी चाळ वंहाळ देवी रोड, मधुकर चाळ | मूळ गांव/शहर | मंडळ अप्पर मंडल |   "
189-BNCMC.Ward_No..pdf,1,0189,"डा भागाच्या SEPA तपशील | कलयाण रोड नविबसती जितीन किराणा स्‌, नविबसती जितीन | णा स्टोअर्स, शारदानिवास बाजुला कल्याण रोड नविब्सू, पाईपलाइन रस्ता शंकर गुंडला निवास, | TT रोड नविबस्ती न मा महातमा फु, जगन सेठ चाळ ग्लोरी स्कुल समोर, मघन सेठ चाळ, | RTA चाळ, गुडला शंकर निवास बाजुला, वन्हालदेवी जाणारे रस्ता जवळ, कल्याण रोड | बस्ती डोगर बाजुला, डांगर जवळ गोतम कंपाउड, काळुराम चौधरी बिलडींग जवळ, शांतादेवी | चाळ, जयप्रकाश सिंग ची चाळ चर्च जवळ, राजकरण यादव चाळ | मूळ गांव/शहर | मंडळ अप्पर मंडल |  "
190-BNCMC.Ward_No..pdf,1,0190,"a, भागाच्या हद्दीचा तपशील नाचन कंपाउंड खदान रोड, सिकंदर | वन चाळ, कुंगले बिल्डींग बनारसी चाळ, शाहजहां अपार्टमेंट, सत्तार | न्डींग, सागर अआपार्टमेट शास्त्रीनगर | मूळ गांव/शहर |   "
191-BNCMC.Ward_No..pdf,1,0191,"nee PE भागाच्या हद्दीचा तपशील न्यु भारत रोड सोलापुरकर चाळ ते, | मंदिर मूळ गांव/शहर | APR शामवाडा ते हनुमान मंदिर 4 |  "
192-BNCMC.Ward_No..pdf,1,0192,"a, भागाच्या हद्दीचा तपशील | पोस्ट ऑफीसच्या बाजुला गणपती चौक, शास्त्रीनगर पो. | TA इमारत भोसले, अयुब सोलापुरकर चाळ साई पेलेस राय, बाबा सेठ ची चाळ पांडु सेठ | मुंबइ, बाम्बेवाला बिल्डींग पप्पू टेलर चाळ, याकुब भंडारी चाळ हबीब टेलर, लक्ष्मीनारायण | 5 गफफार सेठ चाळ | मूळ गांव/शहर |  "
193-BNCMC.Ward_No..pdf,1,0193,"vee PE भागाच्या हद्दीचा तपशील , | पोस्ट ऑफीसच्या समोर गणपती चौक, चिलका चाह लक्ष्मीनाराण | मूळ गाव/शहर | 5, जगदंबे बिल्डींग कांबळची चाळ, काळे बिल्डींग बबन कडभाने चाळ, चंपाबाई गुप्ता चाळ | बर खान बिल्डींग, सरदार सरबतअली चाळ गफुर सेठ चाळ, अंसारी बिल्डींग रूमशाद | र्टमेट, खुशबु अपार्टमेंट | "
194-BNCMC.Ward_No..pdf,1,0194,"nee च भागाच्या SEPA तपशील | हनुमान टेकडी, आसबीबी मेन रोड खडी माशीन रोड दिलदार | न (हिंदुस्थान बेकरी पुर्वेस) शहनवाज बर्डी चाळ मुन्ना रस्सिबाला चाळ नाथ शेठची चाळ | वाला (चाचा) चाळ मुन्ना PISA चाळ लक्ष्मीबाई चाळ नाईक चाळ पारूराजा खान चाळ | ना शेठ चाळ मक्का मस्जिद बाजुला हनुमान टेकडी अजय यादव इमारत यार मो.चाळ | रीवाला सज्जा दअली शहा चाळ सत्यप्रकाश इमारत | मूळ गांव/शहर |  "
195-BNCMC.Ward_No..pdf,1,0195,"क भागाच्या हद्दीचा तपशील फुलेनगर नं 2, नवभारत शाळे | मूळ गांव/शहर | गोर, मचीकटला बाजुला चाळ, नरसीभाई खडीमशिन समोर 4 |  "
196-BNCMC.Ward_No..pdf,1,0196,"mee भागाच्या हद्दीचा तपशील नवीबस्ती कल्याण रोड, नवीबस्ती | . मूळ गांव/शहर | न्याण रोड टेमघरबिल्डींग, आनंद सेठ चाळ, कबीर सेठ चाळ 4 |  "
197-BNCMC.Ward_No..pdf,1,0197,"क भागाच्या हद्दीचा तपशील नवीबस्ती कल्याण रोड | घरबिल्डींग, बी एम सी कॉलनी कल्याण रोड, कल्याण रौड पाइप | ईन संतोष चौधरी, Wal सेठ चाळ, आनंद सेठ चाळ | मूळ गांव/शहर |  "
198-BNCMC.Ward_No..pdf,1,0198,"nee PE भागाच्या हद्दीचा तपशील , | टेमभर शंकर रोड सेठ चाळ काशी सेठ, टेमघर शंकर रोड चाळ | मूळ गाव/शहर | गी सेठ चाळ, टेमभर शंकर रोड सेठ चाळ कशी सेडय, जैन चाळ शाताराम चाळ अनिल चाळ | , नारायण चाळ मोहन चाळ श्रीनाथ चाळसिं, विष्णुशेठच्या चाळीपासुन दशरथ शेठच्या | "
199-BNCMC.Ward_No..pdf,1,0199,"wee et भागाच्या हद्दीचा तपशील व्िष्णुशेठच्या चाळीपासुन दशरथ | च्या, शांताराम चौधरी चाळ लो विठठल चौध, भिवंडी टेमघर, गुरू | पटरजी चाळ टेमघर गांव, जगदीशची चाळ टेमघर गांव, उंदनया | रची चाळ टेमघर गांव | मूळ गांव/शहर |   "
200-BNCMC.Ward_No..pdf,1,0200,"क च भागाच्या SEPA तपशील | विष्णुशेठच्या चाळीपासुन दशरथ शेठच्या, शांताराम चौधरी चाळ | विठठल चौध, विठठल चौधरी चाळ ते संतोष चौधरी, पांडुरंग म्हात्रे चाळ ते नामदेव म्हात्रे, | देव म्हात्रे चाळ ते यशवंत चौधरी, भिवंडी टेमघर, निला अपार्टमेंट टेमघर, गोबिंद चौधरी चाळ | र पाईप लाई, हनुमान सोसायटी टेमघर गांव, गंगा जमुना सोसायटी टेमघर गांव, सुभाष | री चाळ साईबाबा मंदीर सम, साईबाबा मंदिर समोर | मूळ गांव/शहर |   "
201-BNCMC.Ward_No..pdf,1,0201,"wee PE भागाच्या हद्दीचा तपशील | भिवंडी टेमघर, टेमघर गांव सोमनाथ चाळ, टेमघर गांव | लाकर म्हात्रे चाळ, दयाराम चौधरी टेमघर गांव, श्रीनाथ चाळ टेमघर गांव, वंदन चाळ टेमघर | , जयंता चाळ टेमघर गांव, शंकर चौधरी चाळ साईबाबा रोड, आर मिलन कंपनी कॉलनी | बाब मंदि, महाराष्ट्र जीवन प्राधिकरण कॉलनी | मूळ गांव/शहर |  "
202-BNCMC.Ward_No..pdf,1,0202,"mee PE भागाच्या हद्दीचा तपशील श्रमीक नगर वहालदेवी मंदीर | मंदीरच्या मूळ गांव/शहर | IR, हनुमान मंदीरच्या बाजुला, न्यु पक्कुल चाळ, अमृत चाळ t |  "
203-BNCMC.Ward_No..pdf,1,0203,"a, भागाच्या हद्दीचा तपशील भिवंडी, मानसरोवर वन्हालदेवी | लावासमोर, मानसरोवर वंहाळदेवी तलाबा समोर, फेणेपाडा | [ळदेवी तलाबा समोर, ढापसी चाळ तलावा सेजारी, फेणेगांव पी टी | स्कुल शेजारी | मूळ गांव/शहर |  "
204-BNCMC.Ward_No..pdf,1,0204,"a, भागाच्या हद्दीचा तपशील , | बंहाळदेवी तलावा समोर फेणे, वन्हालदेवी तलावासमोर, फेणे, पी | मूळ गाव/शहर | प्कुलच्या बाजूला, जी बी ए रोड GA गांब, फेणेगांब, किसन शेठ चाळ फेणे, पांडुरंग चाळ फेणे, सजा | पनाथ चाळ फेणे, सुर्यबालु चाळ फेणे, रामा चाळ फेणे, सिताराम चाळ फेणे, ठाकुर चाळ फेणे, | सजा | गांव |  "
205-BNCMC.Ward_No..pdf,1,0205,"च भागाच्या SEPA तपशील , | पदमानगर मार्कण्डे नगर कणेरी, मार्कण्डेय नगर पदमानगर, पुनम | मूळ गाव/शहर | [स बिल्डींग मेरगु बिल्डींग, देवदास बिल्डींग घर नं 420 नवीन कणीशी, सकीनाका बालराज वि | नं 428 नवीन, महेगुनी कि घर नं 428/2 नवीन कणेरी, ताटीपामुला बि घर नं 432 नवीन | री, नंदिनी हॉटेलच्यावर घर नं 971 नवीन, क्षत्रियचाळ घरनं 427 नवीन कणेरी, शिव हनुमान | र्‌ बाबुशेट चाळ घर , मार्कण्डेय नगर घर नं 1038नवीन कणेरी, मार्कण्डेय नगर घर नं | 7 नवीन कणी, मार्कण्डेय नगर घर नं 492 नवीन कणेरी, मार्कण्डेय विहीरीजवळ घर नं 488 | न, विहीरीजवळ घर नं 421 नवीन कणेरी, गणेश टाकीज समोर पुनम वि घर नं 104, | TUR कणेरी, मार्कंडये नगर गणेश टाकीज समोर, अंबादास दासी बिल्डींग व परीसर, विनायक | उंड बाबूराव दगडूमाटीला | "
206-BNCMC.Ward_No..pdf,1,0206,"me, भागाच्या हद्दीचा तपशील | पदमानगर कणेरी, विनायक कंपाउंड बाबूराव दगडूमाटीला, | [यक कंपांउंड बाबूराव दगडू पाटी, मनीषा हॉटलच्या मागील परिसर बाबुरा, कचरू पाटील | डींग खदान रोउ उत्तर दि, चंद्रकांत पाटील चाळ खदान रोड, कचरू पाटील चाळ विनायक | उड बाबू | मूळ गांव/शहर |  "
207-BNCMC.Ward_No..pdf,1,0207,"अच भागाच्या हद्दीचा तपशील | आग्रा रोड कमला हॉटेलच्या पसिर, कमला हॉटेलच्या बाजुला | पर कणेर, पदमानगर कणेसी, योगी सदन कमला हाटेलच्या पाठीमागे, श्रीराम कॉम्पलेक्सचा | पर सिटीजन हा, सिटीजन हॉस्पीटलच्या परीसर, वामन पाटील चाळ सिटीजन हास्पी, | पालिका शाळा परिसर श्रीरंगनगर, कणेरी, भद्रावंती नगर संदीप साउंड सर्विसची, साईनाथ मंदीर | र संदीप सांउड, शंखेश्वर सोसायटी पदमानगर भद्रावती, तेलगु समाज ऑफीस मागे भद्रावंती, | ग नगर चाळ नं 3, श्रीरंग नगर चाळ नं 2 1 4 | मूळ गांव/शहर |  "
208-BNCMC.Ward_No..pdf,1,0208,"ee EE भागाच्या हद्दीचा तपशील , | कणेरी, भद्रावंती नगर संदीप साउंड सर्विसची, श्रीरंग नगर चाळ a] मूळ गाव/शहर | 4, नगरपालीका तेलगु शाळा क्र 36, भद्रावली नगर साईनाथ मंदीरच्या मागे, भिवंडी मारूती | र श्रीरंग नगर, पदमा श्रीरंग इंदिरागांधी नगर गणेशसि, म्युनसिपल बिल्डींग नं 1 व 2, म्युनिसिपल | डींग 1 2, इंदिरा गांधीनगरम्युनिपल, पुजा अपार्टमेंट न्युकणेरी पुनीत सागर, पुनीत सागर | र्टमेंट सिटीजन हॉस्पीर | "
209-BNCMC.Ward_No..pdf,1,0209,"जच भागाच्या SEPA तपशील | नवजीवन कालोनी राममंदिर चे, बाबारामदेव मंदीर नवदुर्गा | रचे, श्रीनगर म्युनसिपल मच्छी मार्केटचे बाजू, जय भारत व्यायाम शाळेच्या मागे, पदमानगर न्यू | री, डॉ चंद्रम दवाखान्याच्या मागे, St चंद्रम दवाखान्याच्रूज् मागे, जय भारत व्यायाम शाळेच्या | ळ, भैरी बिल्डींग वाटर सप्लाय च्या बाजुला, जय भारत व्यायाम शाळेच्या बाजुला, सेंटोजन मिल | न्यू कणेरी VSAM, यशवंतचाळ न्यू कणेरी पदमानगर, भैरी बिल्डींग वल्लाभ विलडींग लमी, | र पेल्ली बील्डींग बाजूला न्यू कणेरी | मूळ गांव/शहर |  "
210-BNCMC.Ward_No..pdf,1,0210,"क च भागाच्या हद्दीचा तपशील , | डॉ चंद्रम दवाखान्याच्या मागे, शंकर पेल्ली बील्डींग बाजूला न्यू | मूळ गाव/शहर | री, ders देवी मंदीर समोर वाटर्स सप्ला, 209 तेलीपाडा पदमानगर शंकर टमटमची, नस्का | [स शिवसेना, मोहने टेलर रोन्ता निवास, क्षेत्रीय समाज मंदिरच्या मागे, कमटम सिद्धराम बिल्डींग, | लदेवी मंदिर समोर, पाटारे रोड नाल्याच्या बाजुला, नविन कणेरी अलंकर टाकीजच्या परिसर | "
211-BNCMC.Ward_No..pdf,1,0211,"च भागाच्या SEPA तपशील | पदमानगर न्यु कणेरी, पोला राजच्या बिल्डींग, पोतू राजच्या | डींग, सत्यनारायण निवास पदमानगर, पोतुदयाकर बिल्डींग हनुमंतानरसया, पालादयाकर बिल्डींग | तानरसया बि, मंगला बिल्डींग मायाना निवास बालाजी प, बोगा बिल्डींग दिव्यानंदसेवा समिती | , चाटला निवास धर्माचाळ देवराज चेन्ना, चाटला निवास राजुचाळ धर्माचाळ दवारा, परदेशी | डींग रेशनिंग दुकान धर्मा च, इंगा सेठ बिल्डींग समोर दिव्यानंद सेवा, सुर्यकात बिल्डींग समोर | PIT अपट, सुर्यकाला बिल्डींग समोर सुर्यकाला अपाट, बोबडे कंपाउंड कामुली बिल्डींग समोर, | [या नामन चाळ कस्तुरी बिल्डींग सलय, लक्ष्मीबाई चाळ गणेश हॉटेल गाजुल eA, कमटम | खान्यासमोर मिट्टेपेल्ली fa, शंकर निवास मेरगु निवास कमटम SRE, न्यु कणेरी पदमानगर, | | निवासपकुलचाळ समोर खालचा भा, छाया बिल्डींग समोरचा भाग पदमानगर, मोगली बिल्डींग | "
212-BNCMC.Ward_No..pdf,1,0212,"a! भागाच्या हद्दीचा तपशील , | छाया बिल्डींग, मोगली बिल्डींग व बाजूचा परिसर पदमा, अमृत | मूळ गाव/शहर | SUSAR, भिवंडी पदमानगर भगवान सेठ, अनुसा हॉटेल वरली भिमराज बिल्डींग, गायत्रीनगर | TAR चाळ पदमानगर, भगवान शेठची बिल्डींग व तीचया मागील, गायत्रीनगर रस्ता पदमानगर, | प लक्ष्मण बिल्डींग, आडेप लक्ष्मण बिल्डींग व समोरचा, चंद्रया कमटम बिल्डींग व समोरचा | "
213-BNCMC.Ward_No..pdf,1,0213,"nee PE भागाच्या हद्दीचा तपशील , | पदमानगर न्यु कणेरी उपलयया बिल्डींग, पदमानगर न्यू कणेरी | मूळ गाव/शहर | Ie नगर पद, न्यू कणेरी व वेमूल बिल्डींग बाजूचा भा, म्याकल बिल्डींग न्यू कणेरी पदमानगर, | पकुल चाळ गायत्रीनगर रोड न्यू कणू, कोंडा निवा आडेप निवास बाजुया परिसर, पोनु लक्ष्मण | डींग व समोरचा भाग | "
214-BNCMC.Ward_No..pdf,1,0214,"a भागाच्या हद्दीचा तपशील कामतघर पदमानगर, दाशिका | कल ते दिपीका बार पर्यंत, दिपीका बारच्या समोरचा परीसर, | त नारायण चौक, गडूडम निवास सोनारपाडा, Ast निवास सोनार | डा, निळकंठेश्वर मंदिर जवळ व बलराज बि | मूळ गांव/शहर |   "
215-BNCMC.Ward_No..pdf,1,0215,"mee भागाच्या हद्दीचा तपशील कामतघर पदमानगर, अलका हॉटेल | नुला गणेश टाकीज समो, मंदीरजवळ सोनार पाडा, वेणुभाई चाळ | नार पाडा, एस एम बिल्डींग समोर ताडी दुकानजवळ, सरकारी | TAMAS सोनारपाडा | मूळ गांव/शहर |   "
216-BNCMC.Ward_No..pdf,1,0216,"क भागाच्या हद्दीचा तपशील कामतघर पदमानगर, मार्कण्डेय | र सोनार पाडा विहीरसम, किराणा दुकानसमोर पदमानगर, गणेश | लीज समोरची गल्ली मार्कण्डेन | मूळ गांव/शहर |   "
217-BNCMC.Ward_No..pdf,1,0217,"a भागाच्या हद्दीचा तपशील बाबुशेठ चाळ पदमानगर भिवंडी, | मंदिर मूळ गांव/शहर | [मंदिर समोर नवजीवन कालनी पदम 4 |  "
218-BNCMC.Ward_No..pdf,1,0218,"न. भागाच्या SEPA तपशील | बाबुशेठ चाळ झोपडपटी परमानगर गणे, शशीशुंघा चे बाजुला | T टाकीज, चक्रपानी केबल च्या बाजुला, नवजीवन कॉलनी पदमानगर न्यू कणेरी, कस्तुरी | डींग गणेश टाकीज, नवजीवन कॉलनी बी व बोतल लमण बिलू, भैया बिल्डींग नविन मंगल | लिय समा, भैया बिल्डींग चे बाजुला चक्रमानी Hard, बैठी चाळ बिहीर जवळ चक्रमानी | लच, इराबलीन बिल्डींग एस मलयसम समोर, गाजुल बिल्डींग यमुलनरसया चे बाजुला, चक्रपानी | Td | म केबल च्या बाजुला, सागर देशी बार च्या वरती दुसरा मजला, बालाजी झोपडपटी दत्तामंदीर भिवंडी | श्री, बालाजी झोपडपटटी दत्तामंदीर रोड  मूळ गांव/शहर | "
219-BNCMC.Ward_No..pdf,1,0219,"जा आच भागाच्या SEPA तपशील , | भिवंडी, पदमानगर न्यु कणेरी, दत्ता मंदिर चे समोर कोंडा बिल्डींग] मूळ गाव/शहर | कोडा बिल्डींग पहला मजला दत्ता मंदीर, कस्तुरी बिल्डींग दत्ता मंदीरच्या समोर, रशन दुकान 33 | बाजुल पदमानगर, रेशन दुकान SAT पाठीमागे दत्तमंदीर, श्रीनिवास भवन पहला मजला दत्ता | र, श्रीनिवास भवन च्या बाजुला दत्तामंदीर, श्रीनिवास बिल्डींग च्या मागे परमानगर नू, बाबुशेठ | PATH बाजुल पदमानग्‌, दत्तुकेबल चे बाजुला बाबुसेठ चाळ पदा, रेशन दुकानच्या मागे | [जी झोपाडपट, राममंदिर जवळ नवजीवन कॉलनी, एस मलेशम बिलडींग च्या, कसतुरी बिल्डींग | ठी मागे, श्री लक्ष्मण भोईर चाळ पदमानगर न्यू कण, श्री रत्तुकेबल वाले चे बाजुला, चितन्नाम | डींग दूर्गा हाटैलचे बाजूला, मधु बिल्डींग सावंत चाळ पदमानगर, बालाजी मंदिर समोर ST | डींग जव, ज्योती टेलर्स करला बिल्डींग बाजूला, बालाजी झोपडपटी दत्तमंदिर रोड | "
220-BNCMC._Ward.pdf,1,0220,"ae PE भागाच्या हद्दीचा तपशील कामतधर काशीनाथ नगर आशीर्वाद | र, काशिनाथ नगर कामताघर, आशीर्वाद नगर कामतघर, कामतघर | वसेना ऑफीस मागे, कामतघर फेणा रोड जवळ, कामतघर | कलीया हायसकुलच्या बाजुला | मूळ गांव/शहर |   "
221-BNCMC._Ward.pdf,1,0221,"a, भागाच्या हद्दीचा तपशील कामतधर काशीनाथ नगर आशीर्वाद | र, आशीर्वाद कामतघर, वार्ड नं 17, साई बाबा मंदिर जवळ, | शीर्वाद नगर रोड वरील मनदारा, हनुमान मंदिर जवळ कामतघर, | गु संगमचया जवळ | मूळ गांव/शहर |   "
222-BNCMC._Ward.pdf,1,0222,"nee ee भागाच्या हद्दीचा तपशील वार्ड नं 17 विनायक नगर | RAR, तडाली कामनघर रोड गणेशनगर, आर्शीर्वाद नगर रोड | Tap नगर, विनायक नगर डी 14 चाळ, विनायक नगर इ 1 चाळ, | Tap नगर इ 2 चाळ, विनायक नगर गटाराजवळ, विनायक नगर | TH जवळ | मूळ गांव/शहर |   "
223-BNCMC._Ward.pdf,1,0223,"क भागाच्या हद्दीचा तपशील कामनघर शिवाजी नगर 2, हनुमान | R जवळ शिवाजी नगर, निर्मल सार्वजनिक शैचाल्या जवळ, | वाजी नगर रस्त्या जवळ, फेणा रोड वर, शिवाजी नगर विहारी | मूळ गांव/शहर |   "
224-BNCMC._Ward.pdf,1,0224,"wee FE भागाच्या हद्दीचा तपशील | वार्ड न॑ 17 कामनघर गणेश नगररोड, भिवंडी नि. श. म. | विहीरी जवळ गणेश नगर रोउ, आर बी एल कॉलनी रोड, वार्ड न॑ 17 कामतघर गणेश | रोड, गणेशनगर रूपी बिल्डींग, तोलंगना बिल्डींग, शंकरशेठ चाळ, वन्हालदेवी अपार्टमेंट | मूळ गांव/शहर |   "
225-BNCMC._Ward.pdf,1,0225,"az भागाच्या हद्दीचा तपशील वार्ड नं 17 कामनघर गणेश | मूळ गांव/शहर | र, गणेश नगर रोड 8 लाईन 4 |  "
226-BNCMC._Ward.pdf,1,0226,"meet भागाच्या हद्दीचा तपशील बार्ड न॑ 17 कामतघर गणेश | ररोड, तोलंगना बिल्डींग, वन्हालदेवी अपार्टमेंट, वार्ड नं 17 | मनघर ताडाली भाग नगर, कामतघर ताडाळी रोड, भाग्यनगर रोड, | Iai सडास जवळ | मूळ गांव/शहर |   "
227-BNCMC._Ward.pdf,1,0227,"mee PE भागाच्या हद्दीचा तपशील वार्ड न॑ 17 कामतघर | यनगररोड, कामतघर ताडाळी रोड, कामनघर भाग्यनगररोड, | यनगर ताडाच्या झाडा जवळ, ताडाच्या झाडाच्याउजण्या बाजूला | मूळ गांव/शहर |   "
228-BNCMC._Ward.pdf,1,0228,"meee भागाच्या हद्दीचा तपशील कामनघर भाग्यनगररोड, ताडाच्या | डाच्याउजण्या बाजूला, ताडाच्या झाडाच्या बाजुला पाण्याची बावड, | याच्या विहीरीच्या बाजुला, कामनघर हनुमाननगर, हनुमान मंदीर | मूळ गांव/शहर |   "
229-BNCMC._Ward.pdf,1,0229,"आ PE भागाच्या हद्दीचा तपशील कामतघर हनुमाननगर ताडाळी, | मान नगर रोडच्या उजण्या बाजुला, हनुमान नगर चालन 15 | ळ, हनुमान मंदिर मागे नविन ताडली रोड, हनुमान मंदीर भागे | [शेठ यचाळ, हनुमान मंदीर च्या भागे | मूळ गांव/शहर |   "
230-BNCMC._Ward.pdf,1,0230,"aa भागाच्या हद्दीचा तपशील | हनुमान मंदिर मागे नविन ताडली रोड, हनुमान मंदीर च्या भागे, | ताघर रामुशेठची चाळ ताडाली रोड, रामुशेठी चाळ हनुमान मंदिरचा मागे, नंदुशेठची चाळ, | शेठची चाळ, विष्णु चौधरीची चाळ जुनी लाडाळी ओवळ, रूपेश चौधरी चाळ, गणपता शेठची | 5, रामुसेठची वे पांडुरंग चौधरी चाळ | मूळ गांव/शहर |   "
231-BNCMC._Ward.pdf,1,0231,"जच भागाच्या हद्दीचा तपशील | फारूक बिल्डिंग क॑ धामणकर नाका, फारूक बिल्डींग पटेल क॑ | णकर भिवंडी, पटेल कंपाउंड धामणकर नाका Mast, अशफाक बिल्डींग पटेल कंम्पा धामणकर | सिद्दीकी पटेल चाल बिल्डींग मजीद समोर, जाकीर मंजील समोर उर्दू शाळा मदरशी, धामनकर | T सरस्वती स्वामील ब नाका, पोलादार शाळा कॉटर्स परिसर धामनका, भिवंडी निजामपुर | पालिका कॉलेज, जयगुरू धाम हिरालाल चाळ, पटेल क॑ धामणकर नाका, ऐंबेसेटर हॉटेल जवळ | MT, मशिद जवळ रशिद मंजील व परिसर, मौलाना जिलानी बिल्डींग, दिनमोहम्मद मंजील | मूळ गांव/शहर |  "
232-BNCMC._Ward.pdf,1,0232,"द भागाच्या हद्दीचा तपशील पटेल क॑ धामणकर नाका, बाबा | आंबेडकर मूळ गांव/शहर | रेल आंबेडकर नगर, ऐरनवाडी तिसरी गल्ली 4 |   "
233-BNCMC._Ward.pdf,1,0233,"mz भागाच्या हद्दीचा तपशील पटेल क॑ धामणकर नाका, | मोहम्मद मंजील, अन्वरी बिल्डींग नौशाउ हॉटेल जवळ, हनाना | न बिल्डींग, भिवंडी, वन्हाहदेवी नगर कामलाघर रोड | मूळ गांव/शहर |  "
234-BNCMC._Ward.pdf,1,0234,"mee PE भागाच्या हद्दीचा तपशील भिवंडी, गणेश टिम्बर मार्ट आग्रा | , गुलाब नबी पटेल कंपाउंड चौथी गल्ली, न्यु प्रकाश डांगरवार पूर्व | ग, आग्रा रोड नारपोली पश्‍चिम हिंदुस्तानम, अजमेरनगर | मूळ गांव/शहर |  "
235-BNCMC._Ward.pdf,1,0235,"a, भागाच्या हद्दीचा तपशील | भिवंडी, अजमेरनगर, फेमस टेलरच्या मार्ग, डॉ शमीम चालच्या | ला, दत्तात्रय किराणा समोरंची गलली, सार्वजनिक शौचालय समोर, गरीब नवाज होटल जवळ, | उल रसुल मशीद जवळ, जे पी फोटो स्टुडीयो जवळ, गरीब नवाज eee जवळ मशिदीच्या मग, | जनिक शौचालया समोर डोंगर रावू, गरीबा नवाज होटेल या परिसर | मूळ गांव/शहर |  "
236-BNCMC._Ward.pdf,1,0236,"कक भागाच्या हद्दीचा तपशील नारपोली पालीस स्टेशनच्या | नुला, कैलास नगर ते सई प्रसन्न सोसायटी, साईप्रसन्न सोसायटी ते | र वाडी, श्याम जाधव गलली, नारपोली पालीस स्टेशनच्या बाजुला | , मदरसासमोर कैलासनगर नारपोली ड्या | मूळ गांव/शहर |   "
237-BNCMC._Ward.pdf,1,0237,"ह भागाच्या हद्दीचा तपशील नारपोली पालीस स्टेशनच्या बाजुला | , मदरसासमोर कैलासनगर नारपोली ड्या, तिवारी चक्की जवळ, | ईनाथ सोसायटी पाण्याच्या टाकीजवळ, हनुमान मंदीर जवळ | मूळ गांव/शहर |   "
238-BNCMC._Ward.pdf,1,0238,"wer भागाच्या हद्दीचा तपशील माडली बिल्डींग, भारत कॉलनी | र गेट समोर, हिरा कॉम्पलेक्स भारत कॉलोनी, सबनीरू चाळ शिव | ती बिल्डींग समोर खानदेश बैक साईकृपा बंगला राऊल नगर | डीमशीन शेख चाळ साईनाथ साईनाथ सोसायटी राऊल नगर | डीमशीन | मूळ गांव/शहर |  "
239-BNCMC._Ward.pdf,1,0239,"न भागाच्या SAM तपशील कामतघर पाण्याची टाकी, | शेवंताबाई , मूळ गांव/शहर | [साफलय इमारत, शेवंताबाई चाळ, भोई यांचा बंगला 4 |   "
240-_BNCMC_Ward.pdf,1,0240,"a भागाच्या हद्दीचा तपशील भोसले बिल्डींग, चौधरी कंपाउंड, | शी विश्वनाथ चाळ, सुभाष शेठ चाळ चरण शेठचाळ, चौधरी | Ts यादव कॉलनी, दिप कॉम्पलेक्स बिल्डींग, श्रीदेवी सोसायटी | मताघर | मूळ गांव/शहर |  "
241-_BNCMC_Ward.pdf,1,0241,"क भागाच्या हद्दीचा तपशील ओसवाल पेलेस कामताघर पर्यंत, | गीर ओसवाल, जलाराम कुटीर, अंजुल टॉवर, सुविधी दर्शन, ग्रीन | र, विठठल शेठ चाळ कामताघर, रामदास चौधरी चाळ, भरत | लनी कामताघर | मूळ गांव/शहर |   "
242-_BNCMC_Ward.pdf,1,0242,"a, भागाच्या हद्दीचा तपशील | नरेश नगर वडाचे झाड ते वन्हालदेवी 1, कामतघर नगर मनोज | कर चाळ, कामतघर नगर ओसवाल पार्क रोड, ताडाली रोड कामतघर, मित्रमंडल चाळ | जनिक विहीर जवळ, मानोश्री सदन शिवसेना शाखे समोरी, मित्रमंडळ चाळ सार्वजनिक | RAIS, जुनी काटेकर चाळ न्यू HA नगर शा, न्यु काटेकरनगर नाल्या जवळ, विठठल | री चाळ विहीरीच्या बाजूला | मूळ गांव/शहर |  "
243-_BNCMC_Ward.pdf,1,0243,"क भागाच्या हद्दीचा तपशील , | ब्रम्हानंद चौक समोर लमी चाळी चा बा, गणेश मंदिराच्या बाजुला | मूळ गाव/शहर | सेना शाखा, साकबाई कंपाउंड गणेश मंदीराजवळ, लक्ष्मीचासेच्या बजुला ब्रम्हानंद चौक सम, | ी चाळ ब्रम्हानद चौक समोर, ब्रम्हानंद नगर चौकचा दक्षिण भाग, शिवा एस टी डी च्या मागे | नंद, स्वामी टेलर्स बाजुला ब्रम्हानंद चौक, अरूणोदय टैलर्सच्या बजुचा भाग | "
244-_BNCMC_Ward.pdf,1,0244,"क च भागाच्या SEPA तपशील | मित्रमंडल चाळ सार्वजनिक विहीर जवळ, विठठल चौधरी चाळ | रीच्या बाजूला, रतन चौधरी चाळ ताडाली वाले बाईचा 1, काटेकर नगर तरे कंपासमोर नाटया | कृष्णा हॉटेलच्या भागे ब्रम्हानंदनगर, कृष्णा होटेलच्या बाजुला ब्रम्हानंद चो, सदगुरू भवनच्या | लाकुष्णा हॉटेल म, परमार PROT बाजुला ब्रम्हानंद 1, चाळ 32 ब्रम्हानंद चौक जवळ | मूळ गांव/शहर |  "
245-_BNCMC_Ward.pdf,1,0245,"न भागाच्या हद्दीचा तपशील मच्छिद्र चाळ विहीरीच्या मागे | ऑफीस मूळ गांव/शहर | हान्द, शिवसेना ऑफीस समोर 4 |  "
246-_BNCMC_Ward.pdf,1,0246,"क च भागाच्या SEPA तपशील , | कामतघर ब्रहमाणनंनगर, कामतघर ताडली नाल्याचा दाण कडील | मूळ गाव/शहर | पिठाची चक्कीच्या बाजुची गलली ब त्याच्य पिठाच्या चक्कीच्या बाजुची गल्ली वैष्णव बारकरी | नी मंडल मिरा किराणा दुकानच्या गल्लीतील भाग अमोल किराणाच्या बाजुची गल्ली विष्णु | णाच्या मागील भाग नाल्याच्या दक्षिणेकडील झोपडपट्टी न.पा.संडासाच्या बाजूचा भाग नाल्याच्या | ळील भाग नाल्याच्या उत्तरेकडील भाग | "
247-_BNCMC_Ward.pdf,1,0247,"wee ee भागाच्या हद्दीचा तपशील | रस्त्यापासुन आत गटारी पर्यंत, विष्णु किराणा दुकानच्या समोर | ठल CHAT मंदिराच्या जवळील भाग बालाजी किराणा सारूबाई क्र.न.2 जस्मीन फ्लोअर | च्या जवळ व बाजुची गल्ली भरत किराणाच्या बाजुला पिठाची चक्की व एस.टी.डी.च्या मागील | सुरज किराणाच्या बाजुचा भाग गटारीच्या आजुबाजुला रस्त्यापासुन आन गटारीच्या जवळचा | मूळ गांव/शहर |  "
248-_BNCMC_Ward.pdf,1,0248,"a, भागाच्या हद्दीचा तपशील भिवंडी, ब्रम्हानंद नगर सुरेश | स्वालचे घर, भिवंडी आचल गुरूमंदीर जवळचा भाग, चौधरी | ईकल मार्ट गायत्री मंदीर, भिवंडी पांडुशेठ चाळ, साईनगर आचल | ममंदीर,, गुडडुच्या घरापा सुनचा भाग, चौधरी सायकल मार्ट | [कील भाग | मूळ गांव/शहर |   "
249-_BNCMC_Ward.pdf,1,0249,"a, भागाच्या हद्दीचा तपशील गुडडुच्या घरापा सुनचा भाग, | धरी सायकल मार्ट जवकील भाग, भिवंडी, राजीव गांधी नगर नवी | डाली कंपनी 1, राजीवगंधीनगर झोपाडपटी, राजीव गांधी नगर यांचे | [जवळीत भ | मूळ गांव/शहर |   "
250-_BNCMC_Ward.pdf,1,0250,"a, भागाच्या हद्दीचा तपशील ताडाली कामतघर, नविन ताडाळी | मान मंदीरच्या बाजुल, भिवंडी, अंजुर फाटा मोहन पार्क ओसवाल | न शू, हर्षा अपार्टमेंट नॅशनल बेकरी मागे, आदिवासी पाडा अंजुर | टा आग्रा रोड भ | मूळ गांव/शहर |  "
251-_BNCMC_Ward.pdf,1,0251,"nee PE भागाच्या हद्दीचा तपशील , | भिवंडी, आदिवासी पाडा अंजुर फाटा आग्रा रोड भ, डायमंड पार्क| मूळ गाव/शहर | डन पार्क, गुरूदेव अपार्टमेंट, कामतघर BX फाटा, गुरूदेव अपार्टमेंट अंजुर फाटा रेल्वे, गीला | र्टमेंट रेल्वे स्टेशन रोड, सुखशाली अपार्टमेट रेल्वे स्टेशन रोड, रेल्वे कॉटर्स |  "
252-_BNCMC_Ward.pdf,1,0252,"a, भागाच्या हद्दीचा तपशील कामतघर ताडाळी, लक्ष्मी किराणा | राजीव गांधी नगर, जामुदर पंडीला चाळ,, Tig पेंटरच्या बाजुचा | सर, नवीन ताडाळी | मूळ गांव/शहर |   "
253-_BNCMC_Ward.pdf,1,0253,"a, भागाच्या हद्दीचा तपशील | आबंडकर पुतलाच्या पाठी मागे विनोबाभू, विनोबा भावे नगर | र फाटा, खारबांव रोड, श्रीनिवास येलगेटी याच्या घारसमोरीला, अजुर फाटा शिवाजी नगर, | कर किराणा ते व्ही एम टेलर्स, खारगांव वसई रोड लगत व त्याच्या माग, चन्ने बालकृष्ण यांचे | ते अंजना FA. | मूळ गांव/शहर |  "
254-_BNCMC_Ward.pdf,1,0254,"wee PE भागाच्या हद्दीचा तपशील | अजुर फाटा शिवाजी नगर, चन्ने बालकृष्ण यांचे घर ते अंजना | 1, धनराज राठोड यांचे QR, बंजारा तांडा ते हनुमानमंदीर सुलभ 1, बंजारा तांडा ते हनुमान मंदीर | पर, अजुर फाटा खारगांव बसई रोड ओसवाल, शिवाजी नगर म्हात्रे नगर नारपोली लाल | मूळ गांव/शहर |  "
255-_BNCMC_Ward.pdf,1,0255,"7 भागाच्या हद्दीचा तपशील नर्मदानगर अशोकचाळ, नारायण | ळ नर्मदा नगर, मामाची चाळनर्मदा नगर, आदीवासी चाळ नर्मदा | र, हावरे चाळ नर्मदा नगर, अफजल चाळ नर्मदा नगर, रामचंद्रनगर | पोली, गोने निवास 52 गाला रोड | मूळ गांव/शहर |   "
256-_BNCMC_Ward.pdf,1,0256,"च भागाच्या SEPA तपशील | रामचंद्रनगर नारपोली, गोने निवास 52 गाला रोड, भिवंडी, | तनगर ते नारपोली गांव इंद्र सेठ च, अनंतानगर, प्रयाग चौहाण aes इंद्रसेठ चाळ सुदामे, ते | पोली गांव सुंदराबा, विहीरी पश्‍चिम भाग आणि पूर्व भाग, सोनीबाई रोमीय हायस्कुल पश्‍चिम | अनंत नगर विहिरीया परिसर, विहीरीया पूर्वभाग ताडयाच्या झाडाचा रा, अनंता नगर विहीरीचा | मेस, माणीलाल चाळ अनंत नगर, सुदाम चाळ अनंता नगर विहीरीच्या उत्तरा, अष्पुसलाम चाळ | गडळ | ग जवळ काशीनाथ, वसंत हॉटेल भागे सुंदराबाई चाळ, अनंतनगर नगर वसंत हॉटेलचा परीसर भिवंडी | प्रीमी क. पा. रीमीया स्कुल च्या माग, रीमाया स्कुल वरचा भाग समोरचा भाग, रमेश सेठ चाळ तालुका भिवंडी | मूळ गांव/शहर | "
257-_BNCMC_Ward.pdf,1,0257,"7 भागाच्या हद्दीचा तपशील | भिवंडी, नारपोली भंडारी कंपाउंड शांतीसागर 1, आलमदीप बंगला | मूळ गाव/शहर | सागर इमारत, टावरे चाळ लुकाराम चाळ आत्माराम भोर, आलदीप बंगला मारघीठी, इमारत | सागर नारपोली, सी इमारत शांति सागर नारपोली, ई इमारत शांति सागर नारपोली, डी इमारत | सजा | 1 सागर नारपोली, बी इमारत शांति सागर नारपोली, ए इमारत शांति सागर नारपोली, जुनी | सागर नारपोली, साई संकल्प प्रोव्हीजन जनरल स्टोर्स, ए इमारतचा मागची इमारत, नगरसेवक | ASS | 1 टावरे च्या बंगलच्यासम | "
258-_BNCMC_Ward.pdf,1,0258,"7 भागाच्या हद्दीचा तपशील नारपोली, शांति सागर जकात नाका | श्री मोता, वसंत पाटील चाळ वसंत पाटील यांचे ब, कै बालु | क्र समोर मातो श्री ATCA, शांस्त्री सागर समोर प्रकाश पाटील | ळ, मंदीर समोर, शांती बंगला | मूळ गांव/शहर |   "
259-_BNCMC_Ward.pdf,1,0259,"क भागाच्या aM तपशील ओसवाल हॉल समोर, नारपोली | टविनायक बिल्डींग जलारामन, कैलाश दर्शन नारपोली बिल्डींग | TA, देवजीनगर मोमाई मंदिर पासून तुलस | मूळ गांव/शहर |  "
260-_BNCMC_Ward.pdf,1,0260,"क च भागाच्या SEPA तपशील , | साठेनगर, अविनाश खांडे यांच्या घरापासुन अण्णा भउ, अष्णाभाउ| मूळ गाव/शहर | णा स्टोर्स पासुन ते Feld, नेशनल इंगलिश मिगीराम हायसकुल पास, शिवसाई इंजिनियरिंग | TH पुढे ओसा, अण्णभाउ साठे नगर, अण्णभाउ साठे चौक साठेनगर ते नॅशनलइ, नेशनल | प्रकाश हायस्कुल समोरचा भ, अधिकृत रेशनिंग दुकानाचा मागचा भाग 1, सार्वजनिक संडासाचा | चा भाग रामन, पाण्याच्या टाकीच्या समोच्या भाग साठे न | "
261-_BNCMC_Ward.pdf,1,0261,"nee PE भागाच्या हद्दीचा तपशील अण्णभाउ साठे नगर, पाण्याच्या | हीच्या समोच्या भाग साठे न, शिवराज दुकानचा मागचा भाग ते | ना, भावानीदुकानचा मागचा भाग रामनगर स, सार्वजनिक | चालय समोरील भाग नॅशा, भिवंडी, साठेनगर नारपोली | मूळ गांव/शहर |   "
262-_BNCMC_Ward.pdf,1,0262,"nee च भागाच्या SEPA तपशील , | भिवंडी, देवजी नगर साठेनगर एकता नगर, रोहिदास नगर मारूती | मूळ गाव/शहर | र्‌ शैचालय, रोहिदास नगर मारूती मंदीर समोर, रोहिदास नगर सार्वजनिक शोचालया च्य, | नगर सारावराबाई बगाडे यांचा शे, साठेनगर रिमीटरचा बाजूला, झोपडपटटी रिपीटरचा लगत | ची टे, कृष्णनगर नारपोली रामनगर, रामनगर नारपोली, कृष्ण नगर जितुश च्या कारखानाच्या | "
263-_BNCMC_Ward.pdf,1,0263,"nee भागाच्या हद्दीचा तपशील कृष्णनगर नारपोली रामनगर, | नगर नारपोली, रामनगर कुष्णा नगर नारपोली, रामनगर चौकच्या | चम भाग | मूळ गांव/शहर | मंडळ भिवंडी |   "
264-_BNCMC_Ward.pdf,1,0264,"कक भागाच्या SEPA तपशील | जय भवानी भोजनालय आतीय भाग भंडारी, भंडारी कपंक्षउड | ra चौकी समोरील सार्वजनिक बिहोरीजवळचा परीसर कै.बाळु गणपत पाटील चौकच्या | मेस संजय भोईर चाळ वर्मा टेलरच्या मागुन ट्रन्सफारमर जवळ लहांगे आदीवासी चाळ | टेलच्या डाव्या बाजुला सार्वजनिक विहीर | मूळ गांव/शहर | मंडळ भिवंडी |   "
265-_BNCMC_Ward.pdf,1,0265,"न भागाच्या aM तपशील भंडारी hor चौक नारपोली, भंडारी | मूळ गांव/शहर | Ts नारपोली जे के स्टील म (XG | मंडळ भिवंडी |  "
266-_BNCMC_Ward.pdf,1,0266,"ह भागाच्या हद्दीचा तपशील [ब्रजेश किराणा स्टोअर राजू महेता | ळ, दोस्ती हाटेल पासून वंदना हाटेल पर्य, नर्गिस बिल्डीग वरील | तील भाग, हरीश चंद्र किराणा स्टोअर चा परीसर, मजीद चाळ | AT, राजु मेहता चाळ, बालाजी नगर, पटैल जनरल स्टोर | मूळ गांव/शहर | मंडळ भिवंडी |  "
267-_BNCMC_Ward.pdf,1,0267,"— भागाच्या हद्दीचा तपशील | बालाजी नगर, म्यूनिसफिल पाण्याचा छोटया टाकीचा परी, लहांगे | मूळ गाव/शहर | गी चा ट्रासफारमर जवळ, लाल चंद दुकान पाण्याची टाकी जवळ, ताडयाचा झाडा जवळचा | ,, म्यूनिसपिल पाणी चा टाकी जवळ, मुर्गे सतयया चा चाळ च्या थोडे पुडे, मुर्गे चाळ पूर्वेस | री कंपोड रोंड च्या बाजुस, ताडाचा झाडा जवळ ट्रान्सफारमर लगतूअ, मिनिसपिल पाण्याची भिवंडी | । पाण्याची टंक, डालर हाटैल चा खालचा परिसर, मधुकर जगताप चा घराला लागुन, मुनसिपाटी | PSs भिवंडी | Ta टाकी लगत, लहागे चाळी चा आतील भाग, एस एस टेलर समोर चा गली, एस एस टेलर तालुका भिवंडी | र चा गलीत | जिल्हा ठाणे | "
268-_BNCMC_Ward.pdf,1,0268,"लि भागाच्या SEPA तपशील | ars 23 विटल नगर नारपोली, इंडीया पावर लाडीचा मागे | पोलीना, देविदास कुदन म्हाचे चाळ भिवंडी Het, देविदास चाल विहीरचा बाजुला नारपौी, इडिया | र्‌ लाडीच्या मागे नारपोली नलू नकाते कंम्पा पंपच्या बाजुला व बि.समोर द्वारकास | शतलादेवी मंदिरा समोर आलमशेठ चाळ इकबाल शेठची चाळ कासीम चब्बीवाला चाळ किसन भिवंडी | ते चाळ मुर्तुजा बिल्डींग महफील फैजनुरी मदरसा बाजुला भिवंडी नर्सरी हायस्कुलच्या मागे रतन | गॅडळ भिवंडी सर्कल | RAT मागे सुरेश पंडीतची चाळ  मूळ गांव/शहर |  "
269-_BNCMC_Ward.pdf,1,0269,"डी. भागाच्या SEPA तपशील , | arg न 23 नारपोली विठठल नगर, शांताराम चाळ रतन टाकीज | मूळ गाव/शहर | विटटलू्‌ बिलार सरदार चाळ गोजुल बि.लक्ष्मण FHT चाळ हनिफ कुदरत चाळ बॉम्बेबाला चाळ | fag वाघे चाळ पंडीत चाळ बॉम्बेवाला चाळ नं.11 विजय प्रोव्ही किराणा दुकानाच्या मागे | राम पंडीत चाळ अह.मुकादम चाळ नं.12 बजीर मुकादम चाळ नं.12 मास्टर बि.मुश्तार सेठ | 5 बारक्या देवु टावरे चाळ खबीनी बि.नाल्याच्या बाजुला | मंडळ भिवंडी सर्कल |  "
270-_BNCMC_Ward.pdf,1,0270,"—— भागाच्या हद्दीचा तपशील | वार्ड न 23देवजी नगर नारपोली, भंडारी कपा तुलसी अपार्टमेट | पोली, भंडारी कपा बलराज कोडी बिल्डीग सदग, कोडा बिल्डीग बाजुला मोमाई मंदीर या, राम | रे चाळ राशन दुकान समोर दे, भागुराम चाळ देवजी नगर, शिवजी सेट चाळ देवजी नगर, सिंग | ब चाळ देवजी नगर, फैजल रहमान चाळ देवजी नगर, देवू शेट चाळ देवजी नगर, वार्ड न | Sst नगर नारपोळी, राजेन्द्र कुमार मिश्रा चाळ देवजी नगर, राम दुलार राजभटट चाळ देवजी | रामदुलार राजभर चाळ देवजी नगर, मेवालाल गुप्ता चाळ देवजी नगर, नारायण सेठ चाळ | it नगर, शिवशंकर सोमनाथ देवजी नगर हनुमा, वार्ड क्र 23 देवजी नगर, शिवाजी मोरे हनुमान | राचा मागे | मूळ गांव/शहर | मंडळ भिवंडी सर्कल |  "
271-_BNCMC_Ward.pdf,1,0271,"7 भागाच्या हद्दीचा तपशील वार्ड क्र 23 देवजी नगर, शिवाजी | । हनुमान मंदीराचा मागे, प्रंशत नगर अशोक नगर नार पोली, नाथा | बिल्डीग प्रंशात नगर अशोक नग्‌, शितला माता मंदिर देवनगर | पोली | मूळ गांव/शहर |   "
272-_BNCMC_Ward.pdf,1,0272,"mz भागाच्या हद्दीचा तपशील हनुमान मंदिरचा समोर बालाजी | र, हनुमान मंदिर समोर बालाजी नगर, गंगाराम वाडी शंकर टावरे | न्य पाटिल्‌ | मूळ गांव/शहर |   "
273-_BNCMC_Ward.pdf,1,0273,"mee PE भागाच्या हद्दीचा तपशील गंगाराम वाडी शंकर टावरे विज्य | Se, धीरूभाई चाळ काशीनाथ चाळ मुळागंगाध, धीरू भाई चाळ | नाजी नगर, मुळा गंगाधर विल्डीग चाळ, दिगम्बर बिल्डीग, टावरे | ळ अग्रवाल प्रोसासया मागे बालू | मूळ गांव/शहर |   "
274-_BNCMC_Ward.pdf,1,0274,"च भागाच्या SEPA तपशील | गंगाराम वाडी शंकर टावरे विज्य पाटिलू, बालाजी नगर विजय | ल बिल्डीग, न्यू टावरे कंपाउड चा बाजुला, नारपाली न्यू टावरे क सार्वजनिक विही, न्यू टावरे | उड चा बाजुला हॉटेल ब्‌, मारूति टावरे यांचा एस टी डी चा मागे, प्रकाश टावरे चाळी चा मागे, | श टावरे चाळीचा बाजूला, मारूति Sat चाळीचा बाजुला, मारूति टावरे चाळीचा जबळ | जनिक, सितराम निवासचा मागचा बाजुला, तुकाराम टावरे चालीचा बाजुला, शाम बारचा समोर, | बारचा समोर न्यू टावरे कपांउड, हाटेल बसंत च्या समोर, हॉटेल वसंत चा मागे, मारूति टावरे | एस टी डी मागीच, शान बरचा समोरील कारखाना चामागं, अगरवाल डाईंग च्या बाजूला, अशोक | चा बाजुला, बाबू शेट बिल्डीग चा मागे, बालाजी हिंदी हायस्कूल समोर, दर्गारोडच्या बाजुला, | जी हिंदी हायस्कूल जवळ, बाजाजी हिंदी हायस्कूल मागें, न्यू टावरे कंपाउड चा मागे, मनी बाई | "
275-_BNCMC_Ward.pdf,1,0275,"nee PE भागाच्या हद्दीचा तपशील | भरत टावरे चाळी जवळ क्रमांक, नारपाली मनिबाई कपाउंड | ला, नारपाली सिताराम ARTA मागे, नारपाली न्यू SER कंपाउड जवळ, नारपाली हाटेळ | गा या मागे, सिताराम निवास चा मागे, हाटेल प्लाजा जवळ, मनिबाई कपाउड चा मागे, काशिनाथ | सजा | मूळ गांव/शहर | रे चाळी समोर |  यादी भागातील सहायकारी | मतदान केंद्राची संख्या : | शहरी | निरंक | मतदान केंद्राचा तपशील :"
276-_BNCMC_Ward.pdf,1,0276,"nee PE भागाच्या हद्दीचा तपशील मनीबाई कपाउंड बाजुला क्रं ते | 7, मनीबाई कंपाउड चा बाजुला देवनगर ना, भंडारी कंपाउड चा | नुला दर्गा रोड ज्‌, भंडारी कंपाउड चा बाजुला देवनगर ना | मूळ गांव/शहर |   "
277-_BNCMC_Ward.pdf,1,0277,"wee PE भागाच्या हद्दीचा तपशील | धामणकर नाका तृप्ती प्न्लाजा नासीराबाद, नगर पालिका | नशमन धामणकर नाका, माधव नगर मजिदी चाळ, माधव नगर जलील शेठ चाल, अमिना | उड माधव नगर पानसन जेठाक्षू, अमिना कंपाउड माधव नगर पानसेन जेटा, अमिना कंपाउड | राना बिल्डीग | मूळ गांव/शहर |  "
278-_BNCMC_Ward.pdf,1,0278,"कळ च भागाच्या SEPA तपशील | सोमा नगर माधव नगर धा.नाका, सोमा नगर सरदार चाळ व | पर, सोमा नगर बोअर वेळ सामोर नासीराबाद मस्जिद परिसर माधव नगर अंजुमनच्या समोर | नगर उर्दुशाळे समोर मदारीचा चाळ युसुफ चाळ सोमानगर सायजिगच्या मागे पक्की विहीर | मूळ गांव/शहर | [ची चाळ सौदागर बि.बाजुला | ल शेठ चाळ अब्बास सेठ चाळ कळमी बि.पुटवाळे चाळ सोमा नगर उर्दु शाळा क्र.63 च्या मागे | WSS |   "
279-_BNCMC_Ward.pdf,1,0279,"ह भागाच्या हद्दीचा तपशील अमिना कंपाउड माधव नगर | [सन Bote, अमिना कंपाउड नाजराना बिल्डीग, धामणकर नाका | ळ शामा नगर नारपी, रहमतुल्ला चाळी | मूळ गांव/शहर |   "
280-_BNCMC_Ward.pdf,1,0280,"क च भागाच्या हद्दीचा तपशील | शामा नगर नारपोली, सोनी बाई कमपाउंड सुनार रमेश बिल्डी, | | बाळा चाळ शमानगर मस्जीद जवळ, अशोक केम्प फैयाज सेट चाळी, freee नगर नारपोली, | T मैस्त्री चाळी, नारायण टावरे ईमारत, परमांनद चाळी रतन टाकीज मागे, फातीमाबाई चाळी | टल नगर रोड, यास्मीन ईमारत, महादेवनिवास HOT Het चाळी, कुदरत चाळ व पंडित चाळ, | TS चाळ आदर्श व्याम शाळे समोर, काशिनाथ भवन मनी भवन रतन टाकीज ज्‌ | मूळ गांव/शहर |  "
281-_BNCMC_Ward.pdf,1,0281,"wee PE भागाच्या हद्दीचा तपशील गायकर कम्पाउड विटटल नगर | पोली, गायकर केम्प विटटल नगर रोड चश्मे रहमत मस्जिद जवळ | गाल चाळ व मुंबई चाळ वलीमुल्ला चाळ चश्मे रहमत मस्जिद मागे | [क सेठ चाळ अली हुसैन चाळ | मूळ गांव/शहर |   "
282-_BNCMC_Ward.pdf,1,0282,"nee PE भागाच्या हद्दीचा तपशील | भिवंडी न्यु कणेरी पदमानगर, मंगल भवन आग्रा रोड, तिरूपति | र्टमेट आग्रा रोड गिरीराज अपार्टमेंट आग्रारोड राहुल अर्पाटमेंड आग्रारोड ओमनिवास तिरूमला | [स मल्लेशाम निवास तेलीवाडा पोगुल निवास हत्ती सायजिंग भावना क्रहषी नगर | मूळ गांव/शहर | मंडळ भिवंडी |   "
283-_BNCMC_Ward.pdf,1,0283,"mee i भागाच्या हद्दीचा तपशील येतुल बिल्डीग बी बिग गीता मंदिर, | मरे कंपाऊड व अरिहंत तेळी पाडा आग, धामणकर नाका भाजी | be रोड जवळ, धामणकर नाका जवल रोड पदमानगर, गीता | Re जवळ पदमा नगर | मूळ गांव/शहर | मंडळ भिवंडी |   "
284-_BNCMC_Ward.pdf,1,0284,"चह. भागाच्या SEPA तपशील | पी टी आई रोड दत्‌ मंदिर जवळ पदम, पी टी आई स्कूल रोड | मंदिर जवळ पा, बत्त्तुल निवास गीता कंप पदमानगर, पदमानगर पोलीस स्टेशन गीता मंदिर, | न निवास गीता मंदिर मागे पदमान, आकुल निवास दत मंदीर जवळ पदमानगद, गोपाल सेट | स श्री वेंकटेश मंदिर 1, तिरेन सेट निवास श्री वेकटेश मंदीर पू, उसकोयळा नरसाचा निवास | | आई रोड, आगवळा निवास पवार ट्रासपोट आफीस र, कुसुम निवास आशीष टाकीज पदमा | |, सुनदा अपार्टमेंट बाटर रोड पदमानगर, उप्पल निवास दत्त्त मंदीर रोड पदमानगर | मूळ गांव/शहर | मंडळ भिवंडी |  "
285-_BNCMC_Ward.pdf,1,0285,"आ भागाच्या SEPA तपशील , | शेवंती चाळ न्यू पदमानगर कालेज रोड, सोसायटी चाळ हनुमान | मूळ गाव/शहर | र्‌ समोर ध, हनुमान मंदीर चा पाटी मागे धामणकर, स्वामी समर्थ कुपा बिलडीग वाटर सप्लाय, | T अपाटामेंट म्यूनिसपिल वाटर सप्ला, पटारे कंपम हनुमान मुंदीर जवळ, शळसी रायजिंग | णकर नाका पोसट, टिरपे काटर्स बी एक एम कालैज समोर, साईनाथ केप हनुमान मंदीर जवळ, | गान चाळ म्युनसिपिळ वाटर सप्लाया, शेवंती वाई चाळ न्यू पदमा नगर कालेज | "
286-_BNCMC_Ward.pdf,1,0286,"वड. भागाच्या SEPA तपशील | कठोरी तेळी पाडा लश्मी सामील, भिवंडी कवेरी तेळी पाडा लश्मी | मिल, भिवंडी कठोरी dat पाडा हिंदुस्तान स्‌, कठोरी तेळी पाडा व सभेवताळी परीसर, शितळ | टैमेट सभोवतालचा परिसर, तेळी पाडा अर्जुन पाटील चाळ परीसर ते, तेळी पाडा हासन बाग | वताली परिस, मातुछाया अपार्टमेंट व परीसरा ते धामा, कठोरी तेळी पाडा साईराम अपार्टमेट स, | री तेळी पाडा साई राम अपाटैमेट, कठोरी तेळी पाडा साईराम अपाटैमेट, तेली वाडा नारायण | डीग व सभोवती, तेळी पाडा कृष्णा शेटे बिल्डीग ते रमेश | मूळ गांव/शहर | मंडळ भिवंडी |  "
287-_BNCMC_Ward.pdf,1,0287,"ही भागाच्या SEPA तपशील | कणेरी गावदेवी पोलिस चौकी परिसर, कणेरी कोहीनुर मिल पुजा | ल सम, कणेरी महेरा डाईग समोर कमलाबाई च, कणेरी मार्कण्डेय व्यायाम शाळे जवळ गी, सजा | री व्यायाम शाळे समोर जानकी बाई, कणेरी बाळाक्षम पाटील चाळ eae मंजा, कणेरी जगताप | सजा | । पांडुरंग चाळ लेल, कणेरी मरी माता मंदिर समोर SS, HORT नाईक निवास पालीस . भिवंडी | ग सम, कवेरी गावरेशी पोळीस चौकी, कणेरी अमिना मंजिळ सरदार चाळ लारा 1, कणेरी मडळ भिवंडी | चंद कंपाऊड वाणी भवानी बि, कणेरी शांति निकेतन बिल्डींग, कणेरी अजिला बिल्डीग मागे पुजा  मूळ गांव/शहर | "
288-_BNCMC_Ward.pdf,1,0288,"wee PE भागाच्या हद्दीचा तपशील | कठोरी तेळी पाडा साईराम अपाटैमेट, तेली वाडा नारायण | ढीग व सभोवती, तेळी पाडा मरी माता मंदिर बाजुण, तेळी पाडा सोळपुर बिल्डीग ते TERM, | पाडा सोलपुरे बिल्डीग ते TERA, भुसार मोहता मटन Ache पासुन मागी, भुसार मोहल्ला | 1 माकेट पसुन भागी, गोरी वाडा भोले नाथ मंदिरापासुन मा | मूळ गांव/शहर | मंडळ भिवंडी |   "
289-_BNCMC_Ward.pdf,1,0289,"mee PE भागाच्या हद्दीचा तपशील , | गौरी पाडा भोले नाथ मंदिर ज्ञानेश्वरा, ठाणा मंडई रोड, गोरी पाडा | मूळ गाव/शहर | । नाथ ते झानेश्वर, गौरी पाडा सार्वजनिक शौचालय जवळ, बाबा शेट चाळ ते पटेल चाळ, गौरी | [| माळी चाळ, सकूर शेट चाळ, गौरी पाडा माळी चाह, गौरी पाडा मदरसा ते स्टार होटले |  "
290-_BNCMC_Ward.pdf,1,0290,"meet भागाच्या हद्दीचा तपशील गौरी पाडा ते पायळ टाकीज पर्यंत, | . . . मूळ गांव/शहर | [वीर सोसायटी ते टेलीफोन इंदू शे, गोरी क्षपाडा चांदमळ कंम्पाउड सूळ TART | मंडळ भिवंडी |  "
291-_BNCMC_Ward.pdf,1,0291,"क भागाच्या हद्दीचा तपशील | पायल सिनेमा ते अजंठा कंपाउड ते धोबी, गौरी पाडा अजंटा | उड पायल सिनेमा, वाचछर अपार्टमेंट, इलेक्टीक ट्रासफारमर ते दिनेश भोजनाळ, अजित | ढीग ते शाह निवास पाटील कम्प, घनशाम मेन्शन ते विवेक बिल्डीग, नुर मंजिल ते अकरम | Ae, रोशन बाग धोबी तळाव | मूळ गांव/शहर | मंडळ भिवंडी |   "
292-_BNCMC_Ward.pdf,1,0292,"7 भागाच्या हद्दीचा तपशील ठाणा रोड संपूर्ण अजंठा कंपाउड | . . मूळ गांव/शहर | सरा, गौरी पाडा अजंठा कम्पाउंड 4 | मंडळ भिवंडी |   "
293-_BNCMC_Ward.pdf,1,0293,"meee भागाच्या हद्दीचा तपशील भिवंडी कणेरी दर्गा दिवान शाह, | दुल्ला रंगारी बिल्डीग, भिवंडी कठोरी दुर्गा दिवान शाह, याकूब शेट | ळ, आयशा अपार्टमेट, खालिक कंपाउड, कणेरी दुर्गा दिवान शाह, | लिक कंपाउड चाळ पत्रा मस्जिद जवळ | मूळ गांव/शहर | मंडळ भिवंडी |  "
294-_BNCMC_Ward.pdf,1,0294,"क भागाच्या हद्दीचा तपशील कणेरी दुर्गा दिवान शाह, खालिक | TSS चाळ पत्रा मस्जिद जवळ, भिवंडी कणेरी दुर्गा दिवानशाह, | शव नगर | मूळ गांव/शहर | मंडळ भिवंडी |  "
295-_BNCMC_Ward.pdf,1,0295,"mee PE भागाच्या हद्दीचा तपशील कणेरी दर्गा दिवानशाह, बेतुल | पार बिल्डीग ते मुन्नवर शेटची, कठोरी दुर्गा दिवानशाह, कुष्णा चाळ | गंगाराम चाळ, के परशुराम टावरे चौक परीसर, हफीज नगर, | मान नगर, शिवसेना आफीस समोर हाफिजनगर | मूळ गांव/शहर | मंडळ भिवंडी |  "
296-_BNCMC_Ward.pdf,1,0296,"mt भागाच्या हद्दीचा तपशील कणेरी दुर्गा arene, आजमी | र दिवान शाह, दुध बाडी आयशा कंपाउड, सो एन अपाटॅमेन्ट, न्यू | गी पाडा माजी आमदार यांची FAR, दुध वाडी रोशन बाग रोड, | बाडी रोशन बाग नारपोली, दत्ता चाळ टावरे ते रोशन बाग | मूळ गांव/शहर | मंडळ भिवंडी |  "
297-_BNCMC_Ward.pdf,1,0297,"me भागाच्या हद्दीचा तपशील भिवंडी, नईम मंजिल, आजमी | ie, हाजी मंजील, शाह Asie, वकील मंजील, कै परशुराम टावरे | डियम समोर, धोबी तळव मुतुर्जा कंपाउड गौरी पाडा | मूळ गांव/शहर | मंडळ भिवंडी |  "
298-_BNCMC_Ward.pdf,1,0298,"7 भागाच्या हद्दीचा तपशील कै परशुराम टावरे स्टेडियम समोर, | . मूळ गांव/शहर | it तळव मुतुर्जा कंपाउड गौरी पाडा 4 | मंडळ भिवंडी |  "
299-_BNCMC_Ward.pdf,1,0299,"wee PE भागाच्या हद्दीचा तपशील , | गैरी पाडा अंसार सायजिग पासुन बाबु, भोई श्माशान भूमि समोर | मूळ गाव/शहर | चुनी वा दर्गारोड सुपर बि.नईमपठाण दिवाणशहा आक्सा मस्जिद समोर बावु चुनीवाला उमर | जद समोर न्यू गोरीपाडा कै.परशुराम टावरे स्टेडीयम समोर फुरखलिया मस्जिदच्या बाजुला |  "
300-BNCMC._Ward.pdf,1,0300,"nee भागाच्या हद्दीचा तपशील बाबु चुनी वाला समोरील भाग के | शु, बाबु चुनी वाला बिल्डीग समोर व श्री जू मूळ गांव/शहर | मंडळ भिवंडी |  "
301-B.N.M.P._Ward.pdf,1,0301,"क भागाच्या SEPA तपशील | भिवंडी आजमी नगर रस्ता, सिद्रीकी वकिलाचे बंगलाचे दाणेस, | न शाह दर्गाचे उतरेस, बाम्बे बैग हाउस जवळ, टीपू सुळतान मार्ग, सलीम जदी अन्ड जनरल | ्पू जवळ, फैज टेलरचे चे दुकान जवल, सार्वजनिक बोरवेल जवळ, सना मिल्स सेटर चे दाणेस, | क्राफिल अन्जामिल अह यांचे दवाखाना च | मूळ गांव/शहर | मंडळ भिवंडी |   "
302-B.N.M.P._Ward.pdf,1,0302,"wee PE भागाच्या हद्दीचा तपशील , | Ay सुळतान मार्ग, डा काफिल अन्जामिल अह यांचे दवाखाना च,| मूळ गाव/शहर | pith अ जमील यांचे दवाखाना मागे, डा काफिल अ जवळीळ परीसर अजीज जवळी, | ममी नगर रस्ता, अली अहमद चा कारखाना जवळ, खान इकबाल शेढचा कारखाना, नगर | [का चा माळया जवल | "
303-B.N.M.P._Ward.pdf,1,0303,"न भागाच्या हद्दीचा तपशील टीपू सुलतान रस्ता, डा झेड आर | . मूळ MA / ME | वर यांचा दवाखाना | मंडळ भिवंडी |   "
304-B.N.M.P._Ward.pdf,1,0304,"wee PE भागाच्या हद्दीचा तपशील टीपू सुलतान रस्ता, डा झेड आर | वर यांचा दवाखाना, नाला पर जका रस्ता, अल्लाह मेडीकल | कल च मागिल बाजू, अबुल वाहवबचे होटल चाळ, मो इस्लाम ची | न्डीग, अ कादिरा कमरूदिन अन्सारी किराणा दुकर | मूळ गांव/शहर | मंडळ भिवंडी |   "
305-B.N.M.P._Ward.pdf,1,0305,"ee भागाच्या हद्दीचा तपशील भिवंडी शटर महानगर पालिका, | [ सुलतान चौक सार्वजनिक विहीर ज, दिवान शाह तलाब समोर | फेज नगर रे, हाफीज नगर सोने ओलीया मजीद जवळ | मूळ गांव/शहर | मंडळ भिवंडी |  "
306-B.N.M.P._Ward.pdf,1,0306,"wee PE भागाच्या हद्दीचा तपशील , | हिंदुस्तान मस्जिदचा बाजूला, हिंदुस्तान मजिदचा बाजूला, मुरली | मूळ गाव/शहर | मंदिरा जवळ, मुरारी मंदिरा aT AP, गणी Hass मजिद जवळ, मोकाशी चाळ दारूललुम | 5 जवळ, कोकारे चाळ, ताहिर अपारमेट आमदार साहेबचे घर, कोतवाल शाह दर्गा जबळ, | वली रोड, कारवली US कब्रस्तानचा मागे, कारवली रोड पोशमा मंदिर जवळ, ताहिरा अपारमेट | रोड रहीमानीया | "
307-B.N.M.P._Ward.pdf,1,0307,"wee PE भागाच्या हद्दीचा तपशील | करीबली रोड, ताहिरा अपारमेट दर्गा रोड रहीमानीया, मोमीन | द समोर दुर्गा रोड, कोतवाल शाह दर्गा समोर हाफीज नगर, भिवंडी नि.शहर महानगर पालिका, | म मजीद समोर उत्त्तरे कडील बाजू दा, कुदूशिया मोहम्मद हसन चाळ | | मूळ गांव/शहर | मंडळ भिवंडी |   "
308-B.N.M.P._Ward.pdf,1,0308,"ळी भागाच्या हद्दीचा तपशील | करीवली रोड, मोमीन मजिद समोर दुर्गा रोड, हंडी कंपाउड | TTR जवळ, फातीम होटेल समोर हंडी कंपाउड, समंरू बिल्डीग समोर, न पा शाळे जवळ | ह शेटचा मागे समरू, याकुब होटेज जवळ हुडी Hass विही, याकुब होटेल जवळ न पा शाळे | ळ, फातीमा हौटल समोर हंडी कंपाउड | मूळ गांव/शहर | मंडळ भिवंडी |   "
309-B.N.M.P._Ward.pdf,1,0309,"wee PE भागाच्या हद्दीचा तपशील | जुना मच्छि मार्केट ते भोईवाडा पोलीस, भुसार मोहल्ला अवसा | न जवळ, कुवारी बिल्डीग भुसार मोहल्ला मस्जिरद, भोई वाडा शोभा निवास ते भोई वाडा, | पाडा पोलिस स्टेशन जवळ रस्त्या 1, खाक वावडी चा समोरील गौरी पाडा Ta, खाक वावडी | चुनी बालची SRAM, नाचन कंपाउड रस्ता पासुन बाबु वाळर | मूळ गांव/शहर | मंडळ भिवंडी |  "
310-B.N.M.P._Ward.pdf,1,0310,"क भागाच्या SEPA तपशील , | मोमीन मस्जिद जवळ यासीन कंपाऊंड द, खजुरापुरा Hee हाटेज, | मूळ गाव/शहर | ।न मस्जिद परीसर यासीन कंपाउड, चुनी बाला समोर जुला गौरी पाडा कबा, दुर्गा रोड यासीन सजा | ल मस्जिद जवळ, दर्गा रोड मस्जिद जबळ, बाबु चुनी वाला घरा पासुन दर्गा रोड, अपायर टैलर्स | सजा | [सीन मेडीकल जवळ दा | "
311-B.N.M.P._Ward.pdf,1,0311,"_!, भागाच्या हद्दीचा तपशील दर्गा रोड भोई वाडा, नेहाळ | र्टमेट मोमीन Asie समोर, मोमीन बाग दर्गा रोड, भुसार मो | बस्तन समोर, जसीम कम्पा शांताराम भोई चाळ, हाजी कब्रस्तान | मूळ गांव/शहर | मंडळ भिवंडी |  "
312-B.N.M.P._Ward.pdf,1,0312,"m7 भागाच्या हद्दीचा तपशील | ठाणा रोड, केसर बाग मुर्गी बाजार, अयूब मिठाई बाला समोर | RX, मीना बाजार, प्रभु आळी तेली मोहल्ला, प्रभु आळी तेली मोहल्ला, मोटा बाजा मो बाला | Ne जवळ, कुंभार आळी कुंभार वाडा पो स्टेशन, पेटर चाळ कुंभार वाडा पो स्टेशन जवळ, | गर अधिकारी चाळ | मूळ गांव/शहर | मंडळ भिवंडी |  "
313-B.N.M.P._Ward.pdf,1,0313,"nee भागाच्या हद्दीचा तपशील ठाण रोड कणेरी, चीडी यार वाला | ळ कब्रस्तान जवळ, सुपर टावर भारत मेडीकल परीसर, होम पुडेबी | गेरी रोड, आर बी मदरसा वाला मस्जीद जवळ | मूळ गांव/शहर | मंडळ भिवंडी |  "
314-B.N.M.P.Ward_No.28.pdf,1,0314,"mee भागाच्या हद्दीचा तपशील इदगाह रोड स्लाँटर हाउस इदगाह | पड, कत्तलखानयाच्या आवारात,इदगाह रोड भिव्‌, खाडी लगत | TE रोड झोपडपट्टी,इदा, इदगाह रोड झोपडपट्टी इदगाह समोर | मूळ गांव/शहर | मंडळ भिवंडी |  "
315-B.N.M.P.Ward_No.28.pdf,1,0315,"meee भागाच्या हद्दीचा तपशील खाडी लगत इदगाह रोड | पडपट्टी,इदा, इदगाह रोड झोपडपट्टी इदगाह समोर, मेमनमस्जीद | डेल मोहल्ला तकीया अमि, मेमनमस्जीदच्या मागे तांडेल मोहल्ला | मूळ गांव/शहर | मंडळ भिवंडी |  "
316-B.N.M.P.Ward_No.28.pdf,1,0316,"nee PE भागाच्या हद्दीचा तपशील इईदगाहरोड/हमाळनाळा/तंडेळ | ल्ला, तांडेल मोहल्ला इदगाई रोड बंदर, तांडेल मोहल्ला इदगाई | 5 अहमद रजा, तांडेळ मोहल्ला इदगाई रोड मेमन मशइ, सुतार | ळी भिवंडी | मूळ गांव/शहर | मंडळ भिवंडी |  "
317-B.N.M.P.Ward_No.28.pdf,1,0317,"जि. भागाच्या SEPA तपशील | तांडेळ मोहल्ला, इमाम अहमद रजा चौक तांडेल मोहल्ला, रस्सी | ग चाळ तांडेल मोहल्ला, इदगाह रोड जबळ तांडेल मोहल्ला, नवीन मशीद समोर तांडेल वाडा, | [ना शाह THAT ईदगा रोड जवळ तो, अमिना शाह तकिया स्कुल तांडेळ मोहल्ला, अमिना शाह | या स्कुल जवळ तांडेल म, फकी कंपाउंड ते मदीना हाँटेल, अमिना शाह तकीया मशीद जवळ | 1 aS, SAT साह THM फकी कंपाउंड, अमिना शाह तकीया सार्वजनीक फिकी जवळ, | [ना शाह तकीया फकी कंपाउंड कारी, अद्दाउला कयुमा मसिद इदगा रोड, अमिना शाह THAT | डींग इदगा रोड ज, अद्दाउला कयुमा माशीदच्या समोर,इदगा रा, धोबीघाट करीवली रोड, गणपती | र्‌ कारीवली रोड जवळ धोक्षू, फकी कंपाउंड स्लाटर हाऊस इदगारोड, फकी कंपाउंड स्लाटर | स ईदगा रोड ज्‌ | मूळ गांव/शहर | मंडळ भिवंडी |  "
318-B.N.M.P.Ward_No.29.pdf,1,0318,"_ भागाच्या हद्दीचा तपशील भिवंडी, मदारछल्ला ते बंदर | ल्ला, रिचर्स काळनी नारबीतलाव, बंदर मोहल्ला रोड, सौदागर | ल्ला | मूळ गांव/शहर | मंडळ भिवंडी |  "
319-B.N.M.P.Ward_No.29.pdf,1,0319,"wee te भागाच्या हद्दीचा तपशील भिवंडी, वाणी आळीच्या दाणेकडील | ली, मोली मशिद ते जोहराबी चिल्ड्रेस हासा, शकरशाह मशिदीच्या | चमेस चुडीमोहलू, ait हॉस्पीटलच्या दाणेस, मुकरीशाह चाळ ते | बा मशिदीच्या पश्‍्च्‌, जुम्मा मशिद रोड सौदागर मोहल्ला | मूळ गांव/शहर | मंडळ भिवंडी |  "
320-B.N.M.P.Ward_No.29.pdf,1,0320,"wee PE भागाच्या हद्दीचा तपशील | भिवंडी, लामी बुड dae ते weal बिल्डीग, जमा मस्जिद समोर, | सा स्कुल बाजुला, आक्सा अपार्टमेंट ते हाजी बिल्डींग, लतीफ मंजील समोर, चिशली चमन | ल बाजुला, काझी चाळ ते खातुन हॉस्पीटल समोर, रहीमुल्ला मंजील ते मिलन स्टोर, चुदी | ल्ला ते दर्गा च्या उत्तरेस कागी | मूळ गांव/शहर | मंडळ भिवंडी |  "
321-B.N.M.P.Ward_No.29.pdf,1,0321,"nee भागाच्या हद्दीचा तपशील भिवंडी, सौदागर मोहल्ला, सौदागर | . . मूळ गांव/शहर | ल्ला-सुतारआली, बंदर मोहल्ला, बंदर मोहल्ला-काजीबाग 4 | मंडळ भिवंडी |  "
322-B.N.M.P._Ward.pdf,1,,"हा भागाच्या SEPA तपशील | गणपती मंदिराच्या मागे मलनिसारण के, कांबा रस्ता शिवाजी | 5 गणपती मंदिराच्या मागे मलनिसारण केन्‌, नझराणा रोड भावे कंपाउड, नझराणा रोड बाबुभाई | डींग, नझराणा रोड श्री बी.निवास बिल्डींग, दत्‌ छाया बिल्डींग, अश्विनी भावे बिल्डींग, शिवम | CHS, नझराणा भावे कंपाउन्ड गणपना बिल्डींग, नझराणा टाँकीज समोर प्रियदर्शनी बिल, भावे | उनड सर्वोदय को ऑप हौसींगू, भावे कंपाउन्ड वैशाली अपार्टमेंट, भावे कंपाउन्ड दुर्गा अपार्टमेंट, | कंपाउन्ड रेवनी (निवास), भावे कंपाउन्ड साईप्रसाद बिल्डींग, भावे कंपाउन्ड HSA | डींग, कासारआळी पावती सदन, कासार आळी सुस्मिता अपार्टमेंट, कासारआळी शंकर खाने | डींग बाजूला 1, कासार आळी शैलेश खाने निवास बाजुला, कासारआळी शंकर खाने बिल्डींग | [मण, शंकर खाने बिल्डींग चिंतामण निवास क्र.5, चिंतामण निवास शंकर खाने बिल्डींग 58ए, | यादी भागातील सहायकारी | मतदान केंद्राची संख्या : | निरंक | मूळ गांव/शहर | मंडळ भिवंडी सर्कल |   शहरी | मतदान केंद्राचा तपशील :"
323-B.N.M.P._Ward.pdf,1,0323,"क भागाच्या SEPA तपशील , | मकेंडेश्वर मंदिरच्या भागे, मकेंडेश्वर मंदिराच्या मागे कासारआळी, | मूळ गाव/शहर | यती मंदिर भिवंडी टॉकीजच्या मागू, दळा कर्वे घरापासुन ते गजानन मुंढे य, गणपती मंदिर भिवंडी | जच्या मागून, निळकंठ आपार्टमेंट ब्राह्मणआळी ते भागश्री, भागश्री अपार्टमेंट दलमंदिर ते दर्शीळ | , दशिल अपार्टमेंट ते निळकंठ अपार्टमेंट, सुधाकर फोटो स्टुडिओ ते भिवंडी सिने, श्रीदेवी | र्टमेंट ते रोहिणी अपार्टमेंट | मंडळ भिवंडी सर्कल |  "
324-B.N.M.P._Ward.pdf,1,0324,"a भागाच्या हद्दीचा तपशील मर्केडेश्वर मंदिरच्या भागे, ASAT | राच्या मागे कासार आळी, अंबिकानगर समर्थ व्यायम शाळे | ीलभा, समर्थ व्यायम शाळेमागे अंबिकानगर | मूळ गांव/शहर | मंडळ भिवंडी सर्कल |  "
325-B.N.M.P._Ward.pdf,1,0325,"टी. भागाच्या हद्दीचा तपशील | गणपती मंदिराच्या मागे सोनू अपार्टमेनू, गणपती मंदिराच्या | ला, आनंद गद्रे बिल्डींग बाक्षूला पी.आर..हायस्‌, वसंत छाया बिल्डींग जोशीवाडा, पुनम अपार्टमेंट | वंत कृपा बिल्डींग, जोगळेकर वाडा पुनम अपार्टमेंट, बाचनमंदिर पोलीसलाईन पी.डब्लु डी का, | | बिल्डींग हेगडे हॉस्पीटल बिल्डींग, गद्रे बिल्डींग गणपती मंदिराच्या मागे सा | मूळ गांव/शहर | मंडळ भिवंडी सर्कल |   "
326-B.N.M.P._Ward.pdf,1,,"eee भागाच्या हद्दीचा तपशील | भिवंडी, नामदेव मंदीर,पारनाका जवळील, हाबडेवडा,पारनाका | Ros भिंवडी, टॉकीजच्या पश्‍चिमेस, छोटा गणपती मंदीर रोड ब्राम्हण आळी, गोपाला मंदीर | णआली समोरील भि, गोपालमंदीरच्या पाठीमागे ब्राम्हणआली, छोटा गणपती मंदीरच्या पश्‍चिमेस | ड, भिमेश्वर मंदीरच्या समोर ब्राम्हणआली, डाँ.जोगानी यांच्या समोरील परिसर, वाणी आळी | विट्ठल मंदीर समोर, गुरूनानक मंदीर,वाणीआली,, पारनाका रोड,वाणीआळी-झेंडानाका,भिव, | ।आळी,विट्ठळ मंदीर समोरीळ परिस्‌, वाणीआळी रोड,सरहदीरौटेलच्या परिसर, डाँ.जोशी | खान्या जवळील,वाणीआळी,, यदि समर्थ बिल्डींग विट्ठल मंदीरच्या प, मारूती मंदीर जवळील | पर नाथा शिंदे, नामदेव मंदीरजवळील,भिवंडी सिनेमाज, बाजारपेठ परिसर बोरी मस्जिदच्या पाठी, | [राम भाऊ जयवंत मंदीराजवळील प, बाजारपेठ परिसर ,जैनमंदीरच्या,नवीचा | यादी भागातील सहायकारी | मतदान केंद्राची संख्या : | निरंक | मूळ गांव/शहर | मंडळ भिवंडी सर्कल |   शहरी | मतदान केंद्राचा तपशील :"
327-B.N.M.P._Ward.pdf,1,0327,"हड भागाच्या SEPA तपशील | मारूती मंदीर जवळील परिसर नाथा शिंदे, बाजारपेठ | पर ,जैनमंदीरच्या,नवीचा, बॉम्बे फरसाण मार्ट प्रभुमाणी भिवंडी, हफसनआली,नाथ शिंदे | जवळील परिसर, मधुसुनद बिल्डींग जयवंतवाडा कुंभारआ, एस.पी.ठक्कर ट्रान्सपोर्ट च्या TARTS | डा.बाबासाहेब आंबेडकर वाचनालय,, निफाडकर वाडयाच्या बाजुचा परिसर,रि, दगडी शळेचा | चा कुंभार आळी, केसरबागच्या समोरीळ निफाडकर वाडया, विनस | NEC, PUN SoA TST TT | मूळ गांव/शहर | मंडळ भिवंडी सर्कल |  "
328-B.N.M.P._Ward.pdf,1,0328,"ee भागाच्या हद्दीचा तपशील मंडई,पारनाळा,कोपाडवाडा,भिवंडी, | मंदीरच्या भिवडी मूळ गांव/शहर | [पती मंदीरच्या मागचा परिसर,प्रभुआ, सरकारी दवाखाना भिवडी 4 | मंडळ भिवंडी सर्कल |   "
329-B.N.M.P._Ward.pdf,1,0329,"a, भागाच्या हद्दीचा तपशील | इदिरा नगर कल्याण रोडब ठाजुन कुबेर, SA रस्ता पटेल St | णुमान सा, प्रदिप पाटील बिल्डींग मंगल कार्यालय, कल्याण नाका यादव डेरीटा लागुण गणेश, | टी गंठा कल्याणनाकायाच्या उजण्य, मनसुख भाई बिल्डींग ढाणा रस्ता पप्पु शे, विकास मोरेचा | TIS कल्याण WET, समर्थ नगर अजय यादव बिल्डींग कल्याणरा | मूळ गांव/शहर | मंडळ भिवंडी सर्कल |  "
330-B.N.M.P._Ward.pdf,1,0330,"च डी. भागाच्या SEPA तपशील | श्रध्दा अपार्टमेंट हनुमाण St मिलच्या, कृष्णा काम्पलेक्स ढाणा | रामेश्वर मं, झुनका भाकर केन्द्र समोर अशापुरा हाट, नारायण पाटिळ चाळ व्येकटेस थेळगडीच, | तरे कपाउड अमरदिप अपार्टमेट, अर्चना अपार्टमेट श्रीरंग नगर पदम्मानगर, कमलोबन स्कूल | गण मंदीर जवळ, परशुराम पाटील पप्पुशेट रामळु बिल्डी, कमळा हांटेलच्या भागे उषा मेडीकल | STS अपार्टमेट हनुमाण मंदीर जवळ, श्रध्दा अपार्टमेंट हणुमाण OT मीलच्या डाण्‌ | मूळ गांव/शहर | मंडळ भिवंडी सर्कल |  "
331-B.N.M.P._Ward.pdf,1,0331,"च ही. भागाच्या SEPA तपशील | पुष्पा हॉटेल च्या मागे लाल मो बिल्डीग्‌, गुप्ता ट्रान्सपोर्ट खदान | | हॉटेल क्‌, अजीम सेठ ची चाळ आसबिबी मजीदची चाल, नन्ने मियाची चाळ आसबिबी | दच्या, रूगंढा सामजीगचया मागे ताज मोहमदय, इस्माईळ अब्बासची चाळ आसवीवी मजीदच्या, | मिया सागीर बाळीर्‌ ची चाळ आसबी, पुष्पा हॉटेल मागे लाला मो बिल्डीग का, आसबिबी | जवळ सार्वजणिक संडास गु, अशोक नगर गेटच्या समोर आसबिबी मजी | मूळ गांव/शहर | मंडळ भिवंडी सर्कल |   "
332-Lonad.pdf,1,0332,"ee भागाच्या हद्दीचा तपशील भिंवडी, संपुर्ण लोनाड गांव, | मूळ गांव/शहर लोनाड | वळ, बैजाला,हरणपाडा,भावाळे 4 | सजा लोनाड | मंडळ अ.मं.अधि.भिंवडी |  "
333-Lonad.pdf,1,0333,"mee भागाच्या हद्दीचा तपशील जनावळ,बैजाला,हरणपाडा,भावाळे, | मूळ गांव/शहर जाणवळ मवाळे | नवड, वैजौला 4 | सजा लोनाड | मंडळ अ.मं.अधि.भिंवडी |  "
334-Shivnagar_Chowdharpada.pdf,1,0334,"ee भागाच्या sera तपशील शिवनगर, (चौधरपाडा), | मूळ गांव/शहर शिवनगर | वनगर,आबेशिवपाडा,बापदेव पाडा 4 | सजा लोनाड | मंडळ अ.मं.अधि.भिंवडी |  "
335-Sonale.pdf,1,0335,"mee भागाच्या aM तपशील सरावली पाडा शेजारी, सोनाळे | मूळ गांव/शहर सोनाले | र, खडक पाडा, खैरपाडा, देवाळी पाडा, ब्राम्हण पाडा, घोळ पाडा 4 | सजा टेमघर | मंडळ अ.मं.अधि.भिंवडी |  "
336-Sonale.pdf,1,0336,"ee भागाच्या हद्दीचा तपशील सरावली पाडा शेजारी, सोनाळे | र, सोनाळे पाडा, एलकुंदे गांव, वालशिंद, टेपाचा पाडा, घार्णाचा | डा, बापदेव पाडा | मूळ गांव/शहर सोनाले | सजा टेमघर | मंडळ अ.मं.अधि.भिंवडी |  "
337-Kalwar.pdf,1,0337,"का भागाच्या हद्दीचा तपशील भिवंडी, कालिका मंदिराच्या दाणेस, | 'नावट, कोळीवाडा, खडक वाडा, कान्हाचा ओहोळावर, पाण्याच्या | pt मागे, मराठी शाळेच्या पुर्वेस, मराठी शाळेच्या उत्तरेस, मराठी | लेच्या दाणेस, खडकावर, कान्हाच्या ओहोळावर | मूळ गांव/शहर कालवार | सजा कारीवली | मंडळ खारबांब |  "
338-Dungey.pdf,1,0338,"न भागाच्या हद्दीचा तपशील भिवंडी, डुंगे गांव - डंग | मूळ गांव/शहर | सजा कारीवली | मंडळ खारबांब |  "
339-Dungey.pdf,1,0339,"नी भागाच्या हद्दीचा तपशील भिवंडी, वडघर गांव - | मूळ गांव/शहर वडघर | सजा कारीवली | मंडळ खारबांब |  "
340-Dive_(Kevani).pdf,1,0340,"ee भागाच्या हद्दीचा तपशील भिवंडी, मतदार क्र 1 ते 1093 हे | दार श्री गोपी मूळ गांव/शहर दिवे (केवणी) | सजा काल्हेर | मंडळ अधिकारी |  "
341-Kevani.pdf,1,0341,"ee भागाच्या हद्दीचा तपशील भिवंडी, केवणी-मददार क्र.1 ते | 3 चे मतदार ते, केवणी-किशोर मधूकर पाटीळ व सुधाकर मूळ गांव/शहर केवणी | सजा काल्हेर | मंडळ खारबांब |  "
342-Charni_Pada.pdf,1,0342,"ee भागाच्या हद्दीचा तपशील राहनाळ, आनंदनगर-अंजुरफाटा | मूळ गांव/शहर राहनाळ | लात नावयाचे य, सदिच्छा सोसायटी 4 | सजा पुर्णा | मंडळ खारबांब |  "
343-Rahnal.pdf,1,0343,"_ भागाच्या हद्दीचा तपशील भिवंडी, दिवा-बसई रेल्वे लाईन | IS, गुप्ता कंपाउंड, मढवी कंपाउड, जानकी बाई कंपाउंड, चरणी | 1, रहानाळ बस स्टाप, हाळवे पाडा, वावटे पाडा | मूळ गांव/शहर राहनाळ | सजा पुर्णा | मंडळ खारबांब |  "
344-Rahnal.pdf,1,0344,"_- भागाच्या हद्दीचा तपशील भिवंडी, पाण्याचे टाकीजवळ, | श्वर नगर, गावदेवी मंदीर समोर, गावदेवी मंदीराचे पाठीमागे, | मान मंदीरा समोर, मराठी शालेसमोर, राहनाळ पाडा, साईबाबा | Ras, मराठी शालेचे पाठीमागे | मूळ गांव/शहर राहनाळ | सजा पुर्णा | मंडळ अपर मंडल |  "
345-Saravali.pdf,1,0345,"mee भागाच्या हद्दीचा तपशील वाटीका हॅटेलच्या मागे मुंबई | द . मूळ गांव/शहर ठाकुरपाडा | शक हा, ठाकूरपाडा (ठाकुरगांव) | सजा टेमघर | मंडळ अपर मंडल |  "
346-Saravali.pdf,1,0346,"नी भागाच्या हद्दीचा तपशील सरवली,सरवली पाडा - | मूळ गांव/शहर सरवली | सजा टेमघर | मंडळ अपर मंडल |  "
347-Ranjnoli.pdf,1,0347,"mee भागाच्या हद्दीचा तपशील भिवंडी, Tata मदीराचा परिसर , रांजणोली | मूळ गांव/शहर | सजा कोन | मंडळ अपर मंडल |  "
348-Ranjnoli.pdf,1,0348,"नी भागाच्या हद्दीचा तपशील भिवंडी, रांजणोली , रांजणोली | मूळ गांव/शहर | सजा कोन | मंडळ अपर मंडल |  "
349-Pimpalgaon.pdf,1,0349,"_ भागाच्या हद्दीचा तपशील भिवंडी, गोवे नाका परिसर, | TAN, हनुमान मंदिर, जूने ग्राम पंचायत कार्यालय, शिव मंदिर, | प.शाळा (नवीन), नविन गावठाण पंचकोशी मैदान | मूळ गांव/शहर पिपंळघर | सजा कोन | मंडळ अपर मंडल |  "
350-Pimpalgaon.pdf,1,0350,"_ भागाच्या हद्दीचा तपशील भिवंडी, हनुमान मंदिर, कुळदेव | X भोईर आली, जि.प.शाळा (जूनी), जि.प.शाळा (नवीन), नविन | ठाण पंचकोशी मैदान, कल्याण रस्ताच्या पुर्वेस | मूळ गांव/शहर पिंपळगाव | सजा कोन | मंडळ अपर मंडल |  "
351-Dapoda.pdf,1,0351,"nee PE भागाच्या हद्दीचा तपशील | भिवंडी, जि.प.मराठी शाळेजवळ, दापोडे गावातील रस्ताच्या | त्रीकडे, विहिरीजवळ, दापोडे गावातील रसतयाच्या डावीकडे, खडकावर, स्मशानभूमिकडे, मोठी | ठी, श्रीकृष्ण मंदीराजवळ, मराठी शालेच्या पाठीमागे, अंजुरफाटा-माणकोली रस्त्याचे बाजुला, | | कंपाऊंड | मूळ गांव/शहर दापोडे | सजा पुर्णा | मंडळ अपर मंडल |  "
352-ovali.pdf,1,0352,"al भागाच्या हद्दीचा तपशील भिवंडी, बाबुराव चौक, पाटील | ळी, गावदेवी मंदीरा जवळ, तलावाचे बाजुला, मराठी शाळेसमोर, | [णवाडीचे मागे, मराठी शाळेच्या मागे, विहिरीच्या बाजुला, वळपाडा | वळी रस्त्याचे बाजुला, मच्छींद्रनाथ मंदीराजवळ | मूळ गांव/शहर ओवळी | सजा पुर्णा | मंडळ अपर मंडल |  "
353-Val.pdf,1,0353,"nee PE भागाच्या हद्दीचा तपशील | भिवंडी, गावातील रस्त्याचे उजव्या बजुला, गावातील रस्त्याचे | T बाजुला, विहिरीजवळ, तलावाच्या बाजुला, मराठी शाळेसमोर, विठ्ठल मंदीराजवळ, कांचन | HS, रामदास चिंतामण चाळी जवळ, अंजुरफाटा-माणकोली रस्त्याचे बाजुला, वळपाडा | मूळ गांव/शहर वळ | सजा पुर्णा | मंडळ अपर मंडल |  "
354-Purna.pdf,1,0354,"wee PE भागाच्या हद्दीचा तपशील | भिवंडी, बसस्टॉप ते गावदेवी मंदीरा पर्यंत, भगत आळी, सुरेश | चाळ, गावदेवी मदीरा समोर, मराठी शाळे समोर, वाफेकर आळी, खंडागळे आळी, बौध्दवाडा, | ल आळी, टी.डी.सी.बॅक जवळ, टावरे वाडी, गांबदेवी मंदीरा जवळ, मराठी शाळेजवळ, | रेवाडी, चौधरी आळी, मिटकर आळी, सुलेमान चाळ, गिरिन्धर पाटील चाळ | मूळ गांव/शहर पुर्णा | सजा पुर्णा | मंडळ अपर मंडल |  "
355-Purna.pdf,1,0355,"wee PE भागाच्या हद्दीचा तपशील | भिवंडी, टावरेवाडी, मराठी शाळेच्या पाठीमागे, चिकणीपाडा, | डकर वाडी, देवकृपा हौसींग सोसायटी, कौसरवाणी जर्दा भांडार, जानकीबाई कंपाऊंड, शंकर | रा जवळ, खंडागळे इस्टेट, टी.डी.सी.बॅकेजवळ, पाटील कंपाउंड, विरभाई कोतवाल चौक | मूळ गांव/शहर पुर्णा | सजा पुर्णा | मंडळ अपर मंडल |  "
356-Kalher.pdf,1,0356,"wee PE भागाच्या हद्दीचा तपशील | मतदार 1166 ते 1346 किसनबाबु म्हात्रे ते, पाटील म्हात्रे | 7टरकर आळी नेहरू चा, जोशी आजी HAT म्हात्रे माझी पाडा काळ, बाधराम चाळ कालेर | जवळ चौक आळ, पाटिल आजी मार्केट कालेर मतदार क्र.116, भिवंडी, काल्हेर कोळीवाडा | दार क्र 1 ते 467 a | मूळ गांव/शहर काल्हेर | सजा काल्हेर | मंडळ खारबांब |  "
357-Kalher.pdf,1,0357,"क भागाच्या हद्दीचा तपशील | भिवंडी, काल्हेर कोळीवाडा मतदार क्र 1 ते 467 ar, पाटील | ठी मतदार क्र 468 ते 572 भरन, साई दर्शन मतदान क्र.573 ते 676 Waa, दुर्गेश पार्क | हेर मतदार क्र.677 ते 83, मतदार क्र 1 ते 188 हे मतदार तपस्विनी, मतदार क्र 189 ते 287 | सजा काल्हेर | तदार श्रीगणेश, मतदार क्र 288 ते 391 हे मतदार शिवा, मतदार क्र.392 ते 430 हे मलदार | पैल, मतदार क्र.430 ते 770 हे मतदार सळायर, मतदार क्र.771 ते 792 हे मतदार मोहनी | मूळ गांव/शहर काल्हेर | मंडळ खारबांव |  "
358-Kalher.pdf,1,0358,"wee te भागाच्या हद्दीचा तपशील | भिवंडी, टेप आळी काल्हेर मतदार क्र 1 ते 174 हे, माधवराव | ल आली मतदार क्र 175 ते, दिग्वीजय सोसायटी मतदार क्र 341 ते 422, पाटील आळी | र क्र.423 ते 707, टेप आळी काल्हेर मतदार क्र 708 के 853, पाटील आळी मतदार क्र | । ते 984, पाईप लाईन बंदर रोड मतदार क्र 985 क, पांडा कोपर हायस्कुल काल्हेर मतदार क | मूळ गांव/शहर काल्हेर | सजा काल्हेर | मंडळ खारबांब |  "
359-Kopar.pdf,1,0359,"mee भागाच्या हद्दीचा तपशील भिवंडी, मतदार क्र 1 ते 709 हे | हरिश्‍चंद्र मूळ गांव/शहर | न्नाथ हरिश्चंद्र क कोपर | सजा काल्हेर | मंडळ खारबांब |  "
360-Kasheli.pdf,1,0360,"ee भागाच्या हद्दीचा तपशील भिवंडी, करोळी बंदर रोड-मतदार | 1 ते 133 ह, कोळीवाडा मतदार क्र.134 ते 826, करोळी आगरी | ह मतदार क्र.1 ते 658 ह | मूळ गांव/शहर कशेली | सजा काल्हेर | मंडळ खारबांब |  "
361-Gundvali.pdf,1,0361,"7 भागाच्या हद्दीचा तपशील भिवंडी, गुप्ता ads पे बाजुला, | देवी मंदीराजवळ, तळा वाचे बाजुला, हनुमान मंदीरा समोर, | TOCA मंदीराजवळ, व्यायाम शाळेजवळ | मूळ गांव/शहर गुंदवळी | सजा पुर्णा | मंडळ अपर  "
362-Pimplas.pdf,1,0362,"_- भागाच्या हद्दीचा तपशील भिवंडी, हनुमान मंदिर पश्चिमेकडे, | हती देऊळाजवळ, मराठी शालेच्या शेजारी, गणेश मंदिरा जवळ, | [खान्या जवळ | मूळ गांव/शहर पिंपळास | सजा वेहके | मंडळ अपर  "
363-Pimplas.pdf,1,0363,"_ भागाच्या हद्दीचा तपशील भिवंडी, अग्नीमाता मंदिराच्य | चमेला, जुन्या मराठी शाले जवल, हनुमान मंदिरा समोर, कोळी | डा, बौध्द वाडा, माध्यमिक शालेच्या पाठीमागे, हनुमान मंदीराच्या | TAM, हनुमान मंदिरा जवळ | मूळ गांव/शहर पिंपळास | सजा वेहके | मंडळ अपर  "
364-Pimpalner.pdf,1,0364,"wee PE भागाच्या हद्दीचा तपशील | भिवंडी, तळ पाडा, ग्राम पंचायत ऑफिस, पाटील आली, | कवाड आली, जुना गाव, चिकन पाडा, शाळे समोर, गणेश मंदिरा जवळ, शिवाचे मंदीरजवळ, | | लाईनच्या पश्‍चिमेला, रेल्वे लाईनच्या पुर्वेला, शंकराच्या मंदिराजवळ, शाळेच्या पुर्वेला, | Tart पाडा | मूळ गांव/शहर पिंपळनेर | सजा वेहके | मंडळ अपर  "
365-Gove.pdf,1,0365,"aa भागाच्या हद्दीचा तपशील गोवे, ग्राम पंचायत कार्यालयाच | सर, जि.प.प्राथमिक शाला, गांवदेवी मंदीरचा परिसर, पेट्रोलपंपच्या | Tet परिसर, खोकरी विहीर जवळील परिसर, खडक पाडा, शंकर | HSI परिसर, गणपती मंदीराकडील परिसर | मूळ गांव/शहर गोवे | सजा कोन | मंडळ अपर  "
366-Gove.pdf,1,0366,"_ भागाच्या हद्दीचा तपशील भिवंडी, गोवे पाण्याच्या टाकी | 1S, एकवीरा मंदिर, अठराचाळ ते गावात जानारा रस्ता, पाण्याच्या | pt जवळील परिसर, ग्राम पंचायतच्या मागील भाग, गोवे गावची | ळा व पंपचा रस्ता | मूळ गांव/शहर गोवे | सजा कोन | मंडळ अपर  "
367-Kon.pdf,1,0367,"meee भागाच्या हद्दीचा तपशील भिवंडी, गणपती चौक, शंकर | X, कली आळी गणपती मंदिर, जिल्हा परिषद शाळा, दत्त मंदिर, | Uke पिंपळास रोड, लैंप्को फाईन केमीकल कंपनी, एकवीरा | X, शंकरांचे मंदिर | मूळ गांब/शहर कोन | सजा कोन | मंडळ अपर  "
368-Kon.pdf,1,0368,"mee भागाच्या हद्दीचा तपशील भिवंडी, जुने ग्राम पंचायत | यालय, शंकरांचे मंदिर, कराळे आली, पाटील आळी ते म्हात्रे आळी, | पुदेव पार्कचा परिसर, देवीचा पाडा, जयदेव इंग्लीश स्कूल वेनाळ | राचा, वंजारी मंदीराचा परिसर, पोलिस चौकीचा परिसर | मूळ गांब/शहर कोन | सजा कोन | मंडळ अपर  "
369-Kon.pdf,1,0369,"ma भागाच्या हद्दीचा तपशील भिवंडी, जुने ग्राम पंचायत | यालय, कोन, पाचमार परिसर, चावडी जूनी ग्रा.प., शिवसेना | यालय, सिध्दार्थ नगर, हनुमान व्यायम शाळा, भगत चौक, दि.ठाणे | ल्हा बॅक, मच्छी बाजार पेट्रोल पंप, हनुमान मंदिर | मूळ गांब/शहर कोन | सजा कोन | मंडळ अपर  "
370-Kon.pdf,1,0370,"a भागाच्या हद्दीचा तपशील भिवंडी, गणेश नगर, शामबाग, | कुल कॉलनी, साई काँलनी, शिवाजी नगर, आदिवासी पाडा, दिपक | A, आईस कंपनी, वाटर स्पर्लर | मूळ गांव/शहर कोन | सजा कोन | मंडळ अपर  "
371-Kon.pdf,1,0371,"ns भागाच्या हद्दीचा तपशील भिवंडी, दिपक हॉटेल, ओम टिम्बर्स | £, वाटर स्पर्लर, व्दारका सामिल, कोन, ललिन वे ब्रिज (नाईक | डी), नाईकवाडी, गिरीधर नगर, पांडव वाडी, गणपती मंदीर परिसर, | कृपा नगर, शिवाजी नगर | मूळ गांब/शहर कोन | सजा कोन | मंडळ अपर  "
372-Kon.pdf,1,0372,"aE भागाच्या sera तपशील भिवंडी, गणेशनगर परिसर, | बाजी नगर, सावजी Hass, जांभुळवाडी, शिलोनेवाडी, टावरे | डी, गिरिधर नगर, नाईक वाडी, पटेल वाडी | मूळ गांब/शहर कोन | सजा कोन | मंडळ अपर  "
373-Kon.pdf,1,0373,"eee भागाच्या हद्दीचा तपशील भिवंडी, बाराबंगला परिसर, पोलिस | क्री कडील परिसर, राम मंदीरा कडील परिसर, चेरोबानगर, | शालेकडील परिसर, मजीद समोरील परिसर, गुलशन अपार्टमेंट | नतरी, उर्दु शाळा कोनतरी, खाडीलगतचा परिसर | मूळ गांब/शहर कोन | सजा कोन | मंडळ अपर  "
374-Vehale.pdf,1,0374,"7 भागाच्या हद्दीचा तपशील भिवंडी, खदान पाडा, बौद्ध वाडी, | .प.शाळेजवळ, भेंडी नाका, गावदेवी मंदीराच्या उत्तरेला, जुन्या | पंचायन ऑफिस जवळ, दादोबा चौक, शकराच्या मंदीराजवळ, | पती मंदिरा जवळ | मूळ गांव/शहर वेहळे | सजा वेहळे | मंडळ अपर  "
375-Vehale.pdf,1,0375,"oe भागाच्या हद्दीचा तपशील भिवंडी, सारंग-सुरई मुख्य रस्त्याच्या | PACT, सारंग-सुरई मुख्य रस्त्याच्या पुर्वेला, वाकीचा पाडा, | राच्या मंदिरा जवळ, दादाजी चौक, खदान नगर | मूळ गांव/शहर सारंग वेहेळे | सजा वेहेळे | मंडळ अपर  "
376-Vehale.pdf,1,0376,"wee भागाच्या हद्दीचा तपशील भिवंडी, पाण्याच्या टाकीजवळ, | PRTG मंदिराजवळ, दत्त मंदिराजवळ, जि.प.शाळेच्या मागे, | राच्या मंदीराच्या मागे, माणकोली नाक्या जवळ, तलाठी औँफीस | 1S, केणी आळी, पाव बेकरी जवळ, टेलिफोन एक्सचेंज, भाटाळे | मूळ गांव/शहर माणकोळी | सजा वेहेळे | मंडळ अपर  "
377-Surai.pdf,1,0377,"_ भागाच्या sera तपशील भिवंडी, भरोडी फाट्या समोर, | el परिषद शाळेच्या समोर, ग्रा.प.विहोरी जवळ, जि.प.शालेच्या | रेला, वेहेले-सुरई रस्ता जवळ, हनुमान मंदिरा समोर, जुनी | प.शाळे समोर | मूळ गांव/शहर सुरई | सजा वेहेळे | मंडळ अपर  "
378-Dive_(Anjur).pdf,1,0378,"ee भागाच्या हद्दीचा तपशील भिवंडी, गांवदेवी मंदीर जवळ, म्हात्रे | ळी, पाटील आली, कोबंड आळी, ताईबाई हायस्कूल मागे, | प.शाळे जवळ | मूळ गांव/शहर दिवे अंजुर | सजा अंजुर | मंडळ अपर  "
379-Dive_(Anjur).pdf,1,0379,"a, भागाच्या हद्दीचा तपशील | भिवंडी, गांवदेवी मंदीर जवळ, कोबंड आळी, ताईबाई हायस्कूल | , जि.प.शाळे जवळ, आर.सी.पाटील चाळ, म्हात्रे चौक, पाटील आळी, शंकर मंदिरा जवळ, | र्‌॒ आळी, साईबाबा मंदिरा जवळ, दिवे पाड दत्त मंदिर जवळ, मनी कारखाना जवळ, ताईबाई | EPA जवळ, गांव देवी मंदिरा जवळ, कोंबड आळी, मढवी आळी | मूळ गांव/शहर दिवे अंजुर | सजा अंजुर | मंडळ अपर  "
380-Alimghar.pdf,1,0380,"- भागाच्या Sera तपशील भिवंडी, शंकर मंदीरा जवळ, ग्राम | [यत कार्यालय जवळ, बेताल मंदिरा जवळ, कोळी वाडा, बंदरा | 1S, गावदेवी जवळ, जरीमरी देऊळ जवळ, साईबाबा मंदिरा जवळ, | नाई मंदिरा जवळ | मूळ गांव/शहर आलिमघर | सजा अंजुर | मंडळ अपर  "
381-Bharodi.pdf,1,0381,"a7 भागाच्या हद्दीचा तपशील भिवंडी, पाटील आळी उत्तर | नुची, जि.प.शाळे जवळ, हनुमान मंदिरा जवळ, खार पाटील आळी, | नाई मंदिरा जवळ, खंडोबा मंदिरा जवळ, आंगणवाडी शाळे जवळ, | नदुकाना जवळ, समज हॉल जवळ | मूळ गांव/शहर भरोडी | सजा अंजुर | मंडळ अपर  "
382-Anjur.pdf,1,0382,"wee PE भागाच्या हद्दीचा तपशील | भिवंडी, समता नगर, कोळी वाडा, गणपती मंदिरा जवळ, भोईर | ठी, गणपती मंदिराच्या पश्‍चिमेस, समता नगरच्या समोर, गणपती मंदीराच्या उत्तरेसा, मुलगई | वा जवळ, गांबदेवी मंदीरच्या मागे, म्हणेश माळी, ग्राम पंचायत कार्यलया जवळ, तरे आळी, | र हायस्कुल समोर | मूळ गांव/शहर अंजुरगाव | सजा अंजुर | मंडळ अपर  "
383-Anjur.pdf,1,0383,"mee भागाच्या हद्दीचा तपशील भिवंडी, चितांमन व्यायाम शाळे | ळ, जिल्हापरिषद शाळेजवळ, ज्ञानेश्वर मंदिराजवळ, श्रीराम मंदीरा | 1S, बारोला तलावाजवळ, शिव मंदिरा जवळ, मढवी माळी, राम | रा समोर, मढवी आळी उत्तर बाजूची, काळी वाडा | मूळ गांव/शहर अंजुर | सजा अंजुर | मंडळ अपर  "
